Date,TempHighF,TempLowF,TempAvgF,DewPointAvgF,HumidityAvgPercent,sealevelpressure,VisibilityAvgMiles,PrecipitationSumInches,Events
1/1/1999,73.9,51.8,60.5,57.9,92,1008.7,4.2,,
1/2/1999,64.3,37.2,48.2,30.4,52.1,1016.6,9.7,,
1/3/1999,39.7,30.3,35.6,12.1,39,1029.8,9.9,,
1/4/1999,42.8,28,34.2,13.9,43.7,1034.9,9.9,,
1/5/1999,55.5,21.4,39.7,31.4,72.6,1026.7,9.9,,
1/6/1999,62.3,44.7,54.2,52.1,93,1019.9,7.6,,
1/7/1999,73.8,46.5,60.1,57.1,90.8,1016.9,6,,
1/8/1999,75.3,37.4,61.6,54.9,79.3,1012.6,9.4,,
1/9/1999,47.9,30.7,38.2,23.1,56.6,1025.9,9.9,,
1/10/1999,48.7,42.1,44.6,32.6,63.1,1027.3,9.9,,
1/11/1999,68,30.6,51.6,44.7,79.9,1022.8,7.4,,
1/12/1999,73,53.7,61.2,54.7,80.8,1012.1,9.8,,
1/13/1999,62.7,42.9,56,47.6,75.8,1015.9,7.1,,
1/14/1999,57.3,38.5,45.6,31.9,62.9,1024,9.2,,
1/15/1999,64.5,26.7,46.4,32.1,60.7,1019.5,9.9,,
1/16/1999,73.4,41.5,56.5,48.2,75.8,1011.7,9.1,,
1/17/1999,80.7,53.7,64.8,48.4,63,1011.3,7.1,,
1/18/1999,70.3,44.7,58.1,38.1,48.8,1020.3,9.9,,
1/19/1999,73.5,39.5,59.2,53.5,83,1017.3,6.9,,
1/20/1999,73.9,52.9,64,61.6,92.6,1012.3,4.2,,
1/21/1999,80.3,64.5,71,63.7,80,1003.4,7.1,,
1/22/1999,68.1,46.4,59.5,41.3,52.6,1003.6,9.7,,
1/23/1999,65.9,44.6,52.6,38.5,60.1,1019,9.9,,
1/24/1999,75.3,32.3,54.8,39.9,60.9,1022.8,9.9,,
1/25/1999,75.3,41.1,59.1,48.7,71.8,1025.2,9.6,,
1/26/1999,75.3,52,63.4,54.6,76,1021.1,9.4,,
1/27/1999,75.2,55.5,65.7,55.3,70.8,1016.8,9.9,,
1/28/1999,75.3,57.3,68.5,64.8,88.6,1011.8,8.1,,
1/29/1999,69.9,48.2,61.6,58.5,89.7,1011,8.2,,
1/30/1999,60.8,38.5,49.8,37.6,64.8,1019,9.9,,
1/31/1999,64.4,39.3,51.8,40.1,66,1021.7,9.9,,
2/1/1999,71.7,37.6,56.2,47.3,74.9,1018.2,8.4,,
2/2/1999,66.3,50.2,58.1,42.1,57.3,1019,9.9,,
2/3/1999,78,46.5,60.8,51.5,72.4,1012.9,9.8,,
2/4/1999,69.9,50.3,62.3,50.5,66.6,1021.2,9,,
2/5/1999,75.1,62.6,67.4,59.5,76.3,1020.3,9.3,,
2/6/1999,77.5,66.2,71,66.1,84.9,1014.9,9.7,,
2/7/1999,82.5,57,70.3,51.4,61.7,1013,8.4,,
2/8/1999,73.5,53.7,67.9,65.2,91.3,1012.1,4.3,,
2/9/1999,82.5,68.6,73,67.3,83.5,1013.8,6.8,,
2/10/1999,80.6,66.2,71.5,65.1,81.8,1012.6,8.5,,
2/11/1999,73.3,48.3,63.8,45.7,57.9,1017.8,9.3,,
2/12/1999,57.3,38.7,47.5,17,30.9,1035.9,9.9,,
2/13/1999,66.3,27,49.6,22.4,39.6,1034.2,9.9,,
2/14/1999,69.6,26.9,50.7,28.8,49.8,1027.4,9.9,,
2/15/1999,74.8,34.2,57.4,46.2,69.2,1018.3,8.5,,
2/16/1999,69.5,50.3,60.4,51.6,74.3,1015.4,9.9,,
2/17/1999,69.5,46.4,57.7,36.2,47.2,1014.4,9.9,,
2/18/1999,78.9,37.7,61.8,37.9,46.6,1011,9.9,,
2/19/1999,68.1,43.8,56.3,31.8,40.3,1014.6,9.9,,
2/20/1999,70.3,43.2,57.5,51.1,79.7,1016.1,8.5,,
2/21/1999,62.6,42.2,51.3,34.2,55.4,1029.1,9.1,,
2/22/1999,62.7,28.8,49.7,41.1,73.2,1022.1,9.4,,
2/23/1999,71.7,39.2,58,35,51.7,1021.8,9.5,,
2/24/1999,73.9,37.6,58.6,44.7,60.8,1022.3,9.9,,
2/25/1999,75.3,54.7,64.1,60.2,87.9,1017.5,6.6,,
2/26/1999,72.1,66.2,69,64.2,84.8,1013.6,7.6,,
2/27/1999,87,60.1,71.8,53.6,62.4,1013.3,7.5,,
2/28/1999,77.1,34,60.5,30.9,36.2,1018.9,9.9,,
3/1/1999,84.3,46.2,66.7,49.7,57.6,1010.7,9.9,,
3/2/1999,86,62.6,71.3,50.6,58,1008.2,8.4,,
3/3/1999,66.3,46.8,56.7,28.1,35.2,1021.2,9.9,,
3/4/1999,70.3,32.4,56,45.2,68,1014.9,9.9,,
3/5/1999,78.9,65.5,70.1,63.6,81.1,1010.6,7.6,,
3/6/1999,75.7,55.5,65.6,55.2,71.9,1018.3,7.4,,
3/7/1999,60.9,52.7,56.2,47.7,74,1019.8,8.7,,
3/8/1999,82.5,57.2,69.8,54.9,65.8,1010.4,8.6,,
3/9/1999,71.6,43.1,58.7,43.2,57.8,1016.2,9.9,,
3/10/1999,77.5,55.5,66.5,59.9,80.1,1012.8,8.2,,
3/11/1999,77.5,63.1,70,63.8,82.1,1011.7,8.4,,
3/12/1999,75,52.3,65.5,63.5,93.7,1005.8,5.1,,
3/13/1999,53.6,42.8,47.8,37.5,69.2,1013,9.7,,
3/14/1999,62.7,39.2,50,27.1,43.9,1018.9,9.9,,
3/15/1999,66.3,30.4,51.9,33.2,51.3,1021.5,9.9,,
3/16/1999,75.3,34.2,57.9,47.9,71.4,1016.5,9.7,,
3/17/1999,73.5,48.5,63.8,57.9,82.5,1012.8,9,0,
3/18/1999,71.6,63.1,67.8,63,85.7,1015.2,8.2,,
3/19/1999,65.9,53.2,60.3,54.6,82.3,1021.6,9.4,,
3/20/1999,69.9,48.2,59.3,45,61.8,1023.7,9.6,,
3/21/1999,71.7,42.8,58.5,47.6,69.5,1021.9,9.9,,
3/22/1999,75.3,44.8,61.5,52.8,75.7,1015.5,9.5,,
3/23/1999,77.5,60.9,67.9,61.9,82.2,1012.6,8.9,0,
3/24/1999,69.9,57.2,62.9,57,81.3,1015.4,6.3,0,
3/25/1999,64.5,55.9,60.3,53.6,79.1,1019.9,7.8,0,
3/26/1999,70.3,44.9,59.1,49,71.1,1019.9,9.4,0,
3/27/1999,66.6,55.5,60.6,53.8,78.6,1014.5,9.5,0.784,rain
3/28/1999,74.8,55.1,64,59.1,85.3,1012.6,9.3,0.421,rain
3/29/1999,62.6,55.5,59.6,55.3,85.7,1019.9,7.9,0,
3/30/1999,65.9,55.4,58.8,55.3,88.7,1019,6.6,0,
3/31/1999,66.3,57.2,61.6,57.9,88.2,1012.4,7.3,0,
4/1/1999,71.6,60.9,67.1,67,99.5,1008.3,3.7,0.024,rain
4/2/1999,79,69.7,72.5,70.2,93,1007.6,5.3,0.012,rain
4/3/1999,78.9,59.2,72.4,60.2,69.3,1005.7,9,0.051,rain
4/4/1999,70,57.4,65.3,60.4,85,1007.9,6.1,0,
4/5/1999,82.6,62.9,73.7,47.7,50.2,1009.6,9.3,0.039,rain
4/6/1999,82.5,41.3,65.9,45.2,52,1018,9.9,0,
4/7/1999,82.4,61.1,73,66.6,81.2,1016.9,8.2,0,
4/8/1999,87.7,69.7,77.2,68.7,76.5,1011.5,9.2,0,
4/9/1999,87.7,69,76.1,68.9,80.2,1007.5,7.7,0,
4/10/1999,87,68.1,75.9,59.4,64.4,1007.6,8.4,0,
4/11/1999,84.3,53.9,72.4,47,44.1,1016.6,9.9,0,
4/12/1999,80.7,64.1,73.4,58.2,59.4,1020.5,9.9,0.012,rain
4/13/1999,79,68.1,73.3,68.2,84.5,1013.4,8.5,0,
4/14/1999,87.7,62.4,74.4,53,54.1,1003.4,9.6,0.232,rain
4/15/1999,66.4,51.7,60,39.1,46.9,1016.3,9.9,0,
4/16/1999,65.4,46.4,55.9,30.1,39.1,1023,9.9,0,
4/17/1999,73,30.6,56.7,32.5,46.6,1024.8,9.9,0,
4/18/1999,77.1,36,61.1,45.1,57.6,1025.7,9.9,0,
4/19/1999,84.3,57.1,71.1,58.5,67.6,1020.4,9.9,0,
4/20/1999,84.8,62.3,72.7,62,72.5,1014.6,9.6,0,
4/21/1999,78.7,68,71.7,64.1,77.2,1007.7,9.9,0,
4/22/1999,86.1,71.5,76.6,68.3,76.3,1004.1,9.6,0,
4/23/1999,87.9,73.1,79.2,71.3,77.7,1009.5,8.7,0,
4/24/1999,82.6,71.6,77.3,70.9,81.5,1015.6,9.3,0,
4/25/1999,78.8,66.6,73.6,68.1,83.6,1011.8,9.4,0.28,rain
4/26/1999,78.9,62.7,70.7,67.4,89.8,1006.7,8.1,0.622,rain
4/27/1999,87.9,64.1,75.2,63.6,70.8,1009.7,8.4,0,
4/28/1999,87.8,63,74.7,63.3,71,1010.1,8.5,0,
4/29/1999,87.8,64.5,75.5,65.4,73.7,1010.6,7.8,0,
4/30/1999,80.7,64.1,73.3,62.3,69.6,1014.4,9.9,0,
5/1/1999,73.6,64.3,69.5,59.2,69.9,1014.6,9.9,0,
5/2/1999,73.6,64.6,69.7,63,79.6,1012.2,9.9,0,
5/3/1999,84.1,69.1,74.8,70.2,86.5,1008.2,8.5,0,
5/4/1999,93.4,73.6,80.1,68.6,72.1,999.3,8.8,0.012,rain
5/5/1999,91,64.5,79,51.3,41.5,1001.7,8.1,0,
5/6/1999,82.5,50.3,71.1,44.4,41.4,1011.7,9.9,0,
5/7/1999,84.3,46.9,70.4,48.5,49.3,1013.3,9.9,0,
5/8/1999,90.1,53.9,74.8,60.3,63.2,1013.2,9.8,0,
5/9/1999,86.1,73.6,78.7,71.3,78.8,1011.1,7.8,0,
5/10/1999,75.8,64.1,67.5,63,85.7,1008.8,9.2,1.131,rain
5/11/1999,82.6,62.4,71.9,65.9,81.6,1008.4,9.3,0,
5/12/1999,76.7,68.9,72.7,67.5,83.9,1011.6,8.4,0.012,rain
5/13/1999,82.9,62.8,72.3,63.5,75.7,1013.3,8,0,
5/14/1999,87.6,69,77.4,69.9,78.9,1010.6,8.3,0,
5/15/1999,89.7,73.1,80.4,71.5,76.3,1010.5,9,0,
5/16/1999,88,71.8,79.4,70.8,76.9,1011.5,9,0,
5/17/1999,87.6,64.7,79.2,71.4,77.9,1012.5,8.7,0,
5/18/1999,77.1,65.4,70.1,64.1,81.7,1019.2,9.8,0,
5/19/1999,82.9,62.7,73.3,64.1,74.6,1017.7,8.2,0,
5/20/1999,86,69.9,76.7,66.9,74.2,1014.3,8.9,0.012,rain
5/21/1999,87.6,69.8,77.3,68.6,76.2,1015.3,8.8,0,
5/22/1999,87.9,69.9,78.6,67.8,71.9,1016.5,9.6,0,
5/23/1999,91.2,71.7,79.7,68.8,71.9,1016.7,9.4,0,
5/24/1999,87.7,72,79.2,68.3,70.5,1016.4,9.7,0.652,rain
5/25/1999,86.4,69.7,77.6,68.1,74.4,1013.4,9.4,0,
5/26/1999,85.6,67.2,74.6,66.8,78.1,1014.4,9.4,0.835,rain
5/27/1999,85.8,66.6,75.3,64.9,72,1015.6,9.9,0,
5/28/1999,75.6,66.5,70.8,66.3,85.9,1016.6,9.2,0.78,rain
5/29/1999,84.6,64.7,73.6,67.6,82.9,1015.3,9.7,0.003,rain
5/30/1999,89.1,71.9,80.5,71.8,76.5,1014.2,9.6,0,
5/31/1999,88.2,73.1,80.2,72,77.1,1011.7,9.7,0,
6/1/1999,91.5,73.5,81.7,71.4,73.3,1009.6,9.4,0,
6/2/1999,89.3,74.9,80.7,70.9,73.6,1013.4,9.8,0,
6/3/1999,89.4,73.2,80.2,70,72.8,1014.9,9.9,0,
6/4/1999,90.7,74.4,81.1,70.7,72.6,1013.7,9.9,0,
6/5/1999,91.2,74.4,81.6,70,69.9,1012.2,9.9,0,
6/6/1999,91.2,73.2,80.9,70.3,72.6,1014.9,9.4,0,
6/7/1999,89.8,71.2,80,69,71.8,1016.2,9.7,0,
6/8/1999,89.7,70.1,78.5,69.1,75.3,1013.8,9.4,0,
6/9/1999,88.9,70.4,78.9,70.1,76.7,1012.1,8.6,0,
6/10/1999,91.1,68.2,80.4,69.2,71.7,1011.9,9.2,0,
6/11/1999,92.4,70.9,81,70.3,72.8,1012.8,9.7,0,
6/12/1999,91.6,72.5,80.5,70.7,74.8,1013.9,9.7,1.201,rain
6/13/1999,88.4,71.7,76.6,70,81.2,1015,9.8,0.043,rain
6/14/1999,86.9,68.3,77.4,68.5,75.9,1016.8,9.8,0.071,rain
6/15/1999,82.5,70.7,75.8,69.7,82.1,1015.2,9,2,rain
6/16/1999,88,69.5,77.8,68.1,74.9,1014.2,9.4,0,
6/17/1999,82.7,70.7,75.4,68.2,79.3,1018.3,8.6,0,
6/18/1999,86.6,67.9,76.9,66.5,72,1018.6,8.4,0,
6/19/1999,88.7,70.9,78.4,69.9,77.2,1015.9,7.6,0.13,rain
6/20/1999,75.3,71.7,73.4,71.5,93.8,1015.8,4.7,0.822,rain
6/21/1999,80.8,70.9,73.3,71.4,94,1015.4,7.6,0.873,rain
6/22/1999,81.7,71.7,76.3,72.8,89.6,1012.8,8.1,0.477,rain
6/23/1999,91,74.9,81,72.5,77.2,1011.2,9.8,0,
6/24/1999,88,75.3,80.5,73.5,80.2,1011.3,9.7,0.039,rain
6/25/1999,86.1,74.4,79.2,74.6,86.5,1009.7,9.3,0.146,rain
6/26/1999,90,73.5,81.4,73.9,79.8,1009.3,9.7,0,
6/27/1999,91.2,78.2,83.6,75,76.5,1010.1,9.6,0,
6/28/1999,91.5,78.9,84.2,74.2,73,1010.9,9.6,0,
6/29/1999,90.5,77,82.7,73.2,74.1,1010.8,9.5,0,
6/30/1999,91.2,74.4,82,71.4,72.1,1008.5,9.5,0,
7/1/1999,92.9,75.7,82.8,73.2,74.6,1009.2,9.9,0,
7/2/1999,92,77,83.8,73.7,73.1,1012.3,9.5,0.013,rain
7/3/1999,92.6,72.1,82.4,73.1,76.2,1014.7,9,0.152,rain
7/4/1999,89.3,71.4,78.3,73,85.1,1017,8.2,0.071,rain
7/5/1999,89.7,71.1,80,72.4,80.6,1018.4,7.2,0.196,rain
7/6/1999,91.9,71,79.6,71.6,79,1018,9.1,0,
7/7/1999,91.8,71.8,80.8,71.7,76.7,1015.8,9.7,0.016,rain
7/8/1999,93.5,71.8,82.2,72.4,74.9,1013.6,8.1,0,
7/9/1999,92,73.1,82.4,71.7,73.2,1013.6,8.8,0,
7/10/1999,88.1,73.1,79.6,73.5,83.2,1015.6,9.2,2.14,rain
7/11/1999,87,73.1,76.2,72.9,90.2,1017.4,9.8,0.87,rain
7/12/1999,89.6,70.9,77.6,71.2,82.4,1018.4,9.9,0,
7/13/1999,91.8,70.2,79.4,72.1,80.7,1017.3,9.4,0,
7/14/1999,91.1,72,81.2,70.5,73.1,1015.2,9.4,0,
7/15/1999,91.9,73.1,81.3,69.4,70.7,1015.1,9.1,0,
7/16/1999,93.4,68.4,80.9,70.6,74.1,1015.7,9.4,0,
7/17/1999,86.5,71.9,77.7,73.6,87.6,1018,9,0.039,rain
7/18/1999,89.9,70.1,77.6,72.4,85.7,1019.3,9.5,0.291,rain
7/19/1999,88.1,71.1,78.7,73.2,84.6,1018,7.9,0.096,rain
7/20/1999,85.8,71,77.2,72.7,87,1017.2,9.5,0.051,rain
7/21/1999,84.4,71.2,76.6,73.6,91.1,1019.5,9.3,0.398,rain
7/22/1999,92,71.8,81.6,73.2,78.1,1020.4,9.3,0,
7/23/1999,93.7,72,81.7,71.2,74.1,1017.7,9.3,0,
7/24/1999,93.1,71,80.7,70.2,73.8,1014.2,9.8,0,
7/25/1999,92.9,68.3,80.8,71.1,75.2,1013.6,9.6,0,
7/26/1999,92.9,71.9,82.7,71.8,73,1014.2,9.3,0,
7/27/1999,94,71.5,83.1,73.2,74.7,1015.6,9.3,0,
7/28/1999,95.2,74.8,83.9,71.8,70.7,1015.8,9.6,0,
7/29/1999,97.1,69.4,83.2,70.5,69.7,1013.6,9.4,0,
7/30/1999,97.1,73.2,84.7,72.4,70.3,1010.2,9.5,0,
7/31/1999,98,75,85.5,72,67.9,1009.9,9.9,0,
8/1/1999,97,73.2,84.2,72.2,71.5,1013.1,9.1,0,
8/2/1999,96.1,71.9,83.9,71.2,69.5,1016,9.4,0,
8/3/1999,96.9,72.1,84.2,71.8,69.9,1015.9,9.2,0,
8/4/1999,96.3,74,84.3,74.3,75.4,1013.8,6.5,0.011,rain
8/5/1999,98.9,73.1,85.4,71.8,69.3,1011.9,7.2,0,
8/6/1999,98,71.9,86,69.6,62.9,1012,8.6,0,
8/7/1999,97.9,71.9,85.4,72.1,67.5,1012.8,7.3,0,
8/8/1999,97.1,72,85,73.1,71.2,1013.6,7.9,0,
8/9/1999,98.9,75.8,87,69.9,60.5,1011.6,9.4,0,
8/10/1999,98.9,74,86.6,68.9,59.9,1010.7,9.9,0,
8/11/1999,98.9,74.9,86.7,70.4,63,1012,9.8,0,
8/12/1999,100.1,74.9,87.4,71,62.6,1012.4,9.9,0,
8/13/1999,100.1,74.9,86.7,70.2,62.2,1012.5,9.9,0,
8/14/1999,101.8,71.9,87.2,69.4,60.9,1012.8,8.9,0,
8/15/1999,102.7,74.2,89.4,67.8,52.6,1013.3,9.9,0,
8/16/1999,98.8,74.1,86.6,68.6,60.3,1016.2,9.3,0,
8/17/1999,97,67.5,81.7,69,69,1017.1,8.8,0.001,rain
8/18/1999,96.1,73.1,83.8,71,69.3,1014.7,9.5,0,
8/19/1999,101.5,70.2,86.1,67.2,59.1,1012.9,9.9,0,
8/20/1999,104,71.2,88.7,65.9,52.6,1012.8,9.8,0,
8/21/1999,104,75.9,88.8,65.1,49.7,1011.8,9.4,0,
8/22/1999,94.9,73.1,84,70,66.2,1010.9,9.6,0,
8/23/1999,90.9,78,82.8,72.4,72.1,1010.1,9.9,0.012,rain
8/24/1999,94.9,74.9,83.4,71.8,70.8,1010.6,9.7,0.003,rain
8/25/1999,98.8,74.1,85.5,70.4,65.2,1011.4,9.9,0,
8/26/1999,98.9,73.2,85.7,70.2,64.5,1011.9,9.8,0,
8/27/1999,100.1,75.6,87.3,69.5,60,1012,9.9,0,
8/28/1999,98,72.1,85.3,69,62.3,1012.5,9.9,0,
8/29/1999,99.7,71.9,84.6,66.8,59.1,1011.9,9.8,0.001,rain
8/30/1999,99.9,68.3,83.3,62.9,57.5,1012.3,8.1,0,
8/31/1999,98,68.4,83.4,62.9,55.1,1011.4,7.5,0,
9/1/1999,93.8,69.3,82,67,63.7,1011.8,7.8,0,
9/2/1999,94.7,70.2,82.9,69,65.8,1011,8.7,0,
9/3/1999,97,74.9,84.2,68.6,63.6,1010.2,8.7,0,
9/4/1999,97,75.8,84,71.7,69.7,1010.9,9.9,0.088,rain
9/5/1999,97.7,73.2,84.2,71.2,69,1012.6,9.7,0,
9/6/1999,95.8,69.2,80.8,68.4,70,1013.1,9.9,0,
9/7/1999,95,69.2,81.3,67.9,68.1,1011.2,9.7,0,
9/8/1999,97.1,69.3,82.8,69.1,67,1010.6,9.8,0.006,rain
9/9/1999,98.7,71.9,83.4,65.5,58.7,1012.6,9.9,0,
9/10/1999,95.9,68.2,82.3,67.1,63.5,1011.6,9.8,0,
9/11/1999,96.1,68.6,83,68,64.9,1010.2,7.9,0,
9/12/1999,96.1,69.3,82.6,67.5,65.3,1012.6,8.3,0,
9/13/1999,90.9,70.1,79,66.9,69,1017.1,8.9,0,
9/14/1999,91,69.1,78.3,63.6,64,1015.8,9.7,0,
9/15/1999,92.8,66.1,78,56.6,52,1014.2,9.9,0,
9/16/1999,92.7,54.4,73.7,50.3,51.3,1016.6,9.9,0,
9/17/1999,93.5,58.3,75.7,54.8,52.6,1017.2,9.9,0,
9/18/1999,92.8,60.8,76.8,59.7,60.6,1014,9,0,
9/19/1999,94.9,61.7,78.4,59.4,58,1010.9,9.6,0,
9/20/1999,98.8,61.3,81.3,61.1,56,1011.5,9.8,0,
9/21/1999,82.8,66.8,75.8,57.1,54,1017.3,9.9,0,
9/22/1999,83,52.4,68.6,42.1,41.3,1019.4,9.9,0,
9/23/1999,87.9,46.3,65.4,42.2,49.9,1015.7,9.9,0,
9/24/1999,91.1,51.6,72.8,55.2,59.4,1010.8,9.8,0,
9/25/1999,91,69.2,78.3,67.7,72.6,1008.1,9.7,0.012,rain
9/26/1999,92.8,71,81.1,68.8,69.6,1007.9,9.8,0,
9/27/1999,93.8,69.3,81.2,67.7,67.8,1009.7,9.3,0,
9/28/1999,92.9,71.9,81.1,70.7,73.8,1013.6,8.6,0,
9/29/1999,77.1,62,68.3,48.7,52.7,1023,9.8,0,
9/30/1999,80,47,65,41.9,48,1020.3,9.9,0,
10/1/1999,85.9,47,66.8,47.9,57.3,1015.3,9.9,0,
10/2/1999,91.1,52.1,72.2,57.7,66,1013.3,9,0,
10/3/1999,92,71,79.5,70.5,76.2,1015.1,9.7,0.189,rain
10/4/1999,84.7,64.1,73.5,61.1,68.9,1018.8,9,0,
10/5/1999,87.9,60.3,72.5,56.5,59.2,1019.4,9.9,0,
10/6/1999,87.1,55.8,69.6,52.8,61.8,1016.8,9.3,0,
10/7/1999,88.7,47.8,67.2,46.7,55.7,1011.5,9.7,0,
10/8/1999,91,57.6,73.6,55,60.2,1009.5,9.3,0,
10/9/1999,85.9,64.5,74.3,57.7,57.5,1013.1,9.9,0,
10/10/1999,88.8,60.6,73.5,58.1,62.8,1016.8,9.7,0,
10/11/1999,88.8,61,74.3,59,62.4,1018.9,9.8,0,
10/12/1999,88.6,60.6,73,60.1,67.5,1017.9,9.8,0,
10/13/1999,89.8,59.5,73.6,60.1,68,1016.7,9,0,
10/14/1999,91.6,58.3,74.8,59.8,64.8,1015.4,8.9,0,
10/15/1999,89,69.6,78.5,66.8,71.2,1011.9,8.9,0,
10/16/1999,88,64.7,76.1,67.5,77.4,1011.6,8.3,0,
10/17/1999,75.3,51.9,61.8,55.6,80.3,1017.8,9.9,0.363,rain
10/18/1999,57.4,48.6,52.5,48.5,86.9,1021.2,8.6,0.424,rain
10/19/1999,66.6,45.2,54.7,47,78.1,1025.2,9.9,0,
10/20/1999,73,40.7,55.3,41.3,67,1027.3,9.9,0,
10/21/1999,77.9,38.7,56.5,42.4,67.2,1023.3,9.9,0,
10/22/1999,87.3,43.2,62.6,44.8,62,1018.5,9.9,0,
10/23/1999,80,49.6,63.1,41.9,52.7,1021.5,9.9,0,
10/24/1999,77,42.7,58.4,38.3,52.7,1024.2,9.9,0,
10/25/1999,83.6,38.9,59.2,45.2,66.7,1023.1,9.9,0.019,rain
10/26/1999,81.9,45.6,62.8,49.2,67.1,1021.9,9.4,0,
10/27/1999,81.9,43.9,63.6,51.2,68.5,1020.6,9.4,0,
10/28/1999,83.7,52.4,68.3,56.4,70.1,1020.1,8.6,0,
10/29/1999,84.4,59.5,70.9,61,73.5,1016.2,9.4,0,
10/30/1999,70,48.1,63.3,57.8,83.2,1017,8.7,0.933,rain
10/31/1999,66.5,46.3,56.7,47.3,73.1,1018.8,9.9,0.012,rain
11/1/1999,78,53.5,64.1,53.3,69.9,1017.3,9.9,0,
11/2/1999,64.8,38.4,56.4,29.9,40.2,1028,9.9,0,
11/3/1999,69,30.4,48.8,29.1,56.4,1025.8,9.9,0,
11/4/1999,79.9,40.2,60.6,49.6,71.9,1022.4,9,0,
11/5/1999,81.8,52.9,66.8,58.5,78.1,1025.2,7.2,0,
11/6/1999,79.6,51.9,63.4,55.3,79,1028.3,7.3,0,
11/7/1999,78.9,51.4,61.8,51,73.7,1027.1,7.6,0,
11/8/1999,78.9,44.4,59.8,46.8,68.3,1022.6,9.5,0,
11/9/1999,79.8,47.9,62.9,53.4,75.6,1019.5,6.9,0,
11/10/1999,78.9,51.9,62.4,56.5,83.7,1020.7,6.5,0.012,rain
11/11/1999,82.7,49.5,63.3,52.2,72.2,1023,8.9,0,
11/12/1999,79.9,47,62.5,51.5,71.1,1024.1,9.3,0,
11/13/1999,82.1,46.5,61.8,48.9,68.7,1022.3,8.4,0,
11/14/1999,82.9,42.6,59.3,45.5,66.9,1021.4,8.8,0,
11/15/1999,83.7,45.5,62.3,46.5,62,1019.2,9.7,0,
11/16/1999,81.9,45.5,62,47.5,64.7,1017.4,9.6,0,
11/17/1999,78.9,45.7,62.3,53,74.6,1017.4,7.3,0,
11/18/1999,82.6,48.8,65.4,56.6,76.6,1015.8,8.5,0,
11/19/1999,78.7,60.3,70.7,58.8,68.1,1017.7,9.9,0,
11/20/1999,75.5,47.2,58.6,40.4,55.1,1018.2,9.9,0,
11/21/1999,81.6,52.8,69.3,59.7,73.3,1009.3,9.9,0,
11/22/1999,85.4,64.4,73.7,64,74.9,1008.6,9.5,0,
11/23/1999,71.8,53.3,64.6,47.6,58.8,1018,9.3,0.027,rain
11/24/1999,57.4,45.9,51.5,39.4,64.7,1023.9,9.9,0.014,rain
11/25/1999,60.1,32.2,46.2,36.7,73.6,1022.4,9.9,0.158,rain
11/26/1999,69.2,28.3,47,32.1,63.6,1018.7,9.9,0,
11/27/1999,77.1,31,53.9,39.1,63.8,1018.9,9.9,0,
11/28/1999,79,40.9,57.4,48.9,77.5,1023.8,8,0,
11/29/1999,72.8,46.1,57.9,47.5,70.9,1031.5,9.9,0,
11/30/1999,67.7,43.7,57,39.5,53.9,1033.3,9.9,0,
12/1/1999,72.8,35.3,55.9,46.1,72.3,1025.7,9.4,0,
12/2/1999,77.8,60.2,68.2,61.3,80.3,1014.8,9.1,0,
12/3/1999,82.8,62.6,71.5,62.1,74.8,1008,9.5,0,
12/4/1999,74,52.7,66.7,46.3,53.9,1013.1,9.8,0.184,rain
12/5/1999,60.8,32.3,47.7,23.3,42.5,1025.4,9.9,0,
12/6/1999,61,22.1,38.9,18.7,50.1,1026,9.9,0,
12/7/1999,71.7,27.1,50.7,36.1,59.8,1019,9.9,0,
12/8/1999,77.1,60,67.6,60.7,79.3,1014.5,9.9,0.027,rain
12/9/1999,70.8,44.8,61.9,43.2,54.6,1019,9.9,0.042,rain
12/10/1999,63.9,35.8,48.7,32.5,55.9,1022.7,9.9,0,
12/11/1999,69.9,46.2,58.8,56.1,90.9,1011.1,6.6,0.083,rain
12/12/1999,68.5,47.7,54.8,50.4,85.2,1011.5,9.6,0.825,rain
12/13/1999,59.2,30.7,46.2,32.7,62.9,1018.7,9.9,0,
12/14/1999,73,27.6,49.6,27.4,51.2,1015.8,9.5,0,
12/15/1999,57.8,33.7,44.6,18.3,39.1,1028,9.9,0,
12/16/1999,62.5,24.7,41.7,17.7,46.9,1025.5,9.9,0,
12/17/1999,70.6,29.2,47.9,35.9,65.5,1018.5,9.9,0,
12/18/1999,58.9,31.7,48.6,38.1,68.6,1018.7,9.5,0,
12/19/1999,70,27.8,46.7,38.2,76.4,1012.7,7,0,
12/20/1999,54.6,38.7,45,37.9,76.9,1019.1,8.4,0.278,rain
12/21/1999,44.9,30.2,38.9,31.5,75.4,1024.7,9.9,0.012,rain
12/22/1999,53.7,27.8,41.7,32.4,71.8,1029.3,9.7,0,
12/23/1999,59.8,32.7,46.5,33.2,63.5,1033.5,9.6,0,
12/24/1999,69.1,35.5,50.3,32.9,56.6,1031.4,9.9,0,
12/25/1999,57.8,45.7,51.6,33.1,49.6,1032.4,9.9,0,
12/26/1999,65,42.3,55.1,37.2,53.4,1031.2,9.9,0,
12/27/1999,71.1,51.5,60.2,39.6,47.6,1023.6,9.9,0,
12/28/1999,69.3,38.2,52.7,30.7,46.1,1023.7,9.9,0,
12/29/1999,78.7,35,54,30.9,47.6,1015.9,9.9,0,
12/30/1999,78.8,43.4,60.1,35.1,42.3,1012.6,9.9,0,
12/31/1999,71.8,40.6,55.4,34.8,47.9,1017.8,9.9,0,
1/1/2000,76.4,41.7,58.3,50.2,75.2,1014.9,8.7,0,
1/2/2000,74.2,63.1,68.1,61.6,80.2,1011.2,9.9,0,
1/3/2000,71.4,53.4,63.6,33.4,38.7,1013.5,9.9,0,
1/4/2000,55.1,31.6,44.2,18.4,37.8,1030,9.9,0,
1/5/2000,60.1,24.6,42.3,22.1,49,1024.8,9.9,0,
1/6/2000,66.8,39.2,53,46.7,80.6,1022.3,8.9,0.003,rain
1/7/2000,55.2,50.1,51.2,50.9,98.8,1025,3.6,0.564,rain
1/8/2000,61.3,49.1,53.4,50,89.2,1018.5,7.5,0.18,rain
1/9/2000,76.7,40.1,57.3,44.1,67.9,1012.5,7.8,0,
1/10/2000,79,44.3,59.1,34.5,40.1,1014.5,9.9,0,
1/11/2000,75.8,40.2,57.7,45.8,65.8,1016.5,9.7,0,
1/12/2000,77.2,60.4,68.7,63.8,85.1,1016.6,8.5,0,
1/13/2000,70.3,51.2,61.5,44.6,59.5,1026.2,8.1,0,
1/14/2000,66.7,48.7,57,23.4,28.4,1035.2,9.9,0,
1/15/2000,74.8,47.5,60.5,48.4,65.5,1029.3,9.9,0,
1/16/2000,75.3,54.3,64.1,55.8,76.3,1025.8,9.4,0,
1/17/2000,77.5,55.6,64.6,56.4,77.4,1024.2,8.2,0,
1/18/2000,82.8,56.8,68.3,55.7,68.4,1019.2,9.4,0,
1/19/2000,86.9,50.6,67.6,50.7,60.2,1014.1,9.7,0,
1/20/2000,64.9,44.8,55,28.8,37.7,1022.1,9.9,0,
1/21/2000,59.4,38.9,49.8,35.5,58.2,1018.7,9.9,0,
1/22/2000,73.2,58.1,64.6,57.8,80,1010.9,9.3,0,
1/23/2000,73.3,51.9,60.8,45.2,57.5,1014.8,9.9,0,
1/24/2000,57.8,42.8,49.5,33.1,55.1,1022.8,9.9,0,
1/25/2000,60.3,37.8,49,27.6,44.9,1020.8,9.9,0,
1/26/2000,47,42.1,44.4,22.8,43.3,1021.3,9.9,0,
1/27/2000,43,35.2,39,35,85.7,1018.9,7.9,0.163,rain
1/28/2000,35.9,32,34.1,28.9,81.1,1026.1,9.9,0,
1/29/2000,42.5,29.9,34.3,26.1,72.2,1028.2,9.7,0,
1/30/2000,46.1,25.3,36.4,27.9,72.5,1027.9,8.6,0,
1/31/2000,53.1,41.9,47.5,35.5,63,1023.3,9.9,0,
2/1/2000,51.2,46.1,48.8,43.1,81.4,1022.9,7.8,0.051,rain
2/2/2000,53.6,43.4,48.4,42.1,80,1029,6.8,0.017,rain
2/3/2000,73.7,37.1,54.5,42.1,69,1022.3,7.7,0,
2/4/2000,61.2,45.7,53.2,31.5,45.4,1027.3,9.9,0,
2/5/2000,56.2,34.4,45,26,48.7,1031.1,9.9,0,
2/6/2000,65.6,35.7,50.8,43.5,76.7,1025.9,9.5,0,
2/7/2000,73.1,55.2,62.1,51.1,69.8,1026,9.9,0,
2/8/2000,74.7,44.8,58,42.2,60.9,1027.8,9.7,0,
2/9/2000,74,48.9,62.1,53.2,74.3,1020.7,9.1,0,
2/10/2000,81.6,59.1,69.1,58.7,72,1011.3,9.9,0,
2/11/2000,71.6,54.2,62.9,50.2,67,1012.1,9.4,0,
2/12/2000,65.9,46.5,57.2,43.3,60,1015.4,8.4,0,
2/13/2000,82.1,58.1,69.3,56.4,67.5,1009.2,9,0,
2/14/2000,73.9,46.9,59.4,42.1,56.3,1015.6,9.5,0,
2/15/2000,82.1,50.7,67.3,56.3,69,1016.1,9.2,0,
2/16/2000,78.9,67.7,72.2,64.8,78.7,1017.5,7.9,0,
2/17/2000,82.8,68.4,73.7,64.6,74.9,1013.9,9.9,0,
2/18/2000,80.7,57.6,72.2,59.1,67.3,1015.5,9.1,0.003,rain
2/19/2000,61.3,42.1,52,34.3,51.6,1027.8,9.3,0,
2/20/2000,66.1,48.3,56.8,39.1,52.2,1029.7,9.9,0,
2/21/2000,73.3,51.8,61.5,55.5,81.4,1025.2,8.3,0,
2/22/2000,74.2,61.7,67.6,62.2,83.3,1018.2,9.3,0,
2/23/2000,78.8,56.2,67,53.7,69.2,1017.2,9.8,0.203,rain
2/24/2000,79,65.2,70.3,62.5,78.1,1014.8,9.2,0,
2/25/2000,81.2,67.8,72.9,64.1,75.2,1011.1,9.9,0.005,rain
2/26/2000,71.1,48.2,62.5,42.4,57.7,1017.8,9.4,0.15,rain
2/27/2000,72.8,40.2,56.5,36,51.5,1025.2,9.9,0,
2/28/2000,74.1,42.9,59.9,46.5,62.5,1020.2,9.9,0,
2/29/2000,77.9,64.1,69.5,62.9,80.4,1015.8,9.9,0,
3/1/2000,79.1,60.8,69.8,60.4,73.7,1019.5,9.2,0,
3/2/2000,80.6,67.1,72.4,63.9,76.4,1013.1,9.8,0,
3/3/2000,70.9,51.8,62.8,44.9,55.4,1016.8,9.8,0,
3/4/2000,66.4,43,54.1,38.4,57.4,1019.3,9.9,0,
3/5/2000,71,47.4,60,49.6,69.8,1015,9.6,0,
3/6/2000,79,62.9,70.2,62.3,77.9,1015.7,8.6,0,
3/7/2000,89.3,68.9,75.9,65.5,72.6,1014.2,9.9,0,
3/8/2000,79,60.7,72.1,50,49.1,1015.8,9.5,0.033,rain
3/9/2000,86,59.2,73.7,58.2,60.3,1015.3,9.6,0,
3/10/2000,83.1,60.8,74.1,65.2,74.6,1012.8,8.8,0,
3/11/2000,61.7,42.8,52.4,34.8,52.7,1024.5,9.9,0,
3/12/2000,68.6,36.7,52.7,36.4,58.6,1023.5,9.9,0,
3/13/2000,71,46.5,59.9,49.8,71.2,1020.4,9.3,0,
3/14/2000,64.7,57.1,60.7,57,87.8,1016.1,7.7,0.008,rain
3/15/2000,75.4,54.6,63.7,57,80.8,1011.1,8.5,0,
3/16/2000,81.8,44.9,62.2,55,80.7,1012.3,6.2,0.031,rain
3/17/2000,50.9,41,45.7,41,84.1,1020.6,9.2,0.189,rain
3/18/2000,71.2,48.7,58.3,52.2,81.6,1013.7,8,0.003,rain
3/19/2000,69.8,48.7,58.9,36.7,46.3,1016.3,9.9,0,
3/20/2000,76.5,42.2,60.1,45.4,60.8,1011.2,9.9,0,
3/21/2000,71,62.7,66.5,64.5,93.5,1012.7,7.1,0.014,rain
3/22/2000,79.9,64.4,71.6,67.6,88,1016.3,7.3,0.016,rain
3/23/2000,74.7,64.5,70.7,59.7,70.1,1014.9,9.8,0,
3/24/2000,86.5,68,75.7,66.8,75.9,1015.3,8.5,0,
3/25/2000,83,65.9,74.6,64.7,73.4,1016.9,9.5,0,
3/26/2000,84.7,69.9,75.5,68.1,79.1,1012.8,9,0.002,rain
3/27/2000,83,65.1,72.8,57.8,64,1008.4,9.1,0,
3/28/2000,81.9,57.6,71.8,64.1,77.3,1003.9,8.8,0,
3/29/2000,90.1,63.3,76,58,61.7,1005.1,9.5,0.003,rain
3/30/2000,74,52.9,63.1,50.1,63.5,1014.8,9.9,0,
3/31/2000,71.9,53.1,63.3,54.7,74.7,1015,9.6,0,
4/1/2000,70,61.7,65.7,63.8,93.8,1011.5,4.8,0.022,rain
4/2/2000,60.1,55.1,57.8,56.6,95.8,1013,6.7,0.087,rain
4/3/2000,66.7,53.3,59.5,51.3,76.9,1017.5,8.6,0.123,rain
4/4/2000,70.3,42.8,56.4,37.4,52.4,1026.9,9.9,0,
4/5/2000,78.8,48.3,63.1,47,57.7,1019.3,9.9,0,
4/6/2000,83.5,57.6,69.5,60.3,74.7,1012.7,9.8,0,
4/7/2000,86.7,65.2,74,64.4,73.6,1010.3,9.9,0,
4/8/2000,70.9,51,61.5,32.2,33.6,1027.3,9.9,0,
4/9/2000,74,42.7,58.9,41.6,54.5,1023.7,9.9,0,
4/10/2000,74.9,58.8,66.7,60.2,79.9,1015.2,9.9,0,
4/11/2000,78.1,68.9,71.8,67.6,86.8,1015.9,9.3,0.008,rain
4/12/2000,70.5,59.9,63.9,60,87.4,1021.3,9.6,0.187,rain
4/13/2000,73.5,56.6,63.5,56.3,78.6,1020.8,9.1,0,
4/14/2000,71.2,54.6,61.6,58.6,90.2,1015.1,6.8,0,
4/15/2000,80,60.6,69.4,62.5,80.8,1011,8.1,0,
4/16/2000,85.6,68.5,75.6,67,77.1,1015.8,9.5,0,
4/17/2000,84.6,65.5,74.3,65.7,76.1,1018.2,9.6,0,
4/18/2000,79.3,67.6,73.9,68.5,83.9,1015,9.6,0,
4/19/2000,85.3,69.2,76.7,68.8,77.9,1010.5,9.8,0,
4/20/2000,84.6,65.4,75.6,52.4,51.5,1016.4,9.5,0,
4/21/2000,80.9,55.8,67.9,48.2,52.1,1020,9.9,0,
4/22/2000,82.8,51.9,67.8,52.6,60.5,1011.5,9.9,0,
4/23/2000,96.8,70,81.5,59.7,55.3,1003.2,9.8,0,
4/24/2000,86.1,65.5,75.5,54.1,48.5,1010.4,9.9,0,
4/25/2000,86.6,59.8,73.2,54.2,55.4,1017.5,9.8,0,
4/26/2000,88.5,60.2,75.1,59.1,60.5,1018.7,9.8,0,
4/27/2000,89.4,64.5,76.6,62.6,65.3,1015.6,9.6,0,
4/28/2000,86.6,70,77.2,59.8,59,1016,9.9,0,
4/29/2000,84.1,64.1,74.4,63.8,70.3,1014.8,9.3,0,
4/30/2000,86,71.8,77.4,68.5,75.3,1013.3,9.3,0,
5/1/2000,74.9,61.1,67.3,64.7,91.9,1015.3,9,0.476,rain
5/2/2000,76.6,60.9,66.9,61.9,85.5,1014.5,9.5,0.274,rain
5/3/2000,82.8,59.6,70.7,64.1,81.8,1013.4,8.3,0.003,rain
5/4/2000,86.9,69.8,75.3,69.8,84.1,1012.6,8.7,0.005,rain
5/5/2000,85.4,68.9,76,70.6,84.3,1013.2,8.6,0,
5/6/2000,88.7,71.7,78.7,71,78.7,1012.8,9.6,0,
5/7/2000,88.5,71.6,78.7,71.6,80.2,1013.1,9.6,0,
5/8/2000,88.8,70.7,79.1,71.1,78.2,1011.3,9.3,0,
5/9/2000,85.2,72.8,78,72.6,83.7,1010,9.5,0.005,rain
5/10/2000,88.1,71,79.2,71.3,78,1011.3,9.5,0.187,rain
5/11/2000,89.7,74.7,80.8,74.2,81.3,1008.3,7,0,
5/12/2000,92.2,68.1,81.6,75,81.6,1008.2,8,0,
5/13/2000,80.9,66.7,73,60.6,67.7,1017.7,9.8,0.089,rain
5/14/2000,81.6,64.1,71.6,54.8,55.7,1021.9,9.9,0,
5/15/2000,84.8,60.9,74.5,65.6,74.9,1018.5,9.8,0,
5/16/2000,90.6,73.8,80.4,71.9,76.4,1013.4,9.9,0,
5/17/2000,87.4,73.1,78.9,68.7,72.7,1009.3,9.9,0,
5/18/2000,87.4,75,80.2,70.7,73.9,1011.4,9.9,0,
5/19/2000,85.8,62.9,74.2,68.8,83.8,1016,9.3,0.078,rain
5/20/2000,77.9,63.2,69.2,62.3,79.6,1016.2,9.7,0.007,rain
5/21/2000,89.5,65.3,76.1,65.8,73.6,1015.7,8.3,0.003,rain
5/22/2000,92.5,68.1,80.8,65.3,63.8,1014.1,9.6,0,
5/23/2000,92.9,71.5,81.5,70.3,71,1010,9.9,0,
5/24/2000,94.8,72.8,82.8,72.6,73.5,1006.6,9.9,0,
5/25/2000,93.3,77.1,83.2,73.3,73.4,1006.4,9.9,0,
5/26/2000,90.8,78.1,83,74.2,75.9,1006.3,8.9,0,
5/27/2000,89.4,69.9,81.9,73.2,76.1,1010.7,9.2,0.009,rain
5/28/2000,89.5,68.1,77.7,67.5,73,1015.3,9.9,0.024,rain
5/29/2000,91.8,72.8,81.5,70.8,72.5,1013.9,8.9,0,
5/30/2000,94.6,73.5,83.1,70.1,68.1,1013.2,9.7,0,
5/31/2000,93.2,71.9,82.2,68.5,66.8,1014.7,9.9,0,
6/1/2000,93.5,72.7,81.9,69.5,69.4,1016.4,9.8,0,
6/2/2000,93.3,72.3,81,70.4,72.7,1018.4,9.5,0.005,rain
6/3/2000,93.3,74.7,82.1,70.9,71.5,1017.1,9.8,0,
6/4/2000,83.4,71.4,76.7,71.6,84.6,1013.7,9.5,0.256,rain
6/5/2000,84.6,71.2,77,68.3,76.1,1016.8,9.9,0.086,rain
6/6/2000,86.6,65.1,75.9,59.6,59.2,1019.9,9.9,0,
6/7/2000,85.8,63.3,74.4,57.5,58.3,1019.5,9.9,0,
6/8/2000,84.6,64.1,73.5,66.7,79.9,1015.9,9.4,0.056,rain
6/9/2000,75.2,71.9,73.9,72.9,96.7,1013.9,7.5,0.274,rain
6/10/2000,84.4,71.2,74.8,72.1,91.9,1013.8,9.1,0.175,rain
6/11/2000,88.1,72.2,79,72.1,81.2,1016.5,9.3,0.003,rain
6/12/2000,88,74.2,78.4,72.7,83.7,1018.3,9.2,0.062,rain
6/13/2000,87.2,72.7,79.5,70,75.1,1015.3,9.7,0,
6/14/2000,89,75.9,80.5,71,74.1,1012.8,9.9,0.003,rain
6/15/2000,88.3,75.2,81,72.6,76.8,1010.3,9.9,0,
6/16/2000,91.3,74.9,82,71.7,72.7,1007.6,9.9,0,
6/17/2000,89.4,75.8,81.6,74,78.6,1012.8,9.8,0,
6/18/2000,89,73.9,79.3,73.6,84.3,1017.4,8.7,0.173,rain
6/19/2000,89.9,72.5,81,73.6,80.2,1017.1,9.2,0.185,rain
6/20/2000,89.6,77.1,83,73.1,73.4,1014.9,9.9,0,
6/21/2000,90.4,77.1,83.1,72.2,71.1,1015,9.9,0,
6/22/2000,91.3,74.3,82.5,72.1,72.8,1016.3,9.8,0,
6/23/2000,92.3,75.9,83.2,70.3,67.6,1015.7,9.8,0,
6/24/2000,92.3,73.2,82.3,69.5,68,1014.4,9.9,0,
6/25/2000,92.3,75.7,83.6,71.2,68.4,1014.6,9.9,0,
6/26/2000,92.8,75,83.3,71.2,69.5,1015,9.9,0,
6/27/2000,92.8,75.7,83.7,70.9,68,1016.5,9.9,0,
6/28/2000,92.8,73.1,83.2,70.4,68.2,1015.8,9.8,0,
6/29/2000,93,73.1,83.5,68.8,63.9,1015.7,9.9,0,
6/30/2000,93.8,72.4,83.9,69.8,65.2,1014.8,9.9,0,
7/1/2000,93.7,76.6,85,71.6,66.8,1014.7,9.9,0,
7/2/2000,95.3,74.6,83.8,71.7,69.6,1013.8,9.9,0,
7/3/2000,95.3,74.9,84,69.3,65.1,1014.2,9.7,0,
7/4/2000,95.8,75.2,83.8,69.2,65.5,1015.3,9.7,0,
7/5/2000,94.7,72.9,83.4,69.8,67.2,1015.2,9.9,0,
7/6/2000,95,72.7,84,68.1,63.2,1014.9,9.9,0,
7/7/2000,97.2,75.6,86,70.6,63.9,1015.4,9.9,0,
7/8/2000,98.1,73.1,86.2,69.6,61.4,1016.4,9.9,0,
7/9/2000,96.1,71.6,84.8,69.9,63.5,1016.1,9.9,0,
7/10/2000,97.4,76.6,85.9,72.6,67.5,1015.7,9.9,0,
7/11/2000,98.6,75.7,86.3,71.8,65.6,1015.3,9.9,0,
7/12/2000,100.1,75.6,87.2,71.5,63.6,1015.6,9.9,0,
7/13/2000,102.1,73.5,87.8,67.9,58.8,1016.4,9.9,0,
7/14/2000,104.8,74.4,90.6,64.7,47.3,1015.2,9.9,0,
7/15/2000,105.1,77.1,91.9,61.2,38.1,1012.3,9.9,0,
7/16/2000,104.8,78,90.8,59.6,37.6,1011.7,9.9,0,
7/17/2000,99.5,72.2,86.6,65.5,53.5,1015.4,9.9,0,
7/18/2000,98.8,72.2,86.7,66.4,54.9,1017.2,9.9,0,
7/19/2000,101.2,74.6,88.5,65.7,51.6,1017,9.9,0,
7/20/2000,101.9,72.8,88.6,63.1,49.8,1014.9,9.9,0,
7/21/2000,102.3,72.8,88.3,59.2,43,1013.8,9.9,0,
7/22/2000,100.3,72.7,87.8,63.5,48.3,1015.1,9.9,0,
7/23/2000,99.7,73.2,81.5,68.4,68.3,1017,9.1,0.118,rain
7/24/2000,96.2,70.7,82.6,67.9,66,1016.4,9.4,0.003,rain
7/25/2000,98.5,71.3,85,66,56.5,1013.7,9.9,0,
7/26/2000,97,74.2,86.2,67.7,57.4,1014.8,9.9,0,
7/27/2000,96.9,75.2,85.7,68.4,61.7,1016.1,9.9,0,
7/28/2000,97.5,73,85.7,66.7,58.3,1014.8,9.9,0,
7/29/2000,98.6,72.4,85.5,65.1,54.6,1013,9.9,0,
7/30/2000,91.1,74.2,81.1,70.7,72.7,1013.6,9.6,0.099,rain
7/31/2000,92,74,79.8,69.8,73.1,1015.4,9.8,0,
8/1/2000,97.1,70.7,82.7,67,64,1015.9,9.9,0,
8/2/2000,99.1,72.7,85.9,66.1,57.1,1014.3,9.9,0,
8/3/2000,97.5,73.4,86.5,67.9,57.3,1014.6,9.9,0,
8/4/2000,95.3,74.2,84.8,69.7,64,1017,9.9,0,
8/5/2000,98.8,73.9,86,68.8,60.2,1016.3,9.9,0,
8/6/2000,99.4,75.7,87.1,70.3,61.3,1014.4,9.9,0,
8/7/2000,98.8,76.6,87,70,61.7,1015.4,9.9,0,
8/8/2000,97,76.2,84,72.6,71.4,1016,9.9,0,
8/9/2000,98.1,75.4,84.8,70.6,67.6,1017.8,9.9,0,
8/10/2000,98.7,73.1,85.6,65.1,57.6,1018,9.9,0,
8/11/2000,101.8,71.9,87.2,65.4,53.3,1016.4,9.9,0,
8/12/2000,103.1,75.8,90,63,43.7,1014,9.9,0,
8/13/2000,101.7,75.7,89.6,64.2,46.6,1012.8,9.9,0,
8/14/2000,97.9,72.1,85.4,68.3,59.8,1015.3,9.8,0,
8/15/2000,89.5,74.7,81.8,72.2,73.5,1020.3,9.9,0.007,rain
8/16/2000,98.6,72,84.6,66.7,60.7,1020.9,9.9,0,
8/17/2000,101.9,72.3,87.9,63.8,51,1017.2,9.9,0,
8/18/2000,100.7,74,87.6,64.8,51.2,1017.2,9.9,0,
8/19/2000,98,71.5,85.5,65.1,55.8,1018,9.6,0,
8/20/2000,97.9,72.8,86.2,68.3,59.1,1016.8,9.5,0,
8/21/2000,98.6,74.8,84.7,68.7,62.3,1017.5,9.9,0.001,rain
8/22/2000,93.4,72.9,79.4,71.8,79.5,1019.5,9.5,0.161,rain
8/23/2000,95,71.8,83.3,70.3,69.5,1020.2,9.4,0,
8/24/2000,97.9,73.4,85.4,69.2,62.7,1019.4,9.9,0,
8/25/2000,98.4,74.9,86.1,70.7,64.3,1017.1,9.8,0,
8/26/2000,98.6,73.4,86.3,69.5,61.4,1014.4,9.9,0,
8/27/2000,98.6,73.1,86.1,69.5,61.8,1013.1,9.8,0,
8/28/2000,98.2,75.3,86.9,70.2,62.2,1014.3,9.9,0,
8/29/2000,97.8,74.6,86.8,68.8,60.4,1015.3,9.9,0,
8/30/2000,102.3,72.7,88,63.9,50.6,1014.2,9.9,0,
8/31/2000,106,77.2,91,60.3,38.4,1012.2,9.9,0,
9/1/2000,106,78.7,91.5,62.3,40.5,1013,9.9,0,
9/2/2000,105.6,79,90.5,64.1,44.7,1012.5,9.8,0,
9/3/2000,106.8,76.5,91,62.7,43,1011.6,9.9,0,
9/4/2000,109.1,79.9,94.5,59.2,33.4,1011.8,9.9,0,
9/5/2000,109.8,78.9,94.5,61.1,35.3,1012.2,9.9,0,
9/6/2000,97.5,78.7,87.9,57.2,36.8,1012.9,9.9,0,
9/7/2000,96.8,71.4,84,59.8,46.3,1012,9.2,0,
9/8/2000,89.8,72.9,81.3,66,61.9,1012,9.8,0,
9/9/2000,95.8,75.7,83.5,69,64.1,1010.8,9.9,0,
9/10/2000,98.8,74.8,86.2,69.4,61.3,1011.7,9.7,0,
9/11/2000,100.3,76.7,87.4,70.5,61.3,1011.1,9.2,0,
9/12/2000,98.8,77.2,85.1,70.6,64.9,1011.2,9.9,0.003,rain
9/13/2000,88.4,73,78.2,70.7,78.4,1014.3,9.6,0.145,rain
9/14/2000,92.4,72.6,78.8,71,79.7,1015.7,9.4,0.104,rain
9/15/2000,95.8,73.1,83,69,67.7,1015.4,9.8,0,
9/16/2000,89.5,70,79.5,55.4,47.1,1016.3,9.9,0,
9/17/2000,88.5,59.2,73.8,44.7,38.9,1017.4,9.9,0,
9/18/2000,92.6,56.4,74.2,46.4,41.7,1015.4,9.9,0,
9/19/2000,94.1,63.2,79.2,59.1,54.8,1011.6,9.8,0,
9/20/2000,96.8,72.6,83.6,69.5,66.1,1009.4,9.7,0,
9/21/2000,85.1,71.4,78.6,71.9,80.7,1010.3,9.4,0.034,rain
9/22/2000,97.1,75.7,84.3,72.6,71.7,1008.1,9.7,0.049,rain
9/23/2000,98.6,79.7,86.9,74,68.3,1009.6,9.4,0,
9/24/2000,91.2,61.5,77.4,70.5,80.9,1012.5,9.6,0.073,rain
9/25/2000,70.5,54.1,61.6,45.8,60,1022.1,9.8,0.032,rain
9/26/2000,74.9,49.6,61.3,44.1,56.1,1023,9.9,0,
9/27/2000,80.4,50.8,64.6,48.7,60.8,1021.9,9.9,0,
9/28/2000,83.4,53.2,67.8,48,55.8,1021.4,9.6,0,
9/29/2000,84.4,54.1,69,47.4,51,1019.5,9.9,0,
9/30/2000,87.3,55.4,71.1,48.9,50.9,1016.4,9.9,0,
10/1/2000,89.1,57,73,49.9,50.3,1013.7,9.2,0,
10/2/2000,92.9,65.9,78.5,60.8,59.6,1012.2,9.4,0,
10/3/2000,92.9,73.6,82.2,67.7,65.1,1012.3,9.9,0,
10/4/2000,92.9,70.7,81,66.5,65.3,1012.4,9.6,0,
10/5/2000,94.7,74,82.9,71.4,70.6,1012,9.8,0,
10/6/2000,82.1,60.4,68.8,62,79.2,1019.4,9.6,0.04,rain
10/7/2000,61,48.1,54.4,48.5,81,1028,8.9,0.108,rain
10/8/2000,49.1,43.8,46.2,39.9,79.1,1034,9.2,0.063,rain
10/9/2000,50.3,44,46.8,38,72.8,1033.6,9.9,0.015,rain
10/10/2000,57.1,46.9,52,40.8,67.7,1027.8,9.9,0,
10/11/2000,66.4,54.8,60.6,46.9,61.5,1025.1,9.9,0,
10/12/2000,80.8,62.1,70.1,57.2,64.1,1023.6,9.9,0,
10/13/2000,82.3,61.1,71.3,61.9,74.6,1021.1,8.1,0,
10/14/2000,81.2,61.3,72.2,63.2,75.3,1018.7,8.9,0,
10/15/2000,83.5,67.3,73.2,67.5,83.8,1017.5,8.6,0.127,rain
10/16/2000,85.7,66.9,74.2,68.6,84.7,1017.5,8,0.063,rain
10/17/2000,75.4,64.1,67.8,66,94.1,1020.5,9,0.208,rain
10/18/2000,78.3,62.9,69.3,62,79.1,1022.6,9.5,0,
10/19/2000,79.1,62,70.2,60.6,73.4,1020.3,9.5,0.005,rain
10/20/2000,79.6,62,69.8,62.8,79.2,1018.4,8.5,0,
10/21/2000,75.6,65.2,69.2,66.5,91.5,1015.9,5.7,0.32,rain
10/22/2000,78.1,69.3,71.5,70.6,97.2,1016.9,5.4,0.395,rain
10/23/2000,75.8,70.8,72.9,72.3,98,1023.2,4.1,0.036,rain
10/24/2000,79.2,69.4,72.6,70.1,92.4,1024,4.6,0.019,rain
10/25/2000,81.5,68.5,72.7,68.4,87.7,1019,6.1,0,
10/26/2000,81.2,67.7,72.5,67.7,86.4,1016.3,7.3,0.017,rain
10/27/2000,83.7,67.7,73.3,69.2,88,1018,7.4,0.036,rain
10/28/2000,78.6,69.9,73.5,68.9,86.3,1018.3,9.7,0.003,rain
10/29/2000,82.8,70.7,75.5,68.9,81.5,1016.7,9.8,0,
10/30/2000,82.3,70.1,75.3,68,79.8,1017.6,9.8,0,
10/31/2000,82.1,70.7,74.7,68.3,81.6,1015.7,8.2,0,
11/1/2000,80.1,68.5,72.8,67.7,85,1013.8,9.6,0,
11/2/2000,78,65.4,69.3,66.1,90.1,1015.2,7.8,0.614,rain
11/3/2000,70.2,64.2,66.4,66,98.4,1016.6,5.9,0.289,rain
11/4/2000,70,64.9,66.5,65,95,1015.4,7.9,0.062,rain
11/5/2000,76.3,60.4,67.4,65.5,94,1007.4,5.3,0.212,rain
11/6/2000,74,56.2,63.8,53.5,72.9,1003.9,9.7,0.018,rain
11/7/2000,55.9,47,50.8,46.9,86.8,1009.5,8.4,0.157,rain
11/8/2000,48.1,39.8,44.6,40.4,85.7,1010.8,8.5,0.062,rain
11/9/2000,62.2,34,47.1,37.4,72.1,1013.7,9.9,0,
11/10/2000,65.2,39.7,51.8,41.8,71.8,1017.8,9.8,0,
11/11/2000,63.4,53,57.4,51.7,81.6,1015.6,9,0,
11/12/2000,73.7,44.8,57.9,56.2,94,1013.8,5.8,0,
11/13/2000,53.9,40.1,44.7,32.1,62.2,1022.6,9.6,0,
11/14/2000,56.7,33.6,45.2,33.2,63.4,1026.3,9.9,0,
11/15/2000,54.2,37.3,47.5,41.2,79.3,1017.5,8.6,0.016,rain
11/16/2000,63.8,50.6,57.5,54.2,89.2,1014.1,7.2,0.015,rain
11/17/2000,51.3,42.8,46.3,36,67.4,1022.1,9.5,0.008,rain
11/18/2000,46.2,39.7,41.5,39.5,92.6,1021.5,6.4,0.284,rain
11/19/2000,57.8,37.8,46.2,39.2,78.8,1025,9.5,0.001,rain
11/20/2000,61.1,34.6,47,38.9,76.9,1030.2,9,0,
11/21/2000,60.2,34,47.1,36.9,69.3,1033.1,9.9,0,
11/22/2000,62.1,44.1,53.8,48.9,83.5,1025.3,9.5,0.012,rain
11/23/2000,70.5,56.3,62.3,61.3,96.5,1013.2,6.9,0.129,rain
11/24/2000,58.1,50.1,53.8,48.2,81.8,1012,9.8,0.069,rain
11/25/2000,62.6,43.6,52,45.8,80.4,1017,9.9,0,
11/26/2000,64.8,46.1,53,43.1,72.3,1019.8,9.9,0,
11/27/2000,71,41.6,55.9,48,76.1,1018.7,9.3,0,
11/28/2000,76.1,56.9,64.7,60.2,86.4,1016.8,7.1,0,
11/29/2000,66.2,52,61.2,50.6,70.1,1024,8.8,0,
11/30/2000,66.6,47.7,57.1,44.4,63.7,1023.4,9.9,0,
12/1/2000,65.9,50.3,58,49.2,75,1022.9,7.1,0,
12/2/2000,48.8,39.1,43.2,30.6,61.3,1031.8,9.9,0,
12/3/2000,40.7,38.2,39.6,34.2,80.9,1032.3,8.5,0.014,rain
12/4/2000,49.1,39,44.3,39.4,83.2,1030.7,8,0.006,rain
12/5/2000,52.3,47,49.7,43.2,78.4,1027.8,9.8,0,
12/6/2000,56.2,41,50.5,43,76.4,1022.8,9.3,0.008,rain
12/7/2000,60.9,30.6,45.2,34.5,70.8,1020.8,8.9,0,
12/8/2000,64.8,36.6,50.6,39,66.7,1018.1,9.8,0,
12/9/2000,65,40.5,51.3,47.4,87,1017.5,8,0,
12/10/2000,68.5,50.2,61.1,59,93,1015.4,5,0,
12/11/2000,73.1,33.2,57,50.7,80.5,1017.1,7.8,0,
12/12/2000,31.6,26.1,27.8,17.5,66.5,1027.8,9.1,0.01,rain
12/13/2000,47.4,27.2,36.9,35.1,93.4,1019.4,6.1,0.2,rain
12/14/2000,53,33.6,43.3,36.2,77.1,1026.4,8.3,0,
12/15/2000,54.8,45.8,49,46.8,92.5,1018.5,4,0,
12/16/2000,63.8,38.4,52.7,34.7,58.4,1020.3,8,0,
12/17/2000,51.2,28.1,40.6,22.2,50.8,1026.8,9.9,0,
12/18/2000,60.2,38.9,49.2,31.4,56.8,1023,9.6,0,
12/19/2000,55.3,34.5,43.3,23.3,47.6,1029.3,9.9,0,
12/20/2000,65.2,33.9,49,33.4,56.7,1015.4,9.9,0,
12/21/2000,51.2,35.2,42.9,22.6,45.8,1026,9.9,0,
12/22/2000,50.1,30.9,41.6,21.6,45.9,1028.4,9.9,0,
12/23/2000,54.1,45.2,49.4,41.1,73.8,1023.4,9.2,0,
12/24/2000,52,40.1,44.5,42.9,94.1,1025.1,3.4,0.054,rain
12/25/2000,45.2,40.1,43.1,42.4,97.1,1022.5,4,0.333,rain
12/26/2000,42.3,34.3,38.1,36.5,94,1022.1,6.5,0.128,rain
12/27/2000,41.4,32.5,36.2,29.9,77.9,1023.2,9.9,0,
12/28/2000,56,31.8,42.3,34.3,75.2,1020.9,9.2,0,
12/29/2000,52.3,34.5,42,30.5,67.1,1027.1,9.5,0,
12/30/2000,50.8,27.4,39.6,26.2,61.4,1027.6,9.9,0,
12/31/2000,43.4,34.7,39.1,32,76,1025,7.8,0.015,rain
1/1/2001,35.1,31.1,33.1,29.2,85.3,1030.5,8,0,
1/2/2001,36.8,29.9,32.3,23.6,70.5,1036.5,9.6,0,
1/3/2001,51.6,31.7,38.6,27.2,64.9,1033.7,9.9,0,
1/4/2001,67.7,33,49.2,32,56.8,1024.6,9.7,0,
1/5/2001,69.8,33.6,51.8,36,58.7,1019.4,9.9,0,
1/6/2001,71.7,38.4,55,42,64.5,1014.1,9.9,0,
1/7/2001,61.1,48.7,56.4,44.4,65.5,1014.2,9.4,0.032,rain
1/8/2001,59,38.9,47,31.5,56.7,1024.7,9.9,0,
1/9/2001,60.2,33.7,47.1,31,58.2,1025.1,9.9,0,
1/10/2001,51.3,41.5,45,38.6,80.8,1019.9,5.8,1.326,rain
1/11/2001,64,40.3,48.4,43.2,84.6,1019.8,5.8,0.005,rain
1/12/2001,47.9,43.9,45.7,43.8,93.3,1022.6,4,0,
1/13/2001,52.3,44,47.6,47.4,99.4,1016.6,1.4,0.152,rain
1/14/2001,61.5,41.4,49.2,41.8,78.2,1019.3,9.1,0,
1/15/2001,55.1,38.3,48.3,39.1,72.2,1021,9.3,0,
1/16/2001,52.6,46.1,47.9,44.4,88,1016.3,6.9,0.044,rain
1/17/2001,45.2,39.1,41.7,40.1,94.2,1017.9,6.5,0.304,rain
1/18/2001,39.1,37.3,38.4,36.3,92.1,1016.2,8.2,0.245,rain
1/19/2001,50.9,36,42.1,30.6,65.9,1023.9,9.9,0.012,rain
1/20/2001,51.2,26.8,38.6,27,64.8,1028.2,9.9,0,
1/21/2001,52.1,32,42.2,33.1,71.8,1028.5,9.7,0,
1/22/2001,55.8,31.4,42.6,34,74.1,1030,9.1,0,
1/23/2001,57.8,33.8,45.6,39.5,80.4,1025.3,7.8,0,
1/24/2001,63.4,46.9,53.5,46.9,79.4,1026.6,8.1,0,
1/25/2001,60.8,43.6,52.7,43.1,71,1026.6,8.2,0,
1/26/2001,69.5,51.5,60.1,53.5,79.5,1020.2,8.2,0,
1/27/2001,61.7,48.5,54.1,53.2,96.9,1018.8,3.7,0.167,rain
1/28/2001,69.4,52.5,64.9,61.2,88.1,1013.2,8.4,0.075,rain
1/29/2001,65.2,44.8,52.9,38.9,65.1,1011.6,9.7,0.528,rain
1/30/2001,68.1,43.9,54.3,36.6,54.3,1011.7,9.9,0,
1/31/2001,58.7,43,49.7,34.3,56.1,1021,9.9,0,
2/1/2001,54.3,42.2,48.1,31.8,54.4,1024.6,9.9,0,
2/2/2001,53.4,36.6,45,31.1,59.2,1029.3,9.9,0,
2/3/2001,62.2,32.2,46.7,34.5,65.8,1024,9.9,0,
2/4/2001,64.4,38.4,51.6,38.5,63.6,1024.4,9.7,0,
2/5/2001,66.8,39.2,53.3,34.8,52.7,1023.3,9.9,0,
2/6/2001,74.7,50.6,61.4,52.2,73.3,1015.1,9.6,0,
2/7/2001,68.1,57.8,63.7,60.3,88.8,1014.5,8.8,0,
2/8/2001,70.9,66.7,69,64.9,86.8,1012.3,7.8,0,
2/9/2001,71.1,39.7,55.9,43.4,64.7,1019.4,9.7,0.193,rain
2/10/2001,44.1,29.9,37.6,26.9,65.5,1027.7,9.9,0,
2/11/2001,50.8,42.2,46,39,77.1,1023.1,8.3,0.032,rain
2/12/2001,53.9,44.8,49.3,48.9,98.6,1021.8,1.1,0.021,rain
2/13/2001,70.4,53.8,62.2,61,96.1,1018.7,2.7,0.024,rain
2/14/2001,75.1,66,69.7,64.1,83.2,1014.1,8.6,0,
2/15/2001,71.8,49.4,66.2,63,89.5,1010.3,7.8,0.088,rain
2/16/2001,58.1,40.3,49.6,43.2,79.3,1021.4,9.1,0.843,rain
2/17/2001,50.9,32.3,40.8,30.5,67.3,1032.9,9.5,0,
2/18/2001,59.3,32,46.3,35.9,69.6,1029.6,9.1,0,
2/19/2001,70.3,43.6,56.2,49,79.1,1021.2,7.5,0,
2/20/2001,73.4,58.5,66.1,59.9,81.1,1019.5,9.1,0,
2/21/2001,74.7,56.9,67.7,62.8,85.1,1019.3,6.7,0,
2/22/2001,55.2,47.7,49.5,42.4,76.6,1021.2,8.1,0,
2/23/2001,68.5,50.9,60.2,56.4,87.5,1012.7,6.2,0.119,rain
2/24/2001,76.4,55.3,69.3,54.1,62.1,1007.9,9.4,0,
2/25/2001,74.7,49.9,61.5,37.6,44.9,1019,9.9,0,
2/26/2001,70,56,63.2,49.9,62.8,1019.8,8.7,0,
2/27/2001,74.5,61.3,67.3,63.9,89.8,1015.9,5,0.073,rain
2/28/2001,57,39,43.5,41.6,93,1018.4,6.3,0.045,rain
3/1/2001,47,37.2,41.6,39.8,93.2,1014.9,7.7,0.331,rain
3/2/2001,56,46.9,50.9,47.2,87.5,1009.1,8.8,0.113,rain
3/3/2001,53.2,43.6,48.9,47.2,93.9,1007.1,5.1,0.826,rain
3/4/2001,67.1,42.2,53.9,42.8,71,1018.8,7.8,0.001,rain
3/5/2001,71.2,43.4,56,41.8,61.5,1026.9,9.8,0,
3/6/2001,65.9,44,54.2,43,68.8,1024,9.6,0,
3/7/2001,70,42.2,57,47.1,71.5,1021.8,9.4,0,
3/8/2001,61.8,51.5,57.1,54.3,90.5,1015,7.9,0.158,rain
3/9/2001,63.8,45.3,53.6,43.4,71.4,1018.8,9.5,0,
3/10/2001,66.4,42.5,55.2,48.6,79.3,1013.6,8.8,0,
3/11/2001,68.8,59.3,63.8,61.7,92.9,1008.1,5.6,0.04,rain
3/12/2001,77.2,54.1,65,49,63.2,1009.6,8.9,0.988,rain
3/13/2001,68.2,45.8,59.7,48.6,67.8,1015.4,9.9,0,
3/14/2001,63.3,55.1,57.3,54.4,90.2,1009,8,0.621,rain
3/15/2001,69.7,53.1,60.1,40.5,56,1009.4,8.3,0,
3/16/2001,61.9,40.4,51.6,35.8,56.1,1018.9,9.9,0,
3/17/2001,51.3,46.5,48.6,37.8,66.3,1020.6,9.9,0.003,rain
3/18/2001,48,43.6,45.8,40.5,82.2,1022,8.8,0.425,rain
3/19/2001,57.3,42.6,48.8,38.8,69.7,1023.8,9.7,0,
3/20/2001,66.8,39.1,52,39.3,66.1,1023.1,9.9,0,
3/21/2001,75.4,40.1,57.9,44.2,64.5,1020.3,9.8,0,
3/22/2001,77.9,46.6,62.6,48.9,64.8,1015.4,9.3,0,
3/23/2001,75.6,57.4,65.2,58,79,1014.6,8.5,0,
3/24/2001,71.5,47.9,59,54.4,85.3,1018.8,7.9,0.141,rain
3/25/2001,60.8,47.2,52.2,40.5,64.9,1024.8,9.5,0,
3/26/2001,57.8,46.1,51.6,36.7,56.9,1023.6,9.9,0,
3/27/2001,51.3,43.3,46.1,42.1,87.1,1019.8,5.2,1.463,rain
3/28/2001,50.1,43.3,46.4,45.5,96.5,1012.5,4.8,0.048,rain
3/29/2001,62.7,47.9,53.2,49,86.5,1009.6,7.8,0.024,rain
3/30/2001,59.3,44.5,52.2,48.3,87.2,1012,6.5,0.153,rain
3/31/2001,73.5,45.5,60,53.4,80.7,1014.2,7.5,0,
4/1/2001,74.4,52.1,65,58.3,80.2,1014,7.7,0,
4/2/2001,75.8,65,69.9,65.8,87.1,1009.4,6.6,0,
4/3/2001,78.8,70,73.1,69.2,88,1010.6,4.8,0,
4/4/2001,78.1,71.4,74,71,91,1013.6,4.2,0,
4/5/2001,80.2,70.9,74.7,68.3,81.7,1015.1,8.3,0.012,rain
4/6/2001,80.2,70.1,74,66.7,79.1,1012.1,8.9,0,
4/7/2001,79.3,66.3,73.1,66.8,81.6,1013.7,8.7,0,
4/8/2001,82.6,70,75.1,67.3,77.8,1013.6,8.2,0,
4/9/2001,82.8,70,75,67.8,79.3,1011.9,8.8,0,
4/10/2001,81.4,71.1,75.2,68.4,80.3,1007.7,9.2,0,
4/11/2001,79.7,58.1,69.7,57,66,1008.5,9.2,0.009,rain
4/12/2001,75.8,59,66.4,61.2,83.5,1012.9,7.7,0.012,rain
4/13/2001,79.5,62.3,72,67.1,84.9,1016.6,8,0,
4/14/2001,84.8,71.1,76.5,69.8,81,1013.8,8.9,0,
4/15/2001,88.8,68.1,78,70.4,78.9,1012.5,9.1,0,
4/16/2001,83.4,66.8,74.6,66.3,75.7,1017.5,9.5,0,
4/17/2001,73.7,47.2,57.1,47.8,71.9,1026.8,9.7,0.111,rain
4/18/2001,68.9,50,58.2,44.3,60.8,1027.8,9.9,0,
4/19/2001,74.2,53,64.6,58.9,82.2,1018.5,9.6,0,
4/20/2001,78.6,68.2,72.7,67.4,83.8,1015.4,9.4,0,
4/21/2001,83,68.1,73.7,65.6,76.8,1016.5,9.5,0,
4/22/2001,81.1,70.3,75,67.6,78.5,1014.2,9.1,0,
4/23/2001,74,61.7,67.7,62.3,83.5,1018.2,8.3,0.338,rain
4/24/2001,73.9,55.8,64.8,49.3,59.6,1024.4,9.9,0.015,rain
4/25/2001,77,47.2,63,44.5,55.6,1025.2,9.9,0,
4/26/2001,79.9,50.3,65,47.8,58.4,1023.3,9.8,0,
4/27/2001,79.7,50.8,66.2,50.2,60.4,1022.1,9.8,0,
4/28/2001,79.9,54,67.5,50.2,58.7,1021.4,9.6,0,
4/29/2001,79.9,53.4,68,54.8,65.4,1021.5,9,0,
4/30/2001,80.8,62.9,71.7,62.2,73.9,1020.1,8.9,0,
5/1/2001,83.8,66.7,74.3,63.8,72.1,1015.7,9.1,0,
5/2/2001,85.1,69.1,75.9,64.3,69.5,1011.7,9.9,0,
5/3/2001,85.1,70,76.1,65.1,70.5,1015,9.7,0,
5/4/2001,81.1,68.8,74.1,67.3,80.2,1014.3,9.8,0.029,rain
5/5/2001,82.9,62.2,69.8,65.7,87.9,1012.2,9.1,0.937,rain
5/6/2001,87.1,63.5,74.6,68.3,82.4,1013,8.3,1.599,rain
5/7/2001,83.9,62.4,72.5,64.1,77.2,1018.1,9.8,0.15,rain
5/8/2001,81.7,66.2,72.8,66.2,81.3,1021.4,8.9,0.146,rain
5/9/2001,83,60.9,72.4,62.9,75.1,1019.7,7.7,0,
5/10/2001,84.1,62.7,73.2,62.9,73,1017.1,8.2,0,
5/11/2001,86,66.2,74.7,64.7,73.7,1017.4,8.9,0,
5/12/2001,82.6,65.2,73.1,64.6,76.4,1020.9,9.4,0.027,rain
5/13/2001,83.6,62.8,73.5,63.9,74.1,1021.7,9.3,0,
5/14/2001,84.8,64,75.1,63.3,69.2,1020.6,9.6,0,
5/15/2001,85.1,62.2,74.8,62.9,68.8,1016,9.3,0,
5/16/2001,89.9,69.6,78.4,67.9,72.1,1009.8,9.6,0,
5/17/2001,89.8,71.1,79.1,68.7,72.3,1009.1,9.6,0,
5/18/2001,90.1,70.1,79.1,68.9,72.6,1010.9,9.4,0,
5/19/2001,81.4,69.5,76.3,70.2,81.9,1012,8.1,0,
5/20/2001,89.7,69.5,79.1,71.9,80,1006.9,7.5,0,
5/21/2001,83,64.2,72.5,59.5,65.2,1009.9,9.6,0.003,rain
5/22/2001,81.8,53.5,68.3,45.2,47.1,1019,9.9,0,
5/23/2001,89.1,54.3,73.1,49.7,48.5,1015,9.9,0,
5/24/2001,89.1,64.5,77.1,63.1,63.8,1012.1,9.8,0,
5/25/2001,83,64.2,73,63.2,73,1015.7,9.5,0.403,rain
5/26/2001,83,65.6,74.8,67.3,78.5,1014.1,9,0.209,rain
5/27/2001,91.8,69.7,79.9,70.1,74.2,1009.8,9.6,0,
5/28/2001,89.2,74.9,80.5,69.8,71.5,1009.4,9.8,0,
5/29/2001,90.1,73.1,80.9,70.2,72.1,1011.9,9.9,0,
5/30/2001,91.7,75.6,82.2,71.2,71.1,1012.2,9.8,0,
5/31/2001,91.7,68.4,79.4,68.3,71.6,1012.7,9.5,0.113,rain
6/1/2001,90.5,70.1,78.1,69.8,77.2,1012.5,9.6,0.003,rain
6/2/2001,92.7,69.6,81.4,70.1,71,1008.8,9.8,0,
6/3/2001,93.6,75.6,83.2,70.9,68.6,1006.9,9.7,0,
6/4/2001,92.9,74.7,82.5,70.6,69.2,1007.8,9.8,0,
6/5/2001,86.8,72.8,78.3,69.4,75.3,1010.2,9.8,0,
6/6/2001,89.8,71.3,79.2,67.4,69,1010.3,9.9,0,
6/7/2001,87.1,72.2,79.1,68.8,71.7,1011.4,9.9,0,
6/8/2001,82.9,71.9,76.4,70.3,82.1,1010.8,8.9,0.253,rain
6/9/2001,88.3,73.3,79.3,70.1,75.1,1011.8,9.6,0.032,rain
6/10/2001,89.4,70.5,79,69.1,73.5,1012,9.8,0,
6/11/2001,94.5,69.2,82,68.6,67.4,1011.2,9.6,0,
6/12/2001,97.2,73.8,84.6,71.6,67.4,1008.4,9.5,0,
6/13/2001,96.2,77.9,85.4,73.2,68.9,1006.8,9.3,0,
6/14/2001,94.7,79.8,85.3,74.3,70.7,1008.2,9.5,0,
6/15/2001,88.9,66.1,77.9,67.1,72,1016.7,9.8,0.1,rain
6/16/2001,93.1,71,82,70.1,70.3,1020.2,9.4,0,
6/17/2001,93.5,72.8,83,68.3,64.1,1020.4,9.6,0,
6/18/2001,91,69.2,80.8,64,59.7,1018.3,9.5,0,
6/19/2001,92.7,65.1,79.5,63.4,60.9,1017.8,9.7,0,
6/20/2001,93.1,68.6,81.5,63.8,59,1019.5,9.8,0,
6/21/2001,96.5,72.4,84,67.5,62.5,1018.2,9.7,0,
6/22/2001,88.7,70.9,78.4,70.1,77.8,1017.7,9.5,0.719,rain
6/23/2001,89.6,72.8,80.6,65.9,61.5,1017.5,9.6,0,
6/24/2001,89.5,70.1,79.3,69.6,74.8,1017.8,9,0.32,rain
6/25/2001,89.6,72,80.7,67.5,66.4,1018.5,9.3,0,
6/26/2001,93.5,72.2,82,69.6,68.4,1019.1,8.9,0,
6/27/2001,94.3,74.6,83.9,67.8,62.7,1021.1,8.9,0,
6/28/2001,95.3,72.8,83.5,68.2,64.1,1019.5,9.3,0,
6/29/2001,95.3,74.2,83.3,70.6,68.2,1015.9,9.8,0,
6/30/2001,95.1,75.3,84,69.8,65.7,1014.6,9.8,0,
7/1/2001,83.8,72,78.2,72.1,82.5,1015.5,9.2,0.287,rain
7/2/2001,90.9,71.6,77.3,69.4,78.9,1018.7,9.6,0.045,rain
7/3/2001,90.7,68.5,78,69.1,77.5,1020.5,8.7,0.003,rain
7/4/2001,92.2,69.1,80.5,69.2,71.4,1020.2,9.6,0,
7/5/2001,97,71.3,83.1,70.4,69.1,1018.4,9.5,0,
7/6/2001,94.8,73.6,84.7,70.7,65.7,1017.3,9.3,0,
7/7/2001,94.9,71.3,83,69.1,66.5,1017.7,9.3,0,
7/8/2001,93.9,69.9,82.9,69.3,67.4,1017.2,9.5,0,
7/9/2001,96.2,73.7,84.4,69.5,64.7,1015.6,9.4,0,
7/10/2001,96.3,73.2,84.5,68.4,62.5,1013.5,9.6,0,
7/11/2001,96.5,70.4,84.6,67.4,60.3,1012.7,9.7,0,
7/12/2001,97.1,73.4,85.3,68.3,60.9,1014.3,9.4,0,
7/13/2001,98.1,73.6,86.1,68.8,61,1015,8.9,0,
7/14/2001,97.9,74.4,85.8,68.3,59.6,1013.2,9.3,0,
7/15/2001,98.2,75.3,87.4,68.2,56.8,1011.4,9.1,0,
7/16/2001,96.9,75.6,86.7,70.7,61.9,1013.1,9.4,0,
7/17/2001,97.8,76,86.4,71.2,63.8,1015,9.3,0,
7/18/2001,97,72.4,85.5,70.9,64.8,1015,9.4,0,
7/19/2001,98.4,77.2,86.8,71.1,63.2,1015.2,9.8,0,
7/20/2001,100,77.9,88.1,70,59.1,1014.9,9.9,0,
7/21/2001,101,74.2,87.4,66.6,55.6,1013,9.7,0,
7/22/2001,101.4,72.3,88,62.7,47.5,1011.2,9.9,0,
7/23/2001,99.9,74.4,87.7,65.3,49.7,1010.9,9.9,0,
7/24/2001,97,73.6,86.7,69.2,59.1,1011.3,9.8,0,
7/25/2001,97.7,73.3,85.8,70.1,62.8,1011.7,9.5,0,
7/26/2001,99.6,74.3,85.6,71.3,65.3,1013.1,9.8,0,
7/27/2001,96,75.7,85.8,72.3,66.7,1015.5,9.6,0,
7/28/2001,98.8,79,87.7,72.1,63.3,1017.2,9.7,0,
7/29/2001,98.5,75.5,87.1,70.3,61.4,1016.4,9.8,0,
7/30/2001,99.7,75.4,87,69.9,60.6,1015.2,9.6,0,
7/31/2001,98.2,75.8,86.7,69.8,61.4,1017.2,9.7,0,
8/1/2001,98.8,73.6,86.8,69,59.7,1019.2,9.6,0,
8/2/2001,96.2,73.3,85.3,68.4,60.3,1019.6,9.5,0,
8/3/2001,96.5,72,83.9,65.5,57.3,1017.7,8.9,0,
8/4/2001,97.7,70.2,84.4,64.5,56.9,1015.2,9.5,0,
8/5/2001,101.8,70.2,86.9,63.8,50.3,1014.9,7.5,0,
8/6/2001,100.9,70.4,87.8,63.5,48.9,1015.5,7.6,0,
8/7/2001,96.8,74.8,84.3,66.8,57.3,1017.7,9.5,0,
8/8/2001,97.9,74.1,85.6,70,63,1017.2,9.8,0,
8/9/2001,98.8,72,86.2,69.3,62.2,1016.4,9.6,0,
8/10/2001,98,73.5,86.1,68.9,61.9,1016.7,9.6,0,
8/11/2001,98.5,77.1,86.8,69.2,59.6,1016.2,9.8,0,
8/12/2001,98.9,75.2,86.7,68,57.8,1017.9,9.5,0,
8/13/2001,99.5,73.6,86.9,67.4,56.1,1017.9,9.7,0,
8/14/2001,91.9,73.9,80.1,71.1,76.2,1016,8.8,0.031,rain
8/15/2001,99.7,70.2,84.9,66.2,58.2,1012.5,9.9,0,
8/16/2001,98,77.1,85.1,71,65.4,1015.1,9.9,0,
8/17/2001,98,74.2,85.3,68.3,62.3,1018,9.9,0,
8/18/2001,99,73.5,85.6,66.5,58.9,1016.3,9.9,0,
8/19/2001,91.9,73.8,81.5,69.3,68.4,1015,9.9,0.154,rain
8/20/2001,96.2,69.9,83,67.7,64.2,1015.9,9.9,0,
8/21/2001,97,66.8,84.1,68,62.7,1016.5,9.9,0,
8/22/2001,97.2,71.5,83.9,70.3,67.8,1016.9,9.9,0,
8/23/2001,96.3,73.8,84.6,68.8,63.8,1016.1,9.9,0,
8/24/2001,95.2,68.7,82.8,68.2,65.5,1015,9.6,0,
8/25/2001,97.2,75.3,84.9,71.2,66.8,1014.1,9.8,0.002,rain
8/26/2001,96.1,70.5,81.6,71.3,75.1,1015.3,9.5,3.15,rain
8/27/2001,84.8,68.4,73,70.6,92.9,1015.4,9.4,1.849,rain
8/28/2001,81.5,71,73.9,71.8,93.5,1015.4,8.6,0.218,rain
8/29/2001,74.9,69.4,71.2,70.5,97.7,1014,8.7,0.687,rain
8/30/2001,74.8,70.3,72.2,72,99.3,1011.5,6.7,2.577,rain
8/31/2001,78.6,69.5,73.3,71.9,95.5,1010.7,8.5,0.951,rain
9/1/2001,84.2,69.5,76.3,71.8,86.8,1011,9.2,0.185,rain
9/2/2001,87.6,70.4,77.9,71.5,81.7,1010.7,8.7,0.004,rain
9/3/2001,91.9,69.2,80.5,73.7,81.8,1010.8,7.8,0.299,rain
9/4/2001,84,65,73.5,69.4,88.1,1013.1,9.6,0.362,rain
9/5/2001,78.3,72.9,74.7,72,91.4,1015.1,9.1,0.995,rain
9/6/2001,89.8,69.2,78.7,71.7,81,1014,9.9,0.014,rain
9/7/2001,91.9,75.7,83,73.1,74,1009,9.9,0,
9/8/2001,92,78.2,83.5,74.3,75,1007.7,9.9,0,
9/9/2001,82.9,69.2,76.1,70,82.1,1014.7,9.8,0.561,rain
9/10/2001,83,69.9,75.7,68.4,79.2,1020.9,9.8,0,
9/11/2001,86.1,69.4,76.2,67.1,75.5,1020.2,9.4,0,
9/12/2001,86.1,63,73.8,63.7,73.8,1017.8,9.2,0,
9/13/2001,89.8,64.6,76.8,66.8,74.2,1016.9,9.1,0,
9/14/2001,90.9,70.2,79.5,69.9,75.2,1016.2,7.8,0,
9/15/2001,88.8,68.3,78.7,68.3,73.1,1015.5,8.1,0,
9/16/2001,87,70.9,77.7,67,71.8,1015.6,8,0,
9/17/2001,87.3,66.1,77.7,69,76.6,1015,6.8,0,
9/18/2001,91.1,68.5,79.1,69.6,75.5,1012.2,8.3,0,
9/19/2001,92.1,76.2,82.2,73.1,76.1,1013.2,9.9,0,
9/20/2001,93.7,74.1,82.4,72.5,74.3,1015,9.5,0,
9/21/2001,88,71,78.1,69.6,76.4,1016.3,9.8,0.036,rain
9/22/2001,84.4,68.1,72.4,68.9,89.4,1016.4,8.5,3.256,rain
9/23/2001,86,64.2,73.9,66.5,80.1,1015.4,8.7,0.003,rain
9/24/2001,78,62.7,70.2,58.9,69.6,1019,9.7,0,
9/25/2001,75.7,54.3,65.5,53,66,1021.1,9.9,0,
9/26/2001,76.9,48.4,61.3,50.4,72.4,1020.6,9.3,0,
9/27/2001,79.1,48.4,62.4,51.3,72.1,1018.7,9.6,0,
9/28/2001,80.9,50.5,64.1,52.9,72,1017.3,9.3,0,
9/29/2001,82.1,52.3,65.9,52.8,68.2,1018.9,9.1,0,
9/30/2001,76.9,52.4,64.2,51.7,67.5,1022.5,9.9,0,
10/1/2001,79.8,51.8,64.6,53.2,70.8,1022.7,8.8,0,
10/2/2001,80.8,48.8,64.4,53.5,72.1,1020.1,9.1,0,
10/3/2001,81.9,55.5,69.6,60.6,75.2,1018,8.3,0,
10/4/2001,86,66.3,75.4,66.6,75.8,1015.2,9,0,
10/5/2001,83.6,60.3,71.6,66.2,83.8,1014.1,8.9,0,
10/6/2001,68.2,52.2,59.4,47.4,64.9,1021.7,9.9,0,
10/7/2001,75.7,45.3,59.7,48.9,71.4,1022.5,9.9,0,
10/8/2001,78.1,56.9,68.3,61.3,79.3,1019.8,9.6,0,
10/9/2001,84.7,71,76.2,68.5,77.7,1016.6,9.8,0,
10/10/2001,83.9,73.2,77.7,70.9,80.9,1014.7,8.9,0.05,rain
10/11/2001,79.8,61.3,71.1,66.8,87.1,1013.4,8.9,1.167,rain
10/12/2001,83.8,57.2,69.3,66.4,91.2,1007.8,5.5,0,
10/13/2001,71.8,51.4,61.8,51.7,72.5,1005.9,9.1,1.43,rain
10/14/2001,79.9,44.3,61.6,46.4,63.8,1015.5,9.9,0,
10/15/2001,80.6,47.1,63.9,55.2,76.1,1018.9,9.9,0,
10/16/2001,66.8,44.4,56.6,39,54.3,1029.7,9.9,0,
10/17/2001,71,36,53.1,41.9,70.7,1026.6,9.8,0,
10/18/2001,77.2,43.4,60.1,52.2,78.1,1019.6,8.3,0,
10/19/2001,79.2,52,64.8,57.8,80.7,1015.3,8.3,0,
10/20/2001,80,53.3,65.7,58.3,79.8,1016.7,7.6,0,
10/21/2001,81,52.4,66.3,59.1,81,1016.4,7.1,0,
10/22/2001,84.8,65.1,75.3,68.6,81.1,1012.9,8.9,0,
10/23/2001,84.9,73.3,77.3,69.5,78.1,1007.3,9.9,0,
10/24/2001,92,65.1,77.6,63.4,66.1,1008.6,9.6,0,
10/25/2001,78,47.9,62.7,42.4,52.7,1022,9.9,0,
10/26/2001,75.7,47.6,60.3,45.1,61.8,1028.3,9.9,0,
10/27/2001,75.7,47.4,60.6,44.1,61.3,1030.1,9.9,0,
10/28/2001,74.9,43.3,57.7,44.9,66.5,1029.1,9.8,0,
10/29/2001,74.8,40.6,55.8,46.4,74.5,1029.5,9.5,0,
10/30/2001,73.9,43.6,57.1,50.9,82.8,1027.1,7.5,0,
10/31/2001,78.8,45.3,63.3,56.6,81,1020.1,7.2,0,
11/1/2001,82.1,59.5,71.7,63.7,78.5,1016,7.9,0,
11/2/2001,82.8,60.8,72.6,66.3,82.2,1018.4,9.6,0,
11/3/2001,82.7,56.1,66.9,59.4,80.3,1023.4,7.3,0,
11/4/2001,79.9,54.3,66.1,56.2,73.6,1024.9,8.7,0,
11/5/2001,78.9,50.4,63.2,51,69.9,1023.5,8.7,0,
11/6/2001,78,43.2,58.5,44,65.5,1023.7,9.8,0,
11/7/2001,78.2,44.5,60.1,48.7,69.6,1023.4,9.8,0,
11/8/2001,79.2,52.4,65.9,59.7,82.1,1024.1,7.2,0.02,rain
11/9/2001,66,52.2,60.5,51.6,73.6,1029.4,9,0.485,rain
11/10/2001,75.7,48.5,61.7,55.8,82.3,1025.5,6.1,0,
11/11/2001,75.7,59.3,67.1,59.6,78.3,1023.1,6.6,0,
11/12/2001,74.8,60.4,65.6,62.4,89.9,1023.1,4.4,0.53,rain
11/13/2001,75.9,61,68,62.5,83.8,1020.9,5.9,0,
11/14/2001,76.8,62.9,67.4,62.6,85.6,1017.1,6.8,0.078,rain
11/15/2001,68.9,61.1,65.3,64.6,97.6,1015.5,4.4,7.489,rain
11/16/2001,67.8,60.5,64,61.8,92.7,1021.1,9.2,1.542,rain
11/17/2001,71.6,60.4,66.4,61.5,84.5,1024,8.9,0.025,rain
11/18/2001,74.6,61.3,67.3,62.1,84.2,1022.1,7.4,0,
11/19/2001,66.2,48.8,57.5,53.9,88,1023.7,6.3,0.124,rain
11/20/2001,59.8,37.4,48.5,32.4,57.2,1025.7,9.8,0,
11/21/2001,57.7,36.2,48.5,38.6,71.2,1018.8,9.5,0,
11/22/2001,73,45.5,59.3,51.8,77.3,1010.4,9.3,0,
11/23/2001,80.7,61,68.2,61.6,81.4,1001.9,7.2,0,
11/24/2001,73.1,45,61.8,41.1,49.9,1010.7,9.9,0,
11/25/2001,75.6,38.5,56.4,41.8,64.4,1015.6,9.9,0,
11/26/2001,79.8,62.1,68.9,61.8,79.6,1010.5,7.9,0,
11/27/2001,63.6,37.9,50.3,32.4,51.1,1014.3,9.8,0,
11/28/2001,38.8,31.8,35.9,32.3,86.6,1017.5,8.5,1.702,rain
11/29/2001,51.8,30.8,38.7,30.9,75.6,1018.3,9.7,0.177,rain
11/30/2001,65.9,31,47.7,38.6,74,1017.4,9.9,0,rain
12/1/2001,68.9,38.2,54.4,48.7,82.2,1021.2,9.1,0.039,rain
12/2/2001,61,56.9,59,58.3,97.4,1022.6,3.2,0.756,rain
12/3/2001,66.8,56.9,60.6,60.1,98.1,1020.8,1.3,0.005,rain
12/4/2001,75.6,62.9,70,66.6,89.5,1018.5,7.2,0.024,rain
12/5/2001,77.8,62.8,70.6,65.9,85.7,1019.7,9.5,0.019,rain
12/6/2001,76.8,61.6,69.2,65.6,89.1,1020.8,6.8,0,
12/7/2001,74.6,64.3,68.7,65.4,89.6,1015.8,8.1,0.012,rain
12/8/2001,67.2,46.6,52.5,42.9,71.1,1021.5,8.5,1.464,rain
12/9/2001,54.8,37.1,46,29.6,54.6,1024.3,9.7,0.104,rain
12/10/2001,59.9,28.6,43.7,31.7,67.8,1020.1,8.7,0,
12/11/2001,55.8,40.5,49.1,46.3,90.4,1015.2,5.2,0.721,rain
12/12/2001,69.7,52.1,60.8,58.5,92.6,1012.3,5.3,0,
12/13/2001,56.6,37.3,48.9,42.2,78.5,1015.4,9.4,0.298,rain
12/14/2001,61.1,31.4,46.2,37.3,74.7,1016.7,9.4,0,
12/15/2001,59.9,45.1,54.7,52.6,92.8,1013.7,5.8,1.42,rain
12/16/2001,73.4,57.6,66,63.2,90.9,1011.2,7,0.287,rain
12/17/2001,65.6,40.1,53.4,42,68.3,1019.6,9.6,0,
12/18/2001,65.1,34.3,49.5,40.6,74.9,1016.8,9.6,0,
12/19/2001,61.7,34.3,49.8,36.3,62.4,1023.7,9.9,0,
12/20/2001,61.7,28.8,42.4,32.5,72.9,1027.9,9.9,0,
12/21/2001,67.8,29.8,49.3,43,80.9,1022.1,8.3,0,
12/22/2001,73.1,48,61.8,53.2,75.6,1015.2,8.1,0,
12/23/2001,57.6,35.1,46.1,29.9,57.1,1022.9,9.9,0,
12/24/2001,52,28.5,41.3,21.6,50.2,1025.1,9.9,0,
12/25/2001,54,35.2,43.3,27.6,57.8,1023.7,9.9,0.031,rain
12/26/2001,56.6,32.7,43.2,26.6,55.7,1023.2,9.9,0,
12/27/2001,63.8,25,46,34.2,66.4,1016,9.9,0,
12/28/2001,64,38.2,49.5,37.2,65.9,1012.2,9.9,0,
12/29/2001,53.7,31.9,43.9,29.8,60.5,1018.6,9.8,0,
12/30/2001,48.3,32.2,39.9,25.5,56.5,1023.8,9.9,0,
12/31/2001,44.3,31.9,37.4,25.9,63.7,1025.2,9.9,0,
1/1/2002,41.3,33.3,36.6,24.8,62.8,1026.3,9.8,0,
1/2/2002,44.6,30.7,36.1,23.3,62.6,1029.9,9.9,0,
1/3/2002,44.8,25,33.4,22.5,66.2,1030,9.9,0,
1/4/2002,51.1,26.7,39.9,33.1,77.5,1023.9,9.2,0.024,rain
1/5/2002,53.1,45.3,49.2,45.5,87.6,1017.5,7.7,0.81,rain
1/6/2002,62,39,49.5,34.8,60.2,1023.7,9.9,0,
1/7/2002,59.3,34.7,45.8,31,58.7,1027.8,9.9,0,
1/8/2002,67.7,34,50.5,40,69.4,1023.1,9.9,0,
1/9/2002,73.3,48.4,60.2,52.4,78.3,1017.2,9.7,0,
1/10/2002,69.9,55.3,61.4,55,80.6,1015.6,9.7,0,
1/11/2002,60.1,47.8,53.3,36.4,52.9,1022.7,9.9,0,
1/12/2002,65.4,39.4,50.2,33.4,56,1022.1,9.9,0,
1/13/2002,68.6,32.1,51.1,35.1,59,1014.3,9.9,0,
1/14/2002,65.2,35.7,51.4,32.2,52.5,1018.4,9.9,0,
1/15/2002,66.8,26.8,48,31.6,59.8,1022.6,9.9,0,
1/16/2002,70.3,43.8,56.6,52.9,88.2,1018.7,9.9,0,
1/17/2002,61.9,50.2,56.2,51.1,83.8,1018.2,6.9,0.012,rain
1/18/2002,52,44.2,48.5,40.4,74.1,1018.1,7.5,0,
1/19/2002,58.1,40.5,51.2,38.7,67.2,1017.9,7.2,0,
1/20/2002,60.7,33.8,46.6,38.5,74,1015.8,9.9,0,
1/21/2002,70.9,41.1,53.8,38,62.9,1018.8,9.8,0,
1/22/2002,69.9,54.9,60.1,55.1,85,1014.9,4.8,0,
1/23/2002,77.9,66.7,71.6,66.1,83.4,1010.8,9.1,0,
1/24/2002,71.1,43.3,53.8,46.6,77.6,1016.3,8.7,0,
1/25/2002,61.1,38.6,48.1,22.7,40.7,1026.8,9.9,0,
1/26/2002,60.6,33,47.6,28.9,52.9,1024.1,9.9,0,
1/27/2002,72.6,39.6,55.4,38.9,56,1019.6,9.9,0,
1/28/2002,75.1,55.1,65.2,60,84.1,1016,6.7,0,
1/29/2002,79.7,68.3,72.2,63,74,1012.7,9.9,0,
1/30/2002,75.5,67.8,71.2,64.9,81,1010.3,9.7,0,
1/31/2002,71.6,45.1,58.1,47.2,69.1,1016.5,9.7,0.22,rain
2/1/2002,50,37.9,42.5,21.7,44.9,1031.6,9.9,0,
2/2/2002,52.9,32.4,43.5,26.5,52.9,1029.3,9.9,0,
2/3/2002,56,42.9,49.5,35.4,59.1,1025.4,9.9,0,
2/4/2002,52.1,47.2,49.9,40.2,69.8,1028,9.8,0.009,rain
2/5/2002,46.9,41.1,43,40.8,91.9,1023,6.4,0.747,rain
2/6/2002,51.1,35.2,41.9,35.8,80.5,1021.8,9.9,0.234,rain
2/7/2002,61.7,29.7,44.4,34.8,73.2,1025.2,9.5,0,
2/8/2002,64.5,32.6,48.6,38.9,72.4,1023,8.4,0,
2/9/2002,70.4,45.5,55.9,40.6,60.4,1017.5,9.5,0,
2/10/2002,53.1,41.3,47.5,27.4,46.1,1031.2,9.9,0,
2/11/2002,56.9,33.4,43.3,23.2,47.3,1031.1,9.9,0,
2/12/2002,65.4,32.8,48.6,28,48.7,1022,9.9,0,
2/13/2002,64,37.3,49.7,32.4,53.7,1025,9.9,0,
2/14/2002,66.8,37.1,52.7,35.1,52.9,1023.5,9.9,0,
2/15/2002,67.4,44.4,55.4,41.7,63.6,1021.5,9.1,0,
2/16/2002,64.2,37,50.2,27.6,45.6,1026.7,9.9,0,
2/17/2002,65.9,36.3,52.3,29.6,46.8,1022.3,9.9,0,
2/18/2002,72.1,48.3,61,51.5,71.3,1014,9.9,0,
2/19/2002,78.4,49.4,68.5,47.8,56.5,1009.7,9.3,0.009,rain
2/20/2002,77,46.6,61.3,34.1,38.3,1016,9.9,0,
2/21/2002,75.3,48,59.3,34.3,40.6,1018.4,9.9,0,
2/22/2002,65.2,42.9,54.2,28.3,39.4,1025.9,9.9,0,
2/23/2002,72.8,36.6,54.7,30.6,45.1,1019.7,9.9,0,
2/24/2002,77.1,41.5,59.9,43.9,58.9,1015.5,9.8,0,
2/25/2002,70.4,47.6,63,48.3,61.9,1017.4,9.9,0,
2/26/2002,44.2,30.1,36.1,10.7,36.9,1032.3,9.9,0,
2/27/2002,50.4,23.3,36.8,7.4,32.2,1028.1,9.9,0,
2/28/2002,55.1,29.4,43.2,26.8,53.8,1021.5,9.2,0,
3/1/2002,58.1,46.1,52.1,51.4,97.2,1009.8,1.3,0.062,rain
3/2/2002,57,29.3,40.1,30.7,70.8,1016.6,7.8,0.032,rain
3/3/2002,44.2,24.2,33.4,6.4,33.8,1031.8,9.9,0,
3/4/2002,59,23.7,40.4,10.5,35.2,1032.5,9.9,0,
3/5/2002,64.7,29.1,48,29.9,51.8,1027.4,9.9,0,
3/6/2002,74,42.6,61.2,50.6,69.9,1019.7,9.8,0,
3/7/2002,74.2,60.1,66.6,57.5,74.6,1016.5,9.8,0,
3/8/2002,73.3,61.7,67.2,62.9,86.3,1012,9.4,0,
3/9/2002,70,47.9,58.3,33.1,45,1027.3,9.7,0.009,rain
3/10/2002,55.7,39.3,48,22,36.5,1032.5,9.9,0.031,rain
3/11/2002,61.5,48.1,53.6,45.9,76.3,1016.1,8.2,0.009,rain
3/12/2002,76.8,50.8,62.6,32.3,33.7,1015.7,9.9,0,
3/13/2002,83.9,44.6,63.9,41.6,48.1,1011.9,9.9,0,
3/14/2002,83.7,61.1,70.7,62,75.7,1005.7,8.9,0,
3/15/2002,78,56.2,69.1,56.1,65.2,1008.7,8.2,0,
3/16/2002,62.5,52,56.9,40.4,54,1014.5,9.8,0,
3/17/2002,66.3,60.2,62.6,56.7,81.6,1013.7,4.4,0.024,rain
3/18/2002,78.1,63,70.3,65.1,84.6,1012,5.7,0.018,rain
3/19/2002,74.3,60.9,69.9,65.4,85.9,1008.6,7.9,0.879,rain
3/20/2002,62.8,53.1,58.8,53.1,82,1018.3,9.6,0.138,rain
3/21/2002,71.6,46.7,57.3,38.8,54.9,1027.1,9.7,0,
3/22/2002,56.4,35.2,45.5,27.2,49.7,1031.4,9.9,0,
3/23/2002,70.3,36.3,54.2,43.3,68.5,1020.3,8.8,0,
3/24/2002,77.4,60.9,67.6,58.5,73.9,1010.1,9.4,0,
3/25/2002,67.1,48.7,58.3,52.8,82.4,1013,7.6,0.027,rain
3/26/2002,63.8,42.2,51.5,34.9,55.3,1023.7,9.9,0,
3/27/2002,71.4,38.5,55.1,39.9,60.4,1020.7,9.2,0,
3/28/2002,82.2,53.5,68.2,58.6,73.3,1013.2,9.3,0,
3/29/2002,77.9,66.6,72.1,66.6,83.2,1009.6,9.3,0,
3/30/2002,82.3,62.7,72.5,58.7,67,1006.2,8.5,0.234,rain
3/31/2002,70.9,55.2,62.6,52.4,70.2,1015.6,9.9,0,
4/1/2002,80.4,48.7,64.4,53.2,70.8,1014.7,8.6,0,
4/2/2002,83.9,61.3,70.8,58.6,67.9,1010.8,9.7,0,
4/3/2002,63.1,54.2,58.3,39.6,50,1022.6,9.9,0,
4/4/2002,62.7,53.8,57.5,37.1,46.8,1025.5,9.9,0,
4/5/2002,67.1,55.9,61.1,43.3,52.2,1025.2,9.9,0,
4/6/2002,64.2,53.9,57.9,49.1,74.1,1019.7,8.4,0.087,rain
4/7/2002,73.3,59.5,67.4,64.1,89.4,1007.4,8,0.15,rain
4/8/2002,86.1,57.2,70,57.5,70.3,1007,8.6,0.023,rain
4/9/2002,75.6,57,66.2,54.9,67.9,1021,9.9,0,
4/10/2002,76.1,56,65.4,58,78.4,1023.1,7.7,0,
4/11/2002,80.5,61,71,60,70.4,1017.6,8.2,0,
4/12/2002,83,65,73,64.1,75.1,1016.3,9.3,0,
4/13/2002,82.3,60.9,72.2,63,74.5,1016.2,8.9,0,
4/14/2002,80.2,66.6,72.2,63.5,75.3,1013.9,9.7,0,
4/15/2002,84.5,68.9,74.8,65.8,74.9,1011.5,9.7,0,
4/16/2002,84.6,70.3,76.3,69.2,79.8,1013,9.1,0.044,rain
4/17/2002,86.9,71.3,77.7,69.1,76.2,1016.7,9,0,
4/18/2002,85.7,70.7,76.7,68,75.7,1016.7,9.2,0,
4/19/2002,84.6,70.9,75.9,67.5,76.3,1015.4,9.6,0,
4/20/2002,85.2,71,76.9,67,73.2,1012.8,9.8,0,
4/21/2002,82.8,70.7,76,69.1,80,1012.7,9.3,0,
4/22/2002,83.9,66.8,75,67.4,79,1016.7,8.4,0.003,rain
4/23/2002,86.3,70,77.3,67.3,73.2,1015.2,9.6,0,
4/24/2002,89,69.9,78.7,68.1,71.8,1014.1,9.9,0,
4/25/2002,81.3,64.2,73.3,65.6,77.6,1018.7,8.8,0.098,rain
4/26/2002,85.1,68.1,76,67.3,76.3,1015.1,8.4,0.003,rain
4/27/2002,87.5,71.8,78.9,69.1,73.3,1010.4,9.6,0,
4/28/2002,92.5,73.9,81.1,70.7,72.6,1013.9,7.9,0,
4/29/2002,92.7,73,81.5,70.4,71.1,1013.5,7.4,0,
4/30/2002,92.3,70,80.1,68,69.3,1009.4,9.6,0,
5/1/2002,95.1,71.9,82,68.5,67.1,1005.3,9.5,0,
5/2/2002,86.5,71.1,77.4,67.9,73.7,1006.6,7.6,0,
5/3/2002,82.6,66,72.3,62.7,72.3,1011,8.8,0,
5/4/2002,86.4,65.9,76.1,68.2,77.8,1015.6,6.8,0,
5/5/2002,91.1,74,81.2,69.4,70.2,1017.1,9.1,0,
5/6/2002,90.6,74.6,81,68.3,67.8,1015.4,9.3,0,
5/7/2002,89.2,74.9,80.9,69.6,70.2,1012.6,9.2,0,
5/8/2002,90.8,74.9,81.4,69.7,69.8,1009.7,9.2,0,
5/9/2002,91.8,74.2,82.1,71.1,71.3,1012.6,8.4,0,
5/10/2002,91.5,73.4,80.9,68.2,68.8,1015.5,8.8,0,
5/11/2002,91.4,75.7,81.5,67.9,65.9,1014,9.8,0,
5/12/2002,90.1,76.2,81.7,69.1,67.3,1014.6,9.9,0,
5/13/2002,79.7,57,68.4,49.8,56.1,1023.2,9.7,0.078,rain
5/14/2002,79.9,56.4,68.6,47.8,49.2,1021.1,9.9,0,
5/15/2002,86.3,58.2,72.6,56.8,60.1,1016.4,9.9,0,
5/16/2002,92.9,71.4,80.5,68.2,68.7,1012.6,9.7,0,
5/17/2002,89.9,70,77.4,65.4,68.1,1011.9,9.9,0,
5/18/2002,79.7,61,68.8,47.3,49.2,1020.4,9.9,0,
5/19/2002,77.1,53.2,65.5,39.6,42.4,1022.5,9.9,0,
5/20/2002,80.8,53.8,68.1,41.7,41.9,1022,9.9,0,
5/21/2002,84.5,54.9,70.7,54.1,58,1020.3,9.9,0,
5/22/2002,86.3,56.7,73.2,60,66.3,1016.9,9.7,0,
5/23/2002,88.5,69.8,77.6,63.8,65.1,1014,9.8,0,
5/24/2002,82.3,68.9,74.7,65.1,73,1013.8,9.5,0.012,rain
5/25/2002,91.7,69.8,79.7,65.1,64,1014.9,9.9,0,
5/26/2002,92.6,66.5,79.1,65.2,65.8,1015.5,9.7,0.033,rain
5/27/2002,91.1,63.4,79.2,64.4,63.8,1013.3,9.7,0,
5/28/2002,86.8,64.1,75.8,64.1,69.9,1012.4,9.7,1.1,rain
5/29/2002,83.8,69.6,76,67.1,74.7,1011,9.9,0.005,rain
5/30/2002,93.7,65.2,79.5,65.1,66.2,1008.8,9.4,0,
5/31/2002,88.2,68.3,78.3,63.6,62.8,1010.6,9.8,0,
6/1/2002,91,67.3,79.4,63.5,61.3,1012.5,9.8,0,
6/2/2002,90.8,67.8,79.6,65.5,64.5,1011.4,9.8,0,
6/3/2002,93.7,72.4,81.8,67.9,66,1010.4,9.7,0,
6/4/2002,94,75.6,83.2,69.5,65.9,1010.5,9.8,0,
6/5/2002,93.3,73.9,82.9,67.9,63.8,1013.2,9.9,0,
6/6/2002,92.6,74.6,83.2,65.7,56.9,1014.3,9.9,0,
6/7/2002,94.5,74,80.7,69.5,70.3,1013.5,8.9,0.195,rain
6/8/2002,94.7,73.1,82.5,70.5,71.2,1012.7,7.9,0,
6/9/2002,91.1,76,83.2,71.9,70.4,1011.4,9.7,0,
6/10/2002,95.8,77.1,85.1,70.2,63.8,1010.4,9.9,0,
6/11/2002,96.7,75.7,85.4,71,65.2,1011.4,9.7,0,
6/12/2002,94.9,75.7,85,71.5,66.6,1011.8,9.7,0,
6/13/2002,95,71.2,83,69.1,66.4,1011.6,9.6,0,
6/14/2002,95.5,73.6,84.4,67.3,58.8,1014.1,9.9,0,
6/15/2002,88.9,72.8,81.1,61,51.4,1014.6,9.9,0,
6/16/2002,87,66.2,77.5,66.7,71.9,1012.1,9,1.352,rain
6/17/2002,89.6,66.9,78.7,60.9,57.7,1013.3,9.9,0,
6/18/2002,89.1,65.2,76.4,62.8,65.1,1012.1,9.8,0,
6/19/2002,95,71.7,81.2,67.3,65.3,1013.9,8.3,0,
6/20/2002,90.1,74.2,82.2,72,73.2,1019.1,9.2,0.003,rain
6/21/2002,93.8,71,84.2,67.9,61.7,1021.4,9.8,0,
6/22/2002,92.7,73,82.8,64.7,57.9,1020.2,9.7,0,
6/23/2002,93.6,64.1,80.7,60.3,54,1017.2,9.3,0,
6/24/2002,94.7,65.7,81,63.6,60,1015.2,8.2,0,
6/25/2002,95.8,69.4,80,68.7,71.8,1015.1,8.6,0,
6/26/2002,95.3,68.1,80.3,69.3,73.5,1014.4,8.9,0.936,rain
6/27/2002,90.8,68.2,78.4,68.6,74.2,1012.6,9.7,0,
6/28/2002,89.8,71.3,79.3,71.5,78.4,1013.7,9.4,0,
6/29/2002,79.7,73.1,75.6,72.2,89.7,1016.3,9,0.274,rain
6/30/2002,83.6,71.2,74.6,72.1,92.3,1017.7,7.3,2.863,rain
7/1/2002,76.7,72.5,74.7,73.3,95.4,1017.9,7,1.383,rain
7/2/2002,75.8,69.3,73.5,72.2,95.9,1016.2,6.7,2.574,rain
7/3/2002,89.1,73.1,79.9,71.3,77.8,1013.9,8,0.301,rain
7/4/2002,90.7,77.1,82,71.8,72.6,1014.7,9.1,0.064,rain
7/5/2002,87.5,73.1,79.1,72.5,81.1,1016,8.8,0.165,rain
7/6/2002,91.1,72.8,81.4,72.6,76.5,1017.1,8.5,0,
7/7/2002,92.7,74.1,82.7,73,74.7,1017.6,9.2,0,
7/8/2002,95,74.9,84.4,72.6,70,1018.7,7.1,0,
7/9/2002,91.8,73.3,79.9,71.9,78.5,1018.4,8.2,0.317,rain
7/10/2002,88,73.8,78.9,73.1,83.7,1018.5,9.3,0.153,rain
7/11/2002,93.4,72.1,82.7,71.3,71.7,1016.8,9.5,0,
7/12/2002,94.5,73.9,84.2,70.8,65.9,1013.7,9.9,0,
7/13/2002,87.1,74.7,80.1,71,74.2,1012.2,9.9,0.001,rain
7/14/2002,83.8,72.8,76.7,71.2,83.3,1014.8,9.9,0.001,rain
7/15/2002,82.3,70.2,75.6,70.3,84.5,1016.9,9.9,0.027,rain
7/16/2002,81.9,73.2,76,73.2,91.3,1016.8,9,0.202,rain
7/17/2002,80.8,73.9,76.6,73.5,90.4,1019,9.4,0.365,rain
7/18/2002,89.2,74.6,81.6,74,79.4,1017.8,9.1,0.012,rain
7/19/2002,90.8,75.7,82.5,72.6,73.9,1016.4,9.7,0,
7/20/2002,90.8,74.2,82.2,72.3,74,1017.3,9.7,0,
7/21/2002,92.2,74.9,83.4,72.8,72.4,1017.6,9.3,0,
7/22/2002,92.7,75.4,83.4,72.6,72.1,1018,9.9,0,
7/23/2002,93.4,73.4,83.7,71.6,70.1,1020,9.8,0,
7/24/2002,95.6,74.1,84.6,72.1,68.8,1019.4,9.9,0,
7/25/2002,95.6,74.7,84.8,71.2,65.3,1016.7,9.9,0,
7/26/2002,92.2,75.7,83.9,72.3,70,1015.8,9.9,0,
7/27/2002,92.5,75.9,83.5,72.9,72.2,1014.5,9.9,0,
7/28/2002,93.1,77.9,84.5,73.1,70.3,1014.5,9.9,0,
7/29/2002,93.7,79,84.7,73.4,70.5,1015.1,9.8,0,
7/30/2002,93.1,77.9,84.8,72,68,1017.3,9.8,0,
7/31/2002,93.1,76.7,84.3,72.2,69.1,1016.9,9.7,0,
8/1/2002,92.9,73.5,83.1,71.9,71.3,1014.9,9.8,0,
8/2/2002,95,75.2,84.8,71.2,67.2,1015.9,9.7,0,
8/3/2002,96.9,72.3,83.4,69.8,67.7,1016.7,9.6,0.458,rain
8/4/2002,93.8,72.4,82.3,69.7,69.6,1017.1,9.9,0,
8/5/2002,92.5,73.2,82.1,70,68.5,1016.2,9.6,0,
8/6/2002,94.7,72.4,83.8,69.9,66.1,1015.3,9.2,0,
8/7/2002,97.5,73.5,85.8,70.4,62.8,1015.1,9.6,0.039,rain
8/8/2002,91,74.8,81.3,73.7,78.5,1016.5,7,0.242,rain
8/9/2002,92.1,74.6,83.1,72.9,73.5,1015.9,8.6,0,
8/10/2002,90.4,75.3,79.9,75.2,86.3,1016,8.9,1.722,rain
8/11/2002,91.3,71.8,81.8,73.4,78.1,1015.7,8.2,0.012,rain
8/12/2002,93.4,74.5,83.8,74,74.6,1013.8,9.8,0,
8/13/2002,94.3,76.6,83.7,73.9,74.8,1013.4,9.9,0,
8/14/2002,92.7,76.5,82.6,72.5,73.6,1012.8,9.9,0,
8/15/2002,91.7,75.4,81.1,72.5,76,1012.8,9.9,0,
8/16/2002,94.1,74.6,83.2,71.3,69.8,1016.8,9.7,0,
8/17/2002,93.9,78.3,85,72.9,69.2,1016.9,9.9,0,
8/18/2002,93.8,75.7,84.7,72.5,69.3,1015.6,9.9,0,
8/19/2002,95.2,76.7,85.1,71,65.7,1014.1,9.9,0,
8/20/2002,94.8,76.8,85.2,71.8,67.1,1014.8,9.9,0,
8/21/2002,95.9,76.6,85.1,71.9,67.4,1015.8,9.9,0,
8/22/2002,96.1,76.3,84.9,72.2,68.5,1017.6,9.7,0,
8/23/2002,95.9,75.3,85.2,70.8,65.7,1017.1,9.9,0,
8/24/2002,95.3,75,85.2,70.7,64.7,1015.6,9.9,0,
8/25/2002,98,74.9,86.6,70,61.5,1015.5,9.9,0,
8/26/2002,100.3,75.2,88,66.5,52.8,1013.9,9.9,0,
8/27/2002,98.6,75.3,86.6,68.9,57.9,1013.1,9.9,0,
8/28/2002,95.9,75.2,84.5,71.5,67.7,1015.7,9.9,0,
8/29/2002,93,76.6,84.1,67.7,60.6,1015.3,9.7,0.004,rain
8/30/2002,93.7,72.3,82.4,61.6,52.2,1015.8,8.7,0.001,rain
8/31/2002,95.3,71.7,84.1,66.7,58.9,1017.9,8.2,0.012,rain
9/1/2002,95.2,74.4,85,67.6,59.1,1017.1,8.7,0,
9/2/2002,94.4,73.7,84.5,68.5,61.4,1014.5,9.8,0,
9/3/2002,96.1,74.8,84.8,68.8,61.6,1014.6,9.9,0,
9/4/2002,94.7,75,83.8,69.3,64.2,1016.3,9.9,0,
9/5/2002,95,74.2,83.8,66.8,59.6,1014.9,9.9,0,
9/6/2002,96.3,69.2,81.5,66.6,63.5,1011.7,9.3,0.032,rain
9/7/2002,83,71.9,76.4,72.1,87,1009.1,7.5,1.935,rain
9/8/2002,82.4,74.7,77.2,73.5,88.7,1012.1,9.1,0.96,rain
9/9/2002,84.2,74.9,78.2,72.8,84,1013.5,9.8,0.068,rain
9/10/2002,91.3,73.1,80.9,68.8,69.5,1013.7,9.5,0,
9/11/2002,92,73.3,81.9,65.3,59.1,1013.9,9.2,0,
9/12/2002,91.7,71.9,80.4,66.5,65.3,1013.3,5.8,0,
9/13/2002,92,69.5,80.6,66.8,66,1011.4,4.7,0,
9/14/2002,92,70.9,80.9,64,59.1,1011.9,6,0,
9/15/2002,77.9,71.8,74.7,66.9,77,1017.3,7.3,0.022,rain
9/16/2002,75.8,70.2,73,69.2,88.3,1017.8,5.7,0.025,rain
9/17/2002,86,72.1,77.8,70.9,80.2,1013.8,8,0,
9/18/2002,89.9,75.9,81.5,73,76.7,1008.7,9.9,0,
9/19/2002,79.8,73.2,76.6,71.5,84.9,1006.7,9.5,0.301,rain
9/20/2002,86.1,60.4,72.5,54,55.6,1010.6,9.9,0,
9/21/2002,88.9,59,73.9,55.6,57.3,1011.8,9.8,0,
9/22/2002,88.2,60.9,75.2,57,55.5,1015.4,9.9,0,
9/23/2002,86.3,65.9,75.7,55.1,50.4,1017.5,9.9,0,
9/24/2002,84.1,61.6,73,48.1,42.6,1017.3,9.9,0,
9/25/2002,86.8,68.1,76.7,58.6,54.2,1013.2,9.9,0,
9/26/2002,89.2,69,77.9,58.5,53.3,1008,9.9,0,
9/27/2002,93.7,58.6,76.8,57.8,57.1,1010.2,9.7,0,
9/28/2002,91.1,60.9,77.3,59.7,57.9,1014.4,9.7,0,
9/29/2002,88.9,65.8,76.8,63.6,66.3,1016.4,9.7,0,
9/30/2002,88.9,68.2,77.1,66.1,71.6,1015.5,8.4,0,
10/1/2002,89,72.5,80.4,71.9,76.8,1014.3,9.8,0.031,rain
10/2/2002,92,74.9,81.6,70.6,71.7,1013,9.5,0,
10/3/2002,91.9,71,80.7,68.7,70.1,1009.1,9.4,0,
10/4/2002,91.3,71.5,81.9,68.1,66.3,1011.7,9.6,0,
10/5/2002,90.1,71.8,79.6,55.3,44.8,1017.6,9.9,0,
10/6/2002,91.8,72.4,80.8,69.9,72.3,1016.9,9.6,0,
10/7/2002,86,69.2,76.6,68.5,77.4,1017.4,9.7,0.098,rain
10/8/2002,78.5,70.3,72.8,70.5,92.5,1014.2,7.1,0.563,rain
10/9/2002,80.8,67.1,72.5,66.2,81.8,1013.6,8.9,0.756,rain
10/10/2002,73.5,64.7,68.3,60.4,76.5,1016.8,9.8,0,
10/11/2002,80.8,57.5,69,60.9,77.4,1017.7,9.8,0,
10/12/2002,86.6,64.1,74.1,65.9,77.5,1017.7,7.9,0,
10/13/2002,74.5,60.3,64.6,53.5,67.6,1025.6,9.8,0.023,rain
10/14/2002,61,53.7,58.4,50.3,75.2,1021.4,9.3,0.122,rain
10/15/2002,72.1,54,61.7,49.4,66.3,1017.4,9.9,0,
10/16/2002,75.7,47.6,60.8,43.6,57.8,1016.1,9.9,0,
10/17/2002,78.4,48.8,63.9,51.5,66.7,1016.9,9.9,0,
10/18/2002,76.3,60.2,69.1,63.4,82.6,1013.9,9.5,0.078,rain
10/19/2002,74.3,61.9,66.8,64.1,91.3,1013.1,8.3,2.176,rain
10/20/2002,74.5,60.6,66,61.3,85.6,1015.6,8.6,0,
10/21/2002,68.2,59.6,63.1,60.7,91.8,1016,8.2,0.268,rain
10/22/2002,69.4,63.8,66.5,63.7,90.7,1017.1,8.8,0.872,rain
10/23/2002,71.7,63,66.9,63.8,89.8,1017.5,9,0.187,rain
10/24/2002,70.9,63,66.6,64.7,93.8,1015.6,6.2,1.511,rain
10/25/2002,66.2,53.9,58.7,57.4,95.2,1014.7,6.3,0.303,rain
10/26/2002,57.8,54.7,56.8,55.4,95.1,1016,4.3,0.406,rain
10/27/2002,69.1,57.8,63.6,62.1,94.8,1013.2,5,0.057,rain
10/28/2002,68.5,64,66.1,65,96.2,1010.5,4.3,0.045,rain
10/29/2002,74.2,52.9,62.8,55.6,78.9,1010.3,9.9,0,
10/30/2002,78.9,50.6,63.2,54.9,76.1,1015.8,9.9,0.009,rain
10/31/2002,60.4,51.4,55.9,48.1,75.2,1022.6,9.9,0,
11/1/2002,61.2,50.3,56.2,50.2,80.7,1024.4,8.3,0,
11/2/2002,55.2,51.9,52.9,49.6,88.7,1021.1,6.4,0.588,rain
11/3/2002,57.8,53,55.3,53.4,93.6,1017.6,7,0.115,rain
11/4/2002,53.8,48.1,50.6,49.1,94.3,1016.4,5.3,1.711,rain
11/5/2002,74.9,47,57.9,44.7,65.9,1014.2,9.8,0,
11/6/2002,70.7,45.4,55.2,37.8,57.1,1026.1,9.9,0,
11/7/2002,71.4,39.8,54.7,40.4,63.3,1024.7,9.9,0,
11/8/2002,75.1,45.2,60.4,48.5,67.8,1016.1,9.9,0,
11/9/2002,81.9,59.6,69.3,62.2,80.1,1008.1,8.7,0,
11/10/2002,87.8,58.2,70.1,59,71.7,1006.2,9,0,
11/11/2002,70.3,55.6,61.9,45.9,58,1013.3,9.9,0,
11/12/2002,67.8,46.3,56.6,39.9,56.5,1027,9.9,0,
11/13/2002,68.6,37.5,54.9,39.6,60.6,1026.4,9.9,0,
11/14/2002,75.1,45.4,60.6,50,69.8,1014.5,9.8,0,
11/15/2002,64.9,50.1,57.5,40.8,54.9,1016.3,9.9,0,
11/16/2002,62.8,43.6,52.8,37,56.9,1025.1,9.9,0,
11/17/2002,69.6,41.3,54.4,38.5,59,1022.1,9.9,0,
11/18/2002,74.2,49.5,60.7,46.8,62.3,1019.7,9.9,0,
11/19/2002,71.6,46.5,58.1,37.2,48,1024,9.9,0,
11/20/2002,74,44.6,57.5,38.6,54.1,1021.3,9.9,0,
11/21/2002,74,47.5,59.2,38.5,48.6,1021.9,9.9,0,
11/22/2002,69.6,44.9,57,35.9,48.7,1023.3,9.9,0,
11/23/2002,72.8,41.3,55.9,37.6,54.6,1021.5,9.9,0,
11/24/2002,74,48.5,60.1,52.4,77.8,1017.2,7.2,0,
11/25/2002,59.1,47.9,53.7,41.1,63.4,1021.1,9.9,0,
11/26/2002,46.4,39,42.1,35.5,77.8,1025.8,8.8,0.932,rain
11/27/2002,47.9,39.7,43.2,26.1,51.1,1029.4,9.9,0.075,rain
11/28/2002,59.9,34.7,45.3,30.8,60.8,1029.8,9.8,0,
11/29/2002,62.7,35.5,50.5,36.1,61.7,1023,9.9,0,
11/30/2002,66.8,49.1,56.3,37.9,54.2,1021.1,9.9,0,
12/1/2002,59.8,38.3,48.9,28,45.9,1024.8,9.9,0,
12/2/2002,72.6,44.5,58.5,49.8,73.3,1018.1,9.9,0,
12/3/2002,72.1,62.7,66.2,63.9,92.5,1014.7,6.2,0.33,rain
12/4/2002,57.7,38.9,43.5,38.3,82,1020.4,9.5,0.34,rain
12/5/2002,50,37.3,41.2,31.8,69.7,1028.3,9.9,0,
12/6/2002,54.6,32.9,42.5,31.8,67.2,1029.8,9.9,0,
12/7/2002,56,31.2,47.1,38.8,73.9,1025.1,9.7,0,
12/8/2002,56.3,49.2,54.4,52,91.9,1022,4.9,0.426,rain
12/9/2002,48.1,44.8,46.2,44.2,92.7,1023.3,5.8,1.244,rain
12/10/2002,52.7,44.9,48.3,43.8,84.8,1021,9.2,0,
12/11/2002,53.7,34.7,44.9,41.1,87.3,1018.4,6,0,
12/12/2002,61.7,47.6,52.7,48.3,86,1015.2,6.1,0.41,rain
12/13/2002,62,41.9,50,34.3,58,1018.7,9.9,0.313,rain
12/14/2002,65.7,33.9,49.4,36,64.1,1021.4,9.9,0,
12/15/2002,71,42,55.3,47.7,76.8,1017.9,9.7,0,
12/16/2002,72.4,54.4,63.7,58.2,83.3,1013.4,8.5,0,
12/17/2002,76.3,59.4,66,59.4,81,1008.2,8.2,0,
12/18/2002,73.4,61.2,67.5,58.4,74,1005.6,8.5,0,
12/19/2002,64.1,46.5,58.8,32.6,37.8,1014.7,9.9,0,
12/20/2002,66.6,37.1,50.3,30.1,51.6,1022.3,9.9,0,
12/21/2002,71.6,40.9,54.9,41.4,61.8,1015.2,9.8,0,
12/22/2002,60.6,41.4,51.6,36,56.9,1017.3,9.5,0.169,rain
12/23/2002,74.9,46.1,60.3,56.7,88.5,1008.8,7.2,1.465,rain
12/24/2002,47,39.2,42.7,33.1,69.7,1017.2,9.9,0.012,rain
12/25/2002,49.7,29,40,30.3,69.3,1024.5,9.9,0,
12/26/2002,53,37.9,44,34.7,70.6,1026,9.9,0,
12/27/2002,65,35.4,48,37.5,71.5,1027.7,8.5,0,
12/28/2002,67.8,33.5,50.1,39.1,69.4,1026.9,9.8,0,
12/29/2002,66.8,45.4,56.5,54.4,92.8,1017.5,5.1,0.03,rain
12/30/2002,72.2,54.5,64.9,58.9,81,1007.9,9.5,0.378,rain
12/31/2002,64.1,41.3,53.2,33.7,50.9,1014,9.9,0.064,rain
1/1/2003,71.2,36.8,52.9,34.8,54.9,1011.2,9.7,0,
1/2/2003,56.9,39,46.6,27.8,49.3,1023.3,9.9,0,
1/3/2003,67.5,36.5,49.6,33.6,58.3,1024.4,9.9,0,
1/4/2003,67.3,42.1,52.8,35.2,52.9,1020.8,9.9,0,
1/5/2003,71.6,40.5,54.2,43.5,69.5,1019.1,9.9,0,
1/6/2003,64.1,48.6,55,44.7,71.2,1027,8.6,0,
1/7/2003,59.9,37.2,47.7,33.4,59.4,1032.4,9.6,0,
1/8/2003,72.6,40.2,56.2,43,63.8,1022.3,9.9,0,
1/9/2003,80.8,53.2,63.2,45.9,57.2,1012.9,9.9,0,
1/10/2003,55.1,41.9,48.8,22,34.9,1023.8,9.9,0,
1/11/2003,46.4,39.1,41.7,31.8,71.3,1026.6,8.2,0.572,rain
1/12/2003,39.7,38,38.8,37.3,94.3,1028,5.7,0.901,rain
1/13/2003,46.3,37.9,42.5,38.4,85.7,1028.8,9.4,0,
1/14/2003,53,38.5,45.9,41.4,84.5,1028.1,9.1,0,
1/15/2003,52.3,36.8,44.4,41.9,91.5,1025,4.2,0,
1/16/2003,54.2,37.8,48.1,29.8,54.3,1028.8,9.2,0,
1/17/2003,44.4,29.4,36,19.6,51.7,1033.5,9.9,0,
1/18/2003,57.6,22.8,40,23.1,55.1,1028.8,9.9,0,
1/19/2003,63.8,29.6,47.6,35.3,64.3,1025.8,9.9,0,
1/20/2003,74.2,55.4,63.3,55,75.7,1019.2,9.5,0,
1/21/2003,79.8,52,63.7,54,73.5,1014.3,7.4,0,
1/22/2003,55,42.2,46.9,35.8,65.4,1022.1,9.4,0,
1/23/2003,41.9,29.2,36.4,16.4,44.1,1034.1,9.9,0,
1/24/2003,46.3,25.6,36.1,17.9,47.7,1032,9.9,0,
1/25/2003,42.3,38.2,40.5,35.3,82.6,1025.5,5.2,0.039,rain
1/26/2003,46.1,38.6,41.8,39.3,90.7,1027.9,4.7,0.136,rain
1/27/2003,61.5,41.1,49.7,41.5,75,1028.6,4.6,0.003,rain
1/28/2003,66.4,46.5,56.7,52.5,86.6,1019.4,6,0,
1/29/2003,62,48.1,56.4,48.7,76.2,1021,8.6,0,
1/30/2003,55.1,45.8,49.2,42.1,76.6,1023.4,7.4,0,
1/31/2003,70.6,44.9,53.5,44.7,75.3,1021.1,6.7,0,
2/1/2003,71.5,42.5,55.6,43.8,67.7,1020.4,9.4,0,
2/2/2003,71.2,52.7,62.4,57.6,85.2,1011.9,6.5,0,
2/3/2003,74.1,50,63.9,49.4,63.8,1010.9,9.7,0,
2/4/2003,58.5,35.9,47.5,28.1,48.6,1021.9,9.9,0,
2/5/2003,52.1,44.7,47.9,40.4,76.6,1017,6.6,0.095,rain
2/6/2003,53.6,42.2,45.3,41.8,87.7,1016.4,7.1,0.218,rain
2/7/2003,42.3,35.9,38.2,28.9,69,1028.9,9.9,0,
2/8/2003,39.8,33.1,36.8,33.3,87.6,1025.5,4.8,0.07,rain
2/9/2003,69.4,39.7,51.2,41.4,73.9,1016.3,7.2,0.027,rain
2/10/2003,61.5,42.4,51.7,35.3,56.3,1020.3,9.5,0,
2/11/2003,68.9,42.5,53.9,44.8,72.4,1019.3,9.4,0,
2/12/2003,66.5,53.2,61.2,57.8,88.7,1021.5,7,0,
2/13/2003,68.1,62.9,65.4,64.3,96.3,1018.3,4.7,0.075,rain
2/14/2003,73.5,66.3,68.3,65.4,90.8,1009.4,7.8,0.047,rain
2/15/2003,67.8,47,60.2,53,77.9,1010.9,9.5,0.007,rain
2/16/2003,53,37.9,42.8,30.3,61.6,1022.3,9.9,0,
2/17/2003,65,30.7,47.8,36.2,67.8,1021,9.4,0,
2/18/2003,69.1,46.8,57.5,51.7,81.6,1017.4,9.1,0,
2/19/2003,66.5,53.6,61.1,55.7,82.7,1018.1,8.6,0.003,rain
2/20/2003,52,47.9,50.5,47.9,91,1015.7,5.6,2.965,rain
2/21/2003,54.2,50.1,51.9,50,93.4,1003.7,6.6,0.46,rain
2/22/2003,69.2,50,56.8,43.5,64,1007.3,9.9,0.003,rain
2/23/2003,75.8,43.9,57.7,40.4,57.8,1011.2,9.9,0,
2/24/2003,41,26.8,33.6,27.2,78,1023.8,6.9,0.311,rain
2/25/2003,29,24.4,27,24.4,89.6,1024.1,6.2,0.076,rain
2/26/2003,36.9,28.9,32.9,30.9,92.3,1015.1,7,0.013,rain
2/27/2003,54.2,35.2,41.9,37.4,84.8,1014.8,7.8,0,
2/28/2003,51.3,36.2,45.9,42.1,87.1,1015.6,6.3,0,
3/1/2003,51.1,46.3,48.8,46.6,92.3,1013.8,3.8,0.012,rain
3/2/2003,51.3,48.7,49.9,47.9,92.9,1016.3,3.7,0.077,rain
3/3/2003,57.2,44,49.4,45.2,85.9,1014.3,7.9,0.24,rain
3/4/2003,62.7,43.6,52.4,48.7,88,1009.1,8.3,0,
3/5/2003,57.2,42,50.3,45.4,83.7,1009.2,6.5,0,
3/6/2003,67.9,37.1,50,35.7,60.6,1013.5,9.8,0,
3/7/2003,80.4,40.2,60,41.5,57.8,1014.7,9.7,0,
3/8/2003,65.3,50.1,57.4,50.9,79.6,1014,8.3,0,
3/9/2003,70.6,49.8,59.7,53.5,81,1018.2,6.5,0,
3/10/2003,73.5,47.3,59.9,48.2,66.3,1018.3,7.2,0,
3/11/2003,68,54.4,62.1,58,86.7,1014.9,5.5,0,
3/12/2003,73.4,64.9,67.5,65.8,94.1,1012.8,3.7,0.03,rain
3/13/2003,83.9,64.9,72.2,63.9,77.9,1015.5,6.8,0.03,rain
3/14/2003,79.3,50.7,66.9,54.1,66.6,1016.2,7.7,0,
3/15/2003,73.3,55.1,64.4,57.3,78.9,1011.5,7.8,0,
3/16/2003,77.8,60.5,67.8,58.8,74.5,1006.5,9.7,0,
3/17/2003,68.4,58,64.6,60.4,86.8,1001.3,8.6,0,
3/18/2003,69.9,53.3,61.7,54,78.2,998.2,8.6,0.089,rain
3/19/2003,75.4,50.4,64.2,35,36.1,1001,9.9,0,
3/20/2003,62.8,50.3,58.7,43.7,58.2,1009.7,9.9,0,
3/21/2003,71.8,43.6,57.8,43.5,62.6,1014.7,9.8,0,
3/22/2003,62.4,48.6,54.7,47.7,77.8,1019.1,8.8,0.07,rain
3/23/2003,75.5,39.7,59.4,48.5,71.3,1018.6,7.4,0,
3/24/2003,77.1,50,64.4,54,71,1014.4,9.5,0,
3/25/2003,72.9,61.5,66.8,63.5,89.3,1011.9,6.7,0.147,rain
3/26/2003,76.3,54,63.8,44.5,52.9,1015.4,9.9,0,
3/27/2003,80.7,50.8,65.2,53.6,70.2,1006.5,8,0,
3/28/2003,64.5,51.4,58.3,42.8,58.2,1013,9.8,0,
3/29/2003,57.8,40.5,51,25.5,37.8,1027.7,9.9,0,
3/30/2003,68.6,36.4,51.8,26.7,41.8,1030.2,9.9,0,
3/31/2003,74.7,41.3,59,32.6,40.9,1026.4,9.9,0,
4/1/2003,77.9,50.4,63.3,48.3,60.5,1021.7,9.9,0,
4/2/2003,78.8,54.6,65.8,56.3,73.8,1017.9,9.4,0,
4/3/2003,80.4,65.7,70.7,62.4,76.2,1012.9,9.8,0,
4/4/2003,83.7,66.7,73.2,63.2,72.6,1009.1,9.3,0,
4/5/2003,83,66.2,73.4,64.7,76.3,1010.4,7.4,0.009,rain
4/6/2003,86.5,68.7,74.5,62.8,72.2,1007.2,9.1,0.036,rain
4/7/2003,81.8,53.1,69.8,59.4,72.1,1011.9,7.4,0,
4/8/2003,66.1,52.9,59.5,32.6,36.9,1024.5,9.9,0,
4/9/2003,71,39,54.8,27.2,39.8,1026.5,9.9,0,
4/10/2003,74.7,39,58.6,35.3,46.6,1021,9.9,0,
4/11/2003,77.9,51.6,64.5,43.6,48,1015.6,9.9,0,
4/12/2003,80.9,51.4,66.8,52.8,63.8,1017.3,9.7,0,
4/13/2003,81.2,60.1,69.7,54.4,61.7,1019.6,9.7,0,
4/14/2003,82.8,60.9,70.9,58.2,66.8,1019.8,9.6,0,
4/15/2003,80.2,65.2,71.5,60.9,70.4,1015.2,9.9,0,
4/16/2003,89.9,65.7,74.9,52.3,57.8,1010.6,8.2,0.009,rain
4/17/2003,83,60.1,71.2,60.7,71.1,1013.5,8.2,0,
4/18/2003,81.2,66,73.3,63.5,72.3,1009.8,8.8,0,
4/19/2003,74.7,69.1,71.2,66.6,85.7,1010.1,7,0.021,rain
4/20/2003,76.3,61.1,70.2,55.1,62.5,1016.7,8.3,0,
4/21/2003,81.7,61,70.3,45.5,42.8,1018.5,9.9,0,
4/22/2003,66.1,61.3,64.3,56.3,76,1014.6,8.7,0.041,rain
4/23/2003,78.3,64.2,72,65.5,80.5,1008.7,8.5,0,
4/24/2003,93.8,70.8,80.3,51.3,49.9,1004.9,8.2,0,
4/25/2003,87.5,60.6,73,44.6,37.5,1007,9.9,0,
4/26/2003,88,54.2,72.5,52.6,52.7,1010.4,9.9,0,
4/27/2003,87.2,61.1,74.1,57.5,60.4,1012,9.6,0,
4/28/2003,84.6,65.4,74.1,62.2,68.6,1012.9,9.3,0,
4/29/2003,81.6,65.1,72.8,65.9,79.8,1012.1,8.7,0,
4/30/2003,84.4,68.1,75.5,68.2,79.1,1009.6,8.4,0.021,rain
5/1/2003,87.8,71.8,79.3,68.6,71.1,1009.6,9.2,0,
5/2/2003,87.6,71.9,79.3,69.3,72.9,1012.1,8.3,0,
5/3/2003,80.6,71.7,76.1,69.9,81.4,1012.8,6.2,0,
5/4/2003,89.9,73.9,80.1,71.5,76.1,1006.5,6.8,0,
5/5/2003,88.5,75.6,81.2,73.3,77.6,1003.2,5.8,0,
5/6/2003,82.2,76.2,78.6,73.2,83.6,1005.6,6.2,0.067,rain
5/7/2003,90.2,75.7,80.8,73.3,79.5,1008.2,5.8,0,
5/8/2003,92.7,76.6,82.8,71.7,70.6,1007.3,6.5,0,
5/9/2003,91.1,75.6,81.5,70.7,70.8,1008.5,6.5,0,
5/10/2003,87.5,75.6,82.2,71.7,71.1,1007.2,5.7,0,
5/11/2003,83.4,71,77.5,59.7,59.1,1014.5,7.8,0.019,rain
5/12/2003,74,62.4,69.3,57.9,69,1019.4,9.4,0.437,rain
5/13/2003,90.4,67.6,77.9,67.1,72,1015.1,8.2,0,
5/14/2003,95.3,71.7,82.3,69.2,67.4,1009.3,9,0,
5/15/2003,95,73.5,82,70.8,70.7,1008.3,9.1,0,
5/16/2003,97.6,75.6,85,69.5,62.4,1006,8.2,0,
5/17/2003,93.3,68.6,80.8,56.4,45.6,1012.5,9.9,0,
5/18/2003,93.6,65.2,78.7,62.5,60.6,1012.2,9.4,0,
5/19/2003,95.9,71.7,82.8,68.2,64.5,1010.8,7.6,0,
5/20/2003,81.4,64.8,75.6,65.9,72.8,1018.9,9,0,
5/21/2003,78.5,62.6,67.9,58.9,73.7,1020.7,9.6,0.015,rain
5/22/2003,83.4,64.8,73.6,62.6,70.4,1019.3,8.6,0,
5/23/2003,89.6,65.9,78.9,63.5,61.2,1017.3,9.3,0,
5/24/2003,92.7,69.9,81.7,65.4,60.9,1013.5,9.3,0,
5/25/2003,89.4,69.9,78.9,65.6,66.4,1011.6,9.2,0,
5/26/2003,83.5,66.2,75.1,65.5,73.1,1014.5,9.7,0.583,rain
5/27/2003,84.1,68.9,74.8,63.4,69.8,1019.6,8.4,0,
5/28/2003,87.8,60.6,75.4,53.7,49.7,1021.6,9.8,0,
5/29/2003,96,59.5,78.5,56.2,50.9,1015.8,9.8,0,
5/30/2003,99.8,71.7,85.6,59.5,44.3,1010,9.8,0,
5/31/2003,97.7,71.4,85.2,59.7,44,1009.5,9.9,0,
6/1/2003,94.1,71.1,83.1,65.5,58.9,1010.3,9.2,0,
6/2/2003,92.6,71.9,80.8,69.3,69.7,1008.7,9.8,0.003,rain
6/3/2003,92,69.2,81.7,69.2,67.5,1007.6,9.9,0,
6/4/2003,90.3,67.2,79.7,67.5,68.9,1008.8,9.1,2.04,rain
6/5/2003,82.8,67.2,75.6,68.9,80.6,1009.8,9.1,0.846,rain
6/6/2003,84.4,68.3,75.2,64.4,71.7,1010.4,9.6,0.081,rain
6/7/2003,88.1,64.1,76.8,61.9,63,1010.7,9.8,0,
6/8/2003,87.9,69.2,77.2,62.3,62.1,1013.4,9.8,0,
6/9/2003,92.8,69,80.7,67.6,66.6,1013.4,9.7,0,
6/10/2003,88.1,71.9,80,69.1,70.7,1012.1,9.9,0.016,rain
6/11/2003,94.1,77.1,84.6,73.4,70.5,1009.2,9.9,0,
6/12/2003,95,71.4,83.6,72.5,71.6,1007.4,9.4,0.021,rain
6/13/2003,91.3,68,78.8,71.4,79.3,1009.6,9.4,1.468,rain
6/14/2003,90.6,65.6,77.8,66.8,71.4,1012.4,9.9,0.062,rain
6/15/2003,83.9,69.6,77,67.5,73.6,1014.2,9.9,0.09,rain
6/16/2003,88.7,69.5,79,66,67.1,1014.6,9.8,0,
6/17/2003,89.5,70.3,79.5,67,68.2,1013.7,9.5,0.001,rain
6/18/2003,90.8,70.2,80.6,65.9,63.4,1012.1,9.6,0,
6/19/2003,92.6,70,81.8,65.6,61.2,1011.6,9.2,0,
6/20/2003,94.5,70.3,83,65.7,58.6,1011.5,9.5,0,
6/21/2003,93.6,74.1,84.1,70.6,66,1011.1,9.4,0,
6/22/2003,95.6,76.7,85.8,71.5,65,1009.9,9.8,0,
6/23/2003,94.6,78.8,86.5,73.4,67.2,1010.1,9.9,0,
6/24/2003,95.3,78.3,86.1,74.1,69.3,1012.1,9.8,0,
6/25/2003,96.6,77.7,86.9,72.7,64.9,1013.9,9.9,0,
6/26/2003,92.9,76.2,82.9,71.4,69.9,1015.6,9.7,0.014,rain
6/27/2003,89.5,73.9,81.5,67.5,64,1016.3,9.9,0,
6/28/2003,94.3,74.7,83.6,68.4,62.3,1014.2,9.7,0,
6/29/2003,92.7,75.8,83.7,68.8,63.5,1015.7,9.4,0,
6/30/2003,93.5,70.7,82.9,67.2,60.9,1015.5,9.8,0,
7/1/2003,96,73.5,84.1,69.3,64,1014.2,9.9,0,
7/2/2003,93.1,73.6,82.5,68.6,65.1,1012.2,9.9,0,
7/3/2003,92.8,74.6,81.8,69.4,67.2,1011.7,9.9,0,
7/4/2003,84.2,73.9,77.3,71.2,81.9,1013.7,9.5,0.275,rain
7/5/2003,83.2,69.7,77.1,71.2,82.4,1015,9.5,0.105,rain
7/6/2003,91.7,75.4,81.8,72.1,74.3,1015,9.1,0.013,rain
7/7/2003,88.7,70.7,78.8,71.8,80,1016.8,9,0.063,rain
7/8/2003,90.5,73.7,77.3,72.7,86.8,1018.7,9.2,0.725,rain
7/9/2003,90.3,74.2,80.8,73,78.7,1017.7,9.5,0.002,rain
7/10/2003,93.1,74.5,83.7,72,70.1,1016.1,9.8,0,
7/11/2003,95.7,77.5,84.9,72.3,68.2,1016.8,9.7,0,
7/12/2003,96,74,84.2,70.1,65.6,1017.4,9.8,0,
7/13/2003,96,71.4,84.1,68.6,62.6,1016.7,9.9,0,
7/14/2003,95.6,74.2,85.8,69.5,61.2,1015.2,9.8,0,
7/15/2003,86.5,74.4,81.2,67.6,63.6,1014.4,9.9,0.002,rain
7/16/2003,85.2,73.3,79.4,72.7,80.4,1018.4,9.6,0.453,rain
7/17/2003,93.3,73.4,82,72,74.5,1021.7,9.4,0.009,rain
7/18/2003,95.4,73.4,84.3,69.6,64.5,1019.6,9.7,0,
7/19/2003,94.1,75.6,84.4,69.5,62.8,1018.4,9.8,0,
7/20/2003,94.3,74.2,83.9,69.2,64.1,1017.6,9.9,0,
7/21/2003,96.9,75.2,85.6,69.3,61.8,1015.1,9.9,0,
7/22/2003,97.2,77.1,86.4,71,62.9,1014.4,9.9,0,
7/23/2003,87.4,77.3,80.6,72.2,76.1,1015.7,9.8,0,
7/24/2003,95.8,75.6,83.9,71.4,69.1,1016.3,9.3,0,
7/25/2003,96.2,72.6,83.8,68,62.5,1017.3,9.9,0,
7/26/2003,95.5,76.7,84.6,70.3,65.4,1019.7,9.8,0,
7/27/2003,95.3,75.4,82.3,70.7,70.3,1020.9,9.7,0.001,rain
7/28/2003,93.3,72.9,82.5,69.6,67.9,1018.5,9.7,0.002,rain
7/29/2003,96.5,72,84.1,68,62.1,1015.8,9.8,0,
7/30/2003,99.1,75.1,86.7,69.4,60,1016,9.9,0,
7/31/2003,97.9,76.2,86.6,67.8,57.2,1017.2,9.8,0,
8/1/2003,98.4,74.5,86.5,68.3,58.6,1016.5,9.7,0,
8/2/2003,98.8,75.8,86.7,69.9,61.1,1014.6,9.9,0,
8/3/2003,97.5,76.6,85.5,70,62.4,1014.5,9.7,0,
8/4/2003,99.6,75.3,86.1,68.1,59.3,1014.2,9.8,0,
8/5/2003,100,74.6,86.4,67.8,58.3,1014.1,9.9,0,
8/6/2003,101.1,73.8,87.6,68,56.7,1014.4,9.8,0,
8/7/2003,106.2,77,91.3,65.8,48.1,1013.3,9.9,0,
8/8/2003,108.5,78.7,89.8,66.2,49,1012.7,9.9,0.033,rain
8/9/2003,96.8,73.3,84.1,69,63.1,1013.8,9.9,0,
8/10/2003,98,75.9,85.5,70.3,63.5,1015.9,9.2,0.179,rain
8/11/2003,95.5,71,82.3,69.8,68.7,1014.4,9.7,0.454,rain
8/12/2003,91,70,78.8,65.2,67.1,1014.7,8.9,0.009,rain
8/13/2003,87.1,68,75.3,63.5,68.9,1018.1,8.3,1.618,rain
8/14/2003,81.8,68.1,74.4,68.3,82.2,1022.8,6.6,0.117,rain
8/15/2003,94.6,69.6,82.1,67,64.2,1023.5,9.9,0,
8/16/2003,95.1,79.6,85.9,69.1,58.5,1018.4,9.9,0,
8/17/2003,96.6,73.4,84.8,69.4,63.6,1015.9,9.8,0,
8/18/2003,98,74.5,86.4,69.4,59.4,1015.8,9.9,0,
8/19/2003,95.9,74.2,85.5,69.1,60.3,1017.1,9.9,0,
8/20/2003,95.9,75.3,85.4,69.9,62.7,1017,9.9,0,
8/21/2003,95.5,74.9,84.8,70.5,65,1016.5,9.9,0,
8/22/2003,92.9,71.7,81.8,66.5,61.5,1015.8,9.9,0,
8/23/2003,91,74.2,81.5,68.3,65.9,1016.4,9.9,0.007,rain
8/24/2003,96.5,73,83.9,67.4,61.1,1017.4,9.9,0,
8/25/2003,96.9,74.5,85.4,68.6,59.7,1016.8,9.9,0,
8/26/2003,97.6,74.8,85.7,68.5,59.7,1016.1,9.9,0,
8/27/2003,98.8,74.9,86.8,68.7,57.9,1015,9.9,0,
8/28/2003,96.2,76.3,86,70.1,62.2,1014.8,9.9,0,
8/29/2003,96.8,77,86.7,70.3,61.5,1014.3,9.9,0,
8/30/2003,96.2,77,85.6,71.5,65.4,1014.2,9.9,0,
8/31/2003,85.6,75.3,79.5,71.7,77.7,1013,9.6,0.203,rain
9/1/2003,83.3,73.9,77.5,71.2,81.8,1015.3,9.5,0.194,rain
9/2/2003,86,73.5,79.6,67.8,68.4,1016.7,9.9,0,
9/3/2003,90.5,76.5,81.6,69.2,67.9,1016.5,9.9,0.004,rain
9/4/2003,93.4,74.1,83.6,66.9,61.1,1016.4,9.8,0,
9/5/2003,89.8,74.9,82.3,66,59.8,1016.1,9.9,0,
9/6/2003,94.3,70.8,80.9,61.3,54.8,1016.3,9.8,0,
9/7/2003,92.7,63.6,78.7,58.2,52.6,1015.4,9.8,0,
9/8/2003,89.7,68.7,78.6,61.6,57.8,1014.5,9.9,0,
9/9/2003,93.5,67.9,81.3,64.5,59.4,1014.5,9.2,0,
9/10/2003,95.5,78.3,84.3,72.6,69.7,1014.1,9.8,0.023,rain
9/11/2003,93.1,70.7,82.6,71.8,72.2,1012.9,9.3,0.594,rain
9/12/2003,82.9,68.1,73.3,66,79.9,1011.5,8.8,0.817,rain
9/13/2003,91.8,65.9,77.9,65.2,69,1012.7,9.6,0,
9/14/2003,80.5,68.2,73.9,68.3,82.8,1019.8,9.7,0.441,rain
9/15/2003,85.5,66.6,75.2,62.3,65.4,1020.9,9.9,0,
9/16/2003,88.3,68,77.6,67.5,73.1,1017.4,8.5,0,
9/17/2003,89.1,69.6,78.2,68.3,73.5,1015,9.1,0,
9/18/2003,82,71.9,76.6,69.2,78.5,1014.7,9.3,0.019,rain
9/19/2003,82,68.9,73.9,63.6,71.5,1018.5,9.9,0,
9/20/2003,78.9,68,72,64,76.5,1017.5,8.7,0.072,rain
9/21/2003,73.8,67.8,70.6,66.1,85.9,1014.6,6,0.312,rain
9/22/2003,86.5,64.4,74,63.9,73.9,1017.1,6.8,0,
9/23/2003,84.8,60.6,74.6,63.3,70.7,1018.2,7.6,0,
9/24/2003,86.8,68.6,77,65.7,70.2,1015.1,8.5,0,
9/25/2003,86.8,68.7,77.5,64.7,67.1,1015.3,9.7,0,
9/26/2003,78.1,69.9,72.7,65.2,77.8,1011.6,8.8,0.165,rain
9/27/2003,90.8,66.6,77.5,64.4,67.5,1013.3,9.1,0,
9/28/2003,87.5,68.4,77,47.7,37.6,1019.2,9.9,0,
9/29/2003,82.8,60.4,70.9,46.7,44.1,1022.2,9.9,0,
9/30/2003,82.5,57.3,68.5,47.4,50.4,1023,9.9,0,
10/1/2003,84.3,53.8,69.4,49.4,52.5,1023.3,9.9,0,
10/2/2003,79.7,59.6,68.9,53.6,59.6,1021.3,9.9,0,
10/3/2003,81.5,55.4,68,51.9,59,1017.2,9.7,0,
10/4/2003,82.8,60.3,71.6,62.2,73.7,1016.5,9.2,0,
10/5/2003,86.3,69,75.9,66.6,74.3,1015.4,9.5,0.063,rain
10/6/2003,82.1,68.6,73.9,66.7,79.4,1014.9,9.5,0.06,rain
10/7/2003,80.9,69.4,74,67.2,80.2,1015.4,8.2,0,
10/8/2003,83.8,71.2,75.7,69.2,81,1014.9,8,0.119,rain
10/9/2003,84.3,71,76.1,71.7,86.9,1011.4,7.4,0.338,rain
10/10/2003,75.8,69.6,72.1,66.5,83,1010.5,9.5,0,
10/11/2003,79.2,66.5,72.3,67.4,85.2,1012.4,7.2,0.309,rain
10/12/2003,78.6,69.8,73.2,68.2,84.8,1017.2,7.6,0.046,rain
10/13/2003,83.2,67.6,74.7,68.4,81.9,1014.3,8.5,0.009,rain
10/14/2003,78.1,60.7,72.2,54.8,59,1017.1,9.7,0,
10/15/2003,79.7,49.6,64.4,46.7,56.7,1019.7,9.9,0,
10/16/2003,84.2,59.3,70.3,61.5,75.2,1017.5,9.5,0,
10/17/2003,82.8,64.1,73.5,60.3,67.4,1020.3,9,0,
10/18/2003,79.7,53.5,66,49.1,56.9,1022.4,9.9,0,
10/19/2003,83.6,53.9,67.8,52.2,61.6,1020.7,9.7,0,
10/20/2003,85.7,53.5,68.8,53.2,62,1021.5,9.6,0,
10/21/2003,87.5,55.9,70.7,53.8,59.6,1021,9.6,0,
10/22/2003,91.1,58.9,72.9,54.3,55.8,1016.8,9.7,0.003,rain
10/23/2003,93.3,60.8,75.4,54.6,53.1,1013.4,9.9,0,
10/24/2003,86.5,58.6,72.4,55.2,58.3,1012.8,9.8,0,
10/25/2003,85.7,63.7,73.2,59.8,65.4,1016.1,9.6,0,
10/26/2003,62.8,51.8,56.5,42.3,59.8,1023.3,9.7,0.095,rain
10/27/2003,74,51,60,37.5,48,1017.1,9.9,0,
10/28/2003,84.3,45.2,64.3,41.6,49.8,1009.6,9.9,0,
10/29/2003,82.8,48.2,67,49.5,56.6,1010.2,9.8,0,
10/30/2003,85.5,63.7,74.2,65.6,76,1011.3,9.8,0,
10/31/2003,89.4,74.9,79.3,70.4,75.7,1016.7,9.8,0.009,rain
11/1/2003,82.4,71.5,76.3,67.4,75,1020,9.8,0,
11/2/2003,81.8,69.3,74.2,68.3,82.4,1018.2,9,0.26,rain
11/3/2003,81.1,70.9,75.1,67.5,78,1015.4,9.8,0,
11/4/2003,80.8,68.5,74.9,66.5,76.2,1012.5,9.5,0,
11/5/2003,82.3,68.3,75.4,65.9,73.5,1015.1,9.9,0,
11/6/2003,66.6,50.5,55.8,49.6,79.8,1022.6,8.6,0,
11/7/2003,51.3,47.2,50,44.4,81.1,1024.9,8.3,0,
11/8/2003,56.2,46.9,52.1,48.3,86.9,1026.5,7.9,0.075,rain
11/9/2003,56,53,54.8,51.9,90.1,1028,5.7,0.039,rain
11/10/2003,78.5,52,64.5,56,75.7,1023.3,7.3,0,
11/11/2003,80.5,62.7,70.8,64.8,82.3,1019.2,7,0,
11/12/2003,83.8,69.4,74.1,65.6,76.5,1019.4,8.7,0.018,rain
11/13/2003,71,54.8,63.2,35.3,35.9,1028,9.8,0.162,rain
11/14/2003,74.1,55.3,64.1,44.5,50.2,1022.7,9.9,0,
11/15/2003,74.1,66.7,69.7,65.6,87.2,1015.6,8.6,0.03,rain
11/16/2003,82.6,66.3,73.3,66.2,80.4,1015.2,7.2,0.016,rain
11/17/2003,73.8,66.9,71.4,67.3,87.3,1010.3,9.6,0.562,rain
11/18/2003,70.3,56.4,64.6,43.4,50.9,1011.5,9.9,0,
11/19/2003,75.4,46.3,58.5,35.3,45.7,1024,9.9,0,
11/20/2003,77.8,36.3,57.7,37.3,54.1,1019.2,9.9,0,
11/21/2003,78.3,54.5,65.6,53.6,67.6,1014.9,9.9,0,
11/22/2003,80.9,64,71.5,61.3,71.5,1009.9,9.9,0,
11/23/2003,71.8,42.8,59.8,42.5,56.8,1014.8,9.6,0.051,rain
11/24/2003,53.4,27.1,41,15.6,38.6,1027,9.9,0,
11/25/2003,64.5,24.6,46.2,33.5,63.6,1015.1,9.9,0,
11/26/2003,71,53.4,61,55.2,81.8,1010.3,9.5,0,
11/27/2003,72.3,50,59.5,40.3,56.6,1017.4,9.2,0.003,rain
11/28/2003,62.6,39.2,49.6,19.6,32.5,1033.6,9.9,0,
11/29/2003,64.1,31.1,47.1,22,43.3,1027.9,9.9,0,
11/30/2003,72.7,38.5,55.5,42.6,63.1,1021.6,9.9,0,
12/1/2003,73,53.8,63.1,53.7,72.6,1028,9.9,0,
12/2/2003,71.6,58.3,64.1,51.8,65.7,1026.1,9.9,0,
12/3/2003,74.7,54.6,62.7,48.8,65.1,1019,7.9,0,
12/4/2003,69,45,54.5,37.3,54.4,1021.7,9.9,0,
12/5/2003,56.4,42.8,48.6,25.2,45.5,1029.1,9.8,0,
12/6/2003,54.6,32.8,42.5,21.4,43.8,1029.5,9.9,0,
12/7/2003,65.2,32.5,48.8,32.2,55.7,1019.4,8.7,0,
12/8/2003,77.3,52.9,64.4,54,71.2,1011,9.8,0,
12/9/2003,70.9,48.5,63,41.3,51.4,1011.2,9.6,0.015,rain
12/10/2003,61,38.8,48.5,21.2,36.3,1021.6,9.9,0,
12/11/2003,63.8,31.6,48.3,27.3,48.1,1017.6,9.9,0,
12/12/2003,59,51.3,55.3,51.3,86.7,1013.1,7,0.377,rain
12/13/2003,55.3,36,45.4,35.7,71.2,1018.2,9.6,0,
12/14/2003,65.9,28.7,47.2,35.1,67.5,1019.2,8.7,0,
12/15/2003,74.3,48.2,60.3,47.5,66,1011.5,9.6,0.003,rain
12/16/2003,60.9,41.5,50.1,20,32.4,1025.4,9.7,0,
12/17/2003,67.6,33.6,48.5,18.5,33.4,1028,9.9,0,
12/18/2003,65.6,35.9,50.3,25,38.8,1028.1,9.9,0,
12/19/2003,66.1,37.1,48.7,25.3,44.4,1031,9.9,0,
12/20/2003,65.9,31.2,48.9,28.3,50.4,1026.1,9.9,0,
12/21/2003,73.1,41.7,57.6,49,75.3,1021.4,8.9,0,
12/22/2003,75.8,59.4,66,55.7,71.4,1015.4,9.9,0,
12/23/2003,61.3,40.1,52.6,28.9,42.8,1021.4,9.9,0,
12/24/2003,63.5,36.5,48.7,26.4,44.8,1021.5,9.9,0,
12/25/2003,62,41.7,50.1,37.2,61.6,1019.9,9.9,0,
12/26/2003,73,53.7,62.4,57,83.3,1019.5,7.1,0,
12/27/2003,74.2,65.7,69,62,79,1015,9.7,0,
12/28/2003,67.6,49.6,56.4,42.7,62.4,1016.6,9.5,0.144,rain
12/29/2003,59.3,36.2,48.6,16.8,30.1,1022.3,9.9,0,
12/30/2003,61.1,30.3,45.8,22.9,44.9,1024.6,9.9,0,
12/31/2003,68.8,41.1,54.6,47.8,78.5,1023.5,9.4,0,
1/1/2004,73.5,62.6,67.6,62.3,84.2,1021.4,6.6,0.048,rain
1/2/2004,78.5,64.8,69.8,63.1,80.1,1017.7,8.9,0,
1/3/2004,77.3,66.6,71.1,63,76.5,1012.7,9.9,0,
1/4/2004,76.8,50.1,66.1,54.9,68.8,1013,9.9,0,
1/5/2004,48.4,36.2,42,21.9,44.8,1025.6,9.9,0,
1/6/2004,37.6,29,34.2,18.5,52.8,1035.6,9.9,0,
1/7/2004,47.7,37.1,41.7,24.8,51.8,1031.9,9.9,0,
1/8/2004,65.7,43.1,51.7,47.9,87.5,1021.5,6,0.045,rain
1/9/2004,67.7,44.4,53.9,32.2,45.4,1027.1,9.9,0,
1/10/2004,60.8,35.2,46.5,27.8,50.4,1031.4,9.9,0,
1/11/2004,63.8,33.5,47.6,33.6,60.9,1028.8,9.9,0,
1/12/2004,65,40.5,52.5,44.8,76.7,1026.8,7.5,0.003,rain
1/13/2004,70.3,55.4,60.7,54.7,81.4,1026,8.3,0,
1/14/2004,66.3,53.2,60.7,57.7,90.1,1022.5,6.3,0.009,rain
1/15/2004,62.5,59.9,60.8,59.5,95.6,1018.1,4.1,0.87,rain
1/16/2004,68.1,60.9,63.9,62.4,94.8,1010,4.7,2.353,rain
1/17/2004,75,53.5,63.3,53.2,73.1,1005.7,7.5,0.328,rain
1/18/2004,52.3,43.2,46.8,34.8,63.2,1014.7,9.9,0,
1/19/2004,55.1,34.9,43.5,22.9,46.6,1021.8,9.9,0,
1/20/2004,56,31.6,43.5,32.4,66.4,1021,9.9,0,
1/21/2004,59.5,43.1,50.4,40,68.7,1024.8,9.8,0,
1/22/2004,62.8,40.1,53.1,43.5,71.8,1025.7,9.5,0.003,rain
1/23/2004,62.6,54.6,58.1,46.7,66.4,1023.7,9.7,0,
1/24/2004,63.3,53.6,58.1,55.9,92.5,1010.8,5.2,0.444,rain
1/25/2004,74.6,50.1,61.6,41.4,51.6,1005.9,9.9,0.044,rain
1/26/2004,65.7,39,54.3,29.6,41.3,1014.3,9.9,0,
1/27/2004,52.7,28.8,40.4,21.8,50.1,1027.5,9.9,0,
1/28/2004,60.7,29.5,45.7,25.1,49.1,1025.9,9.9,0,
1/29/2004,53.7,47.7,50.8,45.7,83.5,1016.4,6.6,0.009,rain
1/30/2004,57.3,41.9,50.4,42.9,76.9,1016.3,6.8,0,
1/31/2004,62.2,35.1,47.7,41.8,81.4,1012.5,6.7,0,
2/1/2004,60.9,50.1,54.6,50.9,87.2,1010.9,6.9,0,
2/2/2004,60.3,39.1,49.6,30.7,51.6,1021.1,9.5,0,
2/3/2004,56.2,32.2,45.2,26.6,51.1,1023.7,9.9,0,
2/4/2004,51.7,44.5,48.4,43.3,83.7,1012.5,5.8,0.658,rain
2/5/2004,64.2,44.1,50.6,43.2,78.7,1012.8,9,0.389,rain
2/6/2004,56.2,39.2,48,32.3,56.7,1024.3,9.8,0,
2/7/2004,59.1,28.7,43.7,27.6,57.4,1030.1,9.9,0,
2/8/2004,55.9,39.2,48,39,71.5,1025.4,9.1,0.024,rain
2/9/2004,59.9,52,55.6,53.6,92.8,1020.7,4.8,0.252,rain
2/10/2004,53.8,44.8,47.3,44.9,91.3,1021.7,5.3,0.596,rain
2/11/2004,48.5,43.9,46.2,43.8,91.4,1016.8,6.2,0.858,rain
2/12/2004,46.7,37.7,43.1,35.6,75.3,1026,9.9,0.003,rain
2/13/2004,37.8,32.9,34.6,27.8,77,1025.9,7,0.085,rain
2/14/2004,49.8,32.9,39.6,32,76,1019.6,8.6,0.156,rain
2/15/2004,58.1,30.9,44.9,33.5,67,1022.7,9.9,0,
2/16/2004,65.7,34.2,50.3,37.3,64.1,1025.3,9.6,0,
2/17/2004,70.7,45.6,56.9,37.8,52.9,1030.5,9.9,0,
2/18/2004,72.8,38.2,54.4,39.5,61.1,1030,9.8,0,
2/19/2004,74.9,49.4,61.1,51.7,73.7,1014.2,8.9,0,
2/20/2004,75.1,54.2,63.3,48.1,62.7,1012.7,9.3,0,
2/21/2004,69.8,50.3,59,36.3,44.4,1019.3,9.9,0,
2/22/2004,64.5,49.4,58,48.6,70.9,1016.5,9.1,0,
2/23/2004,70.5,58.7,62.3,58.3,87.4,1011.2,5.2,0.221,rain
2/24/2004,61.4,50,58.2,53.7,85.2,1008.9,8,0.628,rain
2/25/2004,49.1,41,44.3,36.8,74.6,1014.7,9.5,0,
2/26/2004,60.8,34.9,46.3,30.8,58.6,1022,9.4,0,
2/27/2004,65.6,32.8,49.6,36.1,63.7,1022.8,9.1,0,
2/28/2004,65.9,46.1,56.5,48.5,75.4,1018.8,8.8,0,
2/29/2004,64.1,50.2,59.3,51.7,76.8,1012.7,9.4,0.225,rain
3/1/2004,74.6,49.9,60.7,40.9,54,1015.4,9.9,0,
3/2/2004,65.9,54,60.4,54.6,81.6,1016.9,6.5,0.153,rain
3/3/2004,76,66,70.9,65,82.2,1014.1,8.5,0.012,rain
3/4/2004,73.1,56,65.7,63.1,91.3,1008,7.5,0.652,rain
3/5/2004,77.3,53.2,62.9,46.7,61.8,1012.4,9.9,0,
3/6/2004,75.7,49.9,62.7,41.6,49.1,1020.7,9.9,0,
3/7/2004,79,50.9,64.8,41.8,44.5,1025.2,9.9,0,
3/8/2004,71.8,49.9,61.3,30.9,33,1028.5,9.9,0,
3/9/2004,76.1,49.2,62.6,38.3,44.9,1024.4,9.9,0,
3/10/2004,75.8,42.4,60.7,37.5,44.9,1022.1,9.9,0,
3/11/2004,71.1,55.6,63.1,52.7,69.5,1023.9,9.9,0,
3/12/2004,63.1,55.5,57.3,49.9,76.6,1022.8,8.8,0.126,rain
3/13/2004,62.5,53.2,58.5,56.1,92.2,1019.4,3.6,0.344,rain
3/14/2004,70.4,59.9,64.1,60,87.2,1021.1,5.6,0.212,rain
3/15/2004,76.5,59,65.8,57.3,75.7,1017.8,7.4,0.015,rain
3/16/2004,74.2,58.1,65.1,56.5,74.7,1017.1,8.9,0.496,rain
3/17/2004,81.8,58.6,68.9,60.2,76.5,1014.4,7.4,0,
3/18/2004,75,64.8,70.2,63.2,79,1015.3,9.8,0,
3/19/2004,79.2,66.7,71.9,66.6,84.1,1020.7,8,0.027,rain
3/20/2004,76.1,66.7,70.7,65.5,83.8,1023.5,8.4,0.009,rain
3/21/2004,73.4,53.9,65.3,52.6,66.8,1026.3,8.8,0,
3/22/2004,73.1,54.8,63.1,40.4,44,1025.3,9.9,0,
3/23/2004,72.1,52.4,62.4,51.4,67.6,1023.2,9.9,0,
3/24/2004,70.8,62,66.9,61.4,82.8,1019.8,8.3,0.167,rain
3/25/2004,78.1,66.4,70.8,64,79.5,1020.4,9.1,0,
3/26/2004,78.6,66.3,71.7,63.7,76.8,1020.5,9,0,
3/27/2004,78.8,68,72,62,71.9,1016.7,9.9,0,
3/28/2004,78.1,65.3,70.8,63,76.8,1016.6,9.9,0.009,rain
3/29/2004,75.7,53.8,65.3,46.3,52.9,1023.5,9.9,0,
3/30/2004,83.2,48.4,65.6,43.6,50.5,1022.6,9.9,0,
3/31/2004,85.7,50.1,67.4,43.2,47.6,1018.5,9.9,0,
4/1/2004,83.9,59.2,71.5,45.1,40.3,1014.2,9.9,0,
4/2/2004,72.2,62.7,65.9,61.4,85.6,1014.6,9.5,0.115,rain
4/3/2004,79.5,57.8,69,57.9,70.8,1016.9,9.3,0,
4/4/2004,75.1,58.8,66.6,56,70.2,1017,8.8,0.213,rain
4/5/2004,74.3,60.2,67,59.7,78.6,1014.8,7.7,0,
4/6/2004,69.1,57.7,64,58.8,83.6,1013.1,8.6,1.463,rain
4/7/2004,85.6,51.9,69.9,55.2,65.1,1009.8,8.8,0,
4/8/2004,78.1,56.5,67.9,54.5,63.8,1012.8,9.9,0,
4/9/2004,83,55.7,70.2,57.6,67.1,1011.9,9.8,0,
4/10/2004,79,53.8,65.6,60.9,85.2,1011,8.7,0.55,rain
4/11/2004,53.8,48.7,50.7,46.2,84.6,1014.1,8.9,0.465,rain
4/12/2004,63.6,47.6,54.8,40,59.7,1015.1,9.9,0,
4/13/2004,66.1,44.2,54.2,39.6,60.7,1023.5,9.9,0,
4/14/2004,74.5,41,58.4,43,61.7,1023.7,9.9,0,
4/15/2004,75.9,48.5,63.1,53.8,73,1020,9.8,0,
4/16/2004,77.5,58.8,67,59.6,78.1,1020.2,9.1,0,
4/17/2004,80.6,61.9,70,61.4,75.9,1022.1,9.1,0,
4/18/2004,78.4,64.5,70.6,60.9,73,1022,9.9,0,
4/19/2004,80,66.3,71.8,62,73,1021.3,9.1,0,
4/20/2004,78.1,66,70.5,63,77.6,1013.7,9.6,0,
4/21/2004,80,68.9,72.8,65.3,77.5,1007.7,9.1,0,
4/22/2004,83,70.7,75.2,66.1,74.6,1008.1,8.2,0,
4/23/2004,79.2,71.6,74.6,68.2,81.1,1010.5,8.7,0.012,rain
4/24/2004,73.2,65.1,69.1,64.8,86.4,1013.3,8.4,0.567,rain
4/25/2004,69.8,64.4,66.6,63.9,91.3,1016.7,8,0.104,rain
4/26/2004,78.8,63.2,70.4,59.2,70.5,1021.6,9.5,0.035,rain
4/27/2004,81.8,58.1,69.3,52.6,59.8,1023,9.9,0,
4/28/2004,71.8,57.3,65.8,55.5,70.1,1016.7,9.8,0,
4/29/2004,81.1,60.2,70.3,64.4,82.5,1013.5,8.7,0.082,rain
4/30/2004,82.1,70.3,75.8,68.8,79.5,1011.9,9.3,0.009,rain
5/1/2004,75.1,54.2,61.5,55.1,80.2,1015.6,9.3,0.535,rain
5/2/2004,74.7,50.5,62.4,44.9,56.3,1022.7,9.9,0,
5/3/2004,82.5,52.4,67.3,47.9,53.6,1022.1,9.9,0,
5/4/2004,82.5,57.1,70.1,49.3,49.5,1019.8,9.9,0,
5/5/2004,80.8,57,68.9,57.9,69.7,1018.6,9.7,0,
5/6/2004,82,62.6,71.6,61.4,72.1,1019.3,9.3,0,
5/7/2004,81.4,65.5,71.8,63.8,77.3,1020.2,8.9,0,
5/8/2004,79.2,63.6,72.9,64.6,76.2,1019,8.8,0.018,rain
5/9/2004,81.5,62.5,72.2,65.6,80.8,1016.3,8.1,0.59,rain
5/10/2004,85.5,69.8,75.9,67.5,76.5,1014.7,8.9,0,
5/11/2004,77.5,69.5,72.7,68.6,87.2,1012.6,8.3,0.393,rain
5/12/2004,83.7,71.6,77.3,71.8,83.5,1010.4,8.7,0.003,rain
5/13/2004,79.2,66.6,72.7,69,88.2,1011.1,8.4,0.123,rain
5/14/2004,74.7,63.8,67.7,60,77.4,1018.6,9.2,1.06,rain
5/15/2004,77.8,57.2,67.9,58.9,74.2,1020.6,9.8,0.003,rain
5/16/2004,84.2,63,73.5,63,72.2,1018.5,8,0,
5/17/2004,86.9,69.1,76.7,67.2,74,1017.3,9.6,0,
5/18/2004,87.2,73.8,79.2,69.2,72.8,1018,9.9,0,
5/19/2004,87.8,72.8,78.7,68.6,72.4,1018.1,9.9,0,
5/20/2004,88.7,71.6,78.6,68.5,72.5,1019.5,9.6,0,
5/21/2004,88,71.8,78.6,67.7,71.1,1018.3,9.8,0,
5/22/2004,86.3,72.3,78.1,67.7,71.5,1013.3,9.9,0,
5/23/2004,85.8,71.7,78.1,68.4,73,1011.7,9.7,0,
5/24/2004,86.5,73.3,78.1,68.3,72.9,1012.5,9.6,0,
5/25/2004,89.8,71.8,79.3,68.3,70.8,1012.4,9.7,0,
5/26/2004,88.9,73.1,79.7,68.4,70.4,1012.5,9.8,0,
5/27/2004,90.1,72,80.1,69,70.6,1010.1,9.9,0.12,rain
5/28/2004,91.1,70.9,79.9,70.1,74.5,1010.6,9.6,0.014,rain
5/29/2004,89.9,75.4,81.7,71.8,73.1,1007.5,9.3,0,
5/30/2004,89.7,77.4,82.7,74.7,77.5,1005.5,8.5,0.009,rain
5/31/2004,97.9,79.6,85.6,75.2,73.4,1007.1,7.5,0.233,rain
6/1/2004,96.2,69.3,83.7,72,70,1008.4,9.5,0,
6/2/2004,94.3,77.3,83.9,73.5,72.7,1012.4,9.5,0,
6/3/2004,90.4,65.1,77.8,68.2,74.4,1020.2,9.6,1.132,rain
6/4/2004,90.4,71.8,81.5,69.8,69,1019.2,9.9,0,
6/5/2004,87.6,68.1,78.2,67.7,71.4,1015,9.9,0.321,rain
6/6/2004,89.2,71,79.8,69.8,72.8,1012.1,9.5,0,
6/7/2004,86.9,70.3,77.1,70.6,81.8,1013,9.4,0.26,rain
6/8/2004,76.5,69.4,72.4,71.2,95.9,1013.7,7.9,1.416,rain
6/9/2004,80.5,70.1,74.3,72.1,93.2,1014,6.1,3.966,rain
6/10/2004,88.3,70.8,79.5,71.8,79.1,1012.4,8.5,0.003,rain
6/11/2004,87.4,75.7,80,73.4,81.3,1012,9.3,0.057,rain
6/12/2004,89.8,75.8,81.4,72.2,75,1013.7,9.9,0,
6/13/2004,89.7,73.9,81.3,70.7,71.5,1013.9,9.9,0,
6/14/2004,89.2,73.3,80.5,71.2,74.7,1012.5,9.8,0,
6/15/2004,87,70.9,77.5,68.5,74.4,1012.1,9.9,0,
6/16/2004,88.5,68.2,77.2,70.1,80.3,1014.5,9.5,0,
6/17/2004,89,75.3,81.4,73.4,77.9,1017.9,9.8,0,
6/18/2004,92,74.6,82.3,72.6,74.4,1019.6,9.4,0.003,rain
6/19/2004,92,70.6,81.5,68.9,68.3,1020.2,8.8,0,
6/20/2004,91.8,71.8,82.2,70.1,68.7,1016.6,9.6,0,
6/21/2004,91.1,74.9,82.4,71.2,70.6,1011.2,9.9,0,
6/22/2004,83.5,69.4,77,70.3,80.8,1012.1,9.5,0.243,rain
6/23/2004,84.2,71.6,77.2,70.3,80.1,1015.9,9.5,0.003,rain
6/24/2004,87.5,73.1,77.6,71.2,81.7,1015.1,9.3,0.018,rain
6/25/2004,86.7,68.6,74.4,69.8,86.7,1015.6,8.3,0.445,rain
6/26/2004,83.4,68.6,73.6,69.4,87.6,1015.6,8.2,1.44,rain
6/27/2004,83.8,70.2,75.3,70.4,85.6,1017.2,7.5,0.294,rain
6/28/2004,87.1,74.3,78.6,72.7,83.2,1018.6,8.9,0.029,rain
6/29/2004,78,71.5,74.4,72.2,93.1,1018.8,8,1.518,rain
6/30/2004,81.7,68.4,73.5,71,92,1017.7,8.5,1.66,rain
7/1/2004,89,70.1,79.3,71.4,79.1,1016.8,9.1,0,
7/2/2004,89.9,81.1,85.9,71.8,63.1,1015.1,9.9,0,
7/3/2004,89,75.7,81.7,73.2,76.3,1014,9.8,0,
7/4/2004,90.2,73.2,81.2,71.1,73.6,1013.8,9.7,0,
7/5/2004,90.2,74,81.8,72.5,75.5,1015.6,9.7,0,
7/6/2004,91.4,74.9,82.5,72.2,72.9,1016.6,9.9,0,
7/7/2004,91.3,75.6,82.7,73.1,74.2,1014.7,9.9,0,
7/8/2004,91.3,75,82.8,72.5,72.9,1012.9,9.9,0,
7/9/2004,91.1,75,81.3,72.4,76.1,1015.5,9.9,0,
7/10/2004,89.3,69.8,78.3,69.7,76.3,1018.9,9.9,0,
7/11/2004,89.5,71.3,79,70.7,77,1019.6,9.8,0,
7/12/2004,91.1,70.2,80.2,69.7,73.1,1019.3,9.1,0,
7/13/2004,92.1,72.4,81.6,69.8,69.6,1018.8,9.8,0,
7/14/2004,94.1,71.4,82.8,66.3,61,1016.5,9.9,0,
7/15/2004,93.8,67.2,82.4,66.5,60.5,1014.6,9.9,0,
7/16/2004,91.8,73.5,83.2,69.8,65.7,1014,9.8,0,
7/17/2004,96.9,73.2,84.5,69.8,64.3,1013.5,9.9,0,
7/18/2004,91.8,77.8,83.8,65.9,55.8,1014.4,9.9,0,
7/19/2004,95,69.8,82.3,64.4,58.1,1013.9,9.7,0,
7/20/2004,91.6,71.4,81.6,68.4,66.4,1014,7.5,0,
7/21/2004,92.2,72,81.7,69.5,69.2,1014.3,7.7,0,
7/22/2004,92.9,75.6,82.6,71,70.2,1014.5,9.7,0,
7/23/2004,95,73.9,81.2,70.6,72.6,1015.5,9.9,0,
7/24/2004,95.6,73.1,82.9,68.8,66.2,1017.5,9.9,0,
7/25/2004,93.6,72.2,81.2,69.4,69.5,1019,9.4,0.18,rain
7/26/2004,87.6,69.2,77.3,65.5,68.8,1019.5,9.9,0.012,rain
7/27/2004,89.6,68.9,79.1,66.9,67.8,1017.1,9.4,0,
7/28/2004,92.8,74.9,82.7,72.2,72.3,1012.9,8.4,0,
7/29/2004,92,73.4,80.4,73.1,80.2,1011.1,9.2,0.489,rain
7/30/2004,88.5,72.2,79.9,73.2,81.1,1011.7,9.5,0.003,rain
7/31/2004,93.8,77,84.8,72.8,69.8,1013.8,9.8,0.023,rain
8/1/2004,96.5,75.6,84.8,72.3,68.2,1015.9,9.7,0,
8/2/2004,96.2,75.7,85.9,73,67.8,1015,9.3,0,
8/3/2004,96.6,76.2,86.4,71.8,64.4,1013.8,9.9,0,
8/4/2004,98.4,76.2,86.8,70.6,61.3,1012.6,9.8,0,
8/5/2004,99.8,74.9,87.4,69.5,58.6,1013.6,9.9,0,
8/6/2004,93,78.3,85.3,72.1,65.2,1014,9.7,0.003,rain
8/7/2004,89.4,74,80.7,67.4,64.7,1014.2,9.8,0,
8/8/2004,91.9,74.8,82.2,65.5,58.6,1015.4,9.8,0,
8/9/2004,92,74.6,83.3,66.1,57.9,1017.5,9.3,0,
8/10/2004,94.5,75.1,83.9,69,63.4,1016.5,8.6,0,
8/11/2004,95,71.4,80.3,70.1,73.2,1014.5,8.1,0.205,rain
8/12/2004,88.5,68,77.1,57.7,55.2,1018.3,9.9,0,
8/13/2004,88.7,62.4,76,58,57,1019.5,9.9,0,
8/14/2004,89.4,66.2,77.8,61.8,60.2,1020.9,9.9,0,
8/15/2004,88,66.8,77.3,58.1,54.8,1022.2,9.9,0,
8/16/2004,89.8,63.8,77.1,56.9,53.2,1021.9,9.9,0,
8/17/2004,91.1,64.7,78.4,59.5,56.4,1019.9,9.6,0,
8/18/2004,93.1,69,80,67.8,68.6,1016.1,9.2,0.016,rain
8/19/2004,96.4,76.8,84.4,71.3,67.5,1014.4,9.9,0,
8/20/2004,97.2,71,83,70.8,70.3,1015,9.6,0.76,rain
8/21/2004,89.1,71.8,76.7,70.9,83.6,1016.6,9.5,0.629,rain
8/22/2004,86.6,71.9,78.4,72.8,83.9,1014.3,9.5,0.047,rain
8/23/2004,90,75.1,82,73.4,77.4,1012.8,9.2,0.1,rain
8/24/2004,94.9,77.1,84.7,73.2,70.9,1013.2,9.9,0,
8/25/2004,95.3,76.7,85.3,71.4,66.2,1014.7,9.9,0,
8/26/2004,98.3,78.2,86,69.9,62.5,1014.4,9.9,0,
8/27/2004,95,77.1,85.2,71.4,65.8,1015.3,9.7,0,
8/28/2004,92.8,74.9,81.4,71.8,74.3,1015.5,9.9,0.006,rain
8/29/2004,92,73.2,80.4,69.3,70.8,1015.7,9.9,0,
8/30/2004,92.4,70.7,80.9,64.9,62.5,1017.2,9.9,0,
8/31/2004,89.9,67.7,79.1,61.2,57,1019.8,9.9,0,
9/1/2004,85.3,68,75.9,58.8,56.5,1020.3,9.9,0,
9/2/2004,82.1,69.2,75.3,62.8,66.2,1017.1,9.8,0,
9/3/2004,88,63.8,75.9,65.1,71.4,1014.8,8.5,0,
9/4/2004,88,72,78.8,70.6,77.3,1015.2,9.9,0.04,rain
9/5/2004,93.3,74.3,82.5,71.3,72.1,1013.3,9.3,0,
9/6/2004,86.2,72.6,78.4,70.4,77.3,1013,9.7,0.11,rain
9/7/2004,87.1,68.6,77.6,57.5,50.8,1014.9,9.9,0,
9/8/2004,88,66.7,76.7,52.5,43.8,1016.1,9.9,0,
9/9/2004,89.8,62.8,77,51.5,44,1017.2,9.9,0,
9/10/2004,92,68,79.6,58.6,50.6,1018.3,9.9,0,
9/11/2004,94.1,72.8,82.4,65.9,59.2,1017.3,9.8,0.003,rain
9/12/2004,95.8,70.4,82.2,64.5,58.7,1015.7,9.4,0,
9/13/2004,92.5,69.2,80,67,67.2,1013.4,9,0.032,rain
9/14/2004,86.4,73.7,76.7,73.3,89.8,1011.1,9,1.291,rain
9/15/2004,92,74.9,81.2,72.6,77.6,1010,8.8,0,
9/16/2004,95,73.8,83.7,69.9,66.5,1011.8,9.9,0,
9/17/2004,95.1,74,83.6,68.4,63.1,1014.1,9.9,0,
9/18/2004,93.6,71.2,82.1,68.5,66.2,1015.7,9.8,0,
9/19/2004,93.1,73.3,81.7,68.3,67.8,1016.2,9.3,0,
9/20/2004,91.1,66.9,79,64.5,64.1,1015.2,9.2,0,
9/21/2004,90.1,67.9,77.1,65.5,69,1016.5,9.9,0,
9/22/2004,88.2,70.6,78.6,66.6,68.6,1016.8,9.9,0,
9/23/2004,90.2,68.8,79,65.2,66.3,1016.8,9.7,0,
9/24/2004,89.5,68.3,78.2,65.2,66.6,1017.4,9.9,0,
9/25/2004,77.8,69.6,73.3,66.5,79.4,1017.8,8.9,0,
9/26/2004,87.3,70,77.6,63.5,64.8,1016.5,8.4,0,
9/27/2004,82.3,67.2,75.7,58.7,57.3,1016,9.1,0,
9/28/2004,87.9,69.6,76.4,57.7,54.8,1017.3,9.7,0,
9/29/2004,87.9,63.7,75.5,54.5,50.5,1016.7,9.9,0,
9/30/2004,89.4,63.3,76.4,59.1,56.7,1014.4,9.7,0,
10/1/2004,89.7,68,78.8,67.7,70.6,1015,8.6,0.003,rain
10/2/2004,79.7,66.7,71.7,67.9,88.2,1021.6,8,2,rain
10/3/2004,88.9,65.8,74.8,64.5,71.5,1022.4,9.9,0,
10/4/2004,88.1,66.2,73.8,65.7,77.8,1020.3,9.8,0.145,rain
10/5/2004,79.8,64.5,70.1,63.6,80.8,1021.4,9.7,0,
10/6/2004,86.3,63.8,72.6,66.5,82.9,1019.4,7.6,0.084,rain
10/7/2004,80.7,68.4,72.6,68.2,87,1018.3,7.1,0.102,rain
10/8/2004,80.9,70.3,73.6,67.3,81.7,1015.5,9,0.003,rain
10/9/2004,82.3,66.1,72.8,62.3,71.7,1012.9,9.9,0,
10/10/2004,82.1,66.3,71.6,59.6,68,1010.4,9.9,0,
10/11/2004,78.4,61,68.8,57.5,68.9,1013,9.9,0,
10/12/2004,80.7,60.1,68.6,55.6,65.4,1016,9.9,0,
10/13/2004,78.3,63,68.4,62.9,83,1012.2,8.6,0.26,rain
10/14/2004,70.3,51.9,61.8,45.5,60.3,1014.3,9.8,0.007,rain
10/15/2004,85.7,51,67.2,47.7,52.6,1011.2,9.9,0,
10/16/2004,86.1,55.6,70,54.9,60.3,1010.9,9.9,0,
10/17/2004,88.2,69.4,78.6,68.8,73.7,1010.2,9.9,0,
10/18/2004,88.1,76.2,80.4,71.3,74.8,1007.6,9.9,0,
10/19/2004,90.6,75.9,80.5,72.6,78.1,1010,8.6,0,
10/20/2004,88.9,76.8,80.3,72.9,79,1012.6,8.4,0,
10/21/2004,89,74.9,80.3,71,75.1,1012.9,9,0,
10/22/2004,88.3,75,80.1,71.2,75.8,1011.4,9.8,0,
10/23/2004,80,67.1,72.5,68.9,88.9,1013.2,7.8,2.544,rain
10/24/2004,83.4,70.1,74.8,71,88.7,1012.5,7.9,0.096,rain
10/25/2004,85.8,69,76.1,68.6,79.4,1013.9,9.3,0,
10/26/2004,85.7,68.6,75.1,69.1,82.5,1015.3,8.9,0.015,rain
10/27/2004,83.3,73.6,76.3,71.2,84.4,1017.6,9.7,0.092,rain
10/28/2004,84.5,73.8,78.1,70.6,78.8,1017.9,9.4,0.014,rain
10/29/2004,86.4,71.5,77.4,69.1,77.1,1014.5,9,0,
10/30/2004,85.3,69.3,76.2,67.9,77.6,1014.2,8.5,0,
10/31/2004,84.1,71,75.7,68.3,79.2,1010.8,9.6,0.007,rain
11/1/2004,74.1,61.4,66.6,61.9,85.6,1008.1,8.6,1.478,rain
11/2/2004,61,52.9,56.7,48.6,74.7,1016.1,9.9,0.003,rain
11/3/2004,59.5,44.6,52.9,41.9,67.6,1019.8,9.9,0,
11/4/2004,74,40.6,54.9,40.7,64.8,1023.9,9.9,0,
11/5/2004,71.7,45.9,56.9,43.3,64.2,1027,9.9,0,
11/6/2004,79,44.9,60.6,45.2,61.7,1021.5,9.8,0,
11/7/2004,80.8,46.8,62.8,48.2,63.5,1020,9.9,0,
11/8/2004,78.4,52.3,65,53.3,68.5,1023.1,9.9,0,
11/9/2004,74.8,54.9,64.1,54.9,73.5,1022.4,9.5,0,
11/10/2004,79.3,55.1,66.5,58,76.2,1016.9,9,0,
11/11/2004,66.1,51.1,59.9,47.5,64.3,1021.6,9.9,0,
11/12/2004,51.4,45.1,48.8,41,74.7,1023.7,9.9,0,
11/13/2004,52.4,50.3,51.1,45.6,81.5,1024.1,8.5,0.018,rain
11/14/2004,52.5,50.6,51.5,49.6,93.3,1026.7,5,0.492,rain
11/15/2004,67,53.1,60.4,58.9,94.7,1026.6,2.5,0.399,rain
11/16/2004,71.2,64.6,68,66.5,95.2,1022.5,3.9,0.404,rain
11/17/2004,68.3,56.1,62.8,60.6,92.6,1019.3,7.7,3.987,rain
11/18/2004,74.9,55.6,62.9,58.3,86.4,1018.7,6.4,0,
11/19/2004,69.2,57.4,62,58,87.5,1016.6,7.7,0.003,rain
11/20/2004,65.1,62,63.4,62.1,95.3,1014.7,6,0.648,rain
11/21/2004,66.7,62.8,64.7,64.6,98.5,1018.1,4.4,0.123,rain
11/22/2004,64.9,62,63.3,62.4,96.6,1014.8,6.4,4.548,rain
11/23/2004,77.3,55.5,66,62.1,87.9,1006.1,5.8,0.684,rain
11/24/2004,59.3,44.1,52.1,40.2,65.2,1014.7,9.9,0,
11/25/2004,64.4,38.7,50.5,40.3,71,1019.7,9.9,0,
11/26/2004,74.2,47.1,59.9,54.4,82.8,1011.5,9.9,0,
11/27/2004,68.3,44.6,58.9,40.6,54.4,1015.7,9.9,0,
11/28/2004,73.1,41.4,57.8,47.4,69.5,1014.4,9.9,0,
11/29/2004,80.5,50.1,66.8,59.3,77.7,1012.6,9.5,0,
11/30/2004,53,35.9,43.5,34.8,73.3,1023.9,9.8,0.321,rain
12/1/2004,56,30.2,43.3,31.9,67.6,1026.1,9.9,0,
12/2/2004,63.4,39.2,50.3,37.6,63.9,1023.3,9.9,0,
12/3/2004,54.4,42.1,48.9,38.2,67.1,1022,9.9,0,
12/4/2004,64.3,42.9,54,45.7,75.2,1018.8,9.7,0,
12/5/2004,65.4,55.2,59.8,58.1,94.1,1012.8,5.2,0.102,rain
12/6/2004,72.6,57.7,63.8,60.4,89,1010.8,6.1,0.108,rain
12/7/2004,70.9,48.1,57.7,41.1,56.2,1016.6,9.9,0,
12/8/2004,63.1,44.4,53.4,46.8,79.3,1015.7,9.9,0,
12/9/2004,77.6,49.3,61.2,42.9,55.9,1012.2,9.9,0,
12/10/2004,68.6,48.3,57.9,33.4,43.6,1020.9,9.9,0,
12/11/2004,70.3,44.5,55.7,35.9,49.2,1020.7,9.9,0,
12/12/2004,78.9,45.8,60.3,43.3,56.3,1014.7,9.9,0,
12/13/2004,59.3,43.9,52.4,27,38.7,1029.1,9.9,0,
12/14/2004,50.6,29.4,41.3,17.4,40.6,1038,9.9,0,
12/15/2004,54.4,24.8,40.5,25.9,58.2,1030.9,9.9,0,
12/16/2004,56,45.6,48.8,43.9,83.3,1027.6,7.5,0,
12/17/2004,61.5,40.4,49.2,38,69,1028.5,8.6,0,
12/18/2004,66,36.1,49.7,34,60,1025.2,9.9,0,
12/19/2004,62.9,41.3,50.5,31.1,50.5,1028.3,9.9,0,
12/20/2004,68.6,34.3,54.5,34,49.7,1018.4,9.9,0,
12/21/2004,74.2,47.6,59.5,46,64.2,1011,9.9,0,
12/22/2004,50.7,33.4,40.3,32.9,75.3,1015.7,9.8,0.098,rain
12/23/2004,41.3,24.4,32,16.3,54.3,1026.5,9.9,0,
12/24/2004,34.1,26.5,30.3,11.5,45.4,1028.3,9.9,0,
12/25/2004,49.2,24.5,36.7,19.4,51.3,1023.4,9.9,0,
12/26/2004,62,28.5,44.5,26.3,53.8,1025.9,9.9,0,
12/27/2004,63.2,29.4,47.8,37.1,67.8,1029.6,9.9,0,
12/28/2004,70.1,46.4,56.3,47.2,73.9,1027,8.8,0,
12/29/2004,69.9,53.1,61.5,55.1,81,1024.2,6.6,0,
12/30/2004,71.5,57.2,64,58.3,82.8,1019.9,9.1,0,
12/31/2004,76.4,62.5,68.3,59.9,76.7,1019.9,9.1,0,
1/1/2005,74.4,64.1,67.7,61.3,80.7,1020,9.3,0.129,rain
1/2/2005,72.2,65.3,68.8,66.7,93.2,1020.7,6.5,0.221,rain
1/3/2005,76.1,68.3,71.1,66.4,85.9,1021,8.9,0.095,rain
1/4/2005,76.4,68.1,70.5,64.6,82.3,1017.3,9.5,0.021,rain
1/5/2005,70.8,39.2,58.2,53.8,85.5,1015.3,9.3,0.078,rain
1/6/2005,39.2,35.9,37.2,28.4,70.7,1020.8,9.9,0,
1/7/2005,59.9,35,44,40.9,89.6,1017.4,5.3,0.054,rain
1/8/2005,58.2,41.6,48.5,42.6,81.7,1025.3,5.9,0,
1/9/2005,69.4,52.3,60.9,54.6,79.8,1024.6,8.9,0,
1/10/2005,73.6,63.6,68.1,61.9,82,1019.9,8.7,0.009,rain
1/11/2005,78.6,62,68.3,59.8,76.1,1013.9,9.9,0,
1/12/2005,72.4,65.5,68.5,59.5,74.2,1005,9.9,0.017,rain
1/13/2005,65,44.2,52.3,27.5,39.5,1017.7,9.9,0,
1/14/2005,56.2,35,45.2,25.7,48,1030,9.9,0,
1/15/2005,55.8,34,44.2,30.6,60.1,1032.5,9.9,0,
1/16/2005,50.1,30.5,40,27.4,62,1037.2,9.8,0,
1/17/2005,53.5,28.5,40.8,28.8,63.6,1035.4,9.7,0,
1/18/2005,50.4,41.3,45.7,28.9,52.2,1034.3,9.9,0,
1/19/2005,67.4,42.9,54.5,44.6,69.8,1028.1,9.9,0,
1/20/2005,73.5,45.4,58.1,49.9,76.8,1021.1,9.6,0,
1/21/2005,73.3,44.5,59.5,50.2,73.4,1015.4,9.4,0,
1/22/2005,65.5,44.2,57.1,38.6,56.2,1021.4,9.7,0,
1/23/2005,44.9,30.1,37.8,14.9,39.5,1032.6,9.9,0,
1/24/2005,62,31.6,45.8,24.4,46.7,1027,9.9,0,
1/25/2005,78.1,44.5,60.7,44.7,58.2,1016.7,9.9,0,
1/26/2005,76.8,50.9,63.7,45,52.6,1015.5,9.9,0,
1/27/2005,59.9,43.5,50.9,43.8,80.1,1018.6,5.9,1.308,rain
1/28/2005,49.2,43.3,45.8,42.7,89.3,1019.8,8.6,0.149,rain
1/29/2005,51.6,44.9,48,44.8,88.9,1020.7,6.8,0,
1/30/2005,48.1,43.3,45.5,43.1,91.6,1018.7,5,0.099,rain
1/31/2005,43.5,42.4,42.9,39.3,87,1021.5,9.1,0.104,rain
2/1/2005,43.4,41.3,42.7,39.7,89.4,1021.9,7.6,0.513,rain
2/2/2005,44.2,39.7,41.8,34.7,76.3,1026,9.9,0,
2/3/2005,54.3,37.6,44.5,35.1,70.9,1030.3,9.2,0,
2/4/2005,55.1,37.1,46.1,37.6,74.3,1029.5,8.8,0,
2/5/2005,57.8,39.7,50.9,42.8,75,1022.4,8.3,0,
2/6/2005,69.1,53.2,59.5,56.3,89.3,1015.5,6.3,0.222,rain
2/7/2005,59.3,49.2,56.2,51.5,84.8,1018.4,9,0.233,rain
2/8/2005,56,50.1,52.9,49.6,88.4,1017.6,5.8,0.02,rain
2/9/2005,54.2,45.1,50.4,43.9,79.7,1021.9,6.8,0.003,rain
2/10/2005,57.1,41.3,47.9,28.3,47.8,1030.1,9.9,0,
2/11/2005,52.5,47.5,50,38.1,63.8,1029.4,9.9,0.009,rain
2/12/2005,65.5,46.8,57,50.1,78,1018.7,9.9,0.009,rain
2/13/2005,78.4,60.4,67.4,53.5,66.3,1011.1,9.4,0.115,rain
2/14/2005,80.2,52.3,65,43.7,49.3,1016.3,9.9,0,
2/15/2005,81.2,50.9,65,53.3,68.9,1015,9.1,0,
2/16/2005,68.9,52.6,60.8,48,64.9,1017.9,9.4,0,
2/17/2005,61.3,49.2,54.7,35.7,49.4,1023.5,9.9,0,
2/18/2005,56.3,45.2,51.9,38.7,62.7,1025.7,9.4,0.069,rain
2/19/2005,63.4,52.3,56.9,52.3,85.5,1021,4.7,0.082,rain
2/20/2005,71.2,62.7,66.8,63.5,89.1,1016.7,6.3,0,
2/21/2005,78,57.7,66.8,61.7,84.9,1016.6,5.7,0,
2/22/2005,74,61.3,67,62,84.9,1017.3,5.8,0,
2/23/2005,74.5,62,67.8,62.3,83.1,1014.2,8.3,0.005,rain
2/24/2005,63.6,47.2,52,46.9,82.7,1017.6,9.2,0.284,rain
2/25/2005,57.1,44.5,50,39.6,69.2,1021.1,8.9,0,
2/26/2005,51.4,43.3,47,42.7,85.8,1018.1,6,0.693,rain
2/27/2005,68.3,43.5,53.9,45.6,76.2,1013.4,9.5,0.015,rain
2/28/2005,66.4,44,55.2,43.5,67.3,1017.3,9.9,0.007,rain
3/1/2005,68.3,44.2,55.8,44,66.2,1017.7,9.8,0,
3/2/2005,56.9,44.6,49.5,46.9,90.8,1016.6,7.8,0.754,rain
3/3/2005,57.8,48.1,52.2,47.5,84.5,1018.9,7.7,0,
3/4/2005,59.6,51.6,55,49.3,81.1,1019.7,8.4,0,
3/5/2005,66.2,54.6,59,54.5,85.3,1022.2,6.4,0.167,rain
3/6/2005,60.6,56.2,58.5,57.1,95.1,1019.1,2.8,0.296,rain
3/7/2005,79.9,59.6,66.2,55.5,73.3,1011.6,6.4,0.061,rain
3/8/2005,68.9,47.3,58.2,36.4,46,1016.9,9.9,0,
3/9/2005,71.9,50.3,60,38,48.3,1017.4,9.9,0,
3/10/2005,79.7,40.8,61.3,39,48.7,1016,9.9,0,
3/11/2005,73.8,52.8,63.1,31.5,32.9,1020.1,9.9,0,
3/12/2005,81.6,49.7,65.8,44.3,47,1012.7,9.9,0,
3/13/2005,85.1,56,67.1,47.4,54.3,1008.4,9.9,0,
3/14/2005,64.1,45.2,54.4,31.7,43,1016,9.9,0,
3/15/2005,54.1,45.4,50.9,38.5,63,1013.3,9.7,0.009,rain
3/16/2005,53.2,43.5,47.7,36.8,66.9,1017.4,9.6,0.027,rain
3/17/2005,65,35.5,49.9,32.6,56.2,1017.8,9.9,0,
3/18/2005,75.8,44.2,60,44.6,59.3,1011.2,9.8,0,
3/19/2005,76.8,56.8,63.3,55.2,75.9,1013.3,9.6,0.315,rain
3/20/2005,77.4,50.9,62.8,55.7,79.4,1012.4,9.3,0,
3/21/2005,77.9,61.3,66.7,61.2,84.1,1006.3,7.4,0.453,rain
3/22/2005,75.2,54.6,64.9,40.7,44,1010.2,9.9,0,
3/23/2005,74.5,45.2,60.3,42.9,54.7,1014.1,9.9,0,
3/24/2005,80.9,53.2,66.3,55.8,71.8,1010.2,8.9,0,
3/25/2005,81.2,61.2,70.9,61.5,74.3,1010.7,9.2,0.502,rain
3/26/2005,61.1,48.5,57.6,51.6,80.7,1010.8,9.3,0.382,rain
3/27/2005,62,44.5,51.2,39.1,66.3,1016.4,9.9,0.171,rain
3/28/2005,77.1,38.9,58.6,42,59.9,1013.7,9.7,0,
3/29/2005,75.8,54.2,65.2,58.2,78.7,1006.5,9.9,0,
3/30/2005,85.1,60.8,72.2,51.6,59,1007.8,7.2,0.006,rain
3/31/2005,83.9,55.3,68.3,53.4,60.9,1009.8,9.3,0.18,rain
4/1/2005,68.6,52,61.5,34.4,38.1,1021,9.9,0,
4/2/2005,72.8,44.6,58.9,33.9,41.7,1023.5,9.9,0,
4/3/2005,75.1,44.4,61.1,43.9,55.6,1019.7,9.9,0,
4/4/2005,76.1,55.3,65.2,57,76.4,1014.2,9.5,0,
4/5/2005,79.3,60.4,69.1,62.4,79.6,1009.1,8.6,0.19,rain
4/6/2005,77.4,51.2,65.6,47.6,56.3,1013.1,9.7,0.143,rain
4/7/2005,80.2,58.4,68.6,45.8,46,1016.4,9.9,0.286,rain
4/8/2005,78.6,51.8,66.8,49.8,55.7,1013.8,9.9,0,
4/9/2005,82.5,56.9,68.8,57,68.9,1007.8,8.8,0,
4/10/2005,81.8,65.5,71.1,63.6,78,1005.2,9.7,0,
4/11/2005,78.4,60.5,69,48.3,54.5,1009.1,9.8,0,
4/12/2005,80.9,50.4,65.2,41.9,47.6,1013.7,9.9,0,
4/13/2005,85.1,56.9,70.5,43.5,42.9,1015.8,9.9,0,
4/14/2005,78.4,53.2,66.4,47.4,51.9,1019.4,9.9,0,
4/15/2005,76.4,56.3,65.9,52,62.3,1021.7,9.3,0,
4/16/2005,78.4,52.5,65.8,54.4,69.2,1024.3,8.1,0,
4/17/2005,76.8,57.9,66.7,58,75.2,1023.8,8.9,0,
4/18/2005,72.2,64.3,67.2,61.8,82.8,1018.9,8.9,0.024,rain
4/19/2005,79.1,65.2,71,63.2,77.1,1014.9,9.9,0,
4/20/2005,79.3,66.4,71.3,65.5,82.4,1014.2,8.4,0.024,rain
4/21/2005,80.2,67.4,72.8,66.1,80.3,1013.9,9,0,
4/22/2005,87.8,66.5,75.4,60.9,65.5,1014.6,9.1,0,
4/23/2005,73.5,61.3,66.1,34.7,32.8,1020.6,9.9,0,
4/24/2005,70.5,45.9,60.1,34.9,41.8,1017.5,9.9,0,
4/25/2005,70.5,55.6,63.1,57,81.2,1008.1,9.3,0.054,rain
4/26/2005,78.4,58.6,67.5,45.8,52.1,1011.3,9.3,0,
4/27/2005,87.2,49.4,69.2,45.3,46.8,1015.7,9.9,0,
4/28/2005,88.5,64.1,75.1,61.7,66,1011.9,9.8,0,
4/29/2005,92.9,70.5,77.3,62.2,64.5,1007.6,8.7,0,
4/30/2005,71.5,49.4,60.2,46.2,62.2,1017.5,9.5,0.185,rain
5/1/2005,74.2,46.1,60.9,45.5,60.2,1020.8,9.8,0,
5/2/2005,74.9,53,63.8,49.3,61.9,1020.1,9.6,0,
5/3/2005,72.6,55.1,63.8,48.2,57.7,1021,9.9,0,
5/4/2005,75.1,56.8,65.6,53.6,68,1022.5,8.6,0.03,rain
5/5/2005,81.1,55.8,68.5,54.3,62.7,1022.8,9.9,0,
5/6/2005,82.7,58.3,70.9,55.2,59.9,1019.4,9.8,0,
5/7/2005,80.9,63.8,71.9,61.9,72.3,1015,9.3,0,
5/8/2005,69.6,60.9,65.4,63.1,92.1,1013.3,7.4,1.222,rain
5/9/2005,85.1,59.4,71.1,65.9,84.6,1013.1,7.9,0.158,rain
5/10/2005,84.7,69.2,76,67.9,77.4,1013.2,8.1,0,
5/11/2005,83.7,69.4,74.8,66.1,75.2,1013,9.4,0,
5/12/2005,82.3,69.2,74.7,67.5,79.2,1014.7,8.4,0,
5/13/2005,84.4,68.3,75.6,64.4,70.2,1014.4,9.4,0,
5/14/2005,82.6,65.1,73.7,64.1,73.5,1015.4,8.7,0.056,rain
5/15/2005,84.1,65.5,74.8,56.7,56.2,1015.9,9.7,0,
5/16/2005,75,63.2,69.3,55.7,62.4,1014.5,9.9,0,
5/17/2005,84.4,57.2,70.9,61.2,73.7,1011.5,8.7,0,
5/18/2005,85.1,69.2,76.3,66.6,73.3,1010.8,9.4,0,
5/19/2005,86.3,71,77.2,66.9,72.1,1012.4,9.9,0,
5/20/2005,90.6,70.1,79.5,67.7,69.7,1013.2,9.2,0,
5/21/2005,96.1,67.1,82.3,64.9,60.2,1012.5,9.5,0,
5/22/2005,95.9,71.4,83.9,64.5,55.3,1012,9.8,0,
5/23/2005,92.9,69.6,80.9,64.5,60.5,1010.7,9.7,0,
5/24/2005,92,71,80.9,66.6,64.2,1009.3,9.6,0,
5/25/2005,92.9,71.5,81.3,67,64.8,1009.4,9.3,0,
5/26/2005,83.9,74,77.8,66.5,68.7,1014.8,9.8,0.01,rain
5/27/2005,88.2,66.4,78.2,63.1,62.4,1015.6,9.1,0,
5/28/2005,87.8,67.4,78.2,68.2,73,1012,8.5,0.299,rain
5/29/2005,85.1,65.5,73.2,66.8,81.6,1009.1,8.8,1.065,rain
5/30/2005,84.1,66.2,74.3,66.7,78.7,1008.8,9.2,0.244,rain
5/31/2005,87.4,69.6,77.5,67.3,73,1009.4,7.7,0,
6/1/2005,87.8,65.2,76.9,65.8,70.6,1009.5,9.3,0.811,rain
6/2/2005,89.2,67.8,79.1,67.9,70.5,1008.8,9.8,0.003,rain
6/3/2005,87.2,71.9,79,71.4,78.1,1006.4,8.4,0,
6/4/2005,91.3,75.4,81.9,71.7,72.7,1007.4,9.5,0,
6/5/2005,91.5,73.5,81.9,70.1,69.5,1010.7,9.9,0,
6/6/2005,91.3,74.5,81.9,70.2,69.7,1012.1,9.9,0,
6/7/2005,92.2,75.4,83,72.2,71.8,1010.3,9.8,0,
6/8/2005,91.5,77.1,83.2,72.8,72.3,1010.2,9.9,0,
6/9/2005,91.3,77.3,82.4,71.4,70.6,1009.9,9.8,0,
6/10/2005,92,75.4,82.3,69.3,66.9,1008.7,9.8,0,
6/11/2005,92.5,74.9,82.6,69.1,66.2,1008,9.5,0,
6/12/2005,92,74.2,82.3,69.2,66.9,1008.5,9.9,0,
6/13/2005,90.2,74.9,81.4,72.1,74.2,1010.1,9.9,0,
6/14/2005,94.1,74.5,83.8,70.7,67.6,1013.5,9.5,0,
6/15/2005,95.9,73.5,84.8,70.2,64,1014.6,9.9,0,
6/16/2005,97,73.1,85.1,67.3,58.1,1012.5,9.9,0,
6/17/2005,96.4,73.8,84.9,69.7,63,1009.3,9.9,0,
6/18/2005,95.3,75.8,84.8,69.9,64.2,1010.8,9.9,0,
6/19/2005,94.4,74.9,84.6,69.8,63.6,1014.2,9.9,0,
6/20/2005,93.4,75.4,84,66.5,58,1017.3,9.7,0,
6/21/2005,93.4,66.6,81.1,61.1,53.6,1018.9,9.7,0,
6/22/2005,92.9,67.1,81.6,61.5,54,1018.9,9,0,
6/23/2005,94.1,71.2,83.3,63.6,55.5,1017.3,9.4,0,
6/24/2005,94.4,69.8,82.5,64,57.2,1015.8,9.8,0,
6/25/2005,93.7,68.4,82.6,64.2,57.8,1015.3,9.2,0,
6/26/2005,94.1,71.9,83.1,65.4,58.8,1015.8,9.2,0,
6/27/2005,94.1,72.4,83.3,65.9,58.7,1016.4,9.2,0,
6/28/2005,95.5,72.4,84.3,65.3,56.5,1015.6,9.9,0,
6/29/2005,97,71.9,85.1,67.8,59.6,1014.3,9.8,0,
6/30/2005,98.2,75.8,87.2,70.2,60.2,1013.4,9.9,0,
7/1/2005,100.3,75.6,88,69.2,58,1012.3,9.7,0,
7/2/2005,101,75.2,88,68.8,56.8,1011.5,9.9,0,
7/3/2005,100.3,77.3,88.3,70.5,59.3,1011.3,9.9,0,
7/4/2005,100.1,77.3,87.6,70.5,60.2,1013.3,9.9,0,
7/5/2005,98.2,74.5,85.9,68.6,60.4,1015.6,9.8,0,
7/6/2005,102.1,75.2,88.8,66.4,50.7,1013.7,9.9,0.001,rain
7/7/2005,101.2,71.2,86.2,67.2,56.9,1013.1,9.6,0.26,rain
7/8/2005,95.1,69.4,81.7,67.9,66.8,1014.9,9.7,0,
7/9/2005,96.4,73.3,84.5,67.6,60.7,1013.6,9.7,0,
7/10/2005,96.8,73.5,85.6,67.3,58.1,1012,9.7,0,
7/11/2005,98.8,74.2,85.5,68.2,59.1,1012.2,9.5,0.173,rain
7/12/2005,97.9,74.5,85.8,68.8,60.3,1016.3,9.9,0,
7/13/2005,98.2,76.2,84.8,70,64,1016,9.9,0,
7/14/2005,98.2,72.2,81.1,71.3,75.4,1012.9,9.6,0.893,rain
7/15/2005,88,70.5,78.3,71.2,80.1,1013.2,8.9,0.057,rain
7/16/2005,86.3,74,78.5,71.3,79.3,1015.5,9.5,0.077,rain
7/17/2005,83.5,73.7,77.9,73.2,85.9,1016.1,9.1,0.285,rain
7/18/2005,92.7,75.1,82.7,73.4,75.8,1016,8.6,0,
7/19/2005,94.1,74.2,83.2,71.1,69.6,1016,9.8,0.03,rain
7/20/2005,89.5,77.1,80.8,73,78.3,1017.2,9.6,0.104,rain
7/21/2005,92,75.6,82.4,72.3,72.9,1019.1,9.7,0.034,rain
7/22/2005,96.1,75.4,84.1,71.3,68.8,1019.1,9.9,0.009,rain
7/23/2005,93.8,74.9,82.7,71,69.8,1018.6,9.8,0.001,rain
7/24/2005,92.2,74.5,81.9,71.7,74,1018.1,9.8,0.305,rain
7/25/2005,93.8,73.8,83.5,70.3,67.9,1016.4,9.9,0,
7/26/2005,91.5,74.7,83.5,71.2,68.3,1014.5,9.8,0,
7/27/2005,93,74,82.9,70.6,68.6,1016,9.6,0.121,rain
7/28/2005,91.8,71.5,79.4,70.6,76.2,1018.4,9.8,0.15,rain
7/29/2005,89,75.4,79.4,71.4,77.2,1019.6,9.8,0.02,rain
7/30/2005,95.6,71.7,82.5,68.6,67,1019.4,8.9,0,
7/31/2005,95.6,69.6,83.7,59.9,49.9,1018,9.5,0,
8/1/2005,97,71.6,81.6,64.1,57.9,1016.8,9.6,0.075,rain
8/2/2005,95.9,73.5,84.7,68.1,60.7,1015.7,9,0,
8/3/2005,97,74.2,86,69.1,59.3,1014.7,9.6,0.005,rain
8/4/2005,97.1,75.2,83.6,70.1,66.9,1016.4,9.8,0.222,rain
8/5/2005,89.5,70.5,77.2,69.5,78.4,1019.5,9.2,0.938,rain
8/6/2005,95.1,72.4,82.1,67.7,64.7,1018.1,9.9,0,
8/7/2005,94.1,74.5,83.9,68.7,62.6,1016.8,9.9,0,
8/8/2005,95.6,73.3,81.5,70.7,72.3,1016.3,9.2,0.161,rain
8/9/2005,88.5,72.2,78.7,70.5,77.9,1016.3,8.9,0.111,rain
8/10/2005,80.7,71.1,77.1,71.7,83.7,1015.7,9,0.684,rain
8/11/2005,93.1,73.8,82,69.7,69.8,1015.7,9.5,0,
8/12/2005,94.1,75.8,83.9,71.7,69,1014.9,9.9,0,
8/13/2005,92.9,76.6,84.1,71.4,68,1013.5,9.8,0,
8/14/2005,96.4,79.1,85.1,72.4,67.6,1013.8,9.9,0,
8/15/2005,91.5,76.8,83.2,73,72.8,1017.3,9.8,0.021,rain
8/16/2005,95.3,75.6,83.3,71.9,71.1,1018.3,9.7,0,
8/17/2005,97,75.6,84.7,70.4,66.1,1015.6,9.8,0,
8/18/2005,97.3,75.4,85.8,70.3,63.4,1014,9.9,0,
8/19/2005,96.6,77.9,84.2,71.7,68.2,1015.6,9.9,0,
8/20/2005,97.7,75.2,85.7,69.8,63.1,1018.1,9.9,0,
8/21/2005,97.9,75.6,86.1,67.8,58.3,1018,9.9,0,
8/22/2005,99.8,74.9,87,68.3,57,1014.4,9.9,0.009,rain
8/23/2005,100.8,76.8,87.8,68.9,56.1,1012,9.9,0,
8/24/2005,97.3,75.2,86.7,69.5,59.8,1013.1,9.9,0,
8/25/2005,98,74.9,86.7,69.8,60.4,1015.7,9.9,0,
8/26/2005,98.9,76.8,87.8,70,59.1,1013.8,9.8,0,
8/27/2005,100.8,77.6,89.1,69.7,55.6,1010.6,9.9,0,
8/28/2005,93.4,74.5,83.3,68.2,61.9,1008.9,9.9,0,
8/29/2005,95.3,76.4,85.3,67.1,56.5,1006.7,9.9,0,
8/30/2005,96.4,72.2,85.1,62.6,50.5,1009,9.9,0,
8/31/2005,100.3,73.8,86.8,63.6,50.5,1011,9.7,0,
9/1/2005,99.1,74,86.6,65.9,55.5,1014.9,9.6,0,
9/2/2005,93.4,74.5,82.6,69.4,65.8,1017.9,9.9,0.015,rain
9/3/2005,93.4,70.5,81.3,67.8,65.8,1019.4,9.2,0,
9/4/2005,93.1,73.5,83,66.4,61,1018.5,7.7,0,
9/5/2005,96.6,69.3,83.3,60.5,49.3,1018.1,9.8,0,
9/6/2005,93.8,69.6,82,64.5,58.4,1019.3,8.5,0,
9/7/2005,92.9,69.8,81.1,59.7,53,1020.4,8.9,0,
9/8/2005,92.7,69.1,80.8,58.2,48.3,1018.7,9.9,0,
9/9/2005,94.6,70.5,82.6,63.1,55.1,1016.6,9.7,0,
9/10/2005,89.9,72.2,79.3,70.2,74.5,1015.7,9,0.04,rain
9/11/2005,76.6,73.4,75.2,72.9,92.7,1017.5,7.6,0.706,rain
9/12/2005,89.4,72.4,78.1,72,83.6,1017.3,7.7,0.465,rain
9/13/2005,93.4,73.6,82,71.5,74,1014.6,9.4,0,
9/14/2005,93.9,74,83.5,70.5,68,1013.6,9.9,0,
9/15/2005,95.8,77.8,85.4,71.9,66.6,1014.4,9.9,0,
9/16/2005,94.8,79.3,83.9,72.9,71.1,1017.6,9.9,0,
9/17/2005,97.3,73.8,84.5,69.7,65,1015.9,9.8,0,
9/18/2005,96.6,75.1,85.2,69.5,63.1,1015.4,9.8,0,
9/19/2005,96.6,74.5,84.6,69.2,63.9,1018.7,9.8,0,
9/20/2005,96.1,71.6,82.9,68.1,64.1,1020.3,8.7,0,
9/21/2005,98.2,73.5,85,64.7,54.5,1016.9,9.9,0,
9/22/2005,99.8,73.5,86.1,61.8,48.5,1011.8,9.7,0,
9/23/2005,97.8,75.9,87.1,62.5,45.3,1008.9,9.8,0,
9/24/2005,98.5,80.7,88.2,64.6,46.5,1004.8,9.9,0,
9/25/2005,106.8,69.9,87.4,61.5,47.4,1009.5,9.9,0,
9/26/2005,106.5,76.1,90,67,53.9,1013.2,8.8,0,
9/27/2005,101.9,75.4,87.9,67.1,52.2,1014.7,9.9,0,
9/28/2005,104.6,73.8,88.6,65.8,51.8,1011.8,9,0,
9/29/2005,86.3,70.8,75.9,61.5,61.4,1017.7,9.9,0,
9/30/2005,87.8,70.5,77.5,64.4,64.5,1015.5,9.8,0,
10/1/2005,94.4,74.5,82.9,67.9,64.3,1014,7.6,0,
10/2/2005,93.7,72.9,81.7,69.3,68.5,1016,9.6,0,
10/3/2005,93.8,76.1,82.5,70.7,70.1,1016.9,9.1,0,
10/4/2005,87.6,74.7,79.6,70.9,75.9,1015.8,9.3,0.108,rain
10/5/2005,93.1,73.1,81.1,68.7,69.2,1014.2,8.4,0.003,rain
10/6/2005,78.8,57.7,72.5,60.3,66.5,1016.5,9.9,0,
10/7/2005,57.7,52.5,54.9,46.9,75,1018.5,9.4,0.106,rain
10/8/2005,80,54.6,65.9,46.3,53.8,1014.4,9.9,0,
10/9/2005,84.4,52.7,68,48.4,52.1,1011,9.9,0,
10/10/2005,70.8,60.6,66.3,61.8,85.7,1011,6,1.112,rain
10/11/2005,74,65.5,68.1,65.3,90.8,1014.7,3.9,0.134,rain
10/12/2005,86.9,63.2,73.7,63.8,74.4,1016.1,6.6,0,
10/13/2005,84.7,67.1,75.2,60.3,62,1018.4,9.2,0,
10/14/2005,86.7,65.7,74.6,56.7,55.8,1021.5,9.8,0,
10/15/2005,85.4,60.3,72.2,53,55.8,1019.6,9.7,0,
10/16/2005,84.4,58.8,71.1,55.1,59.4,1018.4,9.7,0,
10/17/2005,87.2,60.3,72.9,54.7,56.2,1017.8,9.8,0,
10/18/2005,89.2,59.9,74.4,56,56.8,1016,9.7,0,
10/19/2005,89.9,61.7,75.1,60.3,63.9,1014.2,8.9,0,
10/20/2005,89.9,65.9,76.7,61.3,63.9,1012.6,9.4,0,
10/21/2005,84.4,62.5,73.1,50,45.6,1016.2,9.8,0,
10/22/2005,80,56,66.1,49,56.2,1016.5,9.9,0,
10/23/2005,76.6,51.4,61.5,43.5,55.9,1016.9,9.9,0,
10/24/2005,66.2,45.2,53.9,29.3,41.1,1025.9,9.9,0,
10/25/2005,72.8,40.8,54.5,31.1,46.9,1022.9,9.9,0,
10/26/2005,75.8,40.5,58.3,35.6,47.1,1017.9,9.9,0,
10/27/2005,75.7,54.2,63.6,44.2,52.4,1019.9,9.9,0,
10/28/2005,74.2,50,61.2,39.3,47.2,1025.3,9.9,0,
10/29/2005,76.1,50.2,62.6,43.7,52,1025.1,9.9,0,
10/30/2005,81.6,54.9,67.8,56.3,68.8,1023,8.5,0,
10/31/2005,79.5,54.8,65.7,57.9,76.6,1021.4,9.5,0.549,rain
11/1/2005,73.3,46.8,57.8,37,52.6,1026.1,9.9,0,
11/2/2005,78.4,42.8,59.5,34.5,48.3,1025,9.9,0,
11/3/2005,80.2,47,63.5,47.8,60.7,1020.9,9.9,0,
11/4/2005,80.2,58.1,68.5,56.2,67.9,1014.7,9.9,0,
11/5/2005,87.2,63.6,74.3,60.4,65.3,1011.5,9.9,0,
11/6/2005,86.9,65.9,74.8,64.4,72.5,1016.6,9.2,0,
11/7/2005,87.1,71,77,67,73.5,1019.8,9.5,0,
11/8/2005,87.6,70.3,77.4,67.5,73.8,1019.2,9.7,0,
11/9/2005,84.6,71.3,76.4,66.3,72.2,1019.4,9.9,0,
11/10/2005,81.2,60.4,70,48.4,47.5,1022.4,9.9,0,
11/11/2005,81.4,58.4,70.2,57.8,65.7,1018.3,9.6,0,
11/12/2005,80.5,70.3,74.4,65.7,74.8,1013.6,9.9,0,
11/13/2005,86.3,70.3,77,65.5,69.4,1017.8,9.9,0,
11/14/2005,83.2,65.8,74,61.1,65.3,1015.6,9.8,0,
11/15/2005,77.4,52.3,67.1,49.4,57.5,1016.3,9.9,0,
11/16/2005,57.4,39.8,48,15.7,28.2,1033.2,9.9,0,
11/17/2005,60.4,30,46.4,18.8,38.2,1031.6,9.9,0,
11/18/2005,59.3,47.2,52.6,26,36,1028.3,9.9,0,
11/19/2005,67.8,49.8,55.6,31.8,41.2,1021.5,9.9,0,
11/20/2005,66.4,47.5,55.7,32.6,43.8,1023.2,9.9,0,
11/21/2005,68.6,37.7,52.1,30.9,48.5,1022,9.9,0,
11/22/2005,76.6,44.4,57.4,32.2,42.6,1020.5,9.9,0,
11/23/2005,86.3,44,63,30.5,35.5,1015.1,9.9,0,
11/24/2005,81.4,47,63.8,37.5,40.9,1011.9,9.9,0,
11/25/2005,79.1,55.7,67.1,58.2,75.3,1014.2,7.1,0,
11/26/2005,71.2,58.1,63.1,58.2,85.2,1010.1,8.6,0.487,rain
11/27/2005,84.7,58.6,68.5,50.2,61.5,1001.1,7.8,0.009,rain
11/28/2005,63.6,42.1,53.9,19.5,28.2,1011,9.9,0,
11/29/2005,59.4,33.8,46.4,25.3,46.6,1021,9.9,0,
11/30/2005,72.4,34.7,53.6,38.9,60.2,1017.5,9.9,0,
12/1/2005,63.2,43.5,54.7,30.4,44,1020.7,9.9,0,
12/2/2005,73.3,36.5,54,39.6,59,1016.6,9.9,0,
12/3/2005,81.2,60.4,68.9,59.4,73.7,1010.6,8.9,0,
12/4/2005,71.2,44.5,54.8,36.6,51.2,1015.9,9.7,0.005,rain
12/5/2005,54.4,32.9,43.3,22.1,44.8,1024.6,9.9,0,
12/6/2005,60.2,26.5,43.6,24.7,52.5,1022.6,9.9,0,
12/7/2005,51.6,25.8,38.6,33.1,81.3,1023.8,6.9,0.096,rain
12/8/2005,35,23.6,28.1,18.4,67.6,1031.7,9.4,0.009,rain
12/9/2005,42.9,27.6,35.1,16.8,47.9,1030,9.9,0,
12/10/2005,71,41.4,52.3,30,43,1021.6,9.9,0,
12/11/2005,63.4,39.5,50.6,26.1,41.2,1023.4,9.9,0,
12/12/2005,70.5,44.4,55.4,30.9,41.9,1020,9.9,0,
12/13/2005,70.5,40.7,56.9,45.4,65.9,1016.6,9.9,0,
12/14/2005,67.4,45.4,58.6,49.5,72.8,1012.8,9.9,0,
12/15/2005,57.2,38,47.6,21.1,38,1020.7,9.9,0,
12/16/2005,48.4,38.2,43.6,25.5,49.9,1021,9.9,0,
12/17/2005,48.2,39.1,43.8,35,71.1,1023.9,9.9,0.012,rain
12/18/2005,54.4,39.9,47.3,37.8,70.4,1031,9.9,0,
12/19/2005,56.5,36.7,47.3,30.3,53.5,1031.3,9.8,0,
12/20/2005,52.1,45.7,48.5,33,55,1027.8,9.9,0,
12/21/2005,56,34.1,45.1,32.6,63.1,1028.6,8.9,0,
12/22/2005,64.1,32.9,47.2,34.6,64.3,1024.7,8.7,0,
12/23/2005,72.2,37.7,55.8,42.3,63.5,1015.4,9.6,0,
12/24/2005,72.4,50.4,61.2,33.3,42.1,1014.8,9.8,0,
12/25/2005,74.3,46.8,56.8,24.3,30.4,1017.9,9.9,0,
12/26/2005,79.5,40.5,60.4,34.9,41.1,1015.8,9.9,0,
12/27/2005,75.4,54.5,63.5,51.4,67.7,1012.1,9.2,0,
12/28/2005,72.4,46.6,59.4,31,35.5,1013.5,9.9,0,
12/29/2005,73.3,41,57.4,36.8,50.7,1010.8,9.9,0,
12/30/2005,74,45.6,62.2,41.7,54.7,1010.6,9.2,0,
12/31/2005,77.1,36.7,56.8,38,52.9,1011.3,9.9,0,
1/1/2006,83.7,63.1,71.3,55.5,62.7,1007,7.6,0,
1/2/2006,78.6,51,64.4,24.1,22.8,1014.8,9.9,0,
1/3/2006,85.1,42.1,62.1,33.9,39.1,1017.3,9.9,0,
1/4/2006,76.1,49.8,61.5,34.9,41.9,1019.3,9.5,0,
1/5/2006,68.7,49,57.4,26.1,31.9,1025.8,9.9,0,
1/6/2006,65.3,41.5,51.5,20.7,31.9,1027.2,9.9,0,
1/7/2006,78.8,34.1,57.2,22.3,31,1019.3,9.9,0,
1/8/2006,77.6,51.8,62.7,38.9,44.1,1013.9,9.9,0.129,rain
1/9/2006,79.2,53.6,64.6,49.9,63.1,1017.7,9.7,0,
1/10/2006,62.9,39.6,49.9,27.3,43.3,1025.2,9.9,0,
1/11/2006,73.3,35,53.1,29.8,44.7,1018.6,9.9,0,
1/12/2006,75.1,52.1,65.3,55.7,72.3,1011.7,9.9,0,
1/13/2006,65.5,44.5,56.4,24.6,33.1,1023.3,9.9,0,
1/14/2006,68,36.3,51.8,16.1,28,1025.7,9.9,0,
1/15/2006,71.6,49,61.1,42.5,51.1,1014.9,9.9,0,
1/16/2006,66.9,53.7,61.9,51.9,70.9,1006.9,9.9,0.022,rain
1/17/2006,59.5,38.6,50.8,22.4,35.1,1018.7,9.9,0,
1/18/2006,71.7,35.6,54.4,22.5,33.9,1021.2,9.9,0,
1/19/2006,75.1,53.9,63.5,49.4,62.4,1016.2,9.9,0,
1/20/2006,78,51.9,64.4,48.6,59.6,1015.6,9.9,0,
1/21/2006,60.3,43.5,52.5,29.3,42.2,1023.9,9.9,0,
1/22/2006,49.1,46.6,47.8,44.9,89.4,1020.5,6.8,0.43,rain
1/23/2006,63.4,42.6,51.6,39.4,65.2,1023.3,9.9,0,
1/24/2006,70.7,37,51.5,31.8,53.4,1026.4,9.9,0,
1/25/2006,70.7,40.4,55.4,30.6,43.1,1030.5,9.9,0,
1/26/2006,62.4,49.8,55.1,33.5,45,1028.4,9.9,0,
1/27/2006,70.1,50.7,58.4,49.8,73.6,1023.9,9.6,0,
1/28/2006,69.8,54,63.6,58.5,83.8,1015.5,8.2,1.043,rain
1/29/2006,79.8,39.2,60.1,32.8,43.3,1013.1,9.8,0,
1/30/2006,70,43.6,58.1,26,31.7,1016.5,9.9,0,
1/31/2006,73.5,36.3,55.4,33.1,48.5,1016.7,9.9,0,
2/1/2006,66.1,56.2,60.2,56.2,86.9,1007.6,6.1,0.118,rain
2/2/2006,75.8,49.1,60.6,42.8,60.2,1004.2,7.6,0.002,rain
2/3/2006,64.6,45.9,56.2,38.1,52.1,1010.5,9.9,0,
2/4/2006,70.5,40.2,53.6,25.7,39.2,1019.8,9.9,0,
2/5/2006,79.5,37.5,58.1,37.7,49.6,1012.4,9.9,0,
2/6/2006,64.8,45.9,56.3,29.1,38.2,1021.1,9.9,0,
2/7/2006,65.4,36.6,50.2,24.1,40.3,1028.1,9.9,0,
2/8/2006,72.1,39.8,55,23.9,34,1024.1,9.9,0,
2/9/2006,71.2,42.4,57,36.6,48.8,1022.2,9.9,0,
2/10/2006,60.1,46.3,54.1,46.4,76.2,1017.5,8.1,0.197,rain
2/11/2006,52.3,36,44,16,35.6,1029.9,9.9,0,
2/12/2006,66.4,28,46.7,13,31.1,1029.1,9.9,0,
2/13/2006,65,31.3,49.2,16.9,30.7,1026.7,9.9,0,
2/14/2006,76.1,36.6,56.8,36.5,50.4,1016.9,9.9,0,
2/15/2006,78.4,56.9,65.8,56,72.5,1013.3,9.9,0,
2/16/2006,82.3,67.1,72.4,59.9,66.3,1012.8,9.9,0,
2/17/2006,69.1,41.3,45.8,29.8,53.7,1025.1,9.8,0.033,rain
2/18/2006,40.3,29.2,34.8,28.2,76.9,1028.9,8.7,0.012,rain
2/19/2006,36.2,28.3,32,28.2,85.8,1027.6,6.2,0,
2/20/2006,43,34.3,39.3,36.5,90,1021.6,3,0.003,rain
2/21/2006,54.4,42.4,47.9,46.1,93.8,1016,2.3,0.011,rain
2/22/2006,69.2,52.5,58.8,55.8,90.4,1012.7,3.3,0.003,rain
2/23/2006,69.4,46.3,55.8,39.3,57.9,1021.3,8.9,0,
2/24/2006,60.1,48.1,54,40.6,60.8,1020.7,9.9,0,
2/25/2006,60.2,53,55.2,51.8,88.7,1019.7,5.9,0.542,rain
2/26/2006,66.6,46.7,55.3,42.2,64.3,1030.2,9.5,0.009,rain
2/27/2006,75.1,40.9,58.5,44,62.6,1022.3,8.9,0,
2/28/2006,82.3,52.1,67.5,53.3,63.3,1015.9,9.9,0,
3/1/2006,87.2,57.3,70.4,55.8,64.7,1013.5,9.4,0,
3/2/2006,86.3,56.2,71.2,56.3,63.2,1014.5,9.5,0,
3/3/2006,76.6,62.1,68.3,51.1,55.4,1021.1,9.9,0,
3/4/2006,74.2,51.7,64.4,49.1,58.8,1021.7,9.7,0,
3/5/2006,79.2,64.1,70.5,60.3,71.6,1021.2,8.4,0,
3/6/2006,80.8,64.7,71,60.9,71.9,1021.4,9.1,0,
3/7/2006,79.4,64.2,70.7,60.7,72.1,1017.2,9.1,0,
3/8/2006,86.3,65.9,73.4,60,65.4,1007.2,9.9,0,
3/9/2006,78.8,53.8,68.8,36.9,38.7,1002.5,9.8,0.24,rain
3/10/2006,91.3,48.7,68.7,45.4,46.1,1003.7,9.8,0,
3/11/2006,88.2,69.2,76.5,63.6,66.3,1007.2,9.1,0,
3/12/2006,88,71,76.9,65,68.1,1008.8,9.2,0,
3/13/2006,77.5,59.8,68.9,30.3,32,1014.7,9.3,0.012,rain
3/14/2006,71.5,49.2,59.7,25.7,29,1023.8,9.9,0,
3/15/2006,77.3,47.9,62.5,40.6,45.9,1021.6,9.9,0.009,rain
3/16/2006,79.3,61.1,68.5,60.9,78.4,1018.2,5.9,0.01,rain
3/17/2006,66.4,60.6,64.1,37.8,38.9,1020.6,9.9,0,
3/18/2006,68.3,57.3,63.3,55.5,77.2,1014.1,6.5,0.2,rain
3/19/2006,75.3,57.1,65.5,61.3,86.6,1007.1,4.6,0.145,rain
3/20/2006,77.3,56.1,65.2,41.9,52.7,1005.4,9,2.667,rain
3/21/2006,67.4,44.1,55.3,29.6,38.6,1018.1,9.9,0,
3/22/2006,56.4,41.3,49.8,35.9,59.1,1022.4,9.9,0,
3/23/2006,54.4,41.3,46.2,33.5,63,1029.4,8.6,0.145,rain
3/24/2006,61.9,33.9,47.3,27,48.7,1029.4,9.9,0,
3/25/2006,70.4,34.2,53.4,29.5,46.5,1023.9,9.9,0,
3/26/2006,75.1,39.8,59.4,41.8,53.9,1019.2,9.9,0,
3/27/2006,67.4,62.2,64.7,58.7,81.3,1018.9,7.2,0.095,rain
3/28/2006,65.8,57.9,62.3,58.9,88.8,1020.8,7.1,2.843,rain
3/29/2006,79,56.2,66,59.1,79.9,1017.8,7.7,0.012,rain
3/30/2006,82.1,66.1,72.7,61.9,70.6,1013.6,9.9,0,
3/31/2006,82.1,69.4,74.3,65,73.6,1016.3,9.1,0,
4/1/2006,87.1,71.4,76.9,65,68.9,1015.4,8.5,0,
4/2/2006,89.1,69.1,78.1,64.6,65.9,1014.2,8.4,0,
4/3/2006,84,65.3,74.5,59.8,63.4,1018.3,8.9,0,
4/4/2006,86.3,65,74.5,54.7,50.4,1018.9,9.9,0,
4/5/2006,86.1,69.1,75.5,60.8,62.6,1013.1,9.9,0,
4/6/2006,87.4,68.3,75.6,62.4,65.7,1006,9.8,0.002,rain
4/7/2006,93.4,70.9,79.5,46.2,45.3,1006.4,8.6,0,
4/8/2006,75.2,53.8,64.9,40.4,41.4,1018.3,9.9,0,
4/9/2006,81.1,50.8,66.1,44.2,50,1019.4,9.9,0,
4/10/2006,82.6,54.8,68.9,48.9,54.3,1017,9.2,0,
4/11/2006,82.7,59.2,70.3,54.7,60.2,1018.1,9.8,0,
4/12/2006,83.7,65.7,72.7,60.9,68.1,1021.8,9.8,0,
4/13/2006,87.1,67.8,75.7,59.4,60.5,1021.7,9.9,0,
4/14/2006,88.3,59.5,73.5,56.7,59.8,1016.1,9.9,0,
4/15/2006,90.2,69.2,77,60.7,59.7,1009.4,9.9,0,
4/16/2006,95.1,67.6,79.6,63.7,61.4,1007.9,9.9,0,
4/17/2006,98.2,72.3,82.8,65.2,60,1007.5,9.3,0,
4/18/2006,97.9,70.2,80.6,65.2,64.1,1007,9.2,0.111,rain
4/19/2006,90.4,70,79.7,66.2,65.6,1009.1,9.5,0,
4/20/2006,77.1,65.4,71.6,62.9,74.7,1011.2,8.7,0.541,rain
4/21/2006,83,63.1,70.6,60.6,73.3,1014.7,9.3,1.211,rain
4/22/2006,86.8,60.1,73.7,59.3,64.5,1016.9,9.9,0,
4/23/2006,86.3,67.8,76.4,65.2,70.2,1014.9,8.9,0,
4/24/2006,83.3,71,76,67.7,76.1,1011.3,9.4,0,
4/25/2006,79.2,62.5,72.9,62.9,71.8,1012,8.5,0,
4/26/2006,74.9,59.1,65.3,48.8,56,1017.5,9.9,0.12,rain
4/27/2006,77.5,55.8,66.1,54.5,67.7,1017.3,9.2,0,
4/28/2006,87.3,66,74.4,64.9,74,1010.2,7,0.025,rain
4/29/2006,80.5,61.9,71.3,55.9,62.8,1009.2,9,0.831,rain
4/30/2006,88.1,51.9,72.2,46.5,47.5,1014.1,9.9,0,
5/1/2006,89.5,60.8,75.6,60.6,62.2,1014.1,9.7,0,
5/2/2006,88.2,70.2,76.9,67.6,74,1014.9,8.9,0.176,rain
5/3/2006,89.2,70.8,78.6,65.5,66.6,1014.3,9.3,0.016,rain
5/4/2006,86.6,64,77.9,66.9,70.1,1013.6,8.5,1.975,rain
5/5/2006,85.1,64.9,75.1,61.5,64.7,1013,9.6,0.435,rain
5/6/2006,81.1,62.3,71,64.5,80.9,1010,9,1.969,rain
5/7/2006,80.4,67.3,72.4,65.6,79.9,1012.5,6,0,
5/8/2006,83.5,61.3,72.8,65.9,80,1010.6,8,0.396,rain
5/9/2006,92.3,75.1,82.1,72.6,74.3,1006.4,5.6,0,
5/10/2006,88.5,70.2,80.7,67.1,65.4,1008.4,7.1,0,
5/11/2006,82.1,56.8,69.8,43.3,42.9,1020.1,9.9,0,
5/12/2006,85.1,52.5,70.2,46,47.4,1015.9,9.9,0,
5/13/2006,89.7,63.4,76.8,61,60.5,1011.4,9.9,0,
5/14/2006,80.4,65.9,73.8,66.5,78.2,1012.6,9.9,0.017,rain
5/15/2006,79.4,65,70.6,51.9,54.8,1020.4,9.8,0,
5/16/2006,84.9,54.8,71,47.2,47.1,1019,9.9,0,
5/17/2006,87.8,56.4,72.9,48,46.2,1016,9.9,0,
5/18/2006,92,56.2,75.2,50.5,46.9,1014.5,9.9,0,
5/19/2006,95.3,66.3,80.3,57,48.5,1012.7,9.9,0,
5/20/2006,92.2,67.1,79.4,62.3,59.1,1012.7,9.7,0,
5/21/2006,90.2,65.5,78.3,60.8,59,1012.8,9.8,0,
5/22/2006,90.4,70.7,80.2,63.9,60.8,1014.3,9.2,0,
5/23/2006,91.3,70.7,80.8,65.3,62,1015.9,9.7,0,
5/24/2006,91.8,73.3,81.4,66.5,63.2,1015.6,9.9,0,
5/25/2006,93.4,75.1,82.7,66.8,61,1013.2,9.9,0,
5/26/2006,93.4,74,82.5,66,60.1,1010.4,9.9,0,
5/27/2006,95.3,74.3,83,67,61.2,1009.6,9.9,0,
5/28/2006,88.1,68.8,78.9,66.1,66.5,1012,9.9,0.051,rain
5/29/2006,90.6,72.4,77.1,66.8,71.2,1014.1,9.9,0.002,rain
5/30/2006,88.5,70.7,77.9,66.1,68.8,1015.1,9.9,0,
5/31/2006,77.7,68.4,73.1,65.5,77.5,1017.1,9.7,0.083,rain
6/1/2006,78.6,69.4,72.1,67.3,85,1017.7,4.9,0.433,rain
6/2/2006,89.6,66.8,77.9,64.9,67.6,1016.7,7.4,0.002,rain
6/3/2006,92.2,68.4,80.5,62.9,59.5,1015.3,8.3,0,
6/4/2006,94.7,70,82.9,64.3,56.8,1012.8,9.7,0,
6/5/2006,93.8,70.1,82.5,64.2,56.7,1012.6,9.7,0,
6/6/2006,95.1,69.3,82.3,63,55.8,1013.1,8.9,0,
6/7/2006,96.4,70.8,83.5,66,59,1013.8,9.4,0,
6/8/2006,96.8,71.5,84.5,63.9,52.9,1015,9.8,0,
6/9/2006,94.8,71.9,84.9,62.6,49.6,1014.3,9.9,0,
6/10/2006,95.9,71,84.3,59.8,46.7,1010.9,9.8,0,
6/11/2006,95.1,71.5,83.6,65.3,57.9,1009.9,8.9,0,
6/12/2006,97,73.4,84.4,62.3,52.4,1013.6,9.8,0,
6/13/2006,101,73.5,87.8,58,38.8,1014.8,9.9,0,
6/14/2006,96.1,77.1,86,59,42.8,1014.7,9.2,0,
6/15/2006,96.8,75.2,85,66.3,57.1,1013.4,9.2,0,
6/16/2006,93.6,77,84.1,69.9,64.4,1011.8,9.1,0,
6/17/2006,89.9,69.7,80.6,70.8,73.3,1012.5,8.8,1.299,rain
6/18/2006,93.6,68,80.3,66.9,67.3,1014.9,9.4,0.716,rain
6/19/2006,92.9,70.8,81.9,68.2,65.7,1015.2,9.8,0.063,rain
6/20/2006,86.3,74,77.9,70,77.4,1015.3,9.6,0.208,rain
6/21/2006,88.3,74.9,80.5,70.3,72.3,1015.7,9.7,0.174,rain
6/22/2006,92.2,75.8,82.6,70.9,69.4,1018,9.9,0.004,rain
6/23/2006,93.2,72.9,83.5,69.6,66.2,1018,9.2,0,
6/24/2006,87.2,72.3,80,70.3,73.4,1017.7,9.5,0.165,rain
6/25/2006,93.8,71.9,83.3,66.3,60.9,1017.1,9.9,0,
6/26/2006,91.4,73.1,82.7,56.6,41.9,1017.2,9.9,0,
6/27/2006,89.7,63.5,78.4,52.6,43.5,1019.4,9.9,0,
6/28/2006,91.1,64.7,79.1,53.8,44.7,1020.8,9.9,0,
6/29/2006,92,69.8,81.4,60.4,51.9,1020.5,9.8,0,
6/30/2006,92.4,73.1,82.3,65.2,59.2,1018.2,9.7,0,
7/1/2006,88,73.1,77.9,67.4,71.1,1019,9.9,0,
7/2/2006,86.8,71.4,76.2,69.3,80,1020,8.8,0.224,rain
7/3/2006,90.8,72.4,80.1,69.6,73,1018.7,9.4,0.029,rain
7/4/2006,89.9,73.8,78.8,71.1,78.2,1016.7,9.3,0.209,rain
7/5/2006,89.8,71.4,79.4,70.4,75.9,1015.2,8.3,0.115,rain
7/6/2006,91.2,74.6,81.9,70.2,69.6,1017.2,9.3,0.113,rain
7/7/2006,89.9,74.2,81.1,68.4,68.2,1019.5,8.4,0.009,rain
7/8/2006,92.4,75.8,82.8,70.1,66.9,1018.3,9.6,0.004,rain
7/9/2006,94.3,74.7,83.2,70.9,68.3,1015.7,9.9,0,
7/10/2006,96,76.8,85,69.8,63.4,1014.5,9.9,0,
7/11/2006,98.1,77.1,85.8,69.8,62,1015.8,9.6,0,
7/12/2006,97.5,74.7,85.5,69.1,61.5,1016.8,9.7,0,
7/13/2006,96.8,76.6,85.9,70,61.8,1016.1,9.9,0,
7/14/2006,96.1,75.8,84.7,69.4,62.6,1016.6,9.9,0,
7/15/2006,97.4,75.1,86.1,67.1,56.7,1019,9.9,0,
7/16/2006,98.6,74.8,87.5,67.3,54.4,1018.2,9.9,0,
7/17/2006,100.5,77.1,89.1,67.6,52.5,1015.9,9.9,0,
7/18/2006,102.3,76.5,89.4,65.8,49.1,1015.3,9.9,0,
7/19/2006,98.4,74.9,86.9,67.2,54.9,1016,9.9,0,
7/20/2006,96.3,76.8,85.1,67.9,59,1017.4,9.9,0.002,rain
7/21/2006,98.3,74,86.4,67.3,56.7,1016.5,9.9,0,
7/22/2006,98.6,75.2,84.5,68.4,60.6,1014.9,9.9,0.076,rain
7/23/2006,97.7,74.9,86.1,61,48.6,1013.5,9.9,0,
7/24/2006,98.6,72.6,84.5,67.4,59.7,1013.3,9.9,0,
7/25/2006,92.8,75.3,82.3,68.8,65.8,1013.7,9.9,0,
7/26/2006,91.1,74.9,81.7,70,69.3,1011.9,9.8,0.009,rain
7/27/2006,93.8,74.5,83.6,70.2,66.2,1013,9.9,0,
7/28/2006,97.5,78.1,86.4,68.9,59.1,1016.8,9.9,0,
7/29/2006,99.5,76.8,87,69.8,60.5,1017.6,9.8,0,
7/30/2006,98.6,75.8,86.4,68.4,59.2,1014.7,9.9,0,
7/31/2006,98.6,77.6,86.7,68.7,58.5,1012.8,9.9,0,
8/1/2006,99.5,78.4,86.6,68.6,58.4,1014.9,9.9,0,
8/2/2006,97.2,76.6,85.2,70.5,64,1016.1,9.1,0,
8/3/2006,99.8,77.1,87,68.3,58.4,1016,9.8,0,
8/4/2006,99.6,75.4,86.4,68.8,59.5,1016.5,9.8,0,
8/5/2006,98.8,74,86.7,66.8,55.4,1015,9.9,0,
8/6/2006,97.8,75.1,83.7,69.2,64.6,1015.6,9.9,0.011,rain
8/7/2006,94.3,75.1,83.1,70,66.5,1018.2,9.9,0,
8/8/2006,97.7,74.8,85.3,68.6,61.3,1019.5,9.8,0,
8/9/2006,99.5,75.2,87.6,68.4,57.5,1017.9,9.8,0,
8/10/2006,100.2,74.9,87.8,67.7,55.8,1015,9.9,0,
8/11/2006,100.5,77.1,88,68.3,56.3,1011.8,9.9,0,
8/12/2006,100.8,75.6,87,68.6,58.5,1012,9.9,0,
8/13/2006,100.2,76.8,87.3,69.1,58.2,1014.1,9.9,0,
8/14/2006,100,78.9,87.5,68.6,57.3,1016,9.9,0,
8/15/2006,101,75.6,88.1,67.5,55.8,1015.7,9.7,0,
8/16/2006,103.3,75.2,88.8,67.6,55.1,1015.7,9.8,0,
8/17/2006,102.3,75.6,89.5,66,50.9,1015.6,9.9,0,
8/18/2006,100.3,78.7,89.5,66.7,49,1014.6,9.9,0,
8/19/2006,95.8,76.3,86.1,67.9,56.5,1014.5,9.9,0,
8/20/2006,100.4,76.1,87.4,67.9,56.1,1014.7,9.9,0,
8/21/2006,100.1,76.4,88.1,68.2,55.5,1016.4,9.9,0,
8/22/2006,99.4,75.8,87.9,67.7,55.1,1018.3,9.9,0.105,rain
8/23/2006,98.5,78.5,87.8,68,55,1016.4,9.9,0,
8/24/2006,101.5,75.4,88.4,67.3,54.2,1012,9.9,0,
8/25/2006,101,77.7,88.9,68.2,54,1010.5,9.9,0,
8/26/2006,102.1,79.7,89.1,69.2,56.2,1011.3,9.9,0,
8/27/2006,101.8,78.5,88.2,69.8,58.2,1012.9,9.9,0,
8/28/2006,94.9,78.9,84.5,69.7,62.7,1014.1,9.8,0,
8/29/2006,88,73.2,80.3,68.6,68.5,1015.9,9.7,0.167,rain
8/30/2006,93.8,73.5,82.1,60.2,50.5,1015.6,9.9,0,
8/31/2006,99.8,67.7,84.6,56.4,42.3,1014.3,9.9,0,
9/1/2006,100.2,72.2,87.7,59.8,43.3,1014,9.9,0,
9/2/2006,97,77.6,87.7,59.8,40.9,1014.7,9.9,0,
9/3/2006,92,76.5,83.9,64.8,54,1016.5,9.6,0,
9/4/2006,91.4,73.5,81.2,64.5,58.3,1017.3,8.3,0,
9/5/2006,80.1,69.4,72.8,65.3,78.4,1020.3,7,0.233,rain
9/6/2006,88.7,66.5,77.1,53.4,47.9,1018.5,9.9,0,
9/7/2006,91.3,66.2,78.5,53.8,44.4,1015.5,9.9,0,
9/8/2006,88.6,66.1,77.4,60,57.2,1015.3,9.5,0.071,rain
9/9/2006,84.6,70.1,76.1,65.9,71.9,1014.7,8.6,0.004,rain
9/10/2006,95,71.9,81.3,68.1,68.2,1013.1,7.7,0.009,rain
9/11/2006,88.2,72.6,77.3,69.8,78.6,1015,9.4,0.372,rain
9/12/2006,92.2,70.7,78.8,68.6,73.9,1016.2,9.3,0.015,rain
9/13/2006,90.1,70,78.1,57.9,54.2,1015.4,9.9,0,
9/14/2006,94.7,61.4,79.2,56.2,48.2,1012.9,9.9,0,
9/15/2006,96,75.6,84.2,70.6,66.1,1012.9,9.7,0.015,rain
9/16/2006,96.9,79.1,86.1,72.1,65.2,1012.2,9.9,0,
9/17/2006,88.6,74.2,81.9,72.1,73.1,1010.3,9.9,0.1,rain
9/18/2006,87.3,67.4,75,62.2,69,1012.8,8.8,1.014,rain
9/19/2006,88.2,61,74.1,47.8,42.8,1018.7,9.9,0,
9/20/2006,88.9,58.2,74.2,50.2,48.6,1016.3,9.9,0,
9/21/2006,92.9,63.9,78.8,64.8,64.9,1007.4,9.8,0,
9/22/2006,95.3,79.1,85,72.2,67.5,1005.3,9.9,0,
9/23/2006,95.8,75.2,82.9,72.2,71.8,1009.3,9.7,0.921,rain
9/24/2006,81.1,68.4,73.3,49.7,44.4,1019,9.9,0,
9/25/2006,83.9,59.5,71.2,49.1,48,1022.4,9.9,0,
9/26/2006,88.2,59.3,73.6,49.7,47.4,1020.6,9.9,0,
9/27/2006,92.7,62.2,77.3,56.6,51.5,1015.5,9.9,0,
9/28/2006,85.4,70.7,77.4,53.9,48.2,1017,9.9,0,
9/29/2006,89.4,64.7,76.1,51.3,42.5,1016.8,9.9,0,
9/30/2006,92.9,70.3,80.4,65.2,63.2,1015.6,9.8,0,
10/1/2006,91.5,71.7,80.2,66.3,65.8,1018.3,9.5,0,
10/2/2006,92.7,71.7,80.7,65.3,64.2,1019.6,9.6,0,
10/3/2006,92.6,70.3,80.1,64.7,63.9,1019.8,8.5,0,
10/4/2006,91,68.6,78.6,63.5,63.9,1020.6,8.8,0,
10/5/2006,92.9,67.6,79.9,60.4,54.5,1021.2,9.8,0,
10/6/2006,93.4,70,80.7,60.4,52.6,1020.9,9.9,0,
10/7/2006,86.3,67.4,75.7,56.8,52.9,1019.9,9.9,0,
10/8/2006,86.3,60.9,73.2,49.9,47.1,1018.5,9.9,0,
10/9/2006,89.1,59.3,74.7,56.5,54.8,1016.9,9.9,0,
10/10/2006,75.8,64.6,70.1,67.5,91.6,1014.1,7.5,1.355,rain
10/11/2006,84.1,59.3,71.1,61.4,74.5,1012.3,9,0,
10/12/2006,89.7,62.5,73.9,63.8,71.8,1011,9.4,0.055,rain
10/13/2006,77.6,56.5,65.8,51.9,61.7,1015.7,9.9,0,
10/14/2006,79.7,65.5,71.7,59.3,65.1,1015.5,9.7,0.001,rain
10/15/2006,80,69.6,73.7,69.6,87.3,1006.8,7.7,0.154,rain
10/16/2006,81.2,68.2,74.6,68.1,81.6,999.8,7.9,1.058,rain
10/17/2006,90.8,61,75.4,58.7,61.1,1005.7,9.9,0,
10/18/2006,88.5,60,77.1,69.1,77.8,1008.5,8,0.76,rain
10/19/2006,69.6,53.7,60.1,45.1,61.3,1015,9.7,0.136,rain
10/20/2006,74,45.6,59.9,43,57.1,1014.5,9.9,0,
10/21/2006,87.7,59.1,71.1,55.5,59.2,1011.4,9.9,0,
10/22/2006,66.1,47.2,57.2,37.6,49.6,1023.4,9.9,0,
10/23/2006,70.9,45.3,57.6,35.3,45.6,1025.5,9.9,0,
10/24/2006,72.1,52.2,63,50.7,64.6,1020.6,9.9,0.003,rain
10/25/2006,72.8,66.4,69.4,65.2,86.9,1014.1,6.3,1.339,rain
10/26/2006,87.1,72.8,77.7,70,78.5,1010.3,8,0,
10/27/2006,74.3,58.1,66.5,38.8,37.4,1016.4,9.9,0.111,rain
10/28/2006,76.7,51.1,62.2,39,44.5,1022.7,9.8,0,
10/29/2006,79.1,48.3,64,42.5,49.6,1018.1,9.9,0,
10/30/2006,80,57.6,68.4,57.5,70.3,1012.9,9.9,0.003,rain
10/31/2006,84.5,60.3,71.5,57,63.2,1014.5,9.9,0,
11/1/2006,62.7,54.6,57.9,40.1,51.7,1020.1,9.9,0.015,rain
11/2/2006,64.1,50,56,37.2,50.1,1026.8,9.9,0,
11/3/2006,64.2,43.9,53.3,34.2,49.5,1027.5,9.9,0,
11/4/2006,64.8,52.8,58.8,49.3,71.1,1022.4,9.9,0,
11/5/2006,73.2,62.9,66.8,62.5,86.4,1018.6,7,0.004,rain
11/6/2006,81.4,57.3,67.6,60.9,80.9,1016.1,7.9,0.006,rain
11/7/2006,80.5,52.3,64,50.6,66.7,1015.9,7.5,0,
11/8/2006,85.3,54.5,69.3,54.9,62.4,1009.5,9.9,0,
11/9/2006,87.2,67.8,76.9,66.5,71.7,1006.9,8.3,0,
11/10/2006,89.1,62.8,77.8,61.4,60.2,1011.8,9.6,0,
11/11/2006,65.7,48.1,56.7,34.3,44.1,1025.2,9.9,0,
11/12/2006,71.4,40.5,57.3,43.1,60.7,1020,9.9,0,
11/13/2006,75.8,61.3,67,51.9,61,1016.5,9.9,0,
11/14/2006,84.2,64.5,73.2,59.7,63.9,1005.8,9.6,0,
11/15/2006,72.9,52.7,62.7,30.2,30.6,1010.7,9.7,0.138,rain
11/16/2006,66.8,44.3,54,21.1,29.6,1018,9.9,0,
11/17/2006,74.4,38.6,55.3,26.7,38.1,1016.4,9.9,0,
11/18/2006,74.6,44.1,58.6,41.9,56.4,1021.2,9.9,0,
11/19/2006,70,47.1,56.8,34.8,48.2,1027.6,9.9,0,
11/20/2006,64.8,42.4,52.1,30.8,46.9,1031.8,9.9,0,
11/21/2006,68.6,36.3,51.2,30.1,48.4,1029.9,9.9,0,
11/22/2006,74,42.9,58,41.1,56.7,1023.7,9.9,0,
11/23/2006,79.5,48.1,62.9,49.1,64.6,1020.8,9.3,0,
11/24/2006,77.1,50.8,63.3,52.2,70.2,1019.5,8.3,0,
11/25/2006,76.5,54,64.1,52.7,69.2,1018.6,9.2,0,
11/26/2006,77.8,59.9,67.2,55,67.7,1018.9,8.5,0,
11/27/2006,77.3,64.8,69.5,61.9,77.6,1017.2,9.3,0.015,rain
11/28/2006,80.8,65,71.4,62.3,74.3,1013.9,9.4,0,
11/29/2006,79.7,71.6,74.1,65.1,73.9,1010.9,9.8,0.032,rain
11/30/2006,71.9,33.4,42.1,32.2,69.5,1019.6,9.2,1.079,rain
12/1/2006,56.2,29.8,42.7,24.8,51.6,1025.8,9.9,0,
12/2/2006,57.6,36.3,46.4,29.2,53.7,1026.4,9.9,0,
12/3/2006,52.5,37.7,43.5,24.7,48.8,1035.5,9.9,0,
12/4/2006,52.6,29.8,40.4,19.2,44.5,1037.1,9.9,0,
12/5/2006,61.3,33,47.9,27.7,48.1,1028.1,9.9,0,
12/6/2006,72.6,55.7,62.1,46.4,56.8,1021.4,9.9,0,
12/7/2006,57.6,41,52.9,31.3,44.8,1032,9.9,0,
12/8/2006,44.6,30.6,38.5,10.4,31.4,1037.8,9.9,0,
12/9/2006,53.6,40.6,46.7,19.8,34.6,1030.4,9.9,0,
12/10/2006,55.1,46.8,51.1,44.6,79.7,1023.9,5,0.038,rain
12/11/2006,70.5,55.1,61.5,55.6,81.5,1020.7,7.1,0,
12/12/2006,74,44.1,58.2,38.3,56,1022.2,9.8,0,
12/13/2006,75.6,41.4,56.1,32.8,45.6,1021.6,9.9,0,
12/14/2006,75.4,45.3,59.7,49,68.5,1017.4,9.7,0.146,rain
12/15/2006,75.8,53.4,62.8,55.4,78.5,1014.5,6.2,0,
12/16/2006,79.7,59.8,68.3,57.3,70.1,1014.3,9.4,0,
12/17/2006,79,65.6,70.9,59.4,68.6,1017.3,9.8,0,
12/18/2006,79,64.3,70.1,61.6,75.8,1020.8,9,0,
12/19/2006,69.7,65.6,66.5,62.2,86.2,1021.2,5.6,0.015,rain
12/20/2006,66.7,51.9,60,53.5,79.6,1014.8,7,0.092,rain
12/21/2006,65.7,43.5,52.7,40.3,67,1016.5,9.9,0.002,rain
12/22/2006,62.7,39.5,49.9,31,50.9,1018.7,9.9,0,
12/23/2006,54.7,37.2,45.6,36.6,72.2,1021.6,8.4,1.381,rain
12/24/2006,47,44.4,45.7,42.5,88.4,1018.4,6.2,0.95,rain
12/25/2006,53.9,38.9,46,30.4,59.1,1020.1,9.2,0.02,rain
12/26/2006,59.9,32.8,44.6,24.3,47.9,1023.6,9.9,0,
12/27/2006,66.8,34.1,50.5,35.1,58.7,1018.2,9.9,0,
12/28/2006,71.8,51,61.4,52.7,74.6,1011.5,9.9,0.009,rain
12/29/2006,71.4,53.5,64.1,58.8,83.2,1012,8.8,1.059,rain
12/30/2006,56,45.3,51.2,45,80.2,1016.5,9.3,0.489,rain
12/31/2006,59.4,41.3,49.5,34.7,60.9,1021.5,9.5,0,
1/1/2007,56.7,37.3,44.9,27.8,52.1,1026.3,9.9,0,
1/2/2007,53.6,34.5,44.6,31,60.3,1027,9.9,0,
1/3/2007,52.3,46.8,49.2,38.4,67.2,1023.1,8.7,0.621,rain
1/4/2007,65.5,46.3,53.2,46.4,78.9,1011.6,8.2,0.472,rain
1/5/2007,78.9,49,60.3,48,67.7,1007.8,8.7,0,
1/6/2007,54.8,46.3,49.3,43.4,80.3,1017.1,8.2,0.017,rain
1/7/2007,60.8,44.7,51.6,35,56.6,1022.6,9.8,0,
1/8/2007,64.5,34.6,48.1,26.9,46.3,1027.1,9.9,0,
1/9/2007,63.8,37.7,49.6,31.7,53.3,1031.9,9.9,0,
1/10/2007,67.8,35.4,52.5,38.8,62.1,1025.2,9.9,0,
1/11/2007,69.2,54.8,62.2,54.6,76.6,1018.8,9.9,0,
1/12/2007,73,63.6,67.7,62.2,82.7,1018.2,8.8,0.047,rain
1/13/2007,68.8,37.3,48,45.3,90.1,1019.3,5.3,4.016,rain
1/14/2007,41.1,36.2,38.3,35.6,90.1,1018.9,5.2,0.232,rain
1/15/2007,35.9,29.9,32.4,27.3,81.3,1028.1,9.2,0.561,rain
1/16/2007,30.8,29,29.7,23.3,76.7,1035.4,8.6,0.474,rain
1/17/2007,32.1,29.2,30.9,27.2,86,1033.1,7.3,0.178,rain
1/18/2007,40.9,32.1,36.4,33.2,88.2,1028.5,3.2,0.069,rain
1/19/2007,44.6,38.9,41.2,35,78.9,1028.8,6.9,0.02,rain
1/20/2007,42.4,38,40.1,37.3,89.9,1019.3,3.1,0.24,rain
1/21/2007,65,33.4,46.9,37,72.5,1015,7,0,
1/22/2007,48.3,38,43.1,31.5,63.6,1022.7,9.9,0,
1/23/2007,43,38.9,41.6,33.1,71.9,1023.5,8.9,0.117,rain
1/24/2007,47.9,41,44.1,39,82.5,1025.3,8.6,0.479,rain
1/25/2007,63.1,37.4,47.8,36,66.7,1028.1,9.9,0,
1/26/2007,62.6,35.2,49.6,37,65.5,1022,9.9,0,
1/27/2007,68.1,44.9,56.5,43.8,66,1016.8,8.8,0,
1/28/2007,52.5,35.6,42.8,25.2,51,1027.8,9.9,0,
1/29/2007,52.1,30.9,42.3,30.4,64.5,1023.8,9.9,0,
1/30/2007,57.5,43.9,50.3,38.6,66.4,1023,8,0.003,rain
1/31/2007,50.9,36,43.5,30.4,59.9,1017.3,9.9,0,
2/1/2007,55.3,44.8,48.3,43.7,84.2,1009.2,5.5,0.046,rain
2/2/2007,46.1,35.5,41,31.8,70.2,1019.6,9.8,0,
2/3/2007,52.5,27.5,39.6,26.7,63,1026.4,8.3,0,
2/4/2007,66.6,31.7,49.4,35.3,60.7,1026.8,9.8,0,
2/5/2007,67.6,39.6,53.5,40.9,65.2,1029,9.5,0.134,rain
2/6/2007,69.9,40.7,55.5,42.5,63.7,1025.7,9.9,0,
2/7/2007,75.4,50.5,62.2,52.8,73.1,1019.3,9.3,0,
2/8/2007,62.9,46.7,54.3,47.6,78.4,1021,5.7,0.035,rain
2/9/2007,50,43,46,37.6,72.8,1023.6,6.1,0,
2/10/2007,52.7,40.7,45.7,33.5,63,1025.8,8.8,0,
2/11/2007,50.1,43.9,46.9,40,77.3,1021.8,6.5,0,
2/12/2007,64.8,48.8,56,51.5,85.6,1011.9,5.4,0.043,rain
2/13/2007,56.5,37.1,50.4,36.5,60.2,1015.1,9.9,0,
2/14/2007,41.9,30.6,35,22.1,59.3,1022.8,9.9,0,
2/15/2007,44,29,34.7,19.5,54.6,1027.9,9.9,0,
2/16/2007,55.3,23.5,38.7,19.6,48.1,1025.4,9.9,0,
2/17/2007,65,37.5,50.9,25.3,40.9,1024.7,9.9,0,
2/18/2007,64.5,33.6,50,24,39.5,1028.8,9.9,0,
2/19/2007,74.9,40.6,58.2,42,56.9,1016.6,9.9,0,
2/20/2007,70.3,58.7,63.4,54.1,72.9,1012.7,9.8,0,
2/21/2007,81.6,52.2,65.4,38.5,45.2,1016.3,9.9,0,
2/22/2007,81.6,41.9,63,42.6,50.1,1019.4,9.9,0,
2/23/2007,70,61.7,65.9,59.9,81.1,1013.3,9.3,0.015,rain
2/24/2007,74.9,54.1,68.3,37,43.2,1006.4,9.6,0.003,rain
2/25/2007,70.2,45.2,57.3,24.2,29.4,1014.7,9.9,0,
2/26/2007,85,51.6,65.6,33.5,32.7,1009.1,9.9,0,
2/27/2007,82.1,51.5,65.6,51.7,63.4,1010.7,8.2,0,
2/28/2007,77.1,65.2,70.3,60.9,72.8,1005.6,8.7,0,
3/1/2007,70,46.6,64.1,31.8,38.1,1006.7,8.8,0.054,rain
3/2/2007,71.6,38.6,54.8,22.1,33.2,1012.3,9.9,0,
3/3/2007,61.7,41,51,18.3,29.6,1021.6,9.9,0,
3/4/2007,61.7,35.3,47.5,13.8,27.7,1032.4,9.9,0,
3/5/2007,69.9,34.6,51.5,19.6,33.9,1030.6,9.9,0,
3/6/2007,72.3,39.1,56.1,29.7,39.2,1026.1,9.9,0,
3/7/2007,75.4,44.5,60.9,46.2,61.2,1021.3,9.7,0,
3/8/2007,76.6,47.9,63.6,48,60.2,1019.1,9.9,0,
3/9/2007,80.4,59.1,67.3,54.6,66.2,1017.6,9.3,0,
3/10/2007,82.9,59.7,69.9,56.9,66.7,1018.5,8.4,0,
3/11/2007,68.3,58.6,64.3,58.6,81.9,1018.2,7.5,0.61,rain
3/12/2007,76.3,58.7,66.6,58.1,75.7,1018.4,8.7,1.873,rain
3/13/2007,70.2,59.1,64,60.2,87.5,1019.1,6.7,1.255,rain
3/14/2007,62.9,55.3,59.5,56.3,89.2,1012.9,6.5,0.018,rain
3/15/2007,78,50.4,62.9,55.6,79,1014.3,7.2,0,
3/16/2007,70,55.2,62,49.4,64.9,1023.1,9.9,0,
3/17/2007,73.8,46.1,59.7,47.6,65.9,1022.5,9.8,0,
3/18/2007,76.8,62.6,67.4,59.3,76.1,1018,9.1,0,
3/19/2007,77.6,65.9,69.5,60.2,73.5,1017.8,9.8,0,
3/20/2007,74.4,65.9,69.5,61.2,75.6,1020.5,9.7,0,
3/21/2007,78.1,68,71.8,62.7,74,1019.3,9.1,0,
3/22/2007,73.3,66.6,69.1,63.5,82.6,1018.9,8.4,0.074,rain
3/23/2007,75.8,66.1,70.3,62.9,78,1017.8,9.5,0,
3/24/2007,81.3,65.9,72.1,59.2,65.6,1019.2,9.9,0,
3/25/2007,75.3,65.5,69.7,63.7,81.7,1020.9,9.7,0.206,rain
3/26/2007,70.2,61.1,66.3,62.4,87.5,1015.7,8.1,1.424,rain
3/27/2007,79.7,61,69.4,62.7,80.7,1014.4,6.2,0,
3/28/2007,80,66.6,72.7,63.3,73.6,1013.4,9.8,0,
3/29/2007,75.5,69.8,72,66.1,81.7,1014.1,9.2,0.097,rain
3/30/2007,71.2,68.4,70.1,65.5,85.5,1014.4,7,0.465,rain
3/31/2007,77.1,57.8,67.3,52,62.2,1013.1,9.5,0.141,rain
4/1/2007,83.1,51.7,66.7,51.7,62.9,1014.3,9.9,0,
4/2/2007,82.8,65.3,74,65.3,75.4,1015.3,8.9,0,
4/3/2007,82.3,67.4,74.2,66,76.6,1014.8,9.2,0,
4/4/2007,72.7,59.3,66.3,52,62,1020.2,9,0.422,rain
4/5/2007,70.7,54.3,61.4,39.7,45.8,1021.9,9.9,0,
4/6/2007,68.6,52.4,59.1,40.8,51.6,1022.7,9.9,0.111,rain
4/7/2007,52,34.1,40.1,32.4,76,1026.4,7.1,0.645,rain
4/8/2007,50.5,34.7,42.2,32.9,71.1,1023.8,9.2,0.148,rain
4/9/2007,59.5,46.1,52.5,42.5,68.7,1016.7,9.9,0,
4/10/2007,74.7,55.8,62.4,55.8,80.1,1006,7,0.03,rain
4/11/2007,79.6,57.2,67.4,46.2,52.1,1007.9,9.9,0,
4/12/2007,80.6,51,65.7,48.4,56.6,1012.2,9.9,0,
4/13/2007,82.1,60.8,72.4,64.4,76.5,1007,7.9,0.076,rain
4/14/2007,61.5,49.6,56.5,43.2,62.8,1015.7,9.8,0.2,rain
4/15/2007,73,43,57.3,37.2,52.1,1021.9,9.9,0,
4/16/2007,71.4,44.1,59.2,46.2,63.7,1020.1,9.9,0,
4/17/2007,66.9,58.1,62.1,57.3,84.6,1012.2,6.7,0.763,rain
4/18/2007,76.8,53.2,64.3,52.3,68.1,1012,9.7,0,
4/19/2007,77.5,51.5,65.4,55,71.1,1012.9,9.2,0,
4/20/2007,77.9,63.2,69.6,58.2,68.7,1016.1,8.7,0,
4/21/2007,76.1,60.4,68.5,59.7,74.5,1016.2,7.9,0,
4/22/2007,71.6,65.7,68.6,63.4,83.6,1016.2,7.2,0,
4/23/2007,75.8,67.7,71.7,65.7,81.5,1016.9,7.2,0,
4/24/2007,75.1,70.1,72.9,67.1,82.2,1012.1,6.9,0.146,rain
4/25/2007,81.7,62.2,71.4,54.3,60.5,1010.9,9.3,0.339,rain
4/26/2007,81.1,51.8,66.2,48.8,56.6,1015,9.9,0,
4/27/2007,78.8,60.5,69.2,56.6,65.3,1016.6,9.9,0,
4/28/2007,84.1,63.6,72.8,61.9,70.4,1020.5,9.7,0,
4/29/2007,83,69.5,75.5,66.2,73.9,1020.4,8.7,0,
4/30/2007,73.5,65.5,68.6,63.7,84.4,1016.6,9.6,0.237,rain
5/1/2007,81.8,68.3,73.9,68.8,84.2,1011.3,7.6,0.096,rain
5/2/2007,79.9,62.6,72.9,66.4,80.8,1009.9,8.3,1.327,rain
5/3/2007,81.6,60.6,70.8,65.3,83.5,1009.8,7.4,0.334,rain
5/4/2007,83,70.1,75.9,70,82.5,1009.3,5.3,0,
5/5/2007,80.9,73.8,77.1,70.5,80.3,1006.6,8.1,0,
5/6/2007,84.1,74.9,78.5,70.6,77.1,1009.2,9.3,0.003,rain
5/7/2007,83.9,73.8,78.6,68.6,72.2,1015.7,9.4,0,
5/8/2007,84.1,70.5,76.6,65.7,70.5,1016.8,9.5,0,
5/9/2007,82.3,66.2,74.7,63.1,69.1,1016.1,7.3,0.085,rain
5/10/2007,81.1,61.5,71.2,59.7,69.4,1013.8,9.9,0.162,rain
5/11/2007,83.6,61.7,72.5,59.4,65.7,1015.5,9.8,0,
5/12/2007,88.2,63.2,75.5,60.5,63.2,1017.6,8.6,0,
5/13/2007,88.7,65.6,77.2,61.3,60.8,1018.3,9.6,0,
5/14/2007,89.2,64.9,77.4,62.3,62.3,1017.6,9.6,0,
5/15/2007,88.5,64,76.8,61.4,61.1,1017.3,9.1,0,
5/16/2007,81.6,65,73.3,58,61.7,1020.1,9.2,0.819,rain
5/17/2007,78.8,60,69.8,52.4,55.6,1021.7,9.9,0,
5/18/2007,80,61.5,71.5,50.7,49.6,1021.7,9.9,0,
5/19/2007,80.8,62.8,72.8,54.6,54.8,1021.1,9.8,0,
5/20/2007,79.5,65.9,72.5,57.9,61,1018.5,9.9,0,
5/21/2007,75.7,66.6,71.5,63.1,74.8,1014.9,9,0.096,rain
5/22/2007,82.1,63.8,73.6,65.7,77.2,1012.4,8.7,0.364,rain
5/23/2007,84.9,71.7,77.7,68.4,74.1,1014.6,8.7,0.132,rain
5/24/2007,86.3,65.9,76.4,69.1,78.7,1017.6,9,0.673,rain
5/25/2007,73.9,65.9,69.6,65.3,86.5,1018.8,7.2,0.209,rain
5/26/2007,80.3,68.1,73,66.2,79.8,1016.8,9.5,0.201,rain
5/27/2007,80.6,66.9,72,66.1,82.3,1015.8,9,0.085,rain
5/28/2007,82.8,66.2,72.2,66.6,83.7,1014.8,8.1,2.173,rain
5/29/2007,86.1,70,76.7,68,75.7,1013.7,9.8,0,
5/30/2007,88,72.8,79.5,69.5,72.8,1013.2,9.9,0,
5/31/2007,86.9,70.5,78,68.1,72.8,1015,9.7,0.054,rain
6/1/2007,88,72.8,79.3,68.4,70.8,1011.9,9.7,0,
6/2/2007,88.6,71.6,79.1,67.4,69.2,1012,8.8,0,
6/3/2007,90.2,67.8,79,68.7,72.8,1011.3,9.1,1.31,rain
6/4/2007,88.5,65.9,75,65.6,74.6,1012,9.8,0.378,rain
6/5/2007,88.5,67.9,77.3,65.4,69.4,1012.5,9.9,0,
6/6/2007,88.3,67.3,77.4,67.6,73.4,1009.3,9.2,0,
6/7/2007,89.9,75.6,82.3,72.1,72.2,1006.9,8.8,0,
6/8/2007,92,78.8,84.7,73.9,71.4,1013.8,8.9,0,
6/9/2007,91.1,77.6,83.6,71.9,69.6,1017,9.1,0,
6/10/2007,91.8,73.8,82.7,71.5,70.6,1014.5,9,0,
6/11/2007,91.1,70.7,81.5,68.5,66.9,1013.9,9.5,0,
6/12/2007,90.8,73.3,81.5,68.8,67.2,1014.8,9.8,0,
6/13/2007,92.7,72.8,83,67.4,62.3,1012.4,9.9,0,
6/14/2007,91.7,71.6,79.9,68.3,69.7,1011.1,9.7,0.203,rain
6/15/2007,89.6,70.7,78.8,67.9,71.7,1011.3,9.4,0.002,rain
6/16/2007,83.5,68.1,76.1,68.2,77.4,1013.4,9.4,0.393,rain
6/17/2007,87.1,71,77.9,70.9,79.9,1013,9.6,0.633,rain
6/18/2007,91.8,75.6,82.8,71.5,70.3,1011.2,9.8,0,
6/19/2007,93.4,78.6,84.9,73,68.9,1014.7,9.9,0,
6/20/2007,80.6,68.9,76.4,71,83.7,1018.6,8.7,1.149,rain
6/21/2007,82.4,72.7,77,70.5,81,1018.5,9.3,0.518,rain
6/22/2007,83,72.4,76.1,70.2,82.5,1017.1,9.7,0.135,rain
6/23/2007,85.4,70.8,74.9,68.4,81.4,1014.4,8.6,0.084,rain
6/24/2007,88.2,69.6,77.4,68.4,75.1,1013.7,9.8,0,
6/25/2007,81.6,74,77,72.8,86.9,1016,9,0.795,rain
6/26/2007,89,76.8,81.3,74.1,79.7,1017,8.1,0.314,rain
6/27/2007,88,74.7,80.7,71.4,74.4,1015.7,8.6,0.248,rain
6/28/2007,83.3,73.9,77.2,71,81.9,1014.8,8.7,0.131,rain
6/29/2007,89.6,72.6,80.6,68.9,69.3,1014.9,9.9,0,
6/30/2007,90.4,73.8,81.3,71.1,72.7,1015.4,9.4,0.003,rain
7/1/2007,89.5,73.8,78.5,71.2,79.1,1015.9,9.5,0.072,rain
7/2/2007,86.4,73.6,78.2,71.1,79.9,1016.3,8.9,0.166,rain
7/3/2007,82.1,73.3,75.8,72.1,88.7,1016,8.2,0.823,rain
7/4/2007,79.9,71.2,74.9,70.3,85.9,1015.2,9.2,0.085,rain
7/5/2007,83.6,72.8,76.6,71.1,83.6,1014.7,9.3,0.121,rain
7/6/2007,87.5,73.1,78.5,71.1,79.4,1016.6,9.2,0.423,rain
7/7/2007,89.2,71.5,78.5,71.1,79.4,1016.1,9.4,0.338,rain
7/8/2007,88.7,74,80.2,72.2,77.5,1013.3,9.4,0.082,rain
7/9/2007,89,76.6,81.8,73.5,77,1012.8,9.1,0,
7/10/2007,92,76.8,83.4,71.8,69.4,1014.7,9.7,0,
7/11/2007,92.5,75.9,83.2,71.4,69,1018.1,9.4,0,
7/12/2007,92.5,75.6,83.7,72.4,70.1,1018,9.6,0,
7/13/2007,92.4,74.5,82.7,71,69.5,1016.3,9.8,0,
7/14/2007,85.6,76.5,80.2,72.8,78.8,1014.5,9.3,0.176,rain
7/15/2007,92.1,73.7,81.4,70.4,71.3,1013.5,9.1,0.152,rain
7/16/2007,91.5,72.1,80.3,69.8,72.3,1014.5,9.4,0,
7/17/2007,83.6,75.3,78.7,71.6,79.4,1016.6,9.5,0.798,rain
7/18/2007,84.1,69.9,74.1,68.8,84,1018.5,9.5,0.408,rain
7/19/2007,84.1,71.8,77.6,70.9,80.4,1016.9,9.9,0,
7/20/2007,76.5,72.8,74.6,71.1,88.8,1016.6,8.6,1.083,rain
7/21/2007,85.5,73.8,78.1,72.3,83.2,1017.8,8.3,1.637,rain
7/22/2007,89.6,72.6,80.1,70.3,74,1018.7,8.8,0,
7/23/2007,91.1,73.1,79.9,71,76.1,1016.7,8.7,0.37,rain
7/24/2007,87.5,72.6,76.8,70,80.3,1014.7,8.7,0.025,rain
7/25/2007,78.9,69.6,73.2,68.9,86.7,1016,7.7,0.349,rain
7/26/2007,85.5,70.1,75.1,70,84.9,1016.4,8.5,1.48,rain
7/27/2007,83.9,72.8,76.9,71.5,83.6,1014.8,8.8,0.493,rain
7/28/2007,89.6,74.4,80.3,72,77.3,1012.3,9.4,0.001,rain
7/29/2007,91.4,73.8,80.5,73.2,79.5,1011.6,9.5,0.1,rain
7/30/2007,91.8,75.6,82,73.1,76.2,1013.4,8.6,0.004,rain
7/31/2007,91.8,75.6,82.9,71.7,70.9,1014.3,9.1,0,
8/1/2007,92.9,75.6,83.7,72.4,70.7,1013.1,9.2,0.138,rain
8/2/2007,94.2,75.4,80.5,71.9,76.3,1014.1,9.5,0.006,rain
8/3/2007,92.2,71.9,81.4,71.1,73,1016.2,9,0.023,rain
8/4/2007,91.8,75.1,82.3,71.9,72.8,1017,8.5,0,
8/5/2007,92,75.2,83.3,71.9,70.5,1016,9.4,0,
8/6/2007,92.7,76.8,84.2,71.6,67.8,1015.4,9.9,0,
8/7/2007,92.7,76.7,84,71.8,68.6,1014.9,9.8,0,
8/8/2007,92.9,77.9,84.4,71.4,66.8,1014.7,9.8,0,
8/9/2007,92.9,75.2,83.5,69.9,65.7,1015.9,9.5,0,
8/10/2007,93.6,75.1,84.6,70.7,65.3,1016.1,9.8,0,
8/11/2007,95.9,75.3,86,71.7,64.5,1015.9,9.6,0,
8/12/2007,98.6,77.1,88,70.6,59.7,1017.5,8.7,0,
8/13/2007,98.7,78.7,88.3,67.9,54.3,1016.2,9.5,0,
8/14/2007,98,75.1,86.5,67.2,55.4,1014.5,9.4,0,
8/15/2007,96.2,78.7,86.5,70.5,60.1,1012.7,7.5,0,
8/16/2007,84.6,74,79.3,73,81.4,1012.9,8.5,0.995,rain
8/17/2007,89.6,75.8,80.6,74.7,82.9,1014.5,9.7,0.097,rain
8/18/2007,92.5,78.6,84,74.4,74.1,1015.3,9.8,0.011,rain
8/19/2007,92.9,77.6,84,73.1,71.4,1014.3,9.3,0,
8/20/2007,92,76.1,82.6,72,71.8,1014.1,9.2,0,
8/21/2007,91.1,73.8,81.1,72,75.3,1016,9.4,0.154,rain
8/22/2007,93.4,76.5,82.7,74.1,77,1016.8,9.5,0.274,rain
8/23/2007,93.4,78.6,84.2,74,73.1,1015.6,9.4,0.128,rain
8/24/2007,92.7,77.9,84,72.7,70.7,1014.3,9.7,0,
8/25/2007,93.4,74.2,83,71.7,70.6,1014.7,9.8,0,
8/26/2007,92.1,74,82.1,71.7,72.8,1015.3,9.5,0.005,rain
8/27/2007,93.4,74,82.4,70.1,68.4,1015.6,9.9,0,
8/28/2007,91.5,70.9,80.5,69.4,71,1015.8,9.9,0,
8/29/2007,93.3,73.3,80.4,70.2,73.3,1017.7,9.8,0.048,rain
8/30/2007,91.7,73,80.3,71,75.5,1018.4,9.5,0.005,rain
8/31/2007,91.7,71.3,79.6,70.1,74.5,1016.4,9.4,0.811,rain
9/1/2007,89.7,71,79.3,68.2,72.2,1016.3,9.4,0.007,rain
9/2/2007,88.7,71.4,75.8,68.6,79.9,1017.4,8.1,0.951,rain
9/3/2007,83.7,71.2,74.9,72.4,92.4,1018.9,6,0.385,rain
9/4/2007,81.2,72.6,75.3,72.4,91,1016.2,7.7,0.141,rain
9/5/2007,88,75.6,80.8,72.4,76.7,1012.6,9.4,0.096,rain
9/6/2007,90.8,76.5,82,71.6,72.2,1014.2,9.9,0,
9/7/2007,91.8,76.6,83.1,71.9,70.8,1015.2,9.4,0,
9/8/2007,92.7,76.3,83.7,72.6,71.2,1014.4,9.7,0,
9/9/2007,93.4,76.1,83.4,72.4,71.7,1014.9,9.2,0,
9/10/2007,92.5,74,82.3,70.5,69.4,1015.8,9.8,0,
9/11/2007,80.5,71.9,75.8,68.7,79.1,1017.4,8.3,1.254,rain
9/12/2007,86.3,68,76.5,64.6,67.7,1016.2,9.9,0.003,rain
9/13/2007,88.7,67.5,77.1,64.8,68.7,1014.3,8.6,0,
9/14/2007,92.7,69.5,80,66.4,65.6,1016.9,9.7,0,
9/15/2007,89.9,72.8,80.2,69.4,70.8,1020.7,9.2,0.07,rain
9/16/2007,88.7,70.4,79.4,68.1,70,1019.9,9.3,0,
9/17/2007,89.1,68.7,78.6,67.3,70.1,1017.7,8.8,0,
9/18/2007,88.9,71,79.3,70,74.1,1016.6,9.9,0,
9/19/2007,91.3,73.1,81.2,70,71.3,1017.4,8.2,0.001,rain
9/20/2007,89.8,71.9,79.9,67,67.4,1016.8,9.2,0,
9/21/2007,89.8,66.4,77.3,63.2,64.4,1014.7,9.3,0,
9/22/2007,91.1,67.6,78.7,62.9,61,1014.8,9.4,0,
9/23/2007,88.9,68.7,77.4,62.7,62.5,1014.8,9.1,0,
9/24/2007,89.9,66.4,78,63.8,65.2,1015.5,8.4,0,
9/25/2007,91.1,65.9,78.8,65.7,66.2,1016.1,9.6,0,
9/26/2007,91.7,73.3,81.5,69,68.4,1015.7,9.7,0,
9/27/2007,93.6,73.3,82.1,68.6,66.4,1015.5,9.8,0,
9/28/2007,90.2,71.6,80.3,66.7,65.9,1018.1,9.7,0,
9/29/2007,88.1,70.2,77.2,67.6,73.9,1018,8.4,0.212,rain
9/30/2007,90.6,73.1,79.6,70.9,76.5,1019.7,9.7,0,
10/1/2007,89.4,75.5,79.9,71.6,76.9,1021.1,9.6,0.094,rain
10/2/2007,90.8,74.8,80.8,67.8,67.3,1017.1,8.6,0,
10/3/2007,89.9,68.6,78.2,63.1,62.5,1013.7,9.6,0,
10/4/2007,91.1,65.2,77,59.3,57.5,1012.4,9.9,0,
10/5/2007,91.7,67.1,79.6,64.2,61.2,1012.7,9.8,0,
10/6/2007,90.6,74.1,81.1,68.2,67,1012.6,9.8,0,
10/7/2007,88.1,72.1,79.2,68.7,71.5,1012.8,9.7,0.001,rain
10/8/2007,89.2,75.3,80.5,70.6,73.3,1014.6,9.1,0.02,rain
10/9/2007,87,73.1,78.2,68.4,72.9,1019,9.6,0,
10/10/2007,88.9,69.5,77.4,60.5,58.6,1017.4,9.9,0,
10/11/2007,87.8,63.2,75.1,56.8,55.8,1014,9,0,
10/12/2007,87.1,62.3,73.4,55.4,56.8,1013.8,9.9,0,
10/13/2007,87.8,62,74.7,59.4,62.2,1012,9.7,0,
10/14/2007,90.1,67.8,76.9,65,68,1009.9,9.9,0.005,rain
10/15/2007,89.3,68.1,77.9,67.3,72,1010.5,9.8,0,
10/16/2007,71.8,66.6,68.8,64.3,85.5,1011.7,7.1,0,
10/17/2007,92,65.7,77.8,65.4,70.5,1004.6,6,0.009,rain
10/18/2007,91.8,70.4,80.2,55.5,51.6,1005.6,9,0,
10/19/2007,88.3,54.9,71.3,37,32.8,1013.5,9.9,0,
10/20/2007,89.6,57.4,72.8,53.8,54.8,1014.3,9.9,0,
10/21/2007,88.7,60.8,74.6,59.9,63.7,1011.2,9.8,0,
10/22/2007,74.6,52.7,60.1,49.6,69.6,1018.7,8.7,1.146,rain
10/23/2007,72.8,46.7,59.1,34.4,44.7,1023.1,9.9,0.001,rain
10/24/2007,80.9,53.8,65.6,39.7,40.6,1020.3,9.9,0,
10/25/2007,71.4,47.4,58.2,32.9,41.2,1018,9.9,0,
10/26/2007,75.6,44,58.6,37.8,51.3,1018.5,9.9,0,
10/27/2007,74.7,44.6,60,39.6,51.3,1027.1,9.9,0,
10/28/2007,75.6,50.6,62.3,45.5,56.6,1030.8,9.9,0,
10/29/2007,75.6,50.8,62.3,45.5,56.4,1029.1,9.9,0,
10/30/2007,76.6,46.8,60.6,45.4,61,1024.3,9.8,0,
10/31/2007,81.8,51.2,64.4,50.6,64.2,1019.7,8.6,0,
11/1/2007,77.9,55.8,64.4,48.7,58.3,1021.1,9.9,0,
11/2/2007,80,48.7,63.6,50.9,66,1020,9.3,0,
11/3/2007,79.5,57.6,67.5,55,66.1,1023.9,8.7,0,
11/4/2007,82.8,55.5,67.8,55,66.5,1022.5,8.5,0,
11/5/2007,85.4,59,70.7,58.4,67.9,1017.5,7.8,0,
11/6/2007,68,58.8,61.5,36.5,42.4,1025.2,9.8,0,
11/7/2007,67.5,54,60.3,32.7,36.3,1025.9,9.9,0,
11/8/2007,78.2,51.8,64.2,53.1,67.9,1018.7,9.8,0,
11/9/2007,84.6,62.2,71.8,59.7,68.3,1016.8,8.8,0,
11/10/2007,83,67.4,73.2,63.3,72.9,1016.7,9.2,0,
11/11/2007,80.9,63.8,71.3,60.4,70.9,1015.8,8.5,0,
11/12/2007,83.7,64.3,72.3,61.6,70.8,1019.3,9.6,0.003,rain
11/13/2007,83.5,65.7,72.4,61.5,70.6,1019.2,9.4,0,
11/14/2007,86.6,64.1,71.9,55.5,60.7,1016,9.2,0,
11/15/2007,66.4,46.3,57.7,18.9,23.1,1028.6,9.9,0,
11/16/2007,72.6,38.2,54.6,28.3,41.4,1020.7,9.9,0.003,rain
11/17/2007,70.8,56.1,63.7,57.1,79.3,1014.1,9.2,0.039,rain
11/18/2007,73.8,61.9,67.2,61.4,82.3,1016.8,8.9,0.009,rain
11/19/2007,78.1,57.9,67.2,60.4,79.9,1020.1,8.5,0,
11/20/2007,82.1,67.7,72.7,64.3,76.2,1016.1,9.2,0,
11/21/2007,86.1,48.8,69.7,55.5,62.3,1015.3,9.6,0,
11/22/2007,50,38.3,44.3,26.6,49.8,1028.5,9.9,0.006,rain
11/23/2007,47.7,40.7,44.3,29.6,56.3,1026.7,9.9,0.003,rain
11/24/2007,46.8,40.8,42.7,37.9,83.3,1018.3,5.8,0.817,rain
11/25/2007,44,38.6,41.4,37,84.5,1016.6,8.9,0.285,rain
11/26/2007,62,35.9,46.6,34.9,67.1,1022.4,9.6,0.003,rain
11/27/2007,62.7,37.1,48.5,37.6,68.3,1028.6,9.8,0,
11/28/2007,69.8,39.4,53.4,44.8,74.6,1022.8,7.3,0,
11/29/2007,67.4,44.6,54.7,38.6,56.1,1024.9,9.9,0,
11/30/2007,69.2,47.7,59.6,52.9,79,1022.3,8.5,0.033,rain
12/1/2007,74.4,64.6,69.2,63.1,81.3,1016.4,7.6,0,
12/2/2007,82.6,56.7,71.9,55.8,61,1019.7,9.7,0,
12/3/2007,61.8,36.8,49.3,24.7,40.6,1031.8,9.9,0,
12/4/2007,70.5,32.2,49.7,30.1,52.6,1019.8,9.9,0,
12/5/2007,78.9,41.3,57.8,37.8,51.4,1012.4,9.9,0,
12/6/2007,73.2,45,59.3,46.1,62.4,1015.4,9.9,0,
12/7/2007,78.9,66.6,70.4,62.9,77.9,1014.2,8.8,0,
12/8/2007,80.9,69.8,74.1,65.1,74.7,1015.9,8.1,0,
12/9/2007,79.3,42.4,65.3,57.8,77.5,1019.2,9.5,0.001,rain
12/10/2007,48.9,39.2,44,41.1,89.7,1021,2.9,0.012,rain
12/11/2007,78.2,49.8,66,60.8,84.2,1016,5.9,0.193,rain
12/12/2007,56.5,42.4,45.7,42.2,87.5,1022.2,7.4,0.136,rain
12/13/2007,59.9,40.2,49.8,40.1,70.6,1022.6,9.9,0,
12/14/2007,57.4,50.1,53.2,49.8,88.5,1017.3,3.4,0.138,rain
12/15/2007,58.5,37.9,51.5,39.3,65.6,1018.2,9,0.115,rain
12/16/2007,53.3,30.6,40.4,21.1,50.7,1027.9,9.9,0,
12/17/2007,57.4,29.4,43.9,27,55.8,1025.8,9.9,0,
12/18/2007,74.9,45.5,58.6,45.7,64.7,1020.6,9.9,0,
12/19/2007,67.4,48,59.1,54.3,84.4,1017.6,8,0,
12/20/2007,73.4,51.2,62.8,42,53.2,1013.1,9,0,
12/21/2007,76.6,38,57.5,37.8,53.8,1010.4,9.9,0,
12/22/2007,67.2,38,56.2,34.3,50.2,1015.5,9.7,0,
12/23/2007,54.8,26.9,40.1,18.2,44.5,1027.2,9.9,0,
12/24/2007,60.8,28,43,21.3,46.1,1023.4,9.9,0,
12/25/2007,65.1,35.8,49.6,35.1,60.1,1017.7,9.9,0,
12/26/2007,56.3,37.4,51,37.1,60.8,1013.2,9.8,0.016,rain
12/27/2007,58.6,29.3,44,34.6,71.3,1013.4,9.5,0.017,rain
12/28/2007,59.4,38,51,27.7,44.1,1018.4,9.5,0.003,rain
12/29/2007,58.8,30.9,43.9,27,54,1019.7,9.9,0,
12/30/2007,69.2,37,50.9,27.1,45.2,1017.4,9.9,0,
12/31/2007,71.5,40.8,53,27.7,41.3,1019.8,9.9,0,
1/1/2008,55.1,36.9,45.4,12.5,27.5,1038.4,9.9,0,
1/2/2008,48.4,28,37.4,14,40.4,1044.6,9.9,0,
1/3/2008,52.7,27.8,39.4,17.9,44.1,1037.8,9.9,0,
1/4/2008,63.6,32.6,48.2,40,74.3,1026.7,9.6,0,
1/5/2008,77.9,57.8,66.4,54.7,68.1,1018.6,9.9,0,
1/6/2008,74.3,58,65.9,57.7,75.8,1015.5,9.1,0,
1/7/2008,78.5,65.8,70.5,62.6,76.6,1012.6,9.5,0.009,rain
1/8/2008,71.2,45.9,65.9,46.4,55.1,1017,9.6,0.02,rain
1/9/2008,66.9,37.5,52,31.3,48.5,1018.2,9.9,0,
1/10/2008,67.1,42,55.2,34.2,50.2,1014.1,9.8,0,
1/11/2008,67.8,35.3,51.3,28.4,45.9,1014.2,9.9,0,
1/12/2008,69.2,41.6,54.3,33.6,50,1014.6,9.9,0,
1/13/2008,63.8,36.6,49.7,26.6,43.5,1023.1,9.9,0,
1/14/2008,61.7,32,48.7,29,50.8,1027.3,9.9,0,
1/15/2008,52.9,46.1,49.5,36.9,62.8,1022.4,9.8,0.045,rain
1/16/2008,55.5,44.9,48.8,43.2,81.1,1013.9,7.5,0.007,rain
1/17/2008,46.9,32.1,39.8,20,45.8,1021.4,9.9,0,
1/18/2008,40.7,34.1,36.6,28.8,75.6,1021.5,7.4,0.244,rain
1/19/2008,48.9,30.3,38.4,25.8,62.1,1028.1,9.8,0,
1/20/2008,55.8,23.9,40.2,24.6,55.7,1029.8,9.9,0,
1/21/2008,55.2,44.2,49.4,45.3,86.2,1022.9,4.1,0.371,rain
1/22/2008,57.3,34.5,48,45.7,91.5,1022.8,3.2,0,
1/23/2008,40.6,34.1,36.7,33.8,89.2,1022.2,2.3,0.009,rain
1/24/2008,43.3,36.9,40.6,28.3,63,1026.3,8.4,0.006,rain
1/25/2008,42.1,38.7,40.8,34.5,79,1026.7,5.9,0.058,rain
1/26/2008,72.1,37.2,51.1,38.8,67.9,1024.6,6.5,0,
1/27/2008,68.9,40.2,54,41.5,65.8,1024.9,7.8,0,
1/28/2008,70.3,51,59.8,54.7,83.7,1014.9,6.6,0.003,rain
1/29/2008,71.9,45.5,63.5,41.2,52.4,1012.2,9.8,0,
1/30/2008,59.6,31.4,47.2,25.1,44.6,1017.1,9.9,0,
1/31/2008,61.3,44.3,53.3,29.8,49.3,1015.8,8.6,0.044,rain
2/1/2008,62.5,26.8,45.3,19.5,40.5,1022.9,9.9,0,
2/2/2008,76.9,41.4,58.6,44.7,61.8,1017.6,9.9,0,
2/3/2008,79.3,63.8,69.8,60.4,73.8,1013.1,8.6,0,
2/4/2008,78.8,69.1,71.8,62.6,73.4,1008.7,9.1,0,
2/5/2008,79.9,51.9,69.6,50.5,55.7,1007.5,9.5,0,
2/6/2008,59.9,37.9,47.7,23.9,41.4,1019.4,9.9,0,
2/7/2008,65,36.2,50.2,25.3,42.3,1017.2,9.9,0,
2/8/2008,80.5,35.3,57.8,32.5,41.7,1013.7,9.9,0,
2/9/2008,78.8,46.2,60.8,34.5,38.4,1018.7,9.9,0,
2/10/2008,72.8,52,61.3,46.5,58.8,1024.3,9.8,0,
2/11/2008,74.6,59.4,65.6,57.5,75.9,1016.6,9.1,0,
2/12/2008,67.7,47.2,60.6,41.6,54.5,1014.2,9.7,0,
2/13/2008,67.6,35.9,51.3,25.9,40.9,1019.4,9.9,0,
2/14/2008,78.1,44.2,59.9,46.6,63.3,1015.3,9.9,0,
2/15/2008,74.6,45.3,62.8,56.3,80.1,1017.8,7.4,0.145,rain
2/16/2008,46.2,42.3,44.2,41.2,89.1,1011.2,5.1,0.453,rain
2/17/2008,70.3,39.9,54.5,38.7,60.3,1009.7,9.9,0,
2/18/2008,61.7,41,50.9,31.6,50.6,1021.3,9.9,0,
2/19/2008,69,37.1,53.9,34.9,52.1,1023.2,9.9,0,
2/20/2008,74,55.5,63.2,55,74.9,1015.3,9.1,0,
2/21/2008,71.7,48.4,64.3,57.4,79.2,1009.9,6.1,0.048,rain
2/22/2008,68.6,39.8,51.9,37.2,60.4,1014.7,9.8,0,
2/23/2008,75.6,38.9,57.5,44.5,63.9,1015.6,9.1,0,
2/24/2008,80,54.5,66.5,44,50.8,1019.3,9.5,0,
2/25/2008,91.3,49.3,69.3,46.4,50.2,1010.8,9.4,0,
2/26/2008,66.7,43.1,54.8,25.7,33.9,1022.8,9.9,0,
2/27/2008,65.5,29.8,48.3,17.9,33.7,1026.4,9.9,0.002,rain
2/28/2008,75.6,38.9,57.8,39.5,53.3,1018.9,9.9,0,
2/29/2008,79,57.5,66.8,55,67.8,1020,9.9,0,
3/1/2008,79.7,59.7,68.7,56.2,67.2,1022.2,9.1,0,
3/2/2008,76.1,62.5,68.6,60.3,75.3,1010.4,9.6,0,
3/3/2008,70.9,39.7,53.2,43.4,69.8,1012,9.3,0.519,rain
3/4/2008,70.5,33.8,50.8,24.5,43.3,1016.8,9.9,0.002,rain
3/5/2008,77.6,40.3,60.1,33.1,39.4,1012,9.9,0,
3/6/2008,60.4,38,47.2,39.6,75.2,1014.4,9.1,0.18,rain
3/7/2008,59.6,38,46.5,22.7,44.1,1020.2,9.9,0,
3/8/2008,64.8,32.1,48,22.9,40.7,1021.3,9.9,0,
3/9/2008,68.3,39.4,55,43.8,67,1019.3,9.8,0.009,rain
3/10/2008,61.9,51.2,56.7,52.1,85,1024,8,1.17,rain
3/11/2008,69.8,46,55.3,42.7,67.5,1024.4,8.3,0,
3/12/2008,76.5,42.2,59.5,40.4,54.5,1018,9.9,0,
3/13/2008,79.5,55.7,65.5,55.4,71.6,1009.7,9.2,0,
3/14/2008,94.3,63.8,76.6,48.8,50.9,1003.9,8.7,0,
3/15/2008,83.2,64,71.9,38.2,30.3,1006.9,9.9,0,
3/16/2008,74.7,51.7,63.5,51.9,66.5,1012.1,9.1,0,
3/17/2008,78.4,65.8,71.9,64.1,77.2,1008.3,8,0.018,rain
3/18/2008,74.5,54.3,67.3,60.8,79.9,1003.3,8.1,0.956,rain
3/19/2008,69.6,48.8,57.7,35.2,49.4,1018.5,9.9,0.05,rain
3/20/2008,74.5,38.4,57.4,32.8,46.5,1024.1,9.9,0,
3/21/2008,77.4,45.3,61.1,43.8,57.4,1019.4,9.6,0,
3/22/2008,78.6,51.4,65.1,48.1,57.7,1018.6,9.8,0,
3/23/2008,66,55,61,36,39.4,1025.2,9.9,0,
3/24/2008,67.8,47.6,57,30.8,38.6,1028.6,9.9,0,
3/25/2008,76.8,47.4,62.3,48.6,63.3,1021.9,9.7,0,
3/26/2008,83.5,63.6,70.7,59.6,69.6,1017.1,9.5,0,
3/27/2008,82.8,64.5,71.5,59.4,66.9,1011.4,9.9,0,
3/28/2008,73,57.8,66.3,58.7,76.7,1012.6,8.2,0.007,rain
3/29/2008,74.2,55.8,62.2,55.2,78.4,1015.4,4.5,0.018,rain
3/30/2008,80.6,66.2,73.3,66.5,80.2,1013.3,7.7,0.038,rain
3/31/2008,78.1,70.1,73.1,67,81.6,1011.7,7.9,0.026,rain
4/1/2008,77.5,62,71.1,60.6,70.7,1016.4,8.4,0,
4/2/2008,76.7,60.1,67.6,57.7,71,1018.8,8.6,0,
4/3/2008,80.4,69.1,74.3,65,73.6,1011.8,9.6,0,
4/4/2008,71.6,55.6,65.1,54.8,71.1,1011.4,9.5,0.139,rain
4/5/2008,75.4,46.4,60.3,40.7,52.6,1014.2,9.8,0,
4/6/2008,85.4,56.5,69.5,52.6,59.1,1010.7,9.2,0,
4/7/2008,86.9,65.2,74.5,60.6,64.6,1011.3,9.7,0,
4/8/2008,88.5,69.9,77.1,63.3,64.7,1009.6,9.3,0,
4/9/2008,76.7,69.6,72.7,66.7,81.7,1008,7.9,0.001,rain
4/10/2008,84.4,60,73.5,54.8,57.2,1004.1,9,0.288,rain
4/11/2008,79.3,61.1,69.5,39.3,35.5,1012.7,9.9,0.009,rain
4/12/2008,73.8,52.1,62.2,35.1,39.7,1021.3,9.9,0,
4/13/2008,74.7,46.1,60.5,32.2,38.6,1024.9,9.9,0,
4/14/2008,72.9,41.6,58,29.4,37.3,1026,9.9,0,
4/15/2008,78.6,42.6,61.6,39.9,47.5,1021.6,9.9,0,
4/16/2008,76.5,54.4,65.1,52.4,64.7,1015.9,9.9,0,
4/17/2008,83.7,63.8,71.7,58,64.1,1011.3,9.9,0,
4/18/2008,75.8,50.6,62.6,42,52.2,1017.5,9.4,1.013,rain
4/19/2008,84.1,49.5,66.9,41.2,44.6,1016.6,9.9,0,
4/20/2008,78.9,53.8,66.8,57.1,71.5,1012.3,9.9,0,
4/21/2008,83.7,69.8,76.3,66.3,72.5,1011.2,7.9,0,
4/22/2008,89.9,71.7,79.3,67,68.4,1012.5,7.2,0,
4/23/2008,88.6,71.3,78.3,64.6,65.1,1013.5,8.8,0,
4/24/2008,86.1,71.4,77,65.4,68.4,1011.9,9.9,0,
4/25/2008,83.5,65.2,76,66.2,72.1,1012,8.3,0.246,rain
4/26/2008,82.5,62.2,71.2,59.1,67,1014.8,9.8,0.348,rain
4/27/2008,69.5,56.4,63.5,54.2,72.5,1018.7,9.2,1.243,rain
4/28/2008,76.5,47.2,62.3,38.1,44.7,1023.1,9.9,0,
4/29/2008,80.4,50.1,66.1,40.6,43.3,1018.9,9.9,0,
4/30/2008,83.6,53.1,69,54.8,62.5,1011.3,9.9,0,
5/1/2008,84.4,69.9,75.3,65.1,71.3,1005.5,9.5,0,
5/2/2008,87.1,68.1,77.8,57.1,53.1,1006.7,8.7,0,
5/3/2008,75.4,59.1,66.4,42.6,44.1,1016.5,9.9,0,
5/4/2008,81.6,55.3,68.8,50.3,52.8,1018.2,9.9,0,
5/5/2008,73.7,66.6,69.5,64.1,83.4,1017.3,6.8,0.223,rain
5/6/2008,83.4,68.1,74.8,66,75.1,1013.6,8.3,0,
5/7/2008,88.6,70.2,77.2,60.4,60.9,1005.1,9.2,0,
5/8/2008,89.7,60.7,76.8,52.9,45,1007.8,9.9,0,
5/9/2008,95.4,69.6,82.1,67.2,63.6,1007.6,6.9,0.001,rain
5/10/2008,93.6,75.4,81.9,70.1,68.9,1006.7,6.1,0.141,rain
5/11/2008,80.6,64.6,74,43.9,37.3,1015.6,9.1,0,
5/12/2008,78.1,60.1,69.1,50.9,52.5,1013.2,9.9,0,
5/13/2008,87.3,73.5,78.9,69.6,73.7,1008.8,7.6,0.009,rain
5/14/2008,88.7,67.7,78,69.7,76.6,1009.3,7.6,0.523,rain
5/15/2008,78.3,66.2,71.2,60.5,70.2,1012.3,9.6,0.555,rain
5/16/2008,79.5,64.2,71.3,51.6,51.4,1018.2,9.9,0,
5/17/2008,81.5,60.2,70.6,54.1,58.1,1016.4,9.9,0,
5/18/2008,91.7,60,75.8,52.9,49.5,1012.4,9.9,0,
5/19/2008,96.6,59.3,79.6,51.3,43.3,1009.6,9.9,0,
5/20/2008,98.6,69.5,84.2,59.4,47,1008.1,9.9,0,
5/21/2008,95.8,73.3,83.2,67.4,61.6,1004.6,9.8,0,
5/22/2008,93.1,76.1,83.6,69.8,64.8,999.8,8.4,0.027,rain
5/23/2008,99.5,77.9,86.9,69.8,59.5,1003.7,9.6,0,
5/24/2008,96.5,77.6,85.9,71,63.1,1010.1,9.4,0,
5/25/2008,96.5,78.8,86.1,69.6,60.2,1012.1,9.9,0,
5/26/2008,94.7,77.9,84.7,70.4,64,1010.9,9.7,0.091,rain
5/27/2008,97.4,72.4,83.3,68.1,62.9,1013.1,9.9,0.019,rain
5/28/2008,93.3,70.7,81.4,64.4,59.2,1017.8,9.9,0,
5/29/2008,92.6,72.3,82.8,65.1,57.8,1017.4,9.8,0,
5/30/2008,94.5,70.5,82.5,61.6,53,1015.2,9.8,0,
5/31/2008,97.4,73.3,84.8,65.4,55.9,1014.7,9.9,0,
6/1/2008,98.4,74.5,85.4,65.4,55,1014.1,9.9,0,
6/2/2008,98.6,75.3,86.1,66.7,56.3,1013.2,9.9,0,
6/3/2008,99.3,76.7,86.2,65.9,54.4,1009.7,9.9,0,
6/4/2008,97.4,76.5,85.1,67.4,57.9,1005.8,9.9,0,
6/5/2008,93.5,79.5,85.1,69.2,60,1005.4,9.9,0,
6/6/2008,95.6,79.2,84.9,71,64.5,1011.3,9.4,0.213,rain
6/7/2008,97.9,78.3,86.4,69.8,60.4,1014.1,9.9,0,
6/8/2008,98.1,78.5,86.7,68.9,58.6,1013.2,9.8,0,
6/9/2008,97.4,78.5,87.1,67.2,55.1,1011.6,9.9,0,
6/10/2008,99.8,78.2,85.9,67.4,56.6,1013.5,9.9,0,
6/11/2008,99.3,77.3,86.4,66.7,55.6,1012,9.9,0,
6/12/2008,96.6,77.6,85.8,67.1,56.5,1012.4,9.9,0,
6/13/2008,98.2,76.1,85.9,68.1,58.7,1014.6,9.9,0,
6/14/2008,97.2,74.9,86.2,67.4,57.1,1015.5,9.9,0,
6/15/2008,99.6,74.8,86.9,65.3,52.9,1013.2,9.9,0,
6/16/2008,99.7,74.5,87,65,52.2,1012.7,9.9,0,
6/17/2008,99.8,74.2,86.3,65.7,54.8,1015.1,9.9,0,
6/18/2008,100.4,73.1,87,63.7,49.6,1012.9,9.9,0,
6/19/2008,101,73.6,87.5,63.4,48.2,1012.1,9.9,0,
6/20/2008,91.3,74.2,81.4,64.1,57.3,1015.4,9.9,0.135,rain
6/21/2008,94.3,70.3,81.1,63.1,57.1,1018.3,9.9,0,
6/22/2008,98.4,69.6,84.5,56.8,43.7,1017.5,9.9,0,
6/23/2008,98.4,70.7,85.8,56.9,41,1016.4,9.9,0,
6/24/2008,96.8,74,84.2,65.6,57.6,1018.7,9.9,0,
6/25/2008,98.6,75.9,85.8,65.5,56.1,1018.8,9.9,0,
6/26/2008,98.6,77.1,86.6,65.9,54.3,1016.1,9.9,0,
6/27/2008,100,76.8,86.8,66.2,54.3,1014.1,9.9,0,
6/28/2008,98.6,75.6,86.2,66.5,55.7,1015.4,9.9,0,
6/29/2008,99.2,73.3,83.8,65.5,58.8,1018.7,9.6,0.127,rain
6/30/2008,92.4,72.6,81.4,66.6,64.1,1020,9.8,0.25,rain
7/1/2008,96,72.4,83.2,61.9,52.9,1017.6,9.9,0,
7/2/2008,90.5,68,78.9,66.2,67.1,1015.8,9.9,0.101,rain
7/3/2008,94.4,69.8,80.8,66.8,65.6,1015.9,9.9,0.003,rain
7/4/2008,91.2,69.8,80.5,67.2,66.6,1017.4,9.9,0,
7/5/2008,95,70,80.5,66.5,65.3,1016.7,9.9,0,
7/6/2008,94.5,68,81.2,64.8,62,1015.6,9.9,0.001,rain
7/7/2008,94.3,72.2,79.8,69.5,73.4,1016.1,9.7,0.101,rain
7/8/2008,92.8,72.2,79.3,70.8,77.4,1016.2,9.5,0.05,rain
7/9/2008,97.1,72.5,83.3,68.8,66.5,1017,9.9,0.005,rain
7/10/2008,96.7,74,84.6,68.6,62.6,1017.7,9.9,0,
7/11/2008,98.3,75.6,85.7,67.5,58.7,1017.7,9.9,0,
7/12/2008,99.3,71.3,85.4,65.7,57.5,1017.4,9.8,0,
7/13/2008,99.8,72.5,86,66,57,1015.2,9.7,0,
7/14/2008,101.3,74.7,85.2,67.4,58.4,1013.8,9.9,0,
7/15/2008,98.4,75.2,86.2,66.8,57,1015.3,9.9,0,
7/16/2008,94.7,76.8,83.9,68.5,62.2,1017.6,9.9,0.022,rain
7/17/2008,98.4,73.8,85.8,65.4,54.9,1016.4,9.8,0,
7/18/2008,97.3,74.2,85.3,65.9,56.4,1014.8,9.9,0.002,rain
7/19/2008,97.5,73.1,85.2,66.4,58.2,1015.8,9.9,0,
7/20/2008,99.8,74,86.7,63.9,51.8,1017.8,9.9,0,
7/21/2008,101.1,77.1,88.5,64,48.4,1015.8,9.9,0,
7/22/2008,100.7,73,87,64,49.1,1013.4,9.9,0,
7/23/2008,96.1,75.8,83.9,69.7,64.8,1013.1,9.9,0,
7/24/2008,87.5,75,78.3,73.3,85.1,1014.7,9.3,0.328,rain
7/25/2008,96.5,75.7,84.3,70.6,68.1,1018.2,8.4,0.001,rain
7/26/2008,99.3,74.5,85.5,67.1,59.7,1018.5,9.1,0,
7/27/2008,101.4,73.8,86.7,62.5,51.5,1014.5,9.5,0,
7/28/2008,101.6,75.5,87.4,66.3,54.3,1011.8,9.9,0,
7/29/2008,100.4,74.7,86.3,67.1,57.5,1011.4,9.9,0,
7/30/2008,97.7,75.8,85.9,68.2,58.9,1010.9,9.9,0,
7/31/2008,100.7,79.1,88.5,69.7,57.5,1010.1,9.3,0.001,rain
8/1/2008,99.5,76.6,87.8,69,58,1012.4,9.5,0,
8/2/2008,100.7,77.4,88.4,67.8,55,1013.8,9.9,0,
8/3/2008,102.5,75.5,89.1,65,50.5,1013.9,9.9,0,
8/4/2008,101.7,74.7,88.9,63.6,46,1013.6,9.9,0,
8/5/2008,94.8,76.4,85.2,66.6,55.6,1013.4,9.9,0,
8/6/2008,96.8,73.8,84.7,68.6,62.6,1015.8,9.1,0.116,rain
8/7/2008,100,76.4,87.5,67.1,56,1015.9,9.9,0,
8/8/2008,100.5,74.8,87.8,65.7,53,1014,9.9,0,
8/9/2008,101.4,75.3,88.3,64.9,50.5,1012.6,9.9,0,
8/10/2008,101.7,76.8,88.7,66.8,53.1,1010.5,9.9,0,
8/11/2008,97,77.9,86.6,69.9,60.4,1009.9,9.3,0,
8/12/2008,88.3,79.1,82.6,72.4,72,1009.2,9.7,0.033,rain
8/13/2008,98.8,76.5,86.4,66.1,55.3,1010.5,9.9,0,
8/14/2008,100.1,73.1,87.4,65.9,54.1,1012.1,9.9,0,
8/15/2008,97.9,75.4,84.7,69.8,64.3,1013.5,9.4,0,
8/16/2008,91.9,73.2,80,68.7,70.4,1015.6,9.4,0.159,rain
8/17/2008,91.2,73.4,79.9,69.4,72.2,1014.7,9.6,0.003,rain
8/18/2008,83.9,74.3,76.7,72.9,88.5,1012.3,7.1,0.199,rain
8/19/2008,84.6,73.3,76.2,71.8,86.9,1011.1,8,1.495,rain
8/20/2008,91.9,73.1,81.1,68.2,68.8,1010.8,9.4,0.002,rain
8/21/2008,95.4,74.1,83,71.6,70.9,1011.8,9.4,0,
8/22/2008,95.3,74.7,81.9,71.8,74,1014.6,9.7,0.018,rain
8/23/2008,95.4,73.5,82.4,69.6,68.6,1015.9,9.9,0.001,rain
8/24/2008,95,74.9,81.8,69.7,68.7,1013.9,9.9,0.006,rain
8/25/2008,94,74.2,81.1,70.4,71.9,1011.4,9.8,0.093,rain
8/26/2008,92.2,72.8,81.1,70.1,70.9,1010.9,9.7,0.134,rain
8/27/2008,94.4,73.8,83.6,69.8,66.3,1011.9,9.9,0,
8/28/2008,94.4,76.1,83.3,70.6,67.9,1012.1,9.7,0.03,rain
8/29/2008,93.5,76.4,83.8,70.4,66.6,1013.7,9.9,0,
8/30/2008,93.2,74.4,83.9,68.1,61.4,1014.3,9.7,0.014,rain
8/31/2008,94.9,73.7,83.8,67.8,61.2,1013.1,9.2,0,
9/1/2008,95.8,74.6,85,66.5,56.7,1009.2,9.5,0,
9/2/2008,100,74.8,86.9,65,51.1,1007.2,9.9,0,
9/3/2008,93,78.4,84.4,64.7,52.8,1009,9.9,0,
9/4/2008,94.3,69,81.1,60.8,52.5,1010.7,9.9,0,
9/5/2008,95.4,71.1,81.9,61.7,53.1,1012.6,9.9,0,
9/6/2008,94.9,67,81.1,59.8,52.8,1014.8,9.9,0,
9/7/2008,94.9,66.8,80.5,61.1,55.5,1016.3,9.9,0,
9/8/2008,95.4,73.6,83.2,67.5,62.2,1014.7,9.7,0.033,rain
9/9/2008,94.9,74.8,83.8,68.1,62.9,1014.1,9.7,0,
9/10/2008,94.2,76.5,84.3,67.4,60,1013.2,9.8,0.019,rain
9/11/2008,95.2,74.6,84.8,68.6,61.8,1011.8,9.7,0,
9/12/2008,95.4,76.7,85.2,69,60.1,1007.1,9.9,0,
9/13/2008,97.1,78.9,85.5,69.6,60.7,1001,9.9,0,
9/14/2008,91.6,77.2,82.8,64,56.6,1013,9.8,0.053,rain
9/15/2008,77.5,66,72.3,48.2,43.8,1021.9,9.9,0,
9/16/2008,82.8,62.4,71.4,41.6,36.7,1023.2,9.9,0,
9/17/2008,80,58.2,70,49.7,50.3,1021.7,9.9,0,
9/18/2008,82.6,64.1,72.2,55.4,57.3,1020.3,9.9,0.009,rain
9/19/2008,87.7,60.1,73.4,55.5,57.8,1018.5,9.4,0,
9/20/2008,89.6,60.2,75.7,56.3,54.7,1017.7,9.5,0,
9/21/2008,90,64,77.5,59.3,57.1,1018.7,8.9,0,
9/22/2008,92.6,65,78.9,61.2,58.1,1019.7,9.4,0,
9/23/2008,91.6,69.1,80.3,62.7,57.3,1019.9,9.9,0.001,rain
9/24/2008,90.7,69.5,79.3,62.8,59.7,1020.5,9.9,0.005,rain
9/25/2008,88.2,68.1,77.6,55.5,51.1,1021.2,9.9,0,
9/26/2008,89,63,75.1,53.2,50.1,1018.7,9.7,0,
9/27/2008,88.9,62.8,75.5,52,47.4,1017.5,9.5,0,
9/28/2008,88.9,61.2,75.2,48.7,42.9,1018.6,9.9,0,
9/29/2008,91.4,59.5,74.5,48.6,44.7,1019,9.9,0,
9/30/2008,94.6,61.7,77.2,49.7,41.3,1019.3,9.9,0,
10/1/2008,89.3,59.9,74.3,44.7,38.8,1018.4,9.9,0,
10/2/2008,91.7,58.8,75.1,45.6,38.9,1015.6,9.9,0,
10/3/2008,91.7,64.8,78,58.9,54.9,1014.6,9.9,0,
10/4/2008,89.7,65,77.2,57,55.7,1017,9.9,0,
10/5/2008,89.7,63.3,75.4,59.6,59.7,1015.3,9.9,0,
10/6/2008,87.2,70.8,77.9,65.3,67,1012.5,9.9,0,
10/7/2008,85.2,64.9,74.2,53.5,56.6,1017.9,9.6,0.783,rain
10/8/2008,87.2,54.6,69.9,44.3,44.4,1018.4,9.9,0,
10/9/2008,87.3,55.2,70.7,46.7,47.9,1015.6,9.9,0,
10/10/2008,88.9,59.8,73.3,56.2,59.2,1014.3,9.8,0,
10/11/2008,89,65.6,75.1,61.6,65.8,1016,9.9,0,
10/12/2008,90.6,65.5,77.4,61.5,62,1015.6,8.8,0,
10/13/2008,88.8,71.8,78.9,66.5,67.7,1017.5,9.8,0,
10/14/2008,83.5,71.1,75.8,69.1,80.1,1018,9,0.069,rain
10/15/2008,76.6,66.4,71.8,69,90.9,1018.3,7.7,0.775,rain
10/16/2008,69.9,60.2,64.6,55.5,72.8,1023,9.9,0.056,rain
10/17/2008,75.8,56.1,63.9,55.4,75.1,1023.3,9.9,0,
10/18/2008,82.1,55.5,67.2,50.1,60.3,1023.9,9.6,0,
10/19/2008,82,51.9,66.1,49,58,1022.4,9.9,0,
10/20/2008,83.6,55.8,69,55,64.8,1022.2,9.3,0,
10/21/2008,83.4,55.2,69.1,56.5,67.2,1020.1,9.4,0,
10/22/2008,83,61.2,68.6,56.8,69.1,1017.3,8.5,0,
10/23/2008,71,50.7,59.9,32,37.4,1022.6,9.9,0,
10/24/2008,79.7,41.7,60,36.1,46.5,1018.4,9.9,0,
10/25/2008,84.5,50.2,66.7,46.1,50.4,1018.1,9.9,0,
10/26/2008,86.3,57.7,71.1,57.8,65.4,1019.6,9.9,0,
10/27/2008,73.2,49.2,61.6,24.4,26.2,1034.4,9.9,0.002,rain
10/28/2008,70.3,39.7,53.6,25.2,38.6,1033.4,9.9,0,
10/29/2008,77.6,42,59.2,35.5,44.6,1027.1,9.9,0,
10/30/2008,81.6,51.6,66.5,53,65.8,1026.7,9.7,0,
10/31/2008,81.2,59.1,68.9,55.8,65.7,1028.4,9.7,0,
11/1/2008,83.2,55.7,68.5,54.6,65,1026,9.8,0,
11/2/2008,83,55.7,69,53.2,60.1,1022.2,9.9,0,
11/3/2008,80.4,55.1,68.2,53.9,63.3,1020,9.8,0,
11/4/2008,83.5,60.3,70,58.6,69,1017.4,9.9,0.004,rain
11/5/2008,86.7,68.7,75.2,62,66.5,1011.9,9.9,0,
11/6/2008,77.2,53,68.1,40.4,43.1,1014.8,9.8,0.013,rain
11/7/2008,73.8,47.2,58.4,33,43.2,1019.3,9.9,0,
11/8/2008,77.2,44.6,58.5,28.6,39.4,1018.5,9.9,0,
11/9/2008,79.4,43,61.6,38.5,45.7,1016.1,9.9,0,
11/10/2008,76.3,64.4,69.4,61.5,76.3,1012.3,9.8,0.038,rain
11/11/2008,78.6,64.3,71,65.3,82.8,1012.2,8,0.413,rain
11/12/2008,75,60.8,65.5,58,78.6,1013,7.8,0,
11/13/2008,76,53.6,64.5,56.1,76.3,1012.8,8.6,0,
11/14/2008,82.1,59.1,68,53.8,65.7,1010.9,8.6,0,
11/15/2008,59.3,42.5,52.6,24.2,34.5,1028.4,9.9,0,
11/16/2008,66.7,33.7,49.3,24.9,43.5,1028.6,9.9,0,
11/17/2008,74.8,36.7,54.5,26.7,40.6,1027.3,9.9,0,
11/18/2008,72.1,43.3,56.5,35.7,47.1,1029.6,9.9,0,
11/19/2008,77.8,43.7,58.7,41.6,58.1,1025,9.6,0,
11/20/2008,76.8,50.4,59.9,46.2,63.5,1023.6,9.3,0,
11/21/2008,54.1,42,48,23.9,38.7,1032.6,9.9,0,
11/22/2008,59.4,48.8,53.6,36.4,52.6,1028.4,9.9,0,
11/23/2008,73.5,58.1,64.5,58.7,82.3,1021.9,7.6,0.043,rain
11/24/2008,70,50.5,63.8,46.3,58.8,1023.7,9.8,0,
11/25/2008,69.8,38.7,52.6,28.1,43.6,1025.5,9.9,0,
11/26/2008,72.8,45.3,58.4,45.6,62.8,1019.3,9.9,0,
11/27/2008,74.8,55.5,63.9,58.4,83.2,1016.4,8.1,0,
11/28/2008,73.9,53.1,64.7,58.9,82,1012.2,9.1,0.033,rain
11/29/2008,59.4,49.5,54.1,47.8,80.4,1010.1,7.9,0.03,rain
11/30/2008,62.1,44.6,53.1,33.2,49.4,1012.1,9.9,0,
12/1/2008,60.1,36.7,51.6,21,32.1,1021.5,9.9,0,
12/2/2008,73.5,33.3,54,29,41.8,1020.5,9.9,0,
12/3/2008,78.2,48.6,64.8,50,61.2,1015,9.9,0,
12/4/2008,55.3,36.7,45.4,18.2,35.2,1027.2,9.9,0,
12/5/2008,51,34,41.9,17,38.1,1028.6,9.9,0,
12/6/2008,66.1,28.1,46,22.8,44.2,1022.4,9.9,0,
12/7/2008,69.2,35.1,53,31.3,49,1022.8,9.9,0,
12/8/2008,73,51.1,63,56.4,79.6,1011.4,9.2,0,
12/9/2008,78.4,34.4,61.9,52,72.7,1009.1,8.7,0.087,rain
12/10/2008,49,34,39.4,22,53.5,1022.5,9.5,0.107,rain
12/11/2008,64,33,45.5,21.3,40.7,1021.7,9.9,0,
12/12/2008,65.1,36.8,49.9,26.1,44,1024.8,9.9,0,
12/13/2008,71.7,44.1,58.1,46.3,67.1,1014.6,9.7,0,
12/14/2008,78.3,60.4,67.8,58.4,73.5,1009.6,9.7,0,
12/15/2008,67,30.7,39.6,27.9,63.3,1023.8,9.4,0.042,rain
12/16/2008,36.9,28.9,32.9,27.1,79.3,1023.1,8.4,0,
12/17/2008,50.9,36.8,44.3,40.5,86.6,1020.8,5.2,0,
12/18/2008,66.9,49.7,57.3,56.4,96.7,1019,1.3,0.044,rain
12/19/2008,74.7,63.4,68.6,63.4,84.3,1018.2,6.3,0.013,rain
12/20/2008,76.7,56.7,68.7,57.8,71.5,1015,7.5,0,
12/21/2008,54.8,35.1,40.8,15.4,36.3,1027.6,9.9,0,
12/22/2008,37,28.4,33.1,9.8,37.4,1029.8,9.9,0.009,rain
12/23/2008,48.9,34,41.1,38,89.3,1015.5,4.4,0.023,rain
12/24/2008,73.9,49.8,59.6,39.5,56.7,1018.5,7.6,0.003,rain
12/25/2008,70.9,46.6,57.7,45.3,64,1019.5,9.4,0,
12/26/2008,79.7,69.2,73.2,65.8,78.2,1012.5,9.6,0,
12/27/2008,76.1,48.9,66.8,39.3,45.2,1014.1,9.8,0,
12/28/2008,55.1,39.4,46.3,22.2,39.5,1025.5,9.9,0.012,rain
12/29/2008,69.7,32.8,48.5,24.2,47.1,1027,9.9,0,
12/30/2008,73.8,38.3,54.3,29.1,41.3,1020.7,9.9,0,
12/31/2008,62.1,47.1,53.7,30.8,43.2,1023.2,9.9,0,
1/1/2009,66.9,37.6,52.3,40.1,63.9,1017.1,9.9,0,
1/2/2009,72.3,47.1,58.7,53.3,83.3,1011.7,7.8,0,
1/3/2009,81.8,62,70.6,59.9,71.8,1008.2,8.9,0,
1/4/2009,65,43.5,51.5,38.2,62.8,1018.1,7.9,0,
1/5/2009,43.1,35.1,38,29.6,72.6,1019.4,9.8,0.064,rain
1/6/2009,66.1,40,51,37.4,66.2,1008.4,8.4,0.441,rain
1/7/2009,73.2,35.8,53.2,27.4,43.1,1012.6,9.9,0,
1/8/2009,80.5,39.9,58.9,33.6,43.1,1013.8,9.9,0,
1/9/2009,80.1,62.8,69.7,60.5,74.8,1012.6,9.1,0.009,rain
1/10/2009,68,43.9,53.2,33.6,49.7,1022,9.4,0.009,rain
1/11/2009,61,37.2,46.3,19.3,36.2,1027.6,9.9,0,
1/12/2009,64,29.5,46.5,23.5,46.3,1022.6,9.9,0,
1/13/2009,54.1,37.1,46.1,15.9,30.5,1029.1,9.9,0,
1/14/2009,63.8,29.3,45,18.3,38.9,1025.2,9.9,0,
1/15/2009,54.9,35.5,44.9,27.7,52.4,1031.6,9.9,0,
1/16/2009,47.1,36,42.5,23.6,47.2,1035.9,9.9,0,
1/17/2009,67.3,46.9,56.3,43.8,63.1,1026.4,9.9,0,
1/18/2009,74.8,47.2,59.2,34.3,50.5,1023.2,9.9,0,
1/19/2009,71.1,46.7,58.8,22.6,25.8,1018,9.9,0,
1/20/2009,62.8,40.2,51.1,20.1,33.4,1023.5,9.9,0,
1/21/2009,75.3,29.9,52.2,19.8,34.5,1022,9.9,0,
1/22/2009,78.8,40.4,61.2,29.1,32.3,1017.7,9.9,0,
1/23/2009,80,56,66.8,52.9,63.2,1016.5,9.9,0,
1/24/2009,61.5,37.9,44.2,26.6,50.6,1024.9,9.7,0,
1/25/2009,59.7,37,46.8,32.8,59.7,1020.9,9.4,0,
1/26/2009,71,52,58.8,54.6,87.1,1017,4.3,0.015,rain
1/27/2009,66.7,32.2,47.7,44.4,88.4,1018.4,9.1,0.03,rain
1/28/2009,50.8,29.4,37.3,28.3,71.6,1022.8,9.7,0.086,rain
1/29/2009,57.1,27.9,42,28.7,62.1,1023.4,8.9,0,
1/30/2009,64.9,33.3,47.2,23.7,47.4,1029.6,9.8,0,
1/31/2009,70,36.2,52.8,20.2,32.7,1024.3,9.9,0,
2/1/2009,77,44.6,60.2,43.4,57.4,1014.1,9.9,0,
2/2/2009,62.8,39.1,51.8,16.7,27,1023.5,9.9,0,
2/3/2009,75.5,29.9,52.4,16.9,32.7,1025,9.9,0,
2/4/2009,67.3,40.6,53.2,24.9,34.9,1031.9,9.9,0,
2/5/2009,74.1,44.6,58.5,43.9,62.7,1029.7,9.8,0,
2/6/2009,76.9,55.2,64.4,53.5,70.6,1023.5,9.2,0,
2/7/2009,75.1,62.6,67.8,55.2,65.5,1021.9,9.9,0,
2/8/2009,75,56.7,65.3,55.7,73.4,1019.4,9.4,0.009,rain
2/9/2009,71.2,57.8,64,58,81.8,1014,8.2,0.593,rain
2/10/2009,76.3,53.8,69.1,62.5,80.1,1008.5,9.2,0.398,rain
2/11/2009,73.1,49.8,60.2,28.5,31.8,1017.1,9.9,0.179,rain
2/12/2009,76,41.1,59.7,37.1,49.5,1019.8,9.9,0,
2/13/2009,79.2,60.9,67.9,55.7,66.5,1014.7,9.6,0,
2/14/2009,64.2,47.2,53.6,33.9,47.6,1016.4,9.9,0,
2/15/2009,66.4,50.4,56.8,36.4,46.9,1021,9.9,0,
2/16/2009,60.4,48,54.6,40.4,59.2,1024.6,9.8,0,
2/17/2009,63.2,53.1,58,55.6,92.2,1015.5,2.7,0.057,rain
2/18/2009,82.1,63,70.1,42.8,52,1012.4,7.7,0,
2/19/2009,64.3,45.4,55.6,24.8,32,1023.9,9.9,0,
2/20/2009,71.8,34.3,53.8,28,43.9,1023.1,9.9,0,
2/21/2009,63.1,46.2,55.1,33.1,50.5,1021.8,9.9,0,
2/22/2009,63.5,34,47.8,12.2,26.2,1031.8,9.9,0,
2/23/2009,70.6,35.4,53.4,30,43.1,1027.7,9.9,0,
2/24/2009,83,47.6,64.8,48.3,61.1,1017.9,9.4,0,
2/25/2009,86.1,58.5,70.8,57.8,66.8,1014.2,9.9,0,
2/26/2009,86.2,68,73.9,61.3,67.3,1011.8,9.9,0,
2/27/2009,89.2,62.9,74.3,58.1,61.2,1008.9,9.2,0,
2/28/2009,62.3,44.4,52.8,23.6,35,1023.9,9.9,0,
3/1/2009,61.2,34,46.9,15.7,29.5,1032.6,9.9,0,
3/2/2009,67,32.3,50.4,21.4,37.5,1026.2,9.9,0,
3/3/2009,76.7,40.6,58.3,38.3,49.8,1022.1,9.9,0,
3/4/2009,82.9,48.6,64.9,50.5,64.5,1019.2,9.3,0,
3/5/2009,85.1,61.3,70.9,55.8,63.6,1019.1,9.9,0,
3/6/2009,84.7,65.2,72.5,56.4,61.3,1018.7,9.9,0,
3/7/2009,79.9,66.7,72.4,59.7,66.1,1014.9,9.6,0,
3/8/2009,82.7,70,75.5,62.1,64.7,1015.3,9.5,0,
3/9/2009,82.9,68.8,74.2,60.1,64,1015.1,9.5,0,
3/10/2009,82.8,67.7,74.1,60.6,65.6,1013.7,9.7,0,
3/11/2009,71.6,43.2,53.1,49.1,86.4,1020.6,9,0.258,rain
3/12/2009,45.1,40.1,43,39.3,86.8,1024,8.6,1.604,rain
3/13/2009,42,40.1,40.8,38.6,91.7,1020,6.6,0.404,rain
3/14/2009,49.1,41.2,45.4,40.1,81.7,1018.2,9.9,0.001,rain
3/15/2009,63.1,47.8,52.5,45.2,77.1,1017.9,9.8,0.018,rain
3/16/2009,83.1,43.1,61.9,43.3,60.3,1020.9,8.1,0,
3/17/2009,83.7,49.5,66.8,45.5,54,1021.6,8.8,0,
3/18/2009,82.1,55.7,67.1,51.1,60.9,1019.1,9.6,0,
3/19/2009,82.1,57.9,68.2,50.9,57.9,1019.3,9.8,0,
3/20/2009,80.9,50.7,67,45.8,51.3,1021.2,9.9,0,
3/21/2009,79.4,54.1,66.9,53.5,64.4,1021.4,9.1,0,
3/22/2009,82.3,62.9,71.2,57.1,65.3,1019.1,9.3,0,
3/23/2009,79.2,65.9,71.1,59.6,68.7,1011.5,9.9,0,
3/24/2009,75.9,67.8,70.9,64.6,80.8,1009.6,8.7,0.05,rain
3/25/2009,71.9,52.8,63.3,53.2,71.2,1010.3,9.2,0.17,rain
3/26/2009,77,52.6,62.2,55.7,82.1,1005.5,6.1,0.219,rain
3/27/2009,81.2,51,63.9,50.9,68.9,1002.5,7.6,0.151,rain
3/28/2009,68,39.1,52.8,22.5,32.1,1011.2,9.9,0,
3/29/2009,75.9,35.7,57.2,28.5,39.5,1014.9,9.9,0,
3/30/2009,82.3,54.3,67.1,54.9,66.9,1006.8,9.9,0,
3/31/2009,71.9,54.6,64.8,38.5,42.9,1011.3,9.7,0.034,rain
4/1/2009,76.1,44.9,61.2,40.5,49.7,1007.6,9.9,0,
4/2/2009,72.2,54.8,64.9,42.4,50,1005.1,9.5,0.272,rain
4/3/2009,80,44.7,61.9,36.4,44.8,1009.9,9.9,0,
4/4/2009,86.1,54.9,69.8,56.2,66.1,1006.8,9.3,0,
4/5/2009,70.7,57.4,65,38.7,44.6,1015.5,9.7,0,
4/6/2009,64.5,46.2,54.2,20.3,27.7,1027.7,9.9,0,
4/7/2009,77,37.6,56.9,23.7,32.6,1025.1,9.9,0,
4/8/2009,87.6,48,68,41.2,40.7,1013.8,9.9,0,
4/9/2009,93,63.1,75.1,50.9,54.4,1005.4,9.9,0,
4/10/2009,73.1,55.6,66.1,46.1,53.8,1013.5,7.7,0,
4/11/2009,64,57.7,60.8,45.5,57.6,1016.7,9.9,0,
4/12/2009,82.3,59.3,68.8,50.5,61.9,1008.4,8.2,0.392,rain
4/13/2009,75.6,52,63.4,42.8,49.3,1012.5,9.9,0,
4/14/2009,80.8,45.2,63.9,41.6,50.9,1016.1,9.9,0,
4/15/2009,82.4,55.1,68.4,48.7,53.2,1015.1,9.9,0,
4/16/2009,75.6,62,68.1,58.4,71.9,1014.7,9.8,0,
4/17/2009,66.8,61.6,63.9,62.1,94,1013.4,6,1.228,rain
4/18/2009,79.2,62.9,68.7,64,86.2,1012.8,8.5,0.147,rain
4/19/2009,78.8,60.3,69.4,50.5,55.8,1017.3,9.6,0,
4/20/2009,81.8,52.4,67.6,43.6,46.2,1021.1,9.9,0,
4/21/2009,92.4,61.7,75.3,41.8,32.9,1017.1,9.9,0,
4/22/2009,93.8,64.3,79.4,44.9,33.2,1014.7,9.9,0,
4/23/2009,83.9,63.6,73.2,57.6,60.8,1014.4,9.9,0,
4/24/2009,78.8,68.9,73,65,76.7,1015.9,9.1,0,
4/25/2009,85.6,72.1,76.9,68.1,75.4,1015.9,9,0.011,rain
4/26/2009,80.8,71.2,75.3,67,77,1013.3,8.9,0.021,rain
4/27/2009,73.9,62,67.7,64.8,90.5,1016.3,7.9,1.007,rain
4/28/2009,83.4,61.5,71,65.4,84.3,1019.6,7.1,0.121,rain
4/29/2009,80.7,72.1,75.4,67.7,77.6,1016.7,9.8,0,
4/30/2009,85.1,71.1,77.3,68.2,74.5,1014.5,9.7,0,
5/1/2009,86.9,73,78,69,74.9,1014.4,9,0,
5/2/2009,84.8,73.1,78,68.7,74,1010.5,9.3,0,
5/3/2009,82.8,63.4,74.1,63.9,72.5,1010.1,9.4,0.068,rain
5/4/2009,81.1,58.1,70,58.4,67.7,1013.9,9.9,0,
5/5/2009,87.4,71.8,78.5,69,73.9,1010.8,8.3,0,
5/6/2009,91.3,73.1,80.8,70.7,73,1008.5,9.2,0.003,rain
5/7/2009,89.7,75.6,80.8,71.4,74.3,1010.3,6.8,0,
5/8/2009,94.8,74,82.4,70.1,68.5,1007.4,8.3,0,
5/9/2009,91.8,72.8,81.1,67.7,66.2,1011.8,9.3,0,
5/10/2009,91.8,72.3,80.9,66.6,65,1015,9.7,0,
5/11/2009,91,73.3,81,69.2,69.7,1015.3,9.3,0,
5/12/2009,92.1,73.8,81.9,68.1,66,1013.4,9.9,0,
5/13/2009,93.6,74,81.9,67.3,63.9,1010.8,9.6,0,
5/14/2009,90.1,73.8,80.7,66.9,65.4,1014.5,9.6,0,
5/15/2009,92.4,72.2,80.7,67.2,66,1014.3,9.5,0.001,rain
5/16/2009,80.3,65,70.8,67,88.2,1016.7,8.8,2.161,rain
5/17/2009,76.8,60.6,67.6,58.3,73.4,1021.9,9.9,0.09,rain
5/18/2009,80.4,55.8,67.5,47.2,52,1022.7,9.9,0,
5/19/2009,82.8,51.9,68.3,47.3,51.6,1022,9.9,0,
5/20/2009,82.1,56.3,71,52.6,55.6,1019.1,9.9,0,
5/21/2009,86,57.4,73.7,54.5,53.4,1015.8,9.9,0,
5/22/2009,87.2,67.6,77.5,61.1,58.7,1014.2,9.9,0,
5/23/2009,83,65.5,72.4,63.4,75,1013,9.7,0.038,rain
5/24/2009,82.6,66.6,72.6,65,78.6,1011.5,9.7,0.084,rain
5/25/2009,90.8,64.8,77,62.3,65.4,1008.9,9.8,0,
5/26/2009,92.4,72,81.6,61.8,53.8,1007.5,9.9,0,
5/27/2009,86.6,70.3,77.9,61.7,58.2,1011.1,9.9,0.003,rain
5/28/2009,89.6,69.9,79.4,58.2,51.4,1013.5,9.9,0,
5/29/2009,89.9,72.2,80.3,58.8,49.3,1016.2,9.9,0.001,rain
5/30/2009,92.4,67,81.2,58.8,49,1016.1,9.9,0.018,rain
5/31/2009,90.3,70.2,80.7,63.3,58.3,1014.8,9.8,0,
6/1/2009,90.8,67.2,79.2,63.3,61.1,1013.8,9.9,0,
6/2/2009,94.5,71.3,81.3,65.9,63,1013.2,9.9,0,
6/3/2009,91.1,68.1,79.7,63.1,59.9,1014.4,9.9,0.051,rain
6/4/2009,88.5,66.8,77.9,58.3,53.8,1015.6,9.9,0,
6/5/2009,92.5,63.9,78.2,52,42.8,1015.3,9.9,0,
6/6/2009,95.5,68.2,82.4,61.2,51,1012.8,9.9,0,
6/7/2009,94.5,67.7,81,63.3,59,1011.4,9.9,0,
6/8/2009,95.3,71.4,82.8,64.8,58.3,1011.2,9.9,0,
6/9/2009,94.7,70.3,83,66.6,61.5,1012.5,9.8,0,
6/10/2009,97.9,77.1,85.8,70,62.1,1011,9.9,0,
6/11/2009,96.5,72,83.6,71.1,68.3,1010.5,9.7,0.691,rain
6/12/2009,96.8,71.3,83.8,71.1,69.1,1010.6,9.6,0.129,rain
6/13/2009,99.6,76.8,86.8,69.6,60.1,1012.7,9.3,0,
6/14/2009,98.4,75.6,85.9,67.3,58,1013.8,9.9,0,
6/15/2009,98.8,75.4,86.5,67.3,56.9,1013,9.8,0,
6/16/2009,100.4,77.1,87,67,55.6,1012.3,9.9,0,
6/17/2009,98.6,78.2,86.7,68.1,57.4,1013.6,9.9,0,
6/18/2009,98.1,77.9,86.1,70,61.7,1012.5,9.9,0.001,rain
6/19/2009,96.2,78.1,85.7,69.3,60.8,1011.9,9.9,0,
6/20/2009,100.7,78.1,87.2,68.3,57.7,1011.5,9.9,0,
6/21/2009,99.5,76.8,87.5,67.8,56.2,1011.5,9.9,0,
6/22/2009,99.8,75.4,87.4,67.1,55.7,1011.1,9.9,0,
6/23/2009,100.2,74.5,88.5,65.3,50.9,1011.2,9.9,0,
6/24/2009,103.3,75.9,90.6,63.9,44.8,1011.6,9.9,0,
6/25/2009,104.2,78.9,92.5,63.1,40.5,1010.9,9.9,0,
6/26/2009,103.5,76.7,90.6,65,46.8,1010.5,9.9,0,
6/27/2009,101.8,78.1,90.7,65.9,48.3,1010.9,9.9,0,
6/28/2009,102.3,77.4,90.2,66.6,51,1011.9,9.9,0,
6/29/2009,104.5,77.2,90.7,63.5,43.2,1009.6,9.9,0,
6/30/2009,91.2,72.7,82.3,69.4,66.2,1010,9.2,0.373,rain
7/1/2009,92.2,75.6,81.9,69,67.2,1011.9,9.8,0.067,rain
7/2/2009,102.1,73.6,87.8,65.1,53.5,1014.1,9.9,0,
7/3/2009,100.8,74.9,88.8,68.9,55.8,1016.5,9.9,0,
7/4/2009,102.1,79,90.4,68,52.2,1014.6,9.9,0,
7/5/2009,103.7,77.4,88.8,67.3,54.8,1012.3,9.9,0,
7/6/2009,95.5,77.9,85.6,69.7,60.9,1012.2,9.9,0,
7/7/2009,99.3,78.5,87.7,68.7,56,1010.7,9.9,0.006,rain
7/8/2009,104.5,78.9,90.7,69.5,55.8,1010.5,9.2,0,
7/9/2009,103.5,78.1,90.5,66.4,50.9,1013.5,9.4,0,
7/10/2009,101.6,77.9,89.7,66.9,51.5,1017.3,9.9,0,
7/11/2009,100.4,76.1,88.5,67.4,53.7,1019.6,9.9,0,
7/12/2009,101.1,76.4,89.4,65.7,49.7,1019,9.9,0,
7/13/2009,102.6,77.8,90.5,63,43.9,1015.7,9.9,0,
7/14/2009,101.9,76.3,89.6,65.1,48.1,1014.6,9.9,0,
7/15/2009,102.3,75.2,89,67.1,53.7,1016.5,9.9,0,
7/16/2009,102.6,75.9,90.1,64.4,48.2,1015.9,9.9,0,
7/17/2009,100.8,78.1,89.1,66.5,49.7,1016.1,9.9,0,
7/18/2009,100.8,73.8,87.6,65.2,52.3,1017.9,9.9,0.001,rain
7/19/2009,99.3,78.8,87.2,68,57,1017.8,9.9,0,
7/20/2009,99,79,85.6,69,60.7,1013.9,9.9,0,
7/21/2009,100,77.4,86.8,69.4,60.1,1011.5,9.7,0,
7/22/2009,99.9,75,85.2,69.9,64.2,1014,9.1,0.233,rain
7/23/2009,96.4,74.4,84.2,65.9,59.1,1015.8,9.8,0,
7/24/2009,97.8,78.3,86.2,65.6,53,1015.4,9.9,0,
7/25/2009,102,75.6,88.6,66,52.3,1014.9,9.9,0,
7/26/2009,103.5,76.5,89.8,64.6,48.8,1015.2,9.9,0,
7/27/2009,102.3,78.3,89.9,67,51.7,1013.7,9.9,0,
7/28/2009,103.2,78.1,89.5,67.4,52.1,1011,9.9,0,
7/29/2009,96.3,80.6,87.5,70.7,59.6,1011,9.8,0,
7/30/2009,96,75.4,83.9,71.8,68.1,1012.7,9.8,0.07,rain
7/31/2009,99.5,77.9,86.1,71.2,63.4,1015.7,9.9,0.002,rain
8/1/2009,100.7,80.4,88.8,67.8,55.9,1015.5,9,0,
8/2/2009,95.2,79.8,85.9,68.1,57.8,1016.5,9.6,0,
8/3/2009,101.4,71.9,87.9,63.8,48.8,1015.9,9.6,0,
8/4/2009,101.6,75.6,88.7,66.7,53.1,1016,9.8,0,
8/5/2009,102.5,76.1,89.6,64.7,49.1,1016.3,9.8,0,
8/6/2009,103.2,77.4,91.2,62.5,43,1015.7,9.9,0,
8/7/2009,101.6,77.2,89.9,64.1,46.1,1015.3,9.9,0,
8/8/2009,100.1,77.8,88.4,67.6,54.1,1016,9.9,0,
8/9/2009,99.7,79,86.5,70.2,61.2,1017,9.8,0.027,rain
8/10/2009,100.9,78.7,89.2,67.8,54.5,1018.2,9.9,0,
8/11/2009,103.4,77.1,89.6,65.8,51.2,1017.6,9.9,0,
8/12/2009,100.9,75.4,84.9,68.6,61.1,1017.2,9.6,0.247,rain
8/13/2009,99.3,71.7,84.3,67,61.2,1016,9.8,0,
8/14/2009,99.2,75.3,86.6,68.7,58.5,1015.1,9.9,0,
8/15/2009,100.2,76.7,87.7,68.7,58.1,1013.5,9.7,0,
8/16/2009,100,77.3,88.2,68.9,57.3,1013.3,9.9,0,
8/17/2009,100.3,77,88.5,66.7,52.7,1014.7,9.9,0,
8/18/2009,98,78.5,87.5,69.2,57.9,1015.2,9.9,0,
8/19/2009,97.7,77.5,87.2,69,58.3,1012.7,9.9,0,
8/20/2009,101.6,79,89.4,67.7,53.3,1011.8,9.9,0,
8/21/2009,101.6,79.5,89.1,68.6,55.1,1014.9,9.9,0.001,rain
8/22/2009,101.6,74.6,85.8,67.6,58.4,1016,9.9,0.008,rain
8/23/2009,102.3,77.6,90.3,63.2,44.9,1014.5,9.9,0,
8/24/2009,101.5,76.1,89.1,62.9,44.8,1015.4,9.9,0,
8/25/2009,101.3,76.5,88.4,64.2,47.1,1015.4,9.9,0.003,rain
8/26/2009,103.2,75.6,87.7,63.7,48.8,1015,9.8,0.127,rain
8/27/2009,98.5,74,82.7,67,63.2,1014.6,9.6,0.672,rain
8/28/2009,98,72.6,83.7,65,58.9,1014.1,9.8,0.047,rain
8/29/2009,94.5,72.9,83.6,60.7,50.1,1013.9,9.8,0,
8/30/2009,93.3,71,82.7,57.8,45.2,1016,9.9,0,
8/31/2009,91.8,72.1,81.3,59.5,48.9,1018.2,9.9,0,
9/1/2009,92,71.9,81.4,63.5,56.3,1019.5,9.9,0,
9/2/2009,96.5,69.9,83.7,62.7,52.8,1018,9.8,0,
9/3/2009,99.3,73.9,86.3,64.3,51.9,1015,9.9,0,
9/4/2009,93,72.2,80.1,67.3,67.2,1014.7,9.4,0.431,rain
9/5/2009,89.8,72.2,77.9,68,73.5,1016.7,9.6,0.639,rain
9/6/2009,93.3,71.3,81.4,66.3,64,1016.9,9.3,0.001,rain
9/7/2009,95.1,69.8,82.5,65.7,60.8,1015.1,9.9,0,
9/8/2009,94.1,72.7,82.5,67.9,64.3,1013.3,9.9,0,
9/9/2009,86.3,75.3,78.8,72,80.2,1014.2,9.8,0.045,rain
9/10/2009,85.8,73.4,76.3,71.5,85.8,1015.4,9.4,0.448,rain
9/11/2009,77.7,72.1,73.8,70.8,90.3,1014.3,9.2,0.386,rain
9/12/2009,75.7,71.2,72.6,70.9,94.4,1009.5,6.1,1.942,rain
9/13/2009,82.9,70.3,74.4,69.5,85.6,1008.2,9.7,0.012,rain
9/14/2009,79.1,71,74.2,66.8,78.5,1010.8,9.8,0,
9/15/2009,84.5,72.1,76.3,65.7,70.6,1012.9,9.9,0,
9/16/2009,87.7,68.1,77,65.8,70.6,1012.9,9.8,0,
9/17/2009,81.8,70.3,75,64.4,70,1012.9,9.9,0,
9/18/2009,85.9,71,77.3,65.7,68.9,1015.4,9.9,0,
9/19/2009,85.8,70,77.3,66,69.6,1017.2,9.5,0,
9/20/2009,91.9,70.2,80.8,66.4,64.4,1015.2,9.7,0,
9/21/2009,95.8,75.2,84.2,69.9,65,1012.4,9.5,0,
9/22/2009,81.8,62.9,68.1,63.6,86.1,1017.3,7.8,2.303,rain
9/23/2009,66.4,57.9,62.9,56,78.2,1021.6,9.8,0.168,rain
9/24/2009,67,58.1,62.3,56.2,80.8,1021.2,9.7,0.051,rain
9/25/2009,82.4,60.2,70.1,60.2,71.9,1019.7,9.9,0.002,rain
9/26/2009,89.2,65.6,77.1,66.3,71.8,1017.3,9.6,0,
9/27/2009,91.8,68.3,80.1,68.8,71.2,1012.7,9.6,0,
9/28/2009,90.3,74.6,79.3,69.7,74,1014.7,9.7,0.091,rain
9/29/2009,80.2,62,70.4,60.1,70.3,1019.2,9.9,0.204,rain
9/30/2009,87.2,67.7,76.7,68.1,76,1015.8,9.9,0,
10/1/2009,86.4,77,80.8,71.9,75.1,1011.2,9.9,0.004,rain
10/2/2009,79.9,65.9,72.5,47,42.3,1013.6,9.9,0,
10/3/2009,71.2,63.8,68.4,60.3,76.6,1011.4,8,0.469,rain
10/4/2009,83.8,71,76.2,71.8,86.7,1008.3,8.6,0.301,rain
10/5/2009,78.3,65.1,71.6,68.2,89.3,1010.9,6,0,
10/6/2009,90.7,75.7,81.7,73.5,77.7,1010.2,8.1,0,
10/7/2009,80.5,65.8,72.8,65.9,79,1014.8,9.7,0.004,rain
10/8/2009,89.7,79.6,83.7,74.3,74.4,1010.6,9.9,0,
10/9/2009,82.1,55.9,64.9,59.9,84.3,1014.1,8.4,1.383,rain
10/10/2009,59,53.2,55.8,50.4,82.3,1020.5,9.9,0,
10/11/2009,58.7,54.1,56.4,54.6,93.6,1019.2,5.8,0.51,rain
10/12/2009,70,56.2,62.4,60.1,92.3,1016.1,5.2,0.029,rain
10/13/2009,82.9,68,73.3,70.7,92,1015,5.4,0.288,rain
10/14/2009,88.4,75,80.3,74.4,83.3,1012.7,7.9,0,
10/15/2009,90,66.6,78.2,70.3,78.1,1010.1,8.9,0,
10/16/2009,71.8,59,63.9,53.8,70.9,1019.5,9.7,0,
10/17/2009,75.4,54.7,64.1,48.7,60,1027.3,9.9,0,
10/18/2009,74.6,52,62.5,51.6,69.2,1026.9,9.9,0,
10/19/2009,77.9,53.1,65.5,55.7,72.7,1020.7,9.3,0,
10/20/2009,80.9,55.8,68.7,58.6,72.2,1015.9,9.9,0.014,rain
10/21/2009,77.5,68.5,71.9,67.1,85,1010.3,9,0.318,rain
10/22/2009,71.6,56.1,63.9,54.9,75.1,1009.5,8.4,1.153,rain
10/23/2009,70.8,49.9,58.7,42.1,56.9,1015.6,9.9,0,
10/24/2009,75.1,47.2,61.6,45.6,59.7,1015.2,9.9,0,
10/25/2009,82,56.9,68.9,60.6,75.8,1011.7,9.9,0,
10/26/2009,72.7,54.1,59.2,56.3,90.4,1015.5,8,2.499,rain
10/27/2009,68.8,47,56.9,44.2,65.8,1013.1,9.9,0,
10/28/2009,80.1,50.7,63.8,57.7,80.6,1005.3,9.9,0.06,rain
10/29/2009,80.3,58,71.5,61.2,72.2,1004.5,9.1,0.172,rain
10/30/2009,70,51.6,59.3,37.3,45.4,1014,9.9,0,
10/31/2009,73.3,44.3,56.7,38,55.6,1020.8,9.9,0,
11/1/2009,73.8,46,58.6,42.8,60.6,1021.9,9.9,0,
11/2/2009,74.6,46.1,59.6,46.7,65.6,1022.8,9.9,0,
11/3/2009,75,50.6,61.4,49.7,68.4,1025.1,9.9,0,
11/4/2009,77.8,48.6,62.3,49.1,66.1,1026.1,9.8,0,
11/5/2009,77,51.1,63.2,50.9,67.2,1027.5,9.9,0,
11/6/2009,75.6,51,62.5,52.4,71.9,1022.7,9.7,0,
11/7/2009,78.2,57,66.4,58,76.8,1019,7.2,0,
11/8/2009,68,59.6,64,62.2,93.9,1017.6,4.9,0.668,rain
11/9/2009,74,65,67.8,62.9,85.2,1019.6,7,0,
11/10/2009,78.1,59.3,67.4,57.1,71.4,1023.2,9.9,0,
11/11/2009,76.3,56.3,65.1,55.2,72.6,1023.5,9.8,0,
11/12/2009,73.8,51.7,61.2,53.3,76.8,1018,9.2,0,
11/13/2009,75.2,52.9,63.3,55.6,77.9,1011.7,7.4,0,
11/14/2009,78.3,56.3,66.2,58.6,78.4,1011.3,7.7,0,
11/15/2009,79,62.3,69.1,63.7,83.8,1012.9,7,0,
11/16/2009,68,46,57.1,41.5,58.2,1021.1,9.5,0.066,rain
11/17/2009,65.6,40.3,50.1,32.1,54.7,1022.3,9.9,0,
11/18/2009,71,40,54,34.9,52.4,1018.4,9.9,0,
11/19/2009,73.6,46,61.5,53.2,74.5,1015.8,9.9,0.005,rain
11/20/2009,66.7,56.2,61.9,60,93.4,1016.4,7.3,1.483,rain
11/21/2009,57,54.2,55.8,53.5,92.2,1016,7.2,0.185,rain
11/22/2009,65.6,47.5,55.1,50.8,86.6,1015.5,6.2,0,
11/23/2009,73.4,46.1,60.1,54.3,82.4,1015.7,7.8,0,
11/24/2009,65.7,47.2,58,41.2,57.1,1021,9.6,0.005,rain
11/25/2009,66.6,40.7,51.5,33.1,54.6,1023.7,9.9,0,
11/26/2009,62.4,41.8,50.8,34.6,57.2,1026.3,9.9,0,
11/27/2009,64.5,39.5,51.8,39.8,66.4,1022.5,9.9,0,
11/28/2009,70.4,48.7,59.9,52.6,77.5,1015.1,9.9,0,
11/29/2009,71.4,51,65.1,61.2,87.4,1012.3,9.2,0.185,rain
11/30/2009,53.5,45.1,49.4,38.3,67.3,1020.1,9.7,0.134,rain
12/1/2009,49.4,43,45.9,39.4,79.1,1011.1,8,0.918,rain
12/2/2009,49.9,40.8,45.3,37.4,74.5,1010.8,9.9,0.077,rain
12/3/2009,47.9,35.8,42.2,27.5,57,1022.2,9.9,0,
12/4/2009,41,29.1,36.8,21,53.1,1026.7,9.7,0,
12/5/2009,48.8,23.8,36.4,24.3,64.4,1022.4,9.9,0,
12/6/2009,52.2,36.2,44.8,41.4,87.9,1015.4,5.3,0.077,rain
12/7/2009,51.8,44.1,48.9,47.8,95.8,1017.2,3.3,0.063,rain
12/8/2009,58.1,42.5,48.3,47.4,96.6,1007.2,3.8,0.02,rain
12/9/2009,50.6,33.2,40.5,27,61.1,1015.7,8.2,0,
12/10/2009,43.9,31.2,38.3,21.4,51,1022.2,9.9,0,
12/11/2009,47.8,42.2,44.5,32.5,63.2,1022.4,9.7,0,
12/12/2009,51.4,43.1,46.9,45.1,93.6,1018.3,4,0.105,rain
12/13/2009,68.1,47.4,54.8,50.4,86.6,1017,5.3,0.003,rain
12/14/2009,64.5,52.8,59.1,57,92.9,1015.2,4.4,0.042,rain
12/15/2009,62.2,41.8,47.1,35.4,63.7,1024.4,9.6,0.024,rain
12/16/2009,47.8,38.1,43.3,29.6,58.7,1028.5,9.9,0,
12/17/2009,52.7,42.2,45.9,42.3,87.4,1021.4,7.1,0.468,rain
12/18/2009,64.7,40.5,49.5,43.8,82.3,1017.1,6.8,0,
12/19/2009,60.5,38.9,49,34.9,60.7,1022.1,9.9,0,
12/20/2009,62.7,33.1,47.6,34.5,63.8,1024.9,9.9,0,
12/21/2009,66.7,37.5,52.5,42.4,70.1,1021,9.9,0,
12/22/2009,70.2,54.6,62.5,56.3,81.1,1012.1,9.5,0,
12/23/2009,73.5,61.5,66.2,60.3,82.1,1004.7,9.1,0,
12/24/2009,56.7,37.3,43.8,33.6,68.2,1008.1,9.6,0.176,rain
12/25/2009,48.7,30.5,38.7,14.8,39.2,1018.3,9.9,0,
12/26/2009,56.1,28.4,41.5,27.2,58.2,1018.6,9.9,0,
12/27/2009,57.7,32.5,43.7,26.2,53,1024.2,9.9,0,
12/28/2009,51.9,32.4,41.6,27.5,58.8,1030.7,9.9,0,
12/29/2009,41.9,34.9,39.6,35.1,84.5,1027.2,7.3,0.427,rain
12/30/2009,59.6,40,47.4,43.8,88,1019.1,6.2,0.022,rain
12/31/2009,68.9,38.9,50.5,42.5,76.6,1019.4,7.2,0,
1/1/2010,53.6,35.6,43.1,27.2,56.6,1030.7,9.9,0,
1/2/2010,55.1,28.4,41.1,29.7,66.9,1026.6,9.9,0,
1/3/2010,48.3,40.7,44.8,38.3,78.1,1024.6,9.3,0,
1/4/2010,46.6,32.3,39.3,26.9,61.9,1031.9,9.7,0,
1/5/2010,47.9,26.3,36.6,26.6,68.9,1031,9.8,0,
1/6/2010,51.5,33.8,45,39.4,80.7,1021.6,7.8,0.006,rain
1/7/2010,52.7,28.9,37.9,24,60.6,1027.2,8.6,0,
1/8/2010,33.4,22.7,27,4.8,38.6,1036.3,9.9,0,
1/9/2010,41.9,16.1,27.7,10,50.7,1035.6,9.9,0,
1/10/2010,46.7,19,32.2,14.8,52.1,1037.1,9.9,0,
1/11/2010,56.6,25.1,38.9,29.1,68.6,1032.5,9.9,0,
1/12/2010,64.6,38.2,49.7,38.2,67.6,1030.8,9.9,0,
1/13/2010,58.1,42,49.9,43.3,78.5,1025.8,9.7,0.014,rain
1/14/2010,57.8,50,53.8,52.2,94.4,1018,4,0.33,rain
1/15/2010,55.3,45.1,50.8,48.7,92.6,1017.8,4.3,1.745,rain
1/16/2010,61.7,44.4,51,43,76.1,1016.5,8.7,0.161,rain
1/17/2010,63.7,38.2,49.8,43,79.5,1016.7,9.5,0,
1/18/2010,69.8,43.4,55.8,50.6,83.6,1015.8,9.2,0.001,rain
1/19/2010,71.4,59.4,64.4,59.6,84.9,1011,9.2,0,
1/20/2010,72,59.3,65.4,61.4,87.4,1004.3,6.3,0,
1/21/2010,75.1,45.8,59,39.4,55.5,1006.5,9,0,
1/22/2010,74,45.6,59.6,49.4,69.7,1006.2,9.2,0,
1/23/2010,69.8,53.5,62.4,48.3,62.1,1002,9.2,0,
1/24/2010,64.7,45,55.7,29.2,38,1007.2,9.9,0,
1/25/2010,66.4,34.1,49.7,30.2,53.9,1016.1,9.9,0,
1/26/2010,68.3,35.1,52.6,33,51,1021.8,9.9,0,
1/27/2010,66.8,53.5,59.8,50.9,72.8,1020.1,9.9,0,
1/28/2010,66.8,60.9,63.7,59.4,86,1015.2,9.4,0.034,rain
1/29/2010,64.1,33.4,42.6,36.6,79.8,1017,8.4,0.99,rain
1/30/2010,44.8,30.6,35.8,25.9,67.7,1023.2,9.9,0,
1/31/2010,35.2,30.1,32.6,28.7,85.4,1025.2,7.3,0,
2/1/2010,44.7,34.2,39.8,36.5,87.8,1020.2,5,0.003,rain
2/2/2010,51.8,44.7,48.3,44.8,87.9,1020.7,4.1,0,
2/3/2010,49.8,46.1,47.4,45,91.6,1016.3,4.8,0.862,rain
2/4/2010,47,45.1,46.2,45.2,96.4,1011.9,4.2,0.617,rain
2/5/2010,58.7,43.7,48.1,44.5,88.2,1014.4,9.8,0,
2/6/2010,59.5,37.9,48,38.9,72.6,1018.9,9.8,0,
2/7/2010,50.4,40.2,44.9,39.6,81.8,1016.3,8,0,
2/8/2010,65.5,44.3,52.9,49.1,87.2,1010.7,6.5,0.357,rain
2/9/2010,48.2,35.6,41.2,25.4,55.5,1024.7,9.9,0,
2/10/2010,39.5,33.4,36.7,27.2,68.7,1026.1,9.7,0.028,rain
2/11/2010,39.8,35.7,37.8,35.8,92.3,1017,5.6,0.533,rain
2/12/2010,46.8,33.9,39.1,33.6,81.1,1020.2,9.8,0,
2/13/2010,57.4,29.7,42.9,36,78.9,1019.2,6.8,0,
2/14/2010,66.9,37.2,47.4,38.6,73.7,1017.8,8.5,0,
2/15/2010,53.9,32,41.9,17.2,40.3,1025.9,9.9,0,
2/16/2010,57.7,30.2,43,19.9,44.4,1025.6,9.9,0,
2/17/2010,60.7,29.3,45,23,47.3,1025.4,9.9,0,
2/18/2010,62.7,33.3,48.7,28.3,49.1,1022.1,9.9,0,
2/19/2010,59.3,48.4,53.3,47.7,81.9,1018,8.2,0.004,rain
2/20/2010,66.1,54,59.2,53.6,82.6,1015.4,8.3,0.015,rain
2/21/2010,75.8,51.6,63.6,48.3,65.6,1009.4,7.5,0.016,rain
2/22/2010,52.9,39.8,45.7,36,69.4,1013.8,9.9,0,
2/23/2010,39.5,33.4,36.1,31.9,84.8,1019.2,7.3,0.549,rain
2/24/2010,53,32.3,41.2,28.3,63.1,1024.8,9.9,0.002,rain
2/25/2010,64.1,30.4,47.1,33.3,61.6,1017,9.9,0,
2/26/2010,56.1,44.1,50,39.1,67.6,1016.9,9.9,0,
2/27/2010,64.2,36.8,49.8,34.1,58.9,1021.3,9.8,0,
2/28/2010,65.1,36.1,52.6,38.9,62.1,1014.3,9.5,0.041,rain
3/1/2010,59.3,44.3,50.3,45.7,84.8,1011.7,8.4,0.56,rain
3/2/2010,60.2,37.3,47.5,32.3,58.4,1021.6,9.9,0,
3/3/2010,67.5,36.5,51.5,37,62.2,1019.9,9.9,0,
3/4/2010,69.7,41.5,55.8,43.7,66.6,1019.9,9.6,0,
3/5/2010,64.2,47.1,56.2,45.8,70.2,1020.1,9.4,0,
3/6/2010,65.1,50.9,59.2,49.5,70.6,1022.1,9.9,0,
3/7/2010,62.7,54,58.4,53.1,82.8,1019.3,8.9,0.022,rain
3/8/2010,66.5,57.5,62.4,61.5,96.9,1011,5.1,0.073,rain
3/9/2010,78.8,51.2,65.7,49.3,63.3,1006.9,8.9,0.102,rain
3/10/2010,78.8,53.2,65.5,47.9,61,1001.6,7.7,0.07,rain
3/11/2010,73.6,45.8,59.2,36,45.2,1005.5,9.9,0,
3/12/2010,69.9,45.8,57.3,34.9,46.3,1012.2,9.9,0,
3/13/2010,75,45.8,59.5,34.1,42.2,1011.6,9.9,0,
3/14/2010,80.5,45.7,63,42.8,51,1010.8,9.9,0,
3/15/2010,70.1,54.8,61.2,49.6,67.1,1017.7,9.6,0.047,rain
3/16/2010,55.6,51.8,53.7,50.7,89.7,1024.3,7.5,0.897,rain
3/17/2010,71.4,47.1,57.8,44.1,65.5,1022.1,9.9,0,
3/18/2010,68.1,45.3,56,40.9,58.6,1019.8,9.9,0,
3/19/2010,74.6,49.8,60.9,50,69.8,1013.1,9.1,0,
3/20/2010,62.7,39.1,48.5,40.2,73.5,1016.7,8.9,0.897,rain
3/21/2010,60.7,36.9,47.7,24,43.1,1020.4,9.9,0,
3/22/2010,71.3,38.1,54.5,30.2,43.2,1018.5,9.9,0,
3/23/2010,75,44.2,59.8,46.2,62.2,1013.2,9.9,0,
3/24/2010,64.7,57.1,62.2,59.4,90.4,1011.2,7.9,0.486,rain
3/25/2010,68.9,48,58.1,43.4,60.8,1016.2,9.9,0.003,rain
3/26/2010,71.7,42,57.8,43.9,63.1,1015.6,9.9,0,
3/27/2010,80.6,51.8,65.1,43.5,56.2,1010.2,9.5,0,
3/28/2010,71.6,51.5,60.7,35.6,41.5,1018.9,9.9,0,
3/29/2010,74.6,44.9,59.3,38.1,48.7,1018.4,9.9,0,
3/30/2010,78.7,51.2,64.6,43.1,47.6,1014.1,9.9,0,
3/31/2010,82.5,56.3,68.1,56.6,68.7,1012.5,9.9,0,
4/1/2010,78.1,62.6,69.4,60,72.7,1010.8,9.9,0,
4/2/2010,79.7,62.8,70.5,61.7,75.7,1007.6,8.9,0,
4/3/2010,83.9,47.7,67.3,45.8,51.7,1013.4,9.9,0,
4/4/2010,80.4,66.5,72,66.3,83.2,1013.2,7.1,0.01,rain
4/5/2010,82.7,69.4,73.9,65.2,75.4,1014.7,9.3,0,
4/6/2010,80.3,66.8,72.3,63.2,73.7,1009.7,9.6,0,
4/7/2010,74.6,62.9,69,53.6,64.9,1009.8,8.6,0.003,rain
4/8/2010,71.1,47.5,59.1,32.3,38.3,1019.6,9.9,0,
4/9/2010,73.3,40.8,57.9,38.5,53.3,1019.7,9.9,0,
4/10/2010,78.6,53.5,65.1,54.8,71.1,1019.6,9.9,0,
4/11/2010,69.6,60.4,64.7,60.6,86.8,1020.8,7.7,0.004,rain
4/12/2010,77.4,59.3,67.5,54,67,1019.5,8.9,0,
4/13/2010,80.3,56,67.9,56.9,69.6,1018.1,9.6,0,
4/14/2010,75.5,62.1,68.6,61,77.6,1019.9,9.6,0,
4/15/2010,74.8,65.9,68.5,64.3,86.9,1019.3,8.4,0.544,rain
4/16/2010,72.6,64.3,66.9,64.1,90.8,1018.6,7.4,0.1,rain
4/17/2010,75.4,61.1,67.1,64,90.3,1014.2,6.7,0.939,rain
4/18/2010,67.2,59.3,62.6,55.5,77.9,1014.7,9.9,0,
4/19/2010,62.6,55.9,59.1,52.6,79.2,1017.4,9.9,0,
4/20/2010,75.3,55.7,65,53.4,68.1,1015.7,9.9,0,
4/21/2010,79.8,53.3,67.5,57.4,72.4,1011.2,9.4,0,
4/22/2010,72.8,64.2,68.1,64.3,87.6,1006.2,8.6,0.018,rain
4/23/2010,86.3,69.5,76.1,66.9,75.7,1001.2,9.2,0,
4/24/2010,81.8,54.9,69.4,48.5,53.9,1004.4,9.8,0.135,rain
4/25/2010,83.7,59.2,69.9,45.2,44.7,1009.3,9.9,0,
4/26/2010,87.4,53.1,70.5,51.2,53.6,1009.2,9.9,0,
4/27/2010,76.9,56.5,65.5,43.1,46.1,1015.7,9.9,0,
4/28/2010,80.6,48.9,66.2,49.3,58.2,1014.1,9.9,0,
4/29/2010,84.1,62.3,72.2,62,71.8,1005.5,9.9,0,
4/30/2010,87.4,72.1,78.3,67.6,70.7,998.3,9.5,0,
5/1/2010,81,66.5,73.3,56,56.1,1000.3,9.6,0.015,rain
5/2/2010,86.3,60.9,71.8,44.2,44.6,1006.1,9.9,0,
5/3/2010,89.1,52.5,70.6,45.6,45.1,1012.6,9.9,0,
5/4/2010,90.6,53.6,71.1,49.3,51.3,1014.4,9.9,0,
5/5/2010,93.5,56.9,76.7,51.5,45.4,1010.4,9.9,0,
5/6/2010,91.2,64.3,76.9,62.1,64.3,1009.9,9.8,0,
5/7/2010,93.5,71.4,80.8,66.1,63.8,1010.3,9.7,0,
5/8/2010,75.8,66.4,71,49.8,47.2,1020.4,9.9,0,
5/9/2010,75.9,66.9,71.7,58.3,63.6,1018.1,9.9,0.008,rain
5/10/2010,85.2,73.3,77.9,68.7,74.3,1011.5,9.8,0,
5/11/2010,89.7,73.1,80,68.4,69.9,1009.5,9.7,0,
5/12/2010,89.9,73.1,79.6,68.7,70.8,1008.5,9.7,0,
5/13/2010,88,73.7,80,68.2,68.5,1012.3,9.8,0,
5/14/2010,77,65,71.4,67.5,87.8,1016.1,9.3,0.207,rain
5/15/2010,83.5,63.2,71.4,64.1,79.7,1015.5,9.4,1.006,rain
5/16/2010,84.3,64.6,74.3,66.3,77.6,1014.6,9.7,0,
5/17/2010,90.7,66.6,77,66.8,74.1,1015.1,9.5,0.265,rain
5/18/2010,87.3,65.9,75.7,65.9,74.2,1012.7,9.8,0.039,rain
5/19/2010,89,68.3,78.2,68.8,74.6,1008,9.4,0,
5/20/2010,86,74.2,78.9,71.7,79.3,1008.1,9.8,0.008,rain
5/21/2010,90.7,74.5,81.4,70,70,1011.8,9.9,0,
5/22/2010,91.2,75.5,81.4,70.6,71.1,1010.7,9.9,0,
5/23/2010,90.4,76.7,82.4,71.9,71.9,1011.4,9.9,0,
5/24/2010,86.9,72.9,79.1,68.1,70.6,1011.5,9.9,0,
5/25/2010,83.6,72.8,77.1,69,77,1012.1,9.8,0,
5/26/2010,89.6,70.3,79.1,66.8,68.8,1014.3,9.6,0,
5/27/2010,92.9,66.5,80.3,64.8,63.1,1014.2,9.8,0,
5/28/2010,94.6,69.2,82.3,64.9,59.3,1011.9,9.9,0,
5/29/2010,93.3,71.9,82.4,66.5,60.9,1008.3,9.5,0.014,rain
5/30/2010,92.9,72.5,82.5,66,59.6,1008.7,9.8,0,
5/31/2010,92.9,69.7,81.7,66.9,64.1,1012.4,9.5,0,
6/1/2010,92.6,69,81.5,66.3,63.5,1012,9.6,0,
6/2/2010,94.8,67.1,79.4,68.7,73,1007.8,8.2,0.793,rain
6/3/2010,73.7,66.9,70.9,68.2,91.4,1007.2,9.3,0.095,rain
6/4/2010,93,68.6,80.3,67.6,68.7,1007.8,9.9,0,
6/5/2010,92.6,70.9,81.5,70.9,71.6,1008.2,9.7,0,
6/6/2010,93.1,78,85,74.2,72.1,1010.7,7.2,0,
6/7/2010,91.7,75.1,83.7,73.8,73.6,1013.2,8.6,0,
6/8/2010,87.8,75.2,80.3,71.5,76.4,1012.5,9.5,0.001,rain
6/9/2010,85.1,72,77.2,73.3,88.1,1012.2,7.7,1.291,rain
6/10/2010,91.6,78.4,83.3,74.3,75.6,1010,8.7,0,
6/11/2010,91.2,78.4,83.5,74,74.2,1010.4,9.3,0,
6/12/2010,91.9,80.2,84.6,74.6,73.3,1013.2,9.9,0,
6/13/2010,92.9,80.2,85,73.8,70.8,1013.8,9.7,0,
6/14/2010,91.9,78.4,84.4,73,70.2,1012,9.9,0,
6/15/2010,92.9,75.8,84.4,72.2,68.9,1013.6,9.9,0,
6/16/2010,93.3,76.5,84.4,72.3,69.1,1015.8,9.7,0,
6/17/2010,90.5,75.4,82.5,73.1,74.4,1015,9.1,0.495,rain
6/18/2010,93.5,78,84.9,73,69.1,1014.5,9.9,0,
6/19/2010,93.1,75.4,84.3,72.5,69.6,1015.7,9.6,0,
6/20/2010,93,76.6,84.4,71.5,67.5,1015.1,9.7,0,
6/21/2010,94.4,74.5,84.2,71.3,67.3,1014.4,9.7,0,
6/22/2010,93.7,74.1,84.8,71.3,66.3,1014.8,9.9,0,
6/23/2010,94.9,74.7,84.6,71.6,67.2,1015.5,9.9,0.001,rain
6/24/2010,89.5,76.1,82.3,72.9,74.3,1016.3,9.9,0,
6/25/2010,95.5,76.4,85.1,71.8,67.2,1015,9.9,0,
6/26/2010,96.6,75.1,86.1,72.1,65.7,1012.2,9.9,0.001,rain
6/27/2010,96.3,74.2,85.6,70.5,63.7,1009.2,9.8,0.012,rain
6/28/2010,98,77.1,85.6,71.5,65.5,1009,9.9,0.037,rain
6/29/2010,90.1,74.7,79.7,73,80.8,1011.7,8.7,1.894,rain
6/30/2010,84.9,75.1,79.1,72.8,81.4,1013.1,9.5,0.222,rain
7/1/2010,82.2,75.1,78.6,74.1,86.2,1014.5,8.8,0.149,rain
7/2/2010,86.2,75.5,77.7,75.1,91.8,1013.8,8.2,0.764,rain
7/3/2010,89.6,76.2,82.5,75,79.4,1012.1,7.4,0.018,rain
7/4/2010,91.2,78.5,83.9,73.1,71.6,1010.8,9.9,0.001,rain
7/5/2010,92.6,75.3,83.4,72.3,71.4,1010.1,9.9,0.008,rain
7/6/2010,93.5,75.1,84.3,71.3,67.1,1010.5,9.9,0.093,rain
7/7/2010,93.4,75.4,84.1,72.4,69.3,1011.2,9.8,0.005,rain
7/8/2010,83.6,76.3,78.3,74.5,88.3,1014,8.5,0.588,rain
7/9/2010,87.8,75.5,79.8,74.3,84.1,1015.7,8.3,0.329,rain
7/10/2010,91.6,74.9,82.8,73.8,76.1,1015.7,8.8,0.024,rain
7/11/2010,91.7,75.8,83.9,73,71.4,1012.3,9.8,0.024,rain
7/12/2010,92,78.4,84.3,74,72.5,1009.5,9.9,0.01,rain
7/13/2010,92,78.8,84.3,73.9,72.3,1010.5,9.7,0.002,rain
7/14/2010,94.6,80.3,85.7,74,69.6,1014.3,9.8,0,
7/15/2010,94.6,78.5,85.4,73.1,68.6,1015.5,9.9,0,
7/16/2010,96,75.4,85.3,70.5,64.4,1015.4,9.6,0,
7/17/2010,96.7,74.6,85.8,70.6,63.4,1014.8,9.8,0,
7/18/2010,97.8,78,84.8,71.9,68.3,1014.2,9.8,0.008,rain
7/19/2010,96,76.6,84.1,73.2,72,1013.7,9.8,0,
7/20/2010,93.3,75.1,83.9,72.3,70.8,1014.8,9.7,0,
7/21/2010,93.9,74.5,83.5,73.2,72.6,1016,9.8,0,
7/22/2010,91.1,77.6,83.2,74.6,76.4,1015,9.7,0.08,rain
7/23/2010,91.8,76.2,83.9,74.4,74.8,1015,9.3,0.384,rain
7/24/2010,93.4,74.5,83.3,71.4,70.1,1016.1,9.2,0,
7/25/2010,93.4,74.2,82.4,70.8,70,1015.7,9.8,0.02,rain
7/26/2010,94.8,75,80.8,71.8,76.3,1014.2,9.6,0.558,rain
7/27/2010,91.3,74.1,80,72.7,79.8,1015,9.2,0.002,rain
7/28/2010,82,75.6,78.4,73.9,86.1,1017.9,9.4,0.335,rain
7/29/2010,91.7,75.1,83.1,72.5,73,1019.3,9.4,0,
7/30/2010,94.6,75.5,84.7,71.4,67.7,1015.5,9.5,0,
7/31/2010,98.1,75.1,85.2,69,62.9,1012.2,9.6,0,
8/1/2010,100.2,72.3,85.8,66.8,58.6,1011.3,9.8,0,
8/2/2010,99.7,72.8,86.5,63.7,50.7,1013.5,9.9,0,
8/3/2010,96.9,73.6,85.9,70.3,62.2,1015.3,9.9,0,
8/4/2010,97.8,76.5,86.9,72.6,65.3,1014,9.6,0,
8/5/2010,98.2,74.9,87.4,70.4,59.8,1011.7,9.8,0,
8/6/2010,100.1,77.7,88.5,71,59.3,1011,9.9,0,
8/7/2010,97.1,78.3,87.2,71.4,61.8,1010.8,9.9,0,
8/8/2010,98.1,77.6,87.3,71.6,62.5,1010.9,9.9,0,
8/9/2010,97.8,77.6,87.4,70.4,60.7,1012.1,9.9,0,
8/10/2010,99.7,76.1,87.9,72.2,63.1,1012.1,9.9,0,
8/11/2010,96.5,79.3,85.9,74.3,69.4,1011.2,9.9,0.058,rain
8/12/2010,97.6,76.6,87.4,71.6,62.5,1009.6,9.8,0,
8/13/2010,99.6,76.5,87.7,70.8,60.5,1008.5,9.9,0,
8/14/2010,100.4,78.8,88.6,72.3,61.5,1010.6,9.6,0,
8/15/2010,101.1,78.4,88.9,71,59.6,1013.1,9.9,0,
8/16/2010,103.3,77.9,88.5,70,57.8,1012.7,9.9,0.019,rain
8/17/2010,101,76.8,87,71.7,63.3,1011.6,9.8,0,
8/18/2010,101.5,79.6,89,71.4,59.1,1012,9.9,0,
8/19/2010,99.6,78,88.1,71.5,60.7,1011.1,9.9,0,
8/20/2010,99.6,78.8,87.7,71.4,62.1,1009.8,9.9,0,
8/21/2010,100.1,77.5,88,70.5,59.9,1012.7,9.9,0,
8/22/2010,101.5,78.8,89.1,70.1,57.4,1013.8,9.9,0,
8/23/2010,103.5,77.4,90.6,66.2,48,1010.6,9.9,0,
8/24/2010,105.3,78.6,88.9,67.4,51.8,1009.6,9.9,0.033,rain
8/25/2010,94.9,80.1,85.9,67.9,56.5,1014.8,9.9,0,
8/26/2010,91.9,79.1,84.2,64.8,53.1,1016.3,9.9,0,
8/27/2010,96.7,71.3,84.3,56,42,1013.7,9.9,0,
8/28/2010,97.2,66.2,82.3,54.5,41.6,1010.8,9.9,0,
8/29/2010,97.1,71.9,83.8,66.7,58.3,1011,9.4,0,
8/30/2010,97.9,80.3,87.6,73,64.7,1013.8,9.9,0.004,rain
8/31/2010,98,79.6,86.4,73.3,67.6,1014.2,9.9,0,
9/1/2010,98,78.8,86.8,72.4,65.5,1011.4,9.8,0,
9/2/2010,96.7,76.3,84.7,71.8,68.5,1011.1,9.6,2.419,rain
9/3/2010,83,72.7,77.1,69.4,79,1016.4,9.4,0.6,rain
9/4/2010,91.1,72.8,80.9,61.1,51.9,1016.4,9.9,0.001,rain
9/5/2010,92.6,70.3,81.2,66.7,65.2,1012.3,8.8,0,
9/6/2010,91.1,72.4,80.7,71.1,73.8,1010.7,9,0.019,rain
9/7/2010,78.8,74,76.4,74,92.4,1010.6,6.1,3.962,rain
9/8/2010,85.3,74.3,79.6,75.3,87.4,1010.6,8.1,1.991,rain
9/9/2010,92,78.5,83.7,73.9,74.2,1010.1,8.9,0.004,rain
9/10/2010,91.6,76.6,83.2,71.8,70.7,1009.8,9.7,0,
9/11/2010,94.3,77.3,84.5,73.4,71,1011.6,9.9,0,
9/12/2010,93.3,75.4,84.5,72.3,69.1,1015.5,9.7,0,
9/13/2010,91.3,75.3,83.2,73.4,73.5,1015.5,9.8,0.006,rain
9/14/2010,93.1,76.4,83.8,72.6,71.1,1014.5,9.5,0,
9/15/2010,93.2,76.4,82.9,73.1,74.4,1013.6,8.2,0,
9/16/2010,92,73,81.5,68.9,69.4,1013.4,8.8,0.001,rain
9/17/2010,91.7,72.8,79.3,70.6,76.4,1014,9.5,0.222,rain
9/18/2010,87.8,72.8,77.6,71.8,83,1015.4,9.4,0,
9/19/2010,85.1,69.8,75.7,70.2,83.6,1016.7,9.8,0.045,rain
9/20/2010,84.7,66.9,74.2,68.2,82.6,1015.1,9.5,0.034,rain
9/21/2010,84.4,69.5,74.9,71,88.4,1012.8,8,0.475,rain
9/22/2010,86.6,72.3,77,71.9,85.5,1013.2,8.5,0.183,rain
9/23/2010,89.6,73.2,80.4,71.9,77.5,1013.8,8.5,0,
9/24/2010,89.6,75,80.6,73.1,79.5,1016.5,8.6,0.061,rain
9/25/2010,89.9,72.4,80.1,71.3,76.4,1015.3,9.7,0,
9/26/2010,84.9,65.4,75.1,65.1,72.6,1013.7,9.9,0,
9/27/2010,78.3,56.7,66,51.5,62.1,1015.4,9.9,0,
9/28/2010,86.6,54,68.1,51.8,61.3,1012.5,9.9,0,
9/29/2010,89,61.1,73.4,55.9,58.8,1008.7,9.9,0,
9/30/2010,87.8,61.2,73.6,55.2,55.2,1012.8,9.9,0,
10/1/2010,87.2,66.2,74.8,55.7,53.3,1016.5,9.9,0,
10/2/2010,84.4,62,72.4,49,45.3,1017.8,9.9,0,
10/3/2010,76.9,62.1,68.1,48.4,50.1,1022.1,9.9,0,
10/4/2010,76.5,51.5,64.1,41.4,45.9,1024.4,9.9,0,
10/5/2010,78.8,48.9,63.2,43,52.4,1025.2,9.9,0,
10/6/2010,81,48.9,63.8,45,55.5,1024.9,9.9,0,
10/7/2010,82.7,51,65.9,45,53,1022.5,9.8,0,
10/8/2010,83.9,54.5,68.1,46.3,49.5,1020,9.9,0,
10/9/2010,84.8,54.8,69.1,51.5,57.5,1017.8,9.8,0,
10/10/2010,85.9,60.1,72.1,60.2,69.2,1014,9.4,0,
10/11/2010,84.5,64.1,73.8,64,74,1011.4,8.6,0.014,rain
10/12/2010,87.8,62.3,74.5,57.9,62.9,1015.5,8.3,0.002,rain
10/13/2010,83.9,60.7,71.7,52.4,53,1021.5,9.9,0,
10/14/2010,79.7,55.1,66.8,38.3,38.3,1024.3,9.7,0,
10/15/2010,83.9,49.7,64.6,41.6,49.4,1020.6,9.9,0,
10/16/2010,83,50.3,66.1,46.8,53.9,1019.5,9.9,0,
10/17/2010,83.9,57.3,70.1,57.2,66.8,1018,9,0,
10/18/2010,83.6,65.1,73.6,62,70,1014.2,9.1,0,
10/19/2010,84.1,61.3,72.1,61.8,71.9,1013.9,9.8,0,
10/20/2010,87.3,63,74.3,62.4,69.3,1015.7,9.7,0.007,rain
10/21/2010,86,63.9,74.3,63,70.1,1014.8,9.8,0,
10/22/2010,85.2,67.4,75.3,65.5,73.8,1012.9,9.1,0.012,rain
10/23/2010,84.7,69,75.2,66.8,77,1012.6,8.8,0.036,rain
10/24/2010,87.4,65.9,75.5,65.5,73.6,1011.3,8.6,0,
10/25/2010,88.3,69.8,77.2,66.5,71.8,1003.3,7.4,0,
10/26/2010,84,62.2,73.9,54.4,56.5,1004.6,8.2,0,
10/27/2010,87.8,55.3,71.1,57.6,64,1011.9,9.7,0,
10/28/2010,77.2,57.6,69.3,28.6,23,1027.3,9.9,0,
10/29/2010,71.7,47.7,58.3,29.4,36,1027.8,9.9,0,
10/30/2010,79.1,39.1,57.7,35.4,49.6,1019.5,9.9,0,
10/31/2010,84.8,52.5,67.4,50.8,59.3,1014.2,9.9,0,
11/1/2010,84,66.4,74.5,64,71.7,1014.8,9.4,0,
11/2/2010,69.3,54,59.8,49.5,71,1017.4,9.1,0.2,rain
11/3/2010,57.5,52.2,55.3,48.1,77.4,1017.1,9.2,0.029,rain
11/4/2010,68.3,53.6,60.5,31.3,34.8,1022.1,9.9,0,
11/5/2010,66.4,42.3,53.7,28.2,40.3,1024.9,9.9,0,
11/6/2010,69.8,37.8,52.5,31.8,50.7,1027.6,9.9,0,
11/7/2010,73.3,40.4,56.2,41.3,59.9,1026.7,9.9,0.103,rain
11/8/2010,77.2,46.6,61.5,49.5,68.4,1018.5,9.1,0,
11/9/2010,78.8,51,64.8,51.7,67.3,1012.5,9.4,0,
11/10/2010,79.9,55.1,67.6,57.3,72.9,1013.8,8.8,0,
11/11/2010,79,62.7,69.8,62.1,78.1,1018.5,8.2,0,
11/12/2010,80.7,57.4,70.7,61.4,74.2,1019.5,9.5,0.381,rain
11/13/2010,64.2,47.2,54.3,38.7,57.3,1023.4,9.9,0,
11/14/2010,60.3,47.9,53.7,40.2,61.4,1017.4,9.8,0,
11/15/2010,64,49.1,54.9,48.9,80.9,1007.2,8,0,
11/16/2010,68.2,47.5,56.2,40.3,58.1,1012.7,9.3,0,
11/17/2010,80.2,43,60.8,40.7,53.1,1016.6,9.8,0,
11/18/2010,65.9,43.1,52.1,35.7,55.7,1027.8,9.9,0,
11/19/2010,71.2,35.7,52.1,37.4,62.5,1022.7,9.9,0,
11/20/2010,76.6,49,62.2,54.7,78.2,1018.5,7.2,0,
11/21/2010,82.6,69,73.1,64,74.4,1015.4,9.9,0,
11/22/2010,82.7,69.9,74.6,64.9,73,1013.3,9.9,0,
11/23/2010,81.1,70.2,75,66.6,76,1014.1,8.7,0,
11/24/2010,84.3,71.7,76.2,66.1,72.5,1008.8,9.9,0,
11/25/2010,78.9,45,63.3,51.8,67.1,1009.8,9.9,0,
11/26/2010,57.4,36,45.7,15.1,30.7,1024.3,9.9,0,
11/27/2010,62.2,32.1,46,21.4,44.2,1024.1,9.9,0,
11/28/2010,69.8,41.2,56.5,44,63.9,1013.6,9.9,0,
11/29/2010,78.4,63.3,69.1,50.4,58.6,1007.5,9.3,0.001,rain
11/30/2010,62.8,38.3,51.5,18.1,27.8,1024.6,9.9,0,
12/1/2010,65.6,31.2,47.5,20.6,39.6,1026.5,9.9,0,
12/2/2010,71.5,36.5,52.7,36.5,56.2,1022.8,9.9,0,
12/3/2010,75.5,45.7,59.5,48.1,68.8,1019.8,9.6,0,
12/4/2010,78.6,55,65.8,49,59.4,1018,9.9,0,
12/5/2010,55.9,40.7,48.5,25.2,40.5,1028.5,9.9,0,
12/6/2010,55.2,34.1,43,22.3,45.8,1031.3,9.9,0,
12/7/2010,57.8,33.7,46.6,31.6,57.3,1022,9.9,0,
12/8/2010,56.9,37.2,48.4,33.7,58.3,1025.5,9.9,0,
12/9/2010,64.7,33,47.8,33.7,62.3,1022.2,9.2,0,
12/10/2010,73.3,41.8,57.2,46.8,71.5,1014.9,8.2,0,
12/11/2010,69.8,52.6,59.4,40,57.3,1013.5,8.3,0,
12/12/2010,55.9,40.6,47.5,13,25.3,1027.3,9.9,0,
12/13/2010,60.8,30.2,44.5,17.1,37.3,1024.9,9.9,0,
12/14/2010,71.4,35.8,54.7,37.1,54.2,1016.5,9.9,0,
12/15/2010,76.2,56.1,64.3,52.5,68.3,1007.3,9.9,0,
12/16/2010,60.8,48.2,55.8,41.2,60.7,1011.1,9.8,0,
12/17/2010,51.3,41.9,46.4,30.5,54,1018.2,9.9,0,
12/18/2010,55.9,35.2,44.5,25.1,49,1020.2,9.9,0,
12/19/2010,66.8,33.7,49.7,34.9,58.2,1015.9,9.9,0,
12/20/2010,75.4,51.9,63.3,55.1,76.3,1012.2,7.1,0,
12/21/2010,78.4,59.2,68,60.2,77.4,1014.7,6.1,0.132,rain
12/22/2010,64.3,53.3,60,49.9,70.9,1021.4,6.3,0,
12/23/2010,65,52.1,57.8,44.2,60.5,1021.9,9,0.132,rain
12/24/2010,63.6,45,53.9,48.9,83.3,1018.9,7.5,0.497,rain
12/25/2010,45.1,34.1,39.5,29,66.3,1028.5,9.3,0,
12/26/2010,50.8,28.1,37,25.2,65,1029.8,9.1,0,
12/27/2010,60,27,43,33.2,70.2,1024.8,8.6,0,
12/28/2010,61.7,48.5,54.7,51.4,88.6,1019.3,6.3,0.793,rain
12/29/2010,71.9,55.3,62.7,57.5,84.1,1008,7.2,0.107,rain
12/30/2010,74.2,53.2,64.3,57.9,81.6,1002.1,5.5,0,
12/31/2010,68.2,50.2,62,40.9,52.1,1007.8,9,0,
1/1/2011,57.4,38.9,50.2,19.4,30.3,1021.1,9.9,0,
1/2/2011,55.6,29.3,42.3,17.8,39.7,1027.8,9.9,0,
1/3/2011,57.4,35.4,48.3,33.1,56.3,1022.3,9.9,0,
1/4/2011,56.9,47.3,54.2,49.9,85.8,1018.1,5.8,0.051,rain
1/5/2011,71.3,49.3,59.6,38.6,55.9,1016.1,8.3,0.008,rain
1/6/2011,66,37,49.8,29.3,49.7,1019,9.9,0,
1/7/2011,75.4,39.1,54.7,30.9,45.9,1012.2,9.9,0,
1/8/2011,64.6,43.7,54.3,25.6,34.6,1011.8,9.9,0,
1/9/2011,50.9,39.8,44,40.2,86.8,1010.8,8.2,1.496,rain
1/10/2011,39.4,37.1,38.1,35.7,90.9,1019.3,5.4,0,
1/11/2011,42.7,28.8,35.4,21.8,59.3,1035.3,9.9,0,
1/12/2011,38.9,27.7,33.6,16.3,49.4,1040.2,9.9,0,
1/13/2011,39,32,35.8,17.2,46.7,1036.1,9.9,0,
1/14/2011,46.7,37.1,42,32.8,70.6,1027.1,7.4,0.014,rain
1/15/2011,49.4,44.9,46.8,45.4,94.7,1023.2,2,0.962,rain
1/16/2011,51.5,46.6,49.1,47.3,93.4,1016.2,6.1,0.418,rain
1/17/2011,65.3,47.9,52.4,46.4,81,1009.8,8.7,0,
1/18/2011,65.3,46.3,53.9,48.3,82.8,1011.7,6.9,0,
1/19/2011,65.6,40.2,51.7,43.2,74.8,1015.7,8.1,0,
1/20/2011,56.6,33.8,45.5,37.2,73.5,1018.5,8.1,0,
1/21/2011,48.8,25.9,36.5,21.2,56.8,1020.9,9.9,0,
1/22/2011,62.7,29.3,45.1,26.1,53.3,1017.5,9.9,0,
1/23/2011,53,36.5,45.6,37.6,74.1,1016.2,9.2,0,
1/24/2011,58.8,38.6,47.7,28.6,48.9,1017.1,9.9,0,
1/25/2011,58.9,41.3,48,29.8,50.5,1019.7,9.9,0,
1/26/2011,62.2,32.3,45.8,26.8,54.5,1023,9.9,0,
1/27/2011,68.2,36.9,50.7,28.7,46.9,1023,9.9,0,
1/28/2011,76.5,37,56.1,29.4,41,1019.5,9.9,0,
1/29/2011,73.3,48.3,61,50.7,69.8,1015.7,9.8,0,
1/30/2011,80,57.3,68.2,54.7,65.5,1013.8,9.4,0,
1/31/2011,77.3,50.9,61.6,47.6,61.2,1012.3,9,0,
2/1/2011,66,20,36,26.9,70,1017.8,9.3,0.118,rain
2/2/2011,25.6,17.4,21.4,7.8,55.6,1034.1,9.9,0,
2/3/2011,28.1,20.1,23.2,10.2,57.7,1033.2,9.5,0,
2/4/2011,40.6,21.1,28.7,17.3,65.3,1025.8,8.6,0.095,rain
2/5/2011,66.3,23.8,44.2,19.9,44.5,1014.8,9.9,0,
2/6/2011,74,38.5,54.4,30.8,45,1012.1,9.9,0,
2/7/2011,56.9,37.2,46.2,27.8,52.2,1024.6,9.9,0,
2/8/2011,64.2,31.8,47.6,32.8,57.6,1018.8,9.9,0,
2/9/2011,48.5,21.8,33,25.2,73.7,1024,7.9,0.221,rain
2/10/2011,43,19.7,29.9,13.5,52,1028.7,9.9,0,
2/11/2011,55.7,21.9,38.1,19.3,53.1,1028.5,9.9,0,
2/12/2011,66.3,26.8,45.8,20.8,44.9,1031.2,9.9,0,
2/13/2011,72.8,35.8,53.7,32.8,48.6,1024.5,9.8,0,
2/14/2011,75.1,45.1,59.6,49.6,72.7,1021,8.2,0,
2/15/2011,75.8,61.7,66.8,56.7,71.7,1018.8,9.8,0,
2/16/2011,74.9,61.2,66.3,57.4,74.1,1016.3,9.9,0.477,rain
2/17/2011,75.5,65.1,68.8,59.8,73.7,1014.1,9.8,0,
2/18/2011,79.3,63.3,69.1,59.8,74.8,1018.1,7.3,0,
2/19/2011,75.1,60.4,65.5,59.2,81,1018.5,8.4,0.003,rain
2/20/2011,79.1,64.1,69.8,58.8,69.6,1010.9,9.9,0,
2/21/2011,80.2,62.5,69.9,56.2,65,1009.1,9.3,0,
2/22/2011,66,51.2,56.9,39.8,53.2,1016.2,9.9,0,
2/23/2011,75.5,57.6,67.2,60.3,79.5,1013.1,7.8,0.003,rain
2/24/2011,83.1,63.9,70.5,51.6,62.5,1008.9,8.4,0.074,rain
2/25/2011,66.2,45.9,56.7,34.9,46.9,1016.4,9.9,0,
2/26/2011,75.3,45,61.9,56.3,82,1011.4,7.1,0,
2/27/2011,84,66.1,72,65,80.4,1004.7,6.1,0.008,rain
2/28/2011,72,55,64.2,33.6,35.1,1017.4,9.4,0,
3/1/2011,73,41.6,57.4,32.7,44.4,1024.1,9.9,0,
3/2/2011,77.6,40.9,59.8,34.1,42.8,1020,9.9,0,
3/3/2011,78.7,45.2,61.7,45.6,58.1,1015.7,9.7,0,
3/4/2011,73.2,60.4,66,55.7,70.4,1011.9,9.7,0,
3/5/2011,64.9,45.1,57,38.9,54.6,1020.6,9.5,0.031,rain
3/6/2011,66.5,35.4,51.9,24.5,39.2,1021.5,9.9,0,
3/7/2011,76.9,46.6,60.3,48,66.4,1010.5,8.8,0,
3/8/2011,83.9,64.7,72.8,60.7,68.6,1006.1,9.8,0.005,rain
3/9/2011,71,48.8,60.8,37.5,45.2,1019.6,9.8,0.024,rain
3/10/2011,72.6,43.3,57.2,25,32,1028.6,9.9,0,
3/11/2011,78.7,39.2,59.7,32.2,39.1,1021.9,9.9,0,
3/12/2011,82.6,54.8,67.5,52.8,62.9,1016.1,9.9,0,
3/13/2011,75.8,62.7,67.9,59.8,76.3,1016.1,9.4,0,
3/14/2011,71.5,55.8,63.5,48.2,61.6,1020.2,9.6,0.008,rain
3/15/2011,75.4,42.6,59.1,41.8,55.3,1021.3,9.9,0,
3/16/2011,78.2,60.7,67.3,58.8,75.4,1019.8,8.6,0,
3/17/2011,83.6,66,72.1,60.5,69,1018.5,9.9,0,
3/18/2011,87,66.3,74.4,61,65.8,1018.8,9.9,0,
3/19/2011,84.4,65.9,72.8,59.7,66.1,1019,9.9,0,
3/20/2011,78.8,66.5,71.3,60.1,69.6,1018.7,9.9,0,
3/21/2011,84,65.9,72.7,59.5,66.2,1018,9.7,0,
3/22/2011,82.5,64.9,72.5,59.4,65.7,1012,9.8,0,
3/23/2011,88.7,64.3,74.6,54.7,57,1010.5,9.3,0,
3/24/2011,83.6,61.5,72,45.7,40,1012.9,9.9,0,
3/25/2011,85.6,65.6,73.8,60.5,65.5,1008.2,9.7,0,
3/26/2011,83.1,69.8,75.7,64.7,69.8,1004.5,9.2,0,
3/27/2011,74.5,56,63.7,48.9,59,1008.7,9.4,0,
3/28/2011,63.6,51.8,56.9,49.2,75.9,1013.1,8.4,0,
3/29/2011,69.4,55.1,62.5,56.9,81.9,1012.3,5.9,0.028,rain
3/30/2011,67.8,47,56.7,41.1,58,1015.5,9.6,0,
3/31/2011,80.5,43.6,60.6,45.9,61.4,1010.7,9.4,0,
4/1/2011,91.7,59.6,74.7,56.9,60.4,1007.4,8.4,0,
4/2/2011,84,62.4,73.8,63.4,71.4,1012,8.8,0,
4/3/2011,84.3,67.9,74.4,65.6,75,1009.1,7.6,0,
4/4/2011,74.9,58.1,69.5,45.4,49.3,1010.9,8.3,0.056,rain
4/5/2011,76.5,40.8,59.6,24.1,30.7,1019.9,9.9,0,
4/6/2011,86.5,50.7,67.9,49.7,55.3,1013.5,9.9,0,
4/7/2011,82.7,64.5,71.9,62.9,74.8,1008.8,9.7,0,
4/8/2011,91.1,72.8,79.9,66.6,66.4,1007.6,8.3,0,
4/9/2011,91.6,69.4,78.6,65.3,67,1009.7,9,0,
4/10/2011,92.1,70.6,78.8,65.8,67.5,1008.2,8.9,0,
4/11/2011,82.9,61.2,72.6,47.2,48.9,1013.9,9.6,0.185,rain
4/12/2011,84.4,52.8,68.4,39.7,41.2,1018.4,9.9,0,
4/13/2011,84.5,52.5,69.7,49.7,53.1,1013.7,9.9,0,
4/14/2011,86.9,69.4,76.1,65.5,71.2,1007.1,9,0,
4/15/2011,82.1,64.2,73.5,34.6,33.7,1010.5,9,0,
4/16/2011,80.7,48.1,65.7,22.5,22.6,1017.6,8.8,0,
4/17/2011,86.9,47.9,68.6,45.5,46.7,1012.1,9.9,0,
4/18/2011,94.4,71.3,79.9,66.3,65.4,1006.1,9.5,0,
4/19/2011,91.7,72.8,81.1,68.3,66.9,1005.4,7.6,0,
4/20/2011,87.8,75,80.3,69,69.8,1010.3,7.6,0,
4/21/2011,91.2,72.9,80.1,67.1,67.2,1011.6,7.8,0,
4/22/2011,92.6,73.6,81,65.2,61.6,1009.1,9.4,0,
4/23/2011,92.5,73.6,80.6,65.5,63,1008.4,9.2,0,
4/24/2011,89.3,73.1,79.8,65.8,65.1,1008.8,9,0,
4/25/2011,91.7,74.7,80.2,68.3,68.9,1003.4,8.5,0,
4/26/2011,92.6,73.6,81.3,69.8,70.7,997.4,7.2,0,
4/27/2011,85.9,69.2,79.4,42.7,33.6,1004.2,9.3,0,
4/28/2011,82.1,53.7,68.2,40.3,40.5,1019.6,9.9,0,
4/29/2011,89.5,55.1,72.4,49,48.2,1013.4,9.9,0,
4/30/2011,91.1,69.9,79.9,66.8,66.3,1005.3,8.8,0,
5/1/2011,93.1,53.7,75,61.5,64.6,1007.6,8.1,0,
5/2/2011,53.7,48.9,52,46.2,81.1,1019.7,9.1,0.033,rain
5/3/2011,74.9,48.5,60,40,54.8,1027.1,9.9,0,
5/4/2011,79.9,45.1,64.2,34.9,40.6,1026,9.9,0,
5/5/2011,84.5,53.3,70,46.4,46.6,1020.1,9.9,0,
5/6/2011,89.1,59,74.6,55.3,55.5,1015.4,9.8,0,
5/7/2011,92.6,67.4,78.7,61.2,57.8,1010.6,9.9,0,
5/8/2011,96.7,72.8,82.1,66,60.9,1008.3,9.9,0,
5/9/2011,97.7,73.7,83.1,64.9,58.3,1006.4,9.3,0,
5/10/2011,93,74.6,80.9,66.5,64.3,1006.7,8.6,0.026,rain
5/11/2011,91.1,73.1,79.6,67.3,68,1007,9.1,0,
5/12/2011,77.3,64.2,71.3,65.2,81.7,1010.7,8.1,2.601,rain
5/13/2011,88.9,56.3,73.5,54,59.2,1012.3,8.8,0,
5/14/2011,81.5,59.3,70.2,42.9,41.5,1015.1,9.9,0,
5/15/2011,80,54.3,68,44.6,45.7,1015.9,9.9,0,
5/16/2011,85.3,64.2,74.1,47.7,40.9,1014.1,9.9,0,
5/17/2011,87.8,59,73.9,52.7,49.8,1009.1,9.9,0,
5/18/2011,87.4,67.1,76.3,64.6,68,1004.6,9.9,0,
5/19/2011,79.9,73.7,76.6,70.4,81.4,1005.1,8,0.04,rain
5/20/2011,89.4,72,80.6,71.5,74.9,1005.5,5.5,0.129,rain
5/21/2011,89.4,65,77.2,70.1,80.5,1009,6,0.003,rain
5/22/2011,92.9,78,83.3,70.3,67.3,1008.7,7.7,0,
5/23/2011,92,74.9,82.4,68.5,65.3,1007.4,8.7,0,
5/24/2011,94.4,77,84.1,69.7,63.7,1005.6,8.4,0,
5/25/2011,99.7,76.6,86.9,66.4,55.9,1006.3,8.4,0,
5/26/2011,91.2,67,81.1,52.6,38.6,1011.9,9.9,0,
5/27/2011,98.7,69.5,83.8,62.3,52.6,1007.1,8.9,0,
5/28/2011,99,74.6,84.7,69.4,63.6,1004.3,9.4,0,
5/29/2011,96.6,74.9,84,68,61.8,1006.6,9.7,0,
5/30/2011,95.9,78,84.9,68.3,60.9,1010.4,9.8,0,
5/31/2011,96.1,77.7,85.7,69.5,61.5,1016.9,9.8,0,
6/1/2011,96.3,73.8,84.1,63.6,55.9,1019.7,9.6,0,
6/2/2011,97.7,67.7,83.8,59.6,49.2,1015.6,9.9,0,
6/3/2011,98.4,70.3,85.1,59.7,44.3,1014,9.9,0,
6/4/2011,96.8,71.4,83.8,63.9,56.9,1017.8,9.9,0,
6/5/2011,97.6,68.2,83.6,63,53.1,1017.4,9.9,0.013,rain
6/6/2011,100.6,70,86.8,59.5,45.1,1013,9.6,0,
6/7/2011,98.3,72.1,85.6,62.9,49.7,1010.5,9.4,0,
6/8/2011,97.6,73.5,84.9,66.9,58.9,1011.1,9.8,0,
6/9/2011,97.9,72.4,85,65.6,57.2,1011.5,9.8,0,
6/10/2011,98.2,72.7,85.1,66.2,57.7,1010.6,9.8,0,
6/11/2011,97.8,73,85,66.2,57.8,1011.2,9.9,0,
6/12/2011,99.8,73.7,86.4,65.6,55,1011.3,9.7,0,
6/13/2011,100.1,74.6,87.2,65.6,53.5,1012.7,9.9,0,
6/14/2011,100.7,74.9,87.8,64.9,52.2,1011,9.9,0,
6/15/2011,102.3,78,88.5,66.7,54.1,1008.5,9.9,0,
6/16/2011,101.6,76.5,87.6,68.6,58.1,1007.9,9.9,0,
6/17/2011,103.7,79.8,89.4,69.2,56.2,1008,9.9,0,
6/18/2011,104.9,78,89.6,69,56.5,1009.5,9.9,0,
6/19/2011,102.3,78.7,88.7,68.2,55.4,1008,9.9,0,
6/20/2011,99.8,78.4,87,68.6,57.6,1005.2,9.9,0,
6/21/2011,100.3,79.8,87.9,70.7,59.6,1006.4,9.9,0,
6/22/2011,89.5,68,78.2,69.3,76.5,1011.6,9,1.629,rain
6/23/2011,93.8,72,83,69.4,66.3,1011.6,9.9,0,
6/24/2011,96.7,73.2,84.3,70.2,64.9,1009.5,9.9,0,
6/25/2011,96.5,76.6,85.3,72.2,67,1009.4,9.9,0,
6/26/2011,96.8,77.2,86.1,70.9,63.7,1010.4,9.8,0,
6/27/2011,98.7,77.2,87.5,71.1,61.6,1011.8,9.9,0,
6/28/2011,98,76.2,86.9,70,60.9,1014.7,9.9,0,
6/29/2011,96.8,74.2,86.1,67.9,58.9,1014.6,9.9,0,
6/30/2011,98.6,73.7,86.7,64.4,51.8,1013.6,9.9,0,
7/1/2011,96.9,75.5,85.6,69.2,60.9,1014,9.8,0.003,rain
7/2/2011,99.4,74.1,87.1,69.9,61.3,1015.5,9.6,0,
7/3/2011,99.6,75.2,88.1,65.8,51.1,1013.3,9.9,0,
7/4/2011,99.8,73.7,87.4,65.5,52.4,1012.2,9.9,0,
7/5/2011,99.7,71.5,86.6,64.9,53.1,1012.8,9.9,0,
7/6/2011,100.5,75.2,88,65.5,50.7,1012.9,9.9,0.001,rain
7/7/2011,98.2,74.3,86.5,67,56.1,1011.5,9.9,0,
7/8/2011,100.1,74.9,88.5,64.1,47.9,1009.3,9.9,0,
7/9/2011,98.3,76,88,66.9,53,1010,9.9,0,
7/10/2011,99,77.8,86.2,70,61.2,1012.5,9.9,0,
7/11/2011,101.2,77.5,88.4,69.7,58.2,1013.7,9.9,0,
7/12/2011,100.1,77.2,88,69.7,58.4,1013.1,9.9,0,
7/13/2011,100.6,75,88.4,67.8,54.9,1011.6,9.9,0,
7/14/2011,101.2,75.6,88.8,66.9,52.3,1009.6,9.9,0,
7/15/2011,102,78,90.1,66.4,49.9,1008.5,9.9,0,
7/16/2011,97.6,78.5,87.7,66.5,51.9,1010.8,9.9,0.008,rain
7/17/2011,99.7,74.4,87.7,66.3,52.9,1014.6,9.9,0,
7/18/2011,98.1,77.6,89,67.6,51.9,1014.2,9.9,0,
7/19/2011,99.5,77.5,86,68.7,57.7,1011.9,9.9,0,
7/20/2011,101,77.1,87.5,68.5,57.9,1010.8,9.9,0,
7/21/2011,100.6,77.2,87.9,69.6,58.7,1010.4,9.5,0,
7/22/2011,101.5,77.9,88.4,70.8,59.5,1010.9,9.9,0,
7/23/2011,103,77.2,89.2,69.3,56.8,1013.2,9.9,0,
7/24/2011,104.2,78.6,89.6,68.2,54.7,1015.5,9.9,0,
7/25/2011,103,76,90.2,63.9,46.7,1013,9.9,0,
7/26/2011,101.7,78,90.5,64.8,46.4,1009.2,9.9,0,
7/27/2011,102.9,77.6,89.9,65.7,49.1,1008.7,9.9,0,
7/28/2011,101.6,78.7,89.8,67.1,51.7,1010.6,9.9,0,
7/29/2011,99.6,77.9,87.7,70.2,58.5,1013.1,9.9,0,
7/30/2011,100.1,76.6,87.2,70.1,61,1015.4,9.8,0.035,rain
7/31/2011,100.6,74.2,88.1,66.5,54,1016.8,9.8,0,
8/1/2011,104.7,76.2,91.5,64.4,45.2,1014.3,9.9,0,
8/2/2011,105,79.5,92.9,64.7,41.5,1011,9.9,0,
8/3/2011,104.7,77.6,91.8,65.7,45.9,1009.9,9.9,0,
8/4/2011,105.4,77.1,91.6,65.4,46.3,1009.9,9.9,0,
8/5/2011,104.7,77.9,91.1,67.5,50.8,1010.8,9.9,0,
8/6/2011,103.5,77.2,90,68.7,54.5,1011.3,9.9,0,
8/7/2011,101.9,78.7,90.1,68.8,53.8,1010.8,9.9,0,
8/8/2011,104.6,78,90.4,68.4,53.6,1008.9,9.9,0,
8/9/2011,104.8,78.4,90.4,68.9,54.1,1008.3,9.9,0,
8/10/2011,103.1,78,89.6,69.9,56,1008.1,9.8,0,
8/11/2011,101.9,81.7,90.7,71.4,56.4,1008.9,9.8,0,
8/12/2011,101.5,80.1,89.8,70.1,56,1010.7,9.9,0,
8/13/2011,96.6,78,87.7,69.6,58.3,1012,9.9,0,
8/14/2011,102,77.6,89.4,68.2,53.6,1012.8,9.9,0.006,rain
8/15/2011,103.4,78.3,90.7,65.4,46.7,1011,9.9,0,
8/16/2011,102.9,75.5,89.7,66.8,51,1012.3,9.9,0,
8/17/2011,101.4,77,89.3,66.3,51.4,1015,9.9,0,
8/18/2011,103.9,74,90.6,62.1,42.4,1013.1,9.9,0,
8/19/2011,104.7,77.1,91.9,64.5,43.8,1009.9,9.9,0,
8/20/2011,104.7,79.1,91.5,66.1,45.9,1010.6,9.9,0,
8/21/2011,101.4,75.5,89,68,54.3,1013.4,9.9,0,
8/22/2011,102,76.7,90.2,66.9,49.6,1013.7,9.9,0,
8/23/2011,102.4,77.5,90.5,66.6,49.6,1011.6,9.9,0,
8/24/2011,102.4,77.6,90.6,66.8,48.9,1010.7,9.9,0,
8/25/2011,92.9,77.1,85,68.4,58.9,1011.9,9.9,0.001,rain
8/26/2011,101.5,73,87.5,64.7,51.7,1012.7,9.9,0,
8/27/2011,107.5,78.1,92.9,61.9,40.7,1010.9,9.9,0,
8/28/2011,110.4,79.3,95,56.5,31.1,1007.7,9.9,0,
8/29/2011,107,80.5,95.1,57.3,32.1,1008.3,9.9,0,
8/30/2011,103.5,77.8,91,59,36.1,1009.7,9.9,0,
8/31/2011,101.2,71.7,88.4,64.7,51,1012.1,9.4,0,
9/1/2011,100.1,74.5,87.9,64.5,48.8,1012.4,9.9,0,
9/2/2011,101.7,79.2,90.1,66.6,49.9,1009.4,9.9,0,
9/3/2011,101.3,76,89.7,60,41.1,1006.2,9.9,0,
9/4/2011,100.6,78.4,89.2,56.4,34.5,1005.9,9.9,0,
9/5/2011,90.7,68.8,81.6,44.9,31.1,1012.4,9.9,0,
9/6/2011,92.5,63.4,76.4,36.1,25.3,1015.8,9.9,0,
9/7/2011,95.9,60.2,77.4,37.8,27.9,1017.1,9.2,0,
9/8/2011,94.3,64.5,79.1,36.1,23.5,1017.5,9.9,0,
9/9/2011,97,63.3,79.3,38.9,26.1,1014.6,9.9,0,
9/10/2011,97.9,63.9,81.5,39,25.2,1014.9,9.9,0,
9/11/2011,100.1,66.1,83.9,49.6,33.8,1016.2,9.9,0,
9/12/2011,103.3,69.1,87,49.8,30.9,1016.4,9.9,0,
9/13/2011,102.9,73.7,88.7,55.6,36.3,1013.5,9.9,0,
9/14/2011,100.6,73.6,87.1,59.1,43.4,1011.8,9.9,0,
9/15/2011,93.3,71.9,83.5,63.3,53.2,1014.8,9.9,0,
9/16/2011,89.3,75.3,81.3,65.3,59.7,1016.2,9.9,0,
9/17/2011,89.8,74.3,78.6,69.6,75.1,1015.7,9.9,0.116,rain
9/18/2011,93.3,71.5,81,69.8,71.5,1014.4,8.5,0,
9/19/2011,93.3,71.1,81.1,58.1,49.7,1015,9.9,0.001,rain
9/20/2011,93.5,63.9,79,48.5,39.2,1013.6,9.9,0,
9/21/2011,96.4,67.8,82.1,59.2,50.6,1013.7,9.9,0,
9/22/2011,94.2,70.8,82.4,59,47.3,1015.6,9.9,0,
9/23/2011,90.9,66.5,77.5,52,45,1017.8,9.9,0,
9/24/2011,97.6,58.4,78.8,46.9,36.6,1012.9,9.9,0,
9/25/2011,103.3,74.5,88.3,58.6,41.6,1006.5,9.9,0,
9/26/2011,102.3,71,86.2,61.2,45.6,1007.6,9.9,0,
9/27/2011,97.3,75.1,84.5,63,52.8,1010.5,9.9,0.02,rain
9/28/2011,100.4,64.9,82.8,56.3,43.9,1010.9,9.9,0,
9/29/2011,100,73.2,82.5,60,48.7,1011.3,9.9,0,
9/30/2011,89.7,73.6,79.9,45.9,33.7,1016.6,9.9,0,
10/1/2011,87.4,60.7,74.5,32.5,23,1019.7,9.9,0,
10/2/2011,88.6,56.5,72.7,39.6,34.4,1020.7,9.9,0,
10/3/2011,87.7,58.3,73.1,46.2,42.4,1021,9.9,0,
10/4/2011,87,55,71.7,48.5,47.3,1020.7,9.9,0,
10/5/2011,87.9,62.5,75.3,56.9,56.1,1017.4,9.9,0,
10/6/2011,89.6,68.5,78.2,65.6,66.9,1014.2,9.7,0.003,rain
10/7/2011,93.3,75.3,82.5,67.5,63.4,1014.1,9.9,0,
10/8/2011,88.5,73.6,77.4,68.8,75.9,1013.6,9.4,0.403,rain
10/9/2011,75,61.2,68.1,64,86.8,1014.1,8.9,1.947,rain
10/10/2011,77.9,64.1,69.7,62.8,79.7,1015.7,9.8,0,
10/11/2011,86.5,61.9,73,61.1,69.3,1012.4,9.9,0,
10/12/2011,88.8,67.7,76.7,65.4,70.6,1008.3,9.6,0,
10/13/2011,87.3,64.1,75.8,49.2,47.6,1012.9,9.9,0,
10/14/2011,88.7,54.5,70.1,45.5,46.8,1014.1,9.8,0,
10/15/2011,87.5,56.2,72.1,51.9,54,1016.4,9.9,0,
10/16/2011,87.7,59.2,72.9,57.2,62.8,1016.6,9.7,0,
10/17/2011,89.3,58.2,75.1,60.6,65,1010.3,9,0,
10/18/2011,74.5,58.9,66.5,39.6,38.4,1014.7,9.9,0,
10/19/2011,74.9,51.8,62.4,29.5,30.9,1019.5,9.9,0,
10/20/2011,79.7,43.3,61.8,34.5,41,1018.4,9.9,0,
10/21/2011,87.4,54.5,70.2,54.9,61.1,1018.1,9.9,0,
10/22/2011,85.6,62.8,73.7,60.6,66.9,1016.4,9.9,0,
10/23/2011,89.1,60.9,74.8,60.6,65,1015.2,9.8,0,
10/24/2011,87.8,61.4,74.4,59.6,63.7,1019.6,9.6,0,
10/25/2011,87,61.6,74,59.9,65.3,1017.5,9.1,0,
10/26/2011,87.5,57.1,74.1,59.6,65.8,1012.3,8.7,0,
10/27/2011,73.8,52.2,66.4,55.7,70,1012.4,9.8,0,
10/28/2011,62.6,51,55.3,39.7,57,1022.8,9.9,0,
10/29/2011,66.5,42.5,53.8,33.3,50.2,1024.4,9.9,0,
10/30/2011,74,42.9,58.3,39,51.2,1020.3,9.9,0,
10/31/2011,79.8,47.2,62.9,45.9,57.5,1021.6,9.9,0,
11/1/2011,80.7,51.1,66.3,50.8,60.5,1018.7,9.8,0,
11/2/2011,84.8,60.8,70.9,55,60.7,1016.2,9.9,0.003,rain
11/3/2011,63,44.3,53.1,23.5,34.3,1026.9,9.9,0,
11/4/2011,66.4,35.1,49.7,20.2,36,1023.2,9.9,0,
11/5/2011,77.3,40.5,59.2,41.6,53.1,1015.5,9.9,0,
11/6/2011,80.6,68.3,72.8,64,74,1014.1,9.9,0.009,rain
11/7/2011,78.9,69.8,73.7,65.6,76.2,1014,9.7,0.051,rain
11/8/2011,74.8,54.8,68.3,55,66.9,1013.3,9.8,0.011,rain
11/9/2011,64.2,47.1,55.3,34,46.3,1025.4,9.9,0,
11/10/2011,66,42,53.2,26.8,39.5,1029.8,9.9,0,
11/11/2011,69.8,33.2,51.8,25.8,44.9,1023.1,9.9,0,
11/12/2011,80,53.7,65.7,50.3,58.7,1015.4,9.9,0,
11/13/2011,84.8,63.8,73.1,61.3,69.7,1011.4,9.8,0,
11/14/2011,82.8,70.3,75,64.6,71.5,1009.7,9.8,0,
11/15/2011,73.3,62.3,69.1,65.9,89.6,1006.7,8,0.675,rain
11/16/2011,78.7,54,64.8,52.9,67.6,1012.9,9.4,0.227,rain
11/17/2011,62.7,45.5,53.3,33.2,47.8,1027.4,9.9,0,
11/18/2011,70.3,42.5,56.6,45.2,66,1019.8,9.9,0,
11/19/2011,79.6,64.8,72.1,65.4,80.1,1012.8,9.8,0,
11/20/2011,83.1,73.2,77.2,67.3,72.9,1015.4,9.9,0,
11/21/2011,79.1,62.6,71.9,65.5,80.8,1015,8.6,0.202,rain
11/22/2011,72,51.4,62,55.1,79.4,1017.3,9.1,0.68,rain
11/23/2011,71.5,48.5,57.8,49.5,75.9,1024.7,9.9,0,
11/24/2011,72,44,57.5,48.3,74.6,1023.7,8.8,0,
11/25/2011,77.3,52,64.7,54.5,72.5,1015.8,8,0,
11/26/2011,66.4,50.4,58.7,50.5,76.2,1016.4,8.8,1.058,rain
11/27/2011,54.1,37.5,47.7,18.9,33.5,1026.2,9.9,0,
11/28/2011,63,33.2,46.4,24.8,47.1,1021.2,9.9,0,
11/29/2011,66,36.5,51,29,46.6,1022,9.9,0,
11/30/2011,62.7,38,50.2,33.5,55,1022.8,9.9,0,
12/1/2011,71.9,40.4,55.9,47.6,74.1,1019.9,9.7,0,
12/2/2011,63,52.6,57.4,56.4,96.7,1022.8,4.4,0.593,rain
12/3/2011,69.9,54.9,62.8,61.7,93,1016.1,7,0.133,rain
12/4/2011,66.1,44.7,51.1,49.2,93.2,1017.3,5.8,1.004,rain
12/5/2011,44.3,37.3,41.6,37.8,86.7,1020.8,8.3,0.596,rain
12/6/2011,40.9,30,35.2,26.1,69.9,1027.6,9.7,0,
12/7/2011,51.3,26.9,36.9,25.1,65.3,1029.2,9.9,0,
12/8/2011,56.1,29.6,41.1,31.5,71,1024.3,9.4,0,
12/9/2011,61.9,39.3,49.8,44.8,84,1024.1,7,0,
12/10/2011,52.4,46.2,49,40.2,72.1,1031.2,8.2,0,
12/11/2011,51.5,45,48.6,34.2,58.2,1027.9,9.7,0.008,rain
12/12/2011,60,48.4,53.7,41,62.4,1023.5,9.7,0,
12/13/2011,68.3,57,62.4,60.2,92.9,1021.4,4,0.032,rain
12/14/2011,73.6,66,69.7,66.2,88.8,1015.4,7.1,0.179,rain
12/15/2011,69.5,50.3,58.7,56.4,92,1017.7,6.7,0.735,rain
12/16/2011,55.5,46.5,50.6,44.6,80.7,1025.9,9.6,0.017,rain
12/17/2011,60.6,46.2,51.9,32.4,48.5,1030.8,9.9,0,
12/18/2011,62.3,51.8,55.7,38.5,52.9,1025.9,9.9,0,
12/19/2011,70.2,57,62.9,59.7,89.6,1011.6,7.7,0.254,rain
12/20/2011,59,46.6,52,38.2,62.6,1014.7,9.6,0,
12/21/2011,49.9,43.1,46.6,34.6,63.5,1016.1,9.6,0.18,rain
12/22/2011,67.9,43.1,52.8,43.6,74.6,1017.3,7.4,0.946,rain
12/23/2011,44.2,41.2,42.9,35.7,75.5,1028,9.6,0,
12/24/2011,43.2,41.2,42.6,39.3,88.2,1028.4,6.1,0.204,rain
12/25/2011,46.6,39.8,43.1,39.3,86.6,1029,8,0.014,rain
12/26/2011,56,39.9,47.1,36.7,69.4,1022.9,9.8,0.043,rain
12/27/2011,63.7,36.3,47.4,31.9,60,1023.5,9.9,0,
12/28/2011,67.4,35.8,49.2,34.8,60.5,1019.5,9.9,0,
12/29/2011,70.7,37.7,52.3,34.9,55.1,1015.8,9.9,0,
12/30/2011,73.5,40.7,56.4,36.3,49.8,1015.6,9.9,0,
12/31/2011,78.3,43.6,58.3,40.9,54.8,1016.6,9.9,0,
1/1/2012,62.3,45.9,54.5,29.9,40.2,1030.9,9.9,0,
1/2/2012,59.9,37.4,47.8,25.1,42.6,1038,9.9,0,
1/3/2012,60.9,29.7,45.6,25.8,51.8,1032.6,9.9,0,
1/4/2012,69.8,40.2,53.7,40.2,63.3,1024.9,9.8,0,
1/5/2012,69.8,45.6,55.9,41,58.7,1024.5,9.9,0,
1/6/2012,73.3,55.3,63.3,52.6,70.5,1015.6,8.7,0,
1/7/2012,68.3,50.6,58.2,44.6,64.6,1015.6,8.3,0,
1/8/2012,60.4,47.2,54.8,47,75,1016.5,8.7,0.038,rain
1/9/2012,56.9,43.3,50.2,47.6,91.2,1016.2,7,0.8,rain
1/10/2012,58.1,41,47.4,36.8,68.6,1015.4,9.7,0,
1/11/2012,75.5,37.3,55.5,35.3,52.2,1009.4,9.9,0,
1/12/2012,50.2,33.5,42.1,17.2,39.8,1023.2,9.9,0,
1/13/2012,57.5,33.5,43.4,20.9,43.1,1026.3,9.9,0,
1/14/2012,66,31,47.6,23.7,42.2,1027.7,9.9,0,
1/15/2012,63,35.8,52.5,40.2,64.2,1025.1,9.9,0,
1/16/2012,73.6,60.7,66.1,60.6,83.2,1017.6,9.5,0,
1/17/2012,73.5,44.6,63.4,48.2,61.8,1019.1,9.1,0,
1/18/2012,65.4,36,48.6,28.4,46.7,1023.7,9.9,0,
1/19/2012,77.9,46.7,61.6,48.7,64.9,1013.6,9.9,0,
1/20/2012,73.3,57.2,63.5,59.4,87.1,1010.1,5,0.001,rain
1/21/2012,58.4,44.2,51.6,41.5,69.6,1014.5,8.3,0,
1/22/2012,73.9,48.8,60.4,53.2,77.9,1009.7,7,0,
1/23/2012,66.3,47,55.9,36.4,49.3,1017.4,9.9,0,
1/24/2012,67.2,46.4,57,51.6,82.9,1013.4,6.5,0.327,rain
1/25/2012,68.4,51.5,58,53.9,86.3,1010.4,8.1,3.668,rain
1/26/2012,68.9,47.1,55.4,40.8,62.3,1015.9,9.9,0,
1/27/2012,71,37.9,54.2,41.8,66.2,1017.1,9.9,0,
1/28/2012,58.6,41.6,51.4,29.7,44.3,1027.9,9.9,0,
1/29/2012,62.7,34.2,47.6,30.2,53.9,1030.3,9.9,0,
1/30/2012,64.2,40.7,53.7,47,78.6,1024.1,8.8,0.214,rain
1/31/2012,71.6,57.6,63.3,59.3,87.7,1018.8,6.9,0.158,rain
2/1/2012,79.3,58.7,67.2,60.9,82,1018,7.5,0.006,rain
2/2/2012,71.8,54.4,63.3,58.7,85.2,1016.7,8.3,0.026,rain
2/3/2012,75.1,66.5,70,64.5,83.2,1013.5,9.6,0.049,rain
2/4/2012,69.5,51.2,56.2,43.9,64.5,1020.7,9.4,0.468,rain
2/5/2012,49.9,42.5,46,35.3,66.5,1027.2,9.8,0.081,rain
2/6/2012,50.6,39.4,45.6,35.7,68.5,1025.9,9.9,0,
2/7/2012,64.1,42.2,53.4,40.8,64,1023.4,9.7,0,
2/8/2012,54.7,41.3,48.3,38.3,68.6,1029.2,9.6,0,
2/9/2012,57.4,36.9,47.9,38.6,71.4,1024.7,7.5,0,
2/10/2012,64.2,48.5,54,41.2,66.3,1021.9,7.9,0.138,rain
2/11/2012,48.8,35.2,42.2,24.1,51.1,1031.3,9.7,0,
2/12/2012,43.2,28.7,36.4,20.3,52.4,1031.4,9.9,0.011,rain
2/13/2012,62.8,39,47.7,43.9,87.4,1015.8,6.9,0.238,rain
2/14/2012,71.6,42.4,57.3,51,81.6,1012.8,6.4,0,
2/15/2012,78.4,57.8,67.3,56.8,73.1,1012.9,6,0.001,rain
2/16/2012,62.6,50.2,55.1,42.6,63.1,1020.4,9.7,0,
2/17/2012,57,51.4,54,51.6,91.7,1017,3.9,0.512,rain
2/18/2012,57.1,48.5,54.1,51.5,91,1011.8,7.8,1.562,rain
2/19/2012,58.9,43.4,51.6,43.8,75.7,1019.1,9.9,0,
2/20/2012,68.8,47.4,56.2,50.4,81.7,1017.5,9,0,
2/21/2012,74.6,48.5,62.2,53.9,76.5,1018.6,8.1,0,
2/22/2012,85.6,62.6,71.3,54.9,63.1,1009.7,9.3,0,
2/23/2012,90.5,57.9,72.3,50.4,50.4,1002.3,9.9,0,
2/24/2012,65.5,47,54.9,25.2,32.2,1020.8,9.9,0,
2/25/2012,60.7,39.7,49.1,28,47.1,1027.8,9.9,0,
2/26/2012,64.2,39.1,53,41.5,65.6,1020.8,9.9,0,
2/27/2012,70,58,63.5,56.2,77.6,1021.3,8.9,0.007,rain
2/28/2012,77.9,62.2,68.1,63.3,85.6,1016.1,5.9,0.063,rain
2/29/2012,74.9,61.8,68.9,54.4,64.2,1014.7,9.7,0.012,rain
3/1/2012,71.6,53.8,64.1,59.4,84.9,1010.4,6.8,0,
3/2/2012,82,59.7,71.3,53.8,60.3,1006.1,8.1,0,
3/3/2012,65.5,46.9,57.1,27.5,34.1,1017.3,9.9,0,
3/4/2012,72.3,40.5,56.3,31.9,43.7,1022.9,9.8,0,
3/5/2012,74.9,44.8,60.6,38.7,47.2,1025.2,9.9,0,
3/6/2012,74.4,53.7,63.6,52.3,68.4,1019.9,9.9,0,
3/7/2012,73.1,64.2,67.9,61.8,81.1,1014,9.4,0.011,rain
3/8/2012,75,47,65.6,60.9,85,1015.3,9.1,0.065,rain
3/9/2012,46.6,42.5,44.3,41.2,88.8,1026.4,7.5,1.2,rain
3/10/2012,51.5,44.3,48.1,45.6,91.3,1022.2,6.5,0.729,rain
3/11/2012,72.6,51.8,59.9,54.3,83.5,1016.3,7.3,0.323,rain
3/12/2012,78.7,51.3,63.6,58.1,84,1017.1,6.7,0,
3/13/2012,80,62.9,70.2,64.5,83.3,1018,7.6,0,
3/14/2012,78.3,66.8,71.4,64.8,80.4,1018,9.2,0,
3/15/2012,79.7,66.5,71.9,64.8,79.5,1018.8,9.4,0,
3/16/2012,78.7,67.9,72.3,65.1,78.7,1017.5,9.2,0,
3/17/2012,78.4,66.1,71.3,64,78.9,1015.6,9.9,0,
3/18/2012,74,67.1,70.4,65,83.2,1013.6,9.7,0.004,rain
3/19/2012,77.7,69.5,72.8,65.5,78.4,1007,9.6,0,
3/20/2012,73.3,53.4,60,50.4,73.3,1007.6,8.3,2.804,rain
3/21/2012,70.2,47.6,59.9,41.1,53,1010.7,9.9,0,
3/22/2012,81.8,50.7,65.6,45.1,51.1,1011.6,9.9,0,
3/23/2012,79.5,47.6,63,47.1,59,1015.7,9.9,0,
3/24/2012,80.5,52.4,65.6,57.9,78,1015.7,8.6,0,
3/25/2012,81.8,57.6,68.6,58.7,73.5,1016.4,8.2,0,
3/26/2012,80.7,57.6,69.5,56.9,67.3,1016.1,9.1,0,
3/27/2012,79.2,57.2,68.4,58.7,72.7,1016.1,9.3,0,
3/28/2012,72,63.2,67.8,64.4,89,1015.2,8.3,0.194,rain
3/29/2012,80.5,64.2,70.7,65.5,85,1011.4,6.9,0.006,rain
3/30/2012,82.6,68.2,74.3,65.9,76.6,1009.3,8.1,0,
3/31/2012,87.3,65,74.9,65.9,75.8,1009.3,8.5,0,
4/1/2012,85.6,67.9,75.6,66.1,74,1007.4,8.4,0,
4/2/2012,83.9,69,76,66.3,73.4,1003,8.5,0,
4/3/2012,84.5,65.4,75.8,65.9,72.5,1006.3,8,0.078,rain
4/4/2012,82.6,56.2,68.8,52,58.9,1009.6,9.9,0,
4/5/2012,90.1,61.8,73.5,60.7,68.3,1009.2,8.5,0,
4/6/2012,82.2,60.8,71.7,57.1,61.2,1013.7,9.9,0,
4/7/2012,84,66.4,74.3,63.6,71.1,1017.8,8.8,0,
4/8/2012,82.1,61.4,72.4,59.5,66.4,1022,9.7,0,
4/9/2012,82.1,62.4,71.5,59.3,67.3,1020.1,9.8,0,
4/10/2012,82.1,60.8,71.4,59,67,1018.2,9.6,0,
4/11/2012,83.5,59.1,72,60.1,68.7,1017.3,8.7,0,
4/12/2012,83.9,67.6,74.1,63.4,70.9,1014.7,9.7,0,
4/13/2012,82.5,67.4,73.4,65.2,76.4,1012.7,9.3,0,
4/14/2012,79.7,71.4,75.5,67.1,75.7,1009.3,9.3,0,
4/15/2012,75.9,61.2,71.4,60.3,69.9,1008.4,9.4,0.1,rain
4/16/2012,75,53.6,64.6,52.1,66.6,1017,9.9,0,
4/17/2012,83.4,57,69.2,50.8,58.8,1021,9.7,0,
4/18/2012,82.4,56.2,69.3,52.7,58.2,1019.2,9.6,0,
4/19/2012,83.9,54.8,70.3,53,57.2,1012.5,9.9,0,
4/20/2012,75.4,62.1,67.7,56.6,69.9,1010.6,9.9,0.014,rain
4/21/2012,80,53,65.4,41.8,46,1016.3,9.9,0,
4/22/2012,90,50.7,70.4,46.2,47.1,1017.4,9.9,0,
4/23/2012,79.7,58.3,69.1,41.5,37.9,1020.6,9.9,0,
4/24/2012,87.2,53.6,70.8,51.3,53,1015.6,9.9,0,
4/25/2012,91.6,64.6,76.5,63.6,66.9,1011.1,9.9,0,
4/26/2012,91.9,66.4,77.2,64.3,67.7,1009.5,9.9,0,
4/27/2012,89.3,67.9,76.6,63.6,67.4,1008.8,9.9,0,
4/28/2012,90.5,68.6,77.4,63.6,65.3,1009.3,9.1,0,
4/29/2012,86.4,70.9,77.7,64.7,66.5,1011.8,9.4,0,
4/30/2012,83,73.2,77.4,68,73.9,1013.6,9.8,0,
5/1/2012,87,71.2,77.4,66.7,71.4,1012,9.9,0,
5/2/2012,86.8,71.5,77.8,65.9,68.4,1010.8,9.8,0,
5/3/2012,91.2,71.2,80.1,67.6,68,1011.9,9.9,0,
5/4/2012,92.6,71.7,80.5,68,67.8,1012.7,9.9,0,
5/5/2012,94.6,72.9,81.9,69.4,68,1010.6,9.1,0,
5/6/2012,91.6,66.5,77.5,66.4,72,1010.1,8.7,0.652,rain
5/7/2012,90.2,67.1,78,68.2,73.8,1010.2,9.2,0.328,rain
5/8/2012,69.9,64.6,67.3,64.3,90.1,1014.2,8.8,0.223,rain
5/9/2012,82.1,61.4,71.2,61.6,73.8,1015.1,9.7,0.085,rain
5/10/2012,73.5,63,69.4,63.4,81.6,1011.1,7.9,1.844,rain
5/11/2012,82.1,62.4,69.9,63.1,81.3,1010.6,8.2,0.891,rain
5/12/2012,80.4,64.3,72,60.4,69.3,1017.3,9.6,0,
5/13/2012,82.6,61.2,72.5,57.5,62.1,1020,9.9,0,
5/14/2012,82.5,63.7,73.2,58.3,62.4,1017,9.8,0.028,rain
5/15/2012,72.4,62.7,66.1,62.3,88.3,1017.4,6.9,1.134,rain
5/16/2012,84,58.1,71.3,58.3,68.3,1017.1,8.9,0,
5/17/2012,87.4,61.5,74.6,57.6,59.3,1015,9.8,0,
5/18/2012,86.9,61.9,75.5,61.8,65.1,1012.5,9.3,0,
5/19/2012,87.8,69.3,77.3,65.2,68.9,1012.4,8.9,0,
5/20/2012,87.4,65.4,76.4,62.3,64.8,1016.7,9.2,0,
5/21/2012,89.6,65.2,78.7,62.5,61,1018.5,9.6,0.041,rain
5/22/2012,90.7,68.6,80.1,62.2,56.3,1013.7,9.9,0,
5/23/2012,89.4,67.6,78.2,66.1,67.8,1006.3,9.7,0,
5/24/2012,91.2,73.2,80.4,69.2,69.9,1003.9,9.9,0,
5/25/2012,91.3,73.7,81.2,69.8,70.1,1009.5,9.2,0,
5/26/2012,91.7,74.5,81.9,68.6,66.5,1014.1,9.7,0,
5/27/2012,89.4,73.5,80.5,66.4,64.6,1012.7,9.9,0,
5/28/2012,91.5,71,81,67.7,66.7,1011,9.8,0,
5/29/2012,93,73.5,83,69.4,65.9,1010.9,9.9,0,
5/30/2012,91.3,74.6,82,69.2,67.5,1009.4,9.7,0,
5/31/2012,92.5,74.9,81.4,64.8,60.8,1008.1,9.9,0,
6/1/2012,91.2,68.8,79.6,60,53,1013,9.9,0,
6/2/2012,92.9,71.7,82,67.1,63.4,1011.8,9.9,0,
6/3/2012,91.1,73.7,81.8,69.6,67.9,1011.3,9.9,0,
6/4/2012,91.3,74.1,81.8,70.3,69.8,1010.1,9.9,0,
6/5/2012,94.1,73.1,83.8,68.7,63.4,1008.1,9.9,0,
6/6/2012,95.2,71.8,84.9,66.6,57.4,1007.6,9.9,0,
6/7/2012,88.9,72.1,79.9,66.1,64,1011.7,9.9,0,
6/8/2012,87,71.6,77.8,66.9,70.4,1012,9.4,0.015,rain
6/9/2012,93,68.2,80.6,65.3,62.8,1008.6,9.9,0,
6/10/2012,96.7,73.2,84,70.5,65.9,1007.2,9.9,0,
6/11/2012,99.8,78.4,87.1,71.2,62.4,1010.5,9.7,0,
6/12/2012,96.1,71.1,82.1,71,71.1,1014.8,9.1,0.095,rain
6/13/2012,94.4,70,80.7,67.8,67.2,1013.2,9.9,0,
6/14/2012,94.9,76.6,84.5,70.2,64.6,1011.4,9.9,0,
6/15/2012,96.4,76.6,85.2,68.8,61.4,1012.4,9.9,0,
6/16/2012,95.9,74.5,84.7,68.5,62.5,1014.6,9.7,0,
6/17/2012,92.8,73.7,83.3,67.7,61.8,1013.8,9.9,0,
6/18/2012,95.5,73,83.8,65.2,55.3,1008.7,9.9,0,
6/19/2012,92.4,74.6,81.3,70.7,71.5,1010.1,9.8,0.009,rain
6/20/2012,89.2,76.1,80.9,71.3,74,1012.1,9.9,0.009,rain
6/21/2012,92.9,72.9,82.4,66.5,63.4,1014.1,9.7,0,
6/22/2012,96.3,69.8,83.6,63.6,55.6,1012.6,9.9,0,
6/23/2012,97.9,73.1,85.8,62.5,49.3,1010.8,9.9,0,
6/24/2012,100.1,74.1,87.7,65,50.5,1012.1,9.9,0,
6/25/2012,104.4,74.5,89.5,61.5,44,1010.3,9.9,0,
6/26/2012,106.2,76.9,91.2,62.1,40.7,1007.4,9.8,0,
6/27/2012,102.9,75.4,89.9,66.2,49.8,1010.1,9.6,0,
6/28/2012,98.7,75.2,88,64.5,48.6,1014.5,9.8,0,
6/29/2012,95.6,75.9,84.9,69.4,61.5,1013.6,9.6,0,
6/30/2012,92.4,72.7,80.9,69.3,69.4,1011.3,9.9,0,
7/1/2012,88.8,73.2,78.7,70.5,77.7,1013.7,8.9,0.379,rain
7/2/2012,96.4,75.3,84.3,68.4,63.3,1015.6,9.3,0,
7/3/2012,96.7,72.2,84.1,67.5,62.4,1014.9,9.3,0,
7/4/2012,97.5,76.5,85.8,68.4,59.9,1014.1,9.6,0,
7/5/2012,98,74.6,85.4,68.1,61,1014.7,9.5,0,
7/6/2012,97.7,74.2,86,66.1,56.7,1015,9.7,0,
7/7/2012,97.9,74.9,86.2,67.8,57.5,1014.9,9.9,0,
7/8/2012,95.9,75.9,82.8,69.2,66,1014.4,9.9,0.02,rain
7/9/2012,96.6,73.3,82.1,71.1,72,1013.3,9.7,0.756,rain
7/10/2012,90.3,72,78,71.9,83.2,1012.3,8.5,0.426,rain
7/11/2012,85.4,72.2,76.9,72.8,87.7,1012.4,9.3,0.19,rain
7/12/2012,93,73.2,81.9,71,73,1012.5,8.6,0.022,rain
7/13/2012,95.4,75,81,72.1,76.3,1013.4,9.5,0.014,rain
7/14/2012,93.4,72.8,82,70.1,70.2,1014,9.3,0,
7/15/2012,91.2,69.2,77.2,70.4,81.8,1014.6,8.3,3.245,rain
7/16/2012,91.6,69.5,79.7,70,75.1,1014.4,9.7,0.197,rain
7/17/2012,89.1,75.1,80.9,73,77.9,1013.7,9.9,0,
7/18/2012,90.7,76.3,81.7,73,76.2,1015.1,9.9,0.002,rain
7/19/2012,94.5,74.2,83.2,71.8,71.1,1017.4,9.8,0,
7/20/2012,96.4,75,85.3,69.6,62.4,1016.6,9.9,0,
7/21/2012,98.6,74.9,86.9,68.4,57.8,1014,9.8,0,
7/22/2012,92.8,74.7,83.5,69.8,65.8,1014.5,9.8,0,
7/23/2012,93.4,76.9,83.6,70.8,67.6,1016.9,9.8,0,
7/24/2012,94.6,76.6,84.4,71.5,68,1016,9.8,0,
7/25/2012,95,75.1,84.7,71.6,67,1013,9.9,0,
7/26/2012,95.7,75.4,84.3,71.3,67.1,1011.9,9.9,0,
7/27/2012,95.3,76.3,85.2,71.2,65.9,1014.9,9.1,0,
7/28/2012,97.7,73.2,85.2,67.3,59.9,1017.5,9.3,0,
7/29/2012,98.6,74.2,86.8,68.1,57.4,1016,9.8,0,
7/30/2012,98.2,74.1,86.4,68,57.5,1014.4,9.9,0,
7/31/2012,99.7,74.6,87.2,69.1,58.8,1013.8,9.8,0,
8/1/2012,101.5,74.7,87.4,67.7,56.5,1012.9,9.8,0,
8/2/2012,100.5,74.1,86.4,67.6,57.9,1010.7,9.8,0,
8/3/2012,98.6,74.5,86.1,68.3,59.5,1010.5,9.8,0,
8/4/2012,98.2,75,86.5,69.4,61,1012.8,9.8,0,
8/5/2012,94.2,74.5,83.7,70.2,66,1017.1,9.8,0,
8/6/2012,96.5,72.5,84.2,67.8,61.3,1016.6,9.9,0,
8/7/2012,100.1,76.6,88.3,68.1,54.5,1013.1,9.9,0,
8/8/2012,99.7,74.9,87.6,66.9,53.5,1013.1,9.9,0,
8/9/2012,99.9,76.1,88.4,68.4,55.3,1012.6,9.9,0,
8/10/2012,102.4,77,88,68.8,55.4,1010.8,9.7,0.015,rain
8/11/2012,101.9,73.1,87.4,65.6,53,1011.3,9.9,0,
8/12/2012,101.1,76.2,88.5,67,51.7,1012.2,9.9,0,
8/13/2012,101.5,78,88.1,69.3,57.2,1013.6,9.9,0,
8/14/2012,100.6,77.6,89.1,68,53.7,1012.2,9.9,0,
8/15/2012,100.5,77.5,87.8,66.2,53.9,1011.1,9.8,0,
8/16/2012,100.1,76.7,87.3,69.1,58.8,1013.3,9.8,0,
8/17/2012,100.1,77.2,88.2,69.2,57.7,1013.2,9.9,0,
8/18/2012,88.6,73.7,82.3,71.4,70.5,1011.5,9.2,1.173,rain
8/19/2012,87.4,71,76.9,69.8,80.1,1012.7,9.7,0.507,rain
8/20/2012,95.9,71.1,83,64.6,59.4,1012.7,9.1,0,
8/21/2012,90.1,72.4,78.9,63.6,60.8,1014.4,9.9,0,
8/22/2012,91.5,71,80.1,65.2,62.9,1015.9,9.7,0,
8/23/2012,91.6,71.1,81.2,67.3,65.8,1014.5,9.6,0.001,rain
8/24/2012,95.6,73,83.7,69.1,65.1,1011.4,9.8,0,
8/25/2012,96.2,76.9,84.4,70.1,64.4,1010.7,9.7,0.008,rain
8/26/2012,92.7,78.4,84.2,71.9,68.2,1013.8,9.7,0.04,rain
8/27/2012,95.9,74.1,84.7,67.5,60.3,1014.8,9.9,0,
8/28/2012,95.6,76.7,85.4,69.2,60.4,1011.6,9.9,0,
8/29/2012,96.3,78.3,87.2,65.8,50.9,1008.3,9.9,0,
8/30/2012,100.8,77.6,88.3,60.5,40.1,1006.5,9.9,0,
8/31/2012,99.5,73.2,85,66.4,56.1,1011.3,9.9,0,
9/1/2012,99,78,85.5,71.7,66.5,1015.5,9.6,0,
9/2/2012,99.6,74.7,86.2,68.7,61.3,1014.8,9.8,0,
9/3/2012,99.8,75.1,86.6,67.6,58.1,1013.3,9.8,0,
9/4/2012,101.7,76.5,87.7,67.5,56.6,1011.9,9.9,0,
9/5/2012,100.5,75.3,86.8,66.4,56.5,1010.5,9.9,0,
9/6/2012,100.4,74.1,86.6,66.9,56.9,1011.4,9.8,0,
9/7/2012,101.5,74,87.4,64.6,52,1010.2,9.9,0,
9/8/2012,88.6,74.9,81.1,57.2,46.4,1014.2,9.9,0,
9/9/2012,91.1,64.9,77.6,42.5,31.5,1018,9.9,0,
9/10/2012,92.9,60.6,77.2,45.4,36.3,1017.2,9.9,0,
9/11/2012,92.1,62.2,78.4,57.5,53.2,1016.3,9.9,0,
9/12/2012,96.2,74.6,83.3,68,62.9,1014.9,9.9,0,
9/13/2012,83.5,71.7,77.7,71.7,82.3,1017,9.5,0.303,rain
9/14/2012,71.7,66.5,69.3,65.5,88.3,1021.4,8.3,0.943,rain
9/15/2012,79.6,66,71.7,62.8,74.2,1020.9,9.9,0,
9/16/2012,72.8,65.1,68.6,65.2,89.3,1017,7.7,1.968,rain
9/17/2012,83.9,65.1,72.9,64.5,77.6,1011.6,8,0,
9/18/2012,85,65.9,74.7,63.8,71.5,1014.9,9.9,0,
9/19/2012,85.6,60.9,74,56.7,57.5,1018.1,9.9,0,
9/20/2012,88.7,62.7,74.7,60.9,65.1,1016.7,9.6,0,
9/21/2012,89.2,61,75.5,56,54.7,1014.9,9.9,0,
9/22/2012,89.6,61.9,75.6,59.4,60.2,1017.1,9.9,0,
9/23/2012,91.5,65.6,78.7,62.1,60.2,1019.5,9.9,0,
9/24/2012,91.1,69.1,79.5,66.1,67.1,1018.1,9.5,0,
9/25/2012,91.2,69.5,79.9,66,66.4,1014.7,8.9,0,
9/26/2012,91.2,70.6,80.3,64.9,63.7,1014.5,9.5,0,
9/27/2012,88.7,68.2,78.5,67.1,70.4,1016.3,9.4,0,
9/28/2012,85.7,73.2,76.9,69.9,80.1,1014.9,9.1,0.059,rain
9/29/2012,81.1,69.5,73.7,71,91.4,1009.4,8.6,2.083,rain
9/30/2012,77.9,66.2,70.8,62.9,77.1,1009.1,9.4,0,
10/1/2012,83.5,60,70.5,56.9,65.8,1010.9,9.8,0,
10/2/2012,80,63.2,70.1,53.8,57.9,1013.4,9.9,0,
10/3/2012,83.9,54.8,69.8,55.2,63.7,1015,9.9,0,
10/4/2012,89.3,66.6,76.9,66.6,71.7,1017,9.9,0,
10/5/2012,87.8,70.8,77.8,67.9,74,1016.6,8.9,0,
10/6/2012,74.5,57,64.9,56.6,74.7,1017.4,9.8,0,
10/7/2012,57.1,50.3,54,42.2,64.5,1022.7,9.9,0,
10/8/2012,69.2,50.2,57.6,44,61.2,1022.1,9.9,0,
10/9/2012,80.7,58.3,68.3,59,72.6,1016,9.8,0,
10/10/2012,87.3,69.8,76.5,68.7,78.5,1017,8,0,
10/11/2012,80.3,72.3,75.2,71.3,87.9,1018.4,8.7,0.497,rain
10/12/2012,86.5,72.3,77.7,68.8,76.1,1019.2,8.6,0,
10/13/2012,81.4,73.7,76.4,71.7,85.6,1015.4,9.6,0.083,rain
10/14/2012,87.2,68.7,76.6,63.2,66.8,1015.8,9.7,0.114,rain
10/15/2012,79.1,61,69.3,53.2,58.9,1017.7,9.9,0,
10/16/2012,71.5,61.9,65.9,59.8,81.4,1012,8.6,0.11,rain
10/17/2012,89.3,64.2,73.9,65.3,77.3,1005.8,8.2,0,
10/18/2012,78.8,57.7,69.4,44.2,42.6,1011.8,9.9,0,
10/19/2012,82.2,50.2,64.2,41.2,50.3,1015.4,9.9,0,
10/20/2012,85.2,53.9,70.1,58.4,66.9,1011.3,9.9,0,
10/21/2012,89.8,74,80.3,69.1,70.9,1011.1,9.7,0,
10/22/2012,85.8,73.6,78.3,70.2,77.3,1013,9.8,0,
10/23/2012,83.1,70.5,75.4,67.4,77.3,1013.5,9.8,0,
10/24/2012,86.9,65.4,74.7,64.6,73.3,1013,9.2,0,
10/25/2012,87.7,67,76.4,65,70.3,1011.1,9.8,0,
10/26/2012,64.2,52.7,55.9,42.9,61.7,1020.7,9.7,0.1,rain
10/27/2012,63.5,44.7,53,32.4,46.7,1024,9.9,0,
10/28/2012,65.6,42,53.4,30.2,43.4,1023.9,9.9,0,
10/29/2012,69.8,39.3,53.2,34.6,54.3,1023.6,9.9,0,
10/30/2012,76.6,43,58.5,44.5,62.2,1018.2,9.9,0,
10/31/2012,84.5,55.6,67.8,54.3,66.3,1016,9.8,0,
11/1/2012,87.4,56.2,69.8,55.3,64.2,1016.2,9.5,0,
11/2/2012,84.5,60.6,71.5,59.2,68.5,1015.2,9.5,0,
11/3/2012,84.4,62.5,70.6,61.6,75.9,1016.5,8.2,0.007,rain
11/4/2012,80.5,59.2,68.2,58.9,74.4,1018.1,9.7,0,
11/5/2012,84.9,57.8,70.5,55.3,62.4,1016.6,9.7,0,
11/6/2012,78.7,48.1,63,39.8,44.7,1019.7,9.9,0.001,rain
11/7/2012,81,52.4,65,45,52,1019.7,9.9,0,
11/8/2012,83.9,53.6,67.6,53.9,65.5,1018,8.9,0,
11/9/2012,84.3,61.9,71.7,59.6,69.1,1016.3,9.8,0,
11/10/2012,82.6,63.7,72.4,60.8,69.2,1014,9.9,0,
11/11/2012,80.7,65.1,73,55.5,57.8,1013.1,9.9,0,
11/12/2012,65.9,44.1,53.2,27.6,40.2,1029.1,9.9,0,
11/13/2012,56,39.3,49.5,25.7,40.8,1030.5,9.9,0,
11/14/2012,66.3,44.5,55.1,29.1,38.9,1027.8,9.9,0,
11/15/2012,64.4,40.3,54.1,34.7,50.1,1025.4,9.9,0,
11/16/2012,67.9,46.3,56.3,32.3,42.3,1027,9.8,0,
11/17/2012,68.2,37.2,51.9,31.9,50,1027.3,9.9,0,
11/18/2012,73.7,44.1,58.7,42.9,58.1,1024.3,9.8,0,
11/19/2012,75,53.7,62.8,51.9,69.2,1022.7,9.8,0,
11/20/2012,81.8,51.7,66,54,68.4,1021.3,9.7,0,
11/21/2012,80.3,54,65.9,50.9,62.9,1022.4,9.6,0,
11/22/2012,79.2,52.9,64.4,52.5,67.8,1019.7,9,0,
11/23/2012,70.4,55,62,45.9,61.2,1024.6,9.3,0,
11/24/2012,64.1,44.8,53.3,22.8,31.7,1026.7,9.9,0,
11/25/2012,76.6,44.5,59.9,43.2,55.2,1016.9,9.9,0,
11/26/2012,83.4,62.8,70.6,57.8,66.7,1014.7,9.3,0,
11/27/2012,60.3,41.2,51.7,35.9,55.6,1026.8,9.9,0,
11/28/2012,68.3,35.9,50.2,37.8,66.3,1028.3,9.6,0,
11/29/2012,71.3,40.7,56.8,46.8,71.4,1023.2,8,0,
11/30/2012,78.7,62.2,67.1,59.1,76.9,1019.5,8.3,0,
12/1/2012,82.7,66.4,73,63.4,73.7,1017.7,9.9,0,
12/2/2012,79.6,67.6,72.5,63.4,73.9,1018.3,9.9,0,
12/3/2012,79.2,64.1,70.7,61.3,73.7,1016.2,9.9,0,
12/4/2012,76.9,59,66.8,55,69.4,1019.7,9.7,0.003,rain
12/5/2012,73.1,49.6,59.7,37.5,44.9,1021.7,9.9,0,
12/6/2012,73.2,48.2,58.7,48.7,72.7,1014,7.4,0,
12/7/2012,78,55.9,65.5,58.6,80.2,1010.5,7,0,
12/8/2012,80.7,62.8,70.9,62.4,76.1,1010.1,8.5,0,
12/9/2012,78.7,56.6,70.6,60.8,72,1010.2,7.7,0,
12/10/2012,55.7,37.7,45.6,19.9,36.4,1019.2,9.9,0,
12/11/2012,54.7,30,40.8,17.3,42.2,1021.9,9.9,0,
12/12/2012,61.8,29.1,43.7,21.4,45,1025.4,9.9,0,
12/13/2012,68.9,33.1,51.4,31.8,49.3,1024.5,9.9,0,
12/14/2012,71.2,55.7,63.4,52.9,68.9,1016.8,9.9,0,
12/15/2012,73.2,59.7,67.1,48.6,56.5,1012.4,9.7,0.015,rain
12/16/2012,70.2,52.9,61,47.2,62.4,1009.5,9.8,0.091,rain
12/17/2012,72,43.3,56.9,31.5,42.6,1012.6,9.9,0,
12/18/2012,81.8,39.6,60.7,39.8,50.2,1011.2,9.9,0,
12/19/2012,83,65.1,72.8,63.8,75.3,1006.6,9,0,
12/20/2012,71.4,36.8,50.5,9.6,20.9,1025.6,9.2,0,
12/21/2012,61.8,31.9,44.7,12.2,30,1031.3,9.9,0,
12/22/2012,68,33.7,52.9,33.2,47.8,1024.6,9.9,0,
12/23/2012,70.8,60,63.9,54.5,72.4,1014.8,9.9,0,
12/24/2012,65.7,46.5,56.7,32.5,44.5,1012.4,9.9,0,
12/25/2012,65.9,33.4,51.9,33,49.8,1009.7,9.8,0.008,rain
12/26/2012,44,27.1,34.5,17.6,50.6,1023.6,9.9,0,
12/27/2012,44.7,27.4,37.6,30.7,76.7,1016.3,7.1,0,
12/28/2012,61.1,36.7,47.8,38.4,73.1,1015.1,7.4,0.003,rain
12/29/2012,51.4,31,40.7,20.2,45.5,1029.3,9.9,0,
12/30/2012,50.3,27.6,40.2,25.6,57.2,1028.8,9.9,0,
12/31/2012,57.5,46.1,51.3,50,95.4,1017.5,2.4,0.224,rain
1/1/2013,55.1,42.2,48.5,43.1,82,1020.5,7.1,0.167,rain
1/2/2013,44.1,35.2,38.7,28.1,66,1026.5,9.9,0,
1/3/2013,46.3,30.8,40.2,28,62.9,1030,9.8,0,
1/4/2013,44.6,37.1,40.9,35.9,83.3,1031.7,8.2,0.252,rain
1/5/2013,55.1,37,44.7,38.7,80.8,1027.4,8.7,0.003,rain
1/6/2013,59.9,33.2,44.1,31.6,66.7,1027.7,7.7,0,
1/7/2013,55.6,30.5,43.9,32.9,67.1,1024.1,9.9,0,
1/8/2013,53.2,46.7,50.1,48,92.7,1015.1,2.9,0.475,rain
1/9/2013,59,51.7,56.1,54.2,93.7,1014.3,6.2,1.906,rain
1/10/2013,65,46.5,53.5,44.5,74.8,1016.3,7.6,0,
1/11/2013,72.3,44.5,59.1,52.3,79.5,1013.1,9.6,0,
1/12/2013,74,48.7,67.3,61.7,82.9,1007.5,6.9,0.015,rain
1/13/2013,51.7,39.3,44.6,27.9,52.4,1019.1,9.9,0,
1/14/2013,49.3,35,40.8,25.8,55.1,1022.9,9.9,0,
1/15/2013,42.4,35.2,37.1,31.3,80.4,1021.8,8,0.042,rain
1/16/2013,53.2,30.1,39.6,19.9,47.9,1025.9,9.9,0,
1/17/2013,66.3,35,48.5,29,49.4,1029.9,9.9,0,
1/18/2013,64.5,33.5,48.2,31.6,56.5,1030.9,9.9,0,
1/19/2013,69,39.5,51.8,39.8,66.6,1024.6,9.2,0,
1/20/2013,72.7,40.2,55.3,43,67.1,1021.9,9.4,0,
1/21/2013,71.6,45.5,57.5,44.9,65,1022.1,9.7,0,
1/22/2013,71.7,41.9,56.1,43,63.3,1024.3,9.9,0,
1/23/2013,74.7,49.7,60.5,52.3,76.7,1024.6,7.5,0,
1/24/2013,78.3,56.1,66.8,57.8,74.7,1021.6,9.5,0,
1/25/2013,79.6,55.1,67.4,57.8,72.8,1018.7,9.6,0,
1/26/2013,66.6,51.7,56.2,51.5,84.6,1020.4,4.2,0,
1/27/2013,78.6,54.7,67.2,60.3,79.9,1016.9,8.4,0,
1/28/2013,77,69.4,72.1,64.5,77.6,1014.3,9.7,0,
1/29/2013,83,60,71.8,56,61,1005.8,9.9,0.013,rain
1/30/2013,59,39.5,52,18.9,28.1,1017.2,9.9,0,
1/31/2013,69.4,31.9,49.9,20.8,37.8,1024.1,9.9,0,
2/1/2013,71.5,44,56.5,33.1,42.9,1025.1,9.9,0,
2/2/2013,76.4,42.6,59.6,43.9,59.3,1023.2,9.9,0,
2/3/2013,71.4,43.2,59.7,34.7,42.9,1023.4,9.9,0,
2/4/2013,74.9,57.3,63,54,74,1012.7,9.6,0,
2/5/2013,79.4,51.5,64,47.1,59.9,1013,9.7,0,
2/6/2013,74.9,59.8,64.8,56.4,75.7,1013.5,9,0.069,rain
2/7/2013,82.2,60.4,68.2,53.1,62.6,1013.2,9.8,0,
2/8/2013,70.8,49.4,59.3,33.4,41.4,1020.7,9.9,0,
2/9/2013,69.4,53.1,58.6,53.6,84.1,1014.7,6.4,0.053,rain
2/10/2013,69.4,55.8,62.9,45.9,59,1011.5,8.8,0.123,rain
2/11/2013,58.6,51.4,54.6,45.1,71.1,1016.7,9.5,0.123,rain
2/12/2013,71,51.4,58.3,46,70.4,1012.8,6.7,0.015,rain
2/13/2013,62.5,40.6,50.6,33.3,53.8,1019.2,9.9,0,
2/14/2013,70.9,36,53.4,34,54.4,1018.6,9.9,0,
2/15/2013,62.7,40.8,50.9,34.1,54,1023.5,9.9,0,
2/16/2013,65,33.9,49.5,25.3,41.6,1028,9.9,0,
2/17/2013,71.2,38.2,55.7,34.2,47.1,1019.9,9.9,0,
2/18/2013,82.1,59.6,68.2,46,51.8,1012.8,9.9,0,
2/19/2013,67.9,44,57.4,28.5,35.3,1021.4,9.9,0,
2/20/2013,62.2,53.2,56.9,45.3,67.6,1013.5,8.2,0.03,rain
2/21/2013,78.8,53.6,67.2,41.5,50.1,1006.1,8.4,0.023,rain
2/22/2013,58,44.2,50.6,32.2,50.4,1015.5,9.9,0,
2/23/2013,71.2,41.1,53.4,30.3,43.3,1015.6,9.9,0,
2/24/2013,73.6,37.8,57.5,43.3,61,1009.4,9.9,0,
2/25/2013,64.5,47.9,57.1,35.4,49.7,1004.4,9,0.009,rain
2/26/2013,66.8,40.9,52.8,27.1,39.3,1012.1,9.9,0,
2/27/2013,64.2,43.4,53.7,25.4,34.7,1018,9.9,0,
2/28/2013,62.5,41.5,50.1,24,38,1024.8,9.9,0,
3/1/2013,68.4,35.2,51.9,24,37.9,1023.9,9.9,0,
3/2/2013,62.4,40.3,50.3,25.6,40.4,1027.4,9.9,0,
3/3/2013,74.9,37.2,56.6,29.6,39.2,1020.2,9.9,0,
3/4/2013,88,54.7,68.2,45.9,50,1009.1,9.9,0,
3/5/2013,66.8,46.1,57.6,25.4,35.4,1021.6,9.9,0,
3/6/2013,63.8,39.5,51,16.9,27.2,1027.6,9.9,0,
3/7/2013,72.8,42.1,57.6,39.5,51.9,1021.8,9.9,0,
3/8/2013,66.9,57,61.3,55.9,82.7,1018.7,7.8,0.131,rain
3/9/2013,73.3,62.2,67.3,61.4,81.9,1009.9,8.7,0.008,rain
3/10/2013,66.5,52.7,60.8,41.6,53,1012.3,9.4,0.879,rain
3/11/2013,68.5,38,52.1,26.4,43,1019.6,9.9,0,
3/12/2013,78.7,39.9,58.8,30.9,39.7,1019.8,9.9,0,
3/13/2013,75.3,46.9,61.3,34.2,38.5,1027.2,9.9,0,
3/14/2013,78.4,47.5,63.5,44.9,54.6,1026,9.9,0.007,rain
3/15/2013,81.6,51.2,66.6,46.3,55.3,1020.1,9.7,0,
3/16/2013,84.3,58.5,69.5,54.7,63.7,1011.1,9.8,0,
3/17/2013,82.9,65.6,72.4,59.8,66.6,1006.6,9.9,0,
3/18/2013,88.9,65.2,74.4,54.4,57.2,1008.3,8.6,0,
3/19/2013,83.5,50.5,66.6,51,58.2,1013.3,9.8,0,
3/20/2013,72.5,53.7,62.1,44.6,57.8,1019.8,9.4,0.183,rain
3/21/2013,77.5,53,64,50.4,61.9,1009.4,9.9,0,
3/22/2013,83.9,57,70.9,60.1,70.8,1004.5,8.9,0,
3/23/2013,77.9,52.7,61,50.7,69.9,1006.1,8.7,0.004,rain
3/24/2013,60.2,43.1,53,30.9,47.3,1016.6,9.3,0,
3/25/2013,59.9,37.5,48.2,19.7,34.6,1026,9.9,0,
3/26/2013,63.8,33.7,50.1,19.9,33.9,1029.6,9.9,0,
3/27/2013,69.4,37.7,55.7,34.7,46.5,1024.6,9.9,0,
3/28/2013,73.7,55.2,64,52.7,67.5,1021.2,9.9,0,
3/29/2013,77.9,58.2,68.2,55.5,66.7,1019.9,9.5,0,
3/30/2013,84.9,64.7,72.6,59.6,66,1015.7,9.9,0,
3/31/2013,78,65.9,70.7,62.1,75.1,1012.4,9.8,0,
4/1/2013,85.2,59.5,71.9,59.7,68,1014.7,9.6,0,
4/2/2013,73.7,62.1,67.2,63,86.6,1012.9,7.9,1.897,rain
4/3/2013,59.7,50.3,53.6,50.9,90.3,1016.1,8.8,0.589,rain
4/4/2013,60.1,48,51.6,42.2,71.3,1021.4,9.8,0,
4/5/2013,71.3,39.8,55.5,41.8,63.9,1022.2,9.9,0,
4/6/2013,80.9,52.8,65.9,52.8,65.4,1014.6,9.7,0,
4/7/2013,82.6,62.7,69.9,60.1,73.1,1010.6,9.8,0,
4/8/2013,75.8,66.8,70.7,63.3,77.7,1007,8.8,0,
4/9/2013,85.5,70,75.2,65.8,73.5,1004,8.5,0,
4/10/2013,74.9,45,58.3,51.8,79.5,1009.2,8.2,0.254,rain
4/11/2013,66.3,44,53.7,38,57.5,1012.9,9.7,0.045,rain
4/12/2013,80.4,44,62.4,42.5,54.8,1013.2,9.9,0,
4/13/2013,76.5,51.9,65.4,50.7,61.6,1011.8,9.8,0,
4/14/2013,86.5,57.1,70.9,60,70.8,1005.4,9.4,0,
4/15/2013,87.4,69.8,76.7,65.6,70.2,1006.2,8.1,0,
4/16/2013,84.5,69.7,76.7,65.8,69.9,1009.6,6.7,0,
4/17/2013,83,73.2,76.7,69,78.2,1008.1,6.9,0.008,rain
4/18/2013,75,51.5,63.3,53.2,71.6,1010.5,8.8,0.347,rain
4/19/2013,67.9,44.5,56.4,28.8,38.6,1023.2,9.9,0,
4/20/2013,72.8,40.8,57.7,33.1,44.1,1020.9,9.9,0,
4/21/2013,77.9,49.6,63.5,49.5,62.3,1018.7,9.9,0,
4/22/2013,83.6,54.6,69.8,56.6,66.3,1015.8,9,0,
4/23/2013,78.5,53,66.6,57.4,73,1013,9.9,0,
4/24/2013,63.7,45,54,36.3,53.3,1023,9.9,0.015,rain
4/25/2013,69.8,55.5,61.9,41.7,48.1,1024.4,9.9,0,
4/26/2013,78.5,60.5,69.8,62.1,77.9,1018.7,7.1,0.03,rain
4/27/2013,83,69.6,74.7,65.6,74.4,1016.3,9.6,0.023,rain
4/28/2013,85.4,61.7,73.9,61.2,68.2,1013.8,9.5,0,
4/29/2013,83,66,72.2,63.5,76.1,1011.2,8.6,0.002,rain
4/30/2013,82.2,63.7,71.8,62.5,74.4,1008.4,8.6,0,
5/1/2013,86.9,67.9,76.3,64.6,69,1009.4,9.4,0,
5/2/2013,76.3,48.1,58.3,47.4,67.1,1020.4,9.9,0.003,rain
5/3/2013,69.7,44.3,56.1,28,37.4,1024,9.9,0,
5/4/2013,82.9,45,64.5,32.1,34.9,1015.1,9.9,0,
5/5/2013,77.5,50.6,64.2,39.9,42.1,1017.8,9.9,0,
5/6/2013,73.9,50.5,63.1,45.8,55.5,1018.2,9.9,0,
5/7/2013,86.6,51,69.6,49.3,53.8,1016.1,9.9,0,
5/8/2013,84,64,73.3,60.5,66.6,1014.1,9.6,0.009,rain
5/9/2013,78,67.6,71.8,65.3,80.4,1012.3,9,0.025,rain
5/10/2013,86.4,62.3,71.9,62.5,75.1,1012.4,9.3,1.235,rain
5/11/2013,81.7,62.4,71.2,55.9,62.8,1018,9.5,0,
5/12/2013,81.7,59.7,70,49.4,50.2,1021.2,9.9,0,
5/13/2013,85.4,52.6,70.3,48.9,50,1022.5,9.9,0,
5/14/2013,85.4,59.9,73.8,60.3,64.8,1019.9,9.8,0,
5/15/2013,85.5,67.2,75,67.7,79,1014.2,8.3,0.092,rain
5/16/2013,92.8,70.3,78.9,68.6,72.7,1008.4,9.1,0.018,rain
5/17/2013,93.3,74.9,81.9,70.5,70,1009.2,8,0,
5/18/2013,95.1,72,81.8,67.4,64.8,1010.4,7.5,0,
5/19/2013,92.4,73.6,81.3,68,66.1,1008.4,9.1,0,
5/20/2013,92.9,72.8,81.6,69.2,68.4,1008.2,9.5,0,
5/21/2013,89.6,71.3,80,69.2,70.7,1007.5,8.9,0,
5/22/2013,91.2,60.9,77.3,61.3,61.6,1010.9,9.8,0,
5/23/2013,89.6,75,81,70.1,70.6,1013,9,0,
5/24/2013,83.6,66.9,74.7,69.7,85,1017.3,8.3,3.14,rain
5/25/2013,79.8,69.8,73.9,70.1,88.4,1018.4,7.4,0.456,rain
5/26/2013,86.3,71.8,77.9,70,77.9,1016.6,9.4,0.363,rain
5/27/2013,89.3,71.2,78.8,68.7,72.8,1013.2,9.6,0,
5/28/2013,89.6,73.7,80.3,68.9,69.8,1009.9,9.9,0,
5/29/2013,87.3,74,79.1,70,74.5,1007.6,9.9,0,
5/30/2013,89.6,75.1,81.4,71,71.9,1008.1,9.9,0,
5/31/2013,90.2,77,82.4,72,71.6,1009,9.9,0,
6/1/2013,94.6,76.6,84.2,71.6,67.7,1009,9.9,0,
6/2/2013,88.3,66.8,78.3,64.8,66.2,1014,9.8,0.052,rain
6/3/2013,92.7,64.1,78.7,61.9,59.5,1012.6,9.9,0,
6/4/2013,93,68.9,81.4,66.1,63.3,1010.4,9.3,0,
6/5/2013,93,68.6,81.3,65.9,62.5,1009.7,9.9,0,
6/6/2013,94.5,71.1,82.4,66.7,62.1,1009.3,9.9,0,
6/7/2013,86.9,69.8,77.7,58.6,54.9,1013.1,9.9,0,
6/8/2013,91.1,63.3,78.3,61,56.9,1011.1,9.9,0,
6/9/2013,88.3,70.4,80.6,69.6,70.7,1011.4,9.9,0.134,rain
6/10/2013,95,71.1,82.8,68.2,65.4,1013.6,9.6,0,
6/11/2013,92.9,74.2,81.9,70.1,69.4,1015,9.7,0,
6/12/2013,95.6,74.9,82.8,70.5,68.8,1015.5,9.5,0.014,rain
6/13/2013,93.8,76.1,82.1,70.3,69.7,1015.2,9.8,0,
6/14/2013,91.6,74.5,82.7,71.6,70.8,1013.4,9.6,0,
6/15/2013,89.7,78,83.2,72.4,70.8,1013.2,9.9,0,
6/16/2013,96.4,75.4,85.9,69.2,60.4,1013.6,9.9,0,
6/17/2013,97.2,77,86.4,69.3,60,1012.5,9.9,0,
6/18/2013,93.4,70.2,82.9,69.5,66.5,1013.1,9.8,0.295,rain
6/19/2013,97.6,76.1,86,68.7,59.5,1012.8,9.8,0,
6/20/2013,96.8,75,85.5,68.1,59.8,1014.7,9.9,0,
6/21/2013,97.2,76.6,86.4,67.2,57.5,1015.9,9.7,0,
6/22/2013,98.1,77.5,86.4,67.4,56.9,1014.4,9.9,0,
6/23/2013,97.7,77.5,85.7,66.3,56,1013.2,9.9,0,
6/24/2013,98.5,75.5,86.2,68.4,59.3,1014,9.7,0,
6/25/2013,99.7,78.1,87.4,67.2,55.5,1013.2,9.8,0,
6/26/2013,100.6,78.3,88,68.6,56.2,1012.5,9.9,0,
6/27/2013,100.6,76.6,88.2,64.6,51.3,1013.5,9.9,0,
6/28/2013,104.9,75.4,89.8,65.3,49.5,1011.9,9.9,0,
6/29/2013,106.7,75.8,92.5,61.4,39.5,1008.6,9.9,0,
6/30/2013,94.6,72.8,83.9,65.3,57.8,1010.4,9.5,0.38,rain
7/1/2013,89.9,72.3,82.1,54.2,39.5,1013.7,9.9,0,
7/2/2013,93.2,68.5,80.8,52,40.5,1015.7,9.9,0,
7/3/2013,95.5,65.6,82.4,48.8,33.9,1014.5,9.9,0,
7/4/2013,94.9,68.5,82.2,58.5,49,1013.5,9.9,0,
7/5/2013,98.1,70,85.6,60.9,48.4,1012.5,9.9,0,
7/6/2013,98.4,72,86,64.3,52.5,1011.5,9.9,0,
7/7/2013,100.1,74.5,85.1,69.2,62.4,1012.7,9.9,0,
7/8/2013,89.2,76.9,82.6,70.7,68.9,1016.8,9.8,0.058,rain
7/9/2013,99.6,75.5,86.6,69.4,60.9,1017.8,9.9,0,
7/10/2013,100.1,74.5,87.6,68.6,57.7,1015.9,9.9,0,
7/11/2013,100.1,74.9,88.3,66.1,52.6,1013.4,9.9,0,
7/12/2013,101.6,74.3,88.6,64.6,49.6,1012.2,9.9,0,
7/13/2013,103.6,74.4,90.6,62,43.1,1011.8,9.9,0,
7/14/2013,95.6,77.9,84.6,64.7,52.5,1011.2,9.9,0,
7/15/2013,78.2,71.2,73.6,70.3,89.6,1014,7,0.416,rain
7/16/2013,92.5,71.5,79.6,69.6,74.5,1017.3,9.3,0.046,rain
7/17/2013,91.1,73.2,77.1,71,83.2,1020,8.2,1.247,rain
7/18/2013,95,73.2,81,69.5,71.4,1018.8,9.8,0,
7/19/2013,93.8,71.3,82.2,67.8,65.7,1015.5,9.8,0,
7/20/2013,92.9,74.2,81.9,69.6,69,1013.1,9.7,0.03,rain
7/21/2013,95.2,74.5,82.2,72,73.1,1012.5,9.9,0.014,rain
7/22/2013,97.8,78,86.3,71.6,64.7,1013.3,9.9,0,
7/23/2013,98,78.4,87,69.3,59.2,1013.3,9.6,0,
7/24/2013,96.4,76.5,85.9,70.4,62.7,1012.7,9.7,0,
7/25/2013,98.6,75,87.2,67.9,57.1,1014.4,9.6,0,
7/26/2013,98.7,76.5,87.3,70.1,60.2,1013.7,9.7,0,
7/27/2013,89.1,74.1,80.5,71.3,75.6,1013.2,9,0.693,rain
7/28/2013,96.4,75.3,84.8,69.3,62.2,1012,9.8,0,
7/29/2013,100.1,78.3,87.3,67.9,56.8,1014,9.7,0,
7/30/2013,100.9,76.6,87.4,68.3,57.6,1016.1,9.9,0,
7/31/2013,101.6,75,87.5,65.7,54.6,1015.7,9.8,0,
8/1/2013,102,76.5,89.7,66.5,49.9,1013.8,9.9,0,
8/2/2013,101.5,77.2,89,65,47.6,1012.5,9.9,0,
8/3/2013,100.5,76.5,88.5,67.7,54.6,1013.9,9.9,0,
8/4/2013,99,78,88.3,69.9,58.1,1015.1,9.9,0,
8/5/2013,102.3,75.3,88.7,67,53.3,1013.9,9.9,0,
8/6/2013,103.9,76.5,89.4,68.1,54.3,1011.4,9.9,0,
8/7/2013,103.6,78.7,89.9,67.6,53.2,1010.6,9.8,0,
8/8/2013,103.9,78.4,89.9,65.6,50.3,1010,9.7,0,
8/9/2013,102.3,74.9,88,63.9,52,1011.8,9.5,0,
8/10/2013,103.3,77.1,89,67.5,52.2,1014.5,9.9,0.004,rain
8/11/2013,99.6,76.2,86.3,69.2,59.3,1015.8,9.9,0,
8/12/2013,98.1,74.5,86.6,67.8,57.7,1015.6,9.9,0,
8/13/2013,101.5,77.9,89.3,66.5,51.5,1013.9,9.9,0,
8/14/2013,103.9,78,86.6,68.1,56.7,1012.9,9.9,0,
8/15/2013,95.1,75,83.3,70.7,68.2,1014.1,9.5,0.464,rain
8/16/2013,96.2,72.8,82.4,68.1,67,1014.1,8.8,0,
8/17/2013,95.5,72.9,82.9,62.2,53.8,1015,9.9,0,
8/18/2013,96.4,68.6,82.9,57.3,44.8,1015.2,9.9,0,
8/19/2013,96.2,71.8,83.8,59.8,47.1,1014.7,9.8,0,
8/20/2013,96.3,70.4,83.5,64.4,55.8,1014.5,9.9,0,
8/21/2013,96.4,74,83.7,68,62.2,1016.1,9.9,0,
8/22/2013,97.7,74.3,85.4,68.4,60.1,1015.6,9.9,0,
8/23/2013,100,73.3,86.9,67.4,56.7,1013.9,9.9,0,
8/24/2013,99.8,78,87.9,67.1,52.7,1014.4,9.9,0.038,rain
8/25/2013,95.2,77,85.8,68.2,57.8,1016.6,9.9,0,
8/26/2013,89.7,73.6,81,69.5,69.4,1017.7,9.9,0.005,rain
8/27/2013,86.8,73.7,78.7,69,74.2,1017.8,9.6,0.038,rain
8/28/2013,97,72.6,83.8,68.3,64.3,1017,9.5,0,
8/29/2013,99.8,74.6,87.4,65.1,51.4,1015.7,9.9,0,
8/30/2013,102.3,77,89.5,62.8,44.2,1013.2,9.9,0,
8/31/2013,103,75.9,89.3,65.9,49.3,1010.9,9.9,0,
9/1/2013,101,76,88.2,66.7,52.3,1010.3,9.9,0,
9/2/2013,101.4,76,88,67.3,54.5,1011.7,9.9,0,
9/3/2013,101.1,74.5,88.3,64.5,49,1012.7,9.9,0,
9/4/2013,100,76.2,86.8,68.1,57.5,1014.3,9.7,0.374,rain
9/5/2013,96.9,73.1,84.3,67.6,60.7,1016.6,9.8,0,
9/6/2013,97.2,74.8,85.8,68.4,60.2,1015.9,9.9,0,
9/7/2013,96.4,74.5,82.6,69.7,68.3,1014.5,9.7,0.233,rain
9/8/2013,92.1,73.2,80.5,70.6,73.4,1013.4,9.8,0.059,rain
9/9/2013,92.4,72.3,79.2,69.3,74,1013.8,9.8,0.041,rain
9/10/2013,92.8,72.7,79.1,70.5,77.2,1015.8,9,0.032,rain
9/11/2013,94.7,74.6,82.6,68.3,65.8,1016.8,9.7,0,
9/12/2013,95.4,72.2,82.4,67.8,64.9,1015.2,9.8,0.014,rain
9/13/2013,96.7,72.7,85.1,63.6,53,1012,9.9,0,
9/14/2013,95.6,72.5,84,64.3,54.6,1011.2,9.8,0.214,rain
9/15/2013,92.7,74.5,82.8,68.9,65.7,1013.7,9.8,0,
9/16/2013,91.2,76,81,71.5,74,1015.5,9.8,0.224,rain
9/17/2013,91.2,74.6,81,71.4,75.1,1015.5,9.5,0.023,rain
9/18/2013,94.5,73,83.2,68.9,65.8,1013.7,9.9,0,
9/19/2013,92.1,77.2,82.3,72,72.3,1011.7,9.9,0.035,rain
9/20/2013,79.8,71.7,75.8,73,91.1,1009.3,7.7,2.517,rain
9/21/2013,84.3,68.3,74.7,59.5,62.8,1011.1,9.7,0.008,rain
9/22/2013,85,60.6,72.7,49.6,46.5,1010.3,9.9,0,
9/23/2013,89.5,58.1,73.5,52.7,52.7,1008.7,9.9,0,
9/24/2013,96.3,65.7,79.6,58.1,52.1,1010.6,9.9,0,
9/25/2013,95.6,68.6,81.7,59,49.3,1009.8,9.9,0.001,rain
9/26/2013,91.1,68.1,80,62,56,1009.9,9.9,0,
9/27/2013,90.7,76.6,81.5,73.1,76.9,1010.9,9.7,0.049,rain
9/28/2013,92.5,77,81.6,73.7,78.4,1012.2,9.4,0.084,rain
9/29/2013,76,66.1,70.6,66.4,87,1015.1,8.3,1.607,rain
9/30/2013,87.8,63.4,74.4,59,64.1,1011.5,9.8,0,
10/1/2013,90.7,65.3,77.8,67.2,72.3,1011.1,8.2,0,
10/2/2013,89.6,74.6,81,71.1,73.5,1012.1,9.7,0,
10/3/2013,90.8,76.4,82.1,70.3,69.5,1011.3,9.9,0,
10/4/2013,91.1,72.7,80.6,69.5,71.3,1011.1,9.8,0,
10/5/2013,88.7,64.1,76.1,63.6,67.7,1013.3,9.7,0,
10/6/2013,81.5,55.2,66.8,44.1,50.9,1018.8,9.5,0.489,rain
10/7/2013,83.6,53.7,67.7,44.2,47.5,1019.3,9.9,0,
10/8/2013,83.6,52.6,67.8,48.4,54.7,1017.3,9.9,0,
10/9/2013,83.6,54.4,69.2,53.9,60.4,1015.9,9.9,0,
10/10/2013,84.5,62.4,73.4,61.4,68.2,1014.7,9.8,0,
10/11/2013,87.4,71.2,78,70,77.4,1011.5,9.8,0.022,rain
10/12/2013,91.1,74,81.2,72,75,1013.5,9.5,0.544,rain
10/13/2013,75.5,66.8,71.4,68.9,92.2,1018.4,7.3,5.108,rain
10/14/2013,78.5,71.7,74.4,70.8,88.7,1016.1,7.3,0.364,rain
10/15/2013,84.1,61.1,74.7,68.3,81.5,1013.6,8.5,0.008,rain
10/16/2013,62,55.1,58.5,54.7,87.4,1016.9,8.7,0.821,rain
10/17/2013,73,53.2,62.1,48.2,62.5,1017.9,9.9,0,
10/18/2013,72,55.7,64.6,56.5,75.5,1014.4,9.9,0,
10/19/2013,68.1,48.8,58.2,43.7,61.8,1020.1,9.9,0.008,rain
10/20/2013,73.6,43.5,58.2,44,63.5,1016.7,9.8,0,
10/21/2013,78.4,58.5,66.8,59.1,76.9,1014.2,9.5,0.445,rain
10/22/2013,75.3,53.5,63.6,45.3,55.7,1019.5,9.9,0,
10/23/2013,81.8,51.8,64.8,44.6,52.3,1019.9,9.9,0,
10/24/2013,80.7,52.7,66,47.2,54,1021.6,9.9,0,
10/25/2013,78.3,52.5,65.8,55,69.9,1024.4,9.8,0,
10/26/2013,80.6,61.2,69.4,60.1,73.4,1020.9,8.4,0,
10/27/2013,73.5,64.2,67.6,62.5,84.4,1017.6,9.4,0.17,rain
10/28/2013,80.6,65.9,71.6,65,81,1016.7,7.8,0,
10/29/2013,82.7,70.7,75.5,67.1,76,1016.4,9.9,0,
10/30/2013,82.6,73.3,76.7,71.8,85.1,1012.5,8.3,0.847,rain
10/31/2013,80.9,56.4,71.3,56.9,68.1,1009.7,7.9,3.38,rain
11/1/2013,84.1,50.3,65.7,46.1,56.4,1012.3,9.9,0,
11/2/2013,73.5,52.1,63.2,39,43.5,1022.6,9.9,0,
11/3/2013,68,45.1,56.9,41.1,58.9,1020.8,9.8,0,
11/4/2013,67.1,59.9,63.3,58.1,83.4,1016.4,9.7,0.028,rain
11/5/2013,78.9,65.9,70.9,66.1,85.5,1014.7,8.8,0.011,rain
11/6/2013,71.6,52.6,62,55.1,79,1020.6,9.5,0.421,rain
11/7/2013,63.7,42.5,53.9,37.4,55.5,1029.8,9.9,0,
11/8/2013,64.6,50,57.2,40.9,56.4,1026.1,9.9,0,
11/9/2013,69.4,54.8,61.3,51.3,70,1021.3,9.9,0.007,rain
11/10/2013,70.8,60.7,64.3,55.1,72.7,1024.1,9.9,0,
11/11/2013,75,52.7,63.6,51.5,66.4,1023.4,9.8,0,
11/12/2013,60.2,45.6,54.5,43.2,67.8,1031.2,9.7,0,
11/13/2013,55.5,33.5,43.6,24.3,48.4,1035.5,9.9,0,
11/14/2013,62,32.5,47.7,34.7,63.5,1023.9,9.8,0,
11/15/2013,76.6,51,63.5,53.8,72.5,1014.5,8.9,0,
11/16/2013,80.5,61.8,71.7,64.6,79.3,1009.9,9.1,0,
11/17/2013,89,67.2,77,65.7,71.6,1009.9,9.8,0,
11/18/2013,78.3,61.3,68.5,56.9,67.5,1016.9,9.8,0,
11/19/2013,71.7,55.7,63.1,44.3,51.7,1018.1,9.9,0,
11/20/2013,71.2,57.4,63.4,54,71.8,1014.9,9.4,0.011,rain
11/21/2013,80.3,66.8,73.7,69.1,86.1,1014.5,7.1,0.101,rain
11/22/2013,73.6,36,43.8,40.8,89.1,1025.9,8.4,1.176,rain
11/23/2013,42.8,36,39.3,35.6,86.5,1031,8.5,0.033,rain
11/24/2013,42.8,35.2,39.1,31.6,74.8,1030.8,9.3,0.106,rain
11/25/2013,39.7,35.2,37.5,34.4,88.7,1023.5,7.2,0.891,rain
11/26/2013,52.7,37.7,43.6,32,65.1,1024.1,9.9,0,
11/27/2013,51.6,33.8,41.6,23.5,51.1,1030.3,9.9,0,
11/28/2013,55.6,31.2,41.4,26.5,60.4,1030.3,9.9,0,
11/29/2013,62.1,32.7,47.5,38.4,72.1,1031,9.6,0,
11/30/2013,66.1,50.1,57.4,48.6,72.6,1026.1,9.9,0,
12/1/2013,71.7,52.4,63.1,55.3,76.5,1019.2,9.5,0,
12/2/2013,81.7,54.7,66.5,51.6,63.2,1008.7,9.6,0,
12/3/2013,84.1,50.2,65.6,46.5,56.1,1004.1,9.8,0,
12/4/2013,74,56.5,64.2,58,81.1,1006.3,6.7,0,
12/5/2013,66.8,33.8,46.5,38.2,73.5,1015.6,7.7,0.003,rain
12/6/2013,36.8,29.9,33.4,27,77.6,1025.3,9.2,0.074,rain
12/7/2013,30.4,26.6,28.4,20.6,72.4,1030.4,9.3,0,
12/8/2013,45.9,28.5,35.7,29.6,78.8,1022,8.1,0,
12/9/2013,39.4,35.1,37.8,35.1,89.9,1022.7,3.1,0.048,rain
12/10/2013,47.5,28,36.2,22.2,59,1031.1,9.6,0,
12/11/2013,59.1,29.1,43.1,27.3,56.9,1030.4,9.9,0,
12/12/2013,60.1,36.4,45.4,29.7,55.4,1033.2,9.6,0,
12/13/2013,50.2,43.6,46.5,40.4,80.1,1018.9,5.6,0.153,rain
12/14/2013,51.4,40.5,47,39.3,75.4,1019.6,7.8,0,
12/15/2013,60.3,34.3,45.2,29.1,56,1027.8,9.9,0,
12/16/2013,68.4,33.9,48.6,30.7,54.4,1025.3,9.8,0,
12/17/2013,72.3,35.5,52,34.6,55.9,1025.5,9.9,0,
12/18/2013,69.7,38.6,54.8,43.8,68.1,1022.9,9.9,0,
12/19/2013,75.5,54.7,65.3,56.5,74.4,1012.9,9.9,0,
12/20/2013,73.7,66,69.7,63.7,81.4,1007.9,8.7,0,
12/21/2013,73.5,46.1,54.5,49.9,85.1,1004.5,7.8,0.478,rain
12/21/2013,74,45,60,49,75,1005.072727,7,0.46,"Rain , Thunderstorm"
12/22/2013,55,39.1,46.5,36.1,68.8,1019.4,9.5,0,
12/22/2013,56,39,48,36,68,1020.311364,10,0, 
12/23/2013,54.9,32.5,41.7,26.9,58.5,1032,9.9,0,
12/23/2013,58,32,45,27,52,1032.502273,10,0, 
12/24/2013,59.6,30.3,43.9,27.7,58.8,1031.4,9.7,0,
12/24/2013,61,31,46,28,56,1031.147727,10,0, 
12/25/2013,56.1,40.1,48.3,40.1,73.9,1026.7,9.5,0,
12/25/2013,58,41,50,40,71,1027.084091,10,, 
12/26/2013,56.1,39.3,47.8,35.9,64.2,1029.2,9.4,0,
12/26/2013,57,39,48,36,63,1029.454545,9,0, 
12/27/2013,57.3,43.9,49.8,39.2,68.3,1029,9.1,0,
12/27/2013,60,45,53,39,65,1029.115909,9,, 
12/28/2013,61.6,38.7,49.6,38.2,67.9,1022.1,8.7,0,
12/28/2013,62,40,51,39,64,1021.665909,10,, 
12/29/2013,62.4,35.6,48.4,41.1,76.8,1018.9,7.7,0,
12/29/2013,64,36,50,41,76,1019.295455,10,0, 
12/30/2013,43.6,35,38.2,25.7,60.8,1027.2,9.9,0,
12/30/2013,44,35,40,26,60,1027.084091,10,0, 
12/31/2013,52.6,35.3,42.3,27.8,58.7,1029.3,9.9,0,
12/31/2013,55,36,46,28,54,1029.115909,10,0, 
1/1/2014,66.4,38.1,50.6,39.8,67,1020.2,9.6,0,
1/1/2014,69,39,54,42,68,1019.634091,10,0, 
1/2/2014,53.1,35,43.5,25.5,50.6,1028.6,9.9,0,
1/2/2014,55,33,44,26,55,1028.438636,10,0, 
1/3/2014,55.7,26.9,40.7,21.6,51,1028,9.9,0,
1/3/2014,58,28,43,22,49,1027.761364,10,0, 
1/4/2014,70.7,41.5,56.1,46.3,71.4,1014.6,9.7,0,
1/4/2014,71,42,57,48,68,1014.215909,10,0, 
1/5/2014,58.6,35.5,46.5,30,55.2,1019.5,9.9,0,
1/5/2014,59,34,47,32,59,1018.618182,10,0, 
1/6/2014,34.7,21.4,29.1,8,41.5,1038.2,9.9,0,
1/6/2014,36,22,29,8,38,1038.936364,10,0, 
1/7/2014,46.1,20.2,34.9,10.5,40.5,1034,9.9,0,
1/7/2014,48,22,35,11,43,1033.518182,10,0, 
1/8/2014,52.7,40.6,46.8,43.4,88.5,1023.1,3.1,0.15,rain
1/8/2014,53,40,47,45,75,1022.681818,2,0.16,Rain
1/9/2014,68.5,52.6,59.3,55.2,86.9,1019.1,5,0.001,rain
1/9/2014,70,53,62,55,80,1019.634091,4,0,Fog
1/10/2014,71,59.1,65.3,60.3,84.5,1011.3,8.8,0.106,rain
1/10/2014,72,57,65,61,81,1011.506818,8,0.1,Rain
1/11/2014,74,46.2,59.2,38.6,54.4,1017.3,9.3,0,
1/11/2014,75,48,62,37,53,1017.940909,9,0, 
1/12/2014,65.5,43.9,56.3,45,66,1016.6,9.9,0.008,rain
1/12/2014,67,46,57,47,68,1016.247727,10,0.01,Rain
1/13/2014,69.6,44.3,60.5,35.4,47.1,1016.4,9.4,0,
1/13/2014,71,43,57,36,51,1016.247727,9,0, 
1/14/2014,75,35.8,54.9,25.6,37.7,1020,9.9,0,
1/14/2014,76,37,57,25,41,1020.311364,10,0, 
1/15/2014,62.7,39.4,50.2,22.7,35.1,1027.2,9.9,0,
1/15/2014,64,40,52,23,35,1027.084091,10,0, 
1/16/2014,70.6,38.7,54.1,27.7,38.4,1020,9.9,0,
1/16/2014,72,40,56,27,38,1020.311364,10,0, 
1/17/2014,62.1,41.7,53,20.8,29.8,1025.6,9.7,0,
1/17/2014,64,43,54,20,31,1025.729545,10,0, 
1/18/2014,69.4,36.1,51,31.2,48.8,1022.4,9.9,0,
1/18/2014,70,37,54,33,45,1022.343182,10,0, 
1/19/2014,69.9,41.9,55.1,30.2,42.1,1023.4,9.9,0,
1/19/2014,72,45,59,30,39,1023.359091,10,0, 
1/20/2014,80.1,44.7,61.8,35.1,40.8,1015.8,9.9,0,
1/20/2014,82,46,64,36,44,1015.909091,10,0, 
1/21/2014,62,38.2,53,23.5,33.1,1026.2,9.9,0,
1/21/2014,63,38,51,23,39,1026.406818,10,0, 
1/22/2014,67.9,35.1,51.1,26.6,42.7,1019.8,9.9,0,
1/22/2014,70,37,54,27,45,1019.634091,10,0, 
1/23/2014,52.8,28.1,41.6,31.2,67.2,1027.7,8.9,0.037,rain
1/23/2014,56,27,42,29,64,1031.825,8,0.06,"Rain , Snow"
1/24/2014,37.8,26,30.7,17,57.8,1037.1,9.2,0.066,rain
1/24/2014,40,26,33,17,60,1037.243182,9,0.05, 
1/25/2014,68.9,24.6,44.7,27.3,56.8,1022.5,9.8,0,
1/25/2014,70,26,48,27,53,1022.343182,10,0, 
1/26/2014,74.7,42.9,58.5,38.8,50.9,1010.7,9.9,0,
1/26/2014,76,43,60,39,52,1010.490909,10,0, 
1/27/2014,56.4,35.4,47.3,23.7,42.2,1018,9.9,0.008,rain
1/27/2014,60,34,47,23,44,1018.956818,10,0.02,Rain
1/28/2014,38.4,26.7,32.4,14.3,48.4,1028.9,9.9,0.054,rain
1/28/2014,39,27,33,14,48,1029.454545,10,0.05,Rain
1/29/2014,47.5,25.5,35.5,13.1,42.1,1030,9.9,0,
1/29/2014,49,27,38,13,42,1029.793182,10,0, 
1/30/2014,64.2,29.4,47.5,35.2,62.8,1018.2,9.9,0,
1/30/2014,65,31,48,36,64,1017.940909,10,0, 
1/31/2014,78.3,54.9,65.2,54,69.5,1011.5,9.8,0,
1/31/2014,80,55,68,54,64,1011.506818,10,0, 
2/1/2014,75,59,69,59.6,72.4,1009,9.9,0,
2/1/2014,76,55,66,59,71,1009.475,10,,Rain
2/2/2014,54.6,35.4,41.8,34.2,74.3,1018.3,8.2,0.031,rain
2/2/2014,55,35,45,33,69,1018.956818,8,0.02,Rain
2/3/2014,45.5,34.7,39.2,32.5,76.9,1021.9,6.6,0,
2/3/2014,46,34,40,33,74,1021.665909,6,0, 
2/4/2014,62.6,41.9,48.9,41.6,77.6,1014.3,7.4,0.151,rain
2/4/2014,64,42,53,41,68,1014.215909,6,0.15,Rain
2/5/2014,45.7,31.6,39.9,26.6,60,1027.7,9.9,0,
2/5/2014,48,31,40,26,60,1028.438636,10,0, 
2/6/2014,31.4,26.2,29.1,15.3,56,1031.9,9.9,0,
2/6/2014,32,26,29,15,54,1032.163636,10,0, 
2/7/2014,36.6,28.5,32.3,23.1,68.7,1027.1,7.4,0,
2/7/2014,38,29,34,24,68,1026.745455,7,0, 
2/8/2014,63.3,36.6,46.5,36.4,69.8,1021.5,6.6,0,
2/8/2014,65,37,51,36,63,1021.665909,7,0, 
2/9/2014,72.8,41.7,54.4,46.1,76.3,1017.4,5.9,0,
2/9/2014,76,41,59,45,70,1017.602273,5,0,Fog
2/10/2014,59,34.7,43,36.7,78.6,1020.6,7.5,0,
2/10/2014,60,35,48,36,74,1020.988636,8,,Rain
2/11/2014,35.5,33.7,34.3,29.3,81.9,1024,5,0.08,rain
2/11/2014,36,33,35,29,80,1024.036364,5,0.1,Rain
2/12/2014,55,33.4,41.7,29.1,62.8,1022.1,9.1,0,
2/12/2014,57,33,45,29,57,1022.004545,9,0, 
2/13/2014,67.5,30.8,49.1,33.1,58.7,1016.7,9.9,0,
2/13/2014,69,32,51,34,58,1016.586364,10,0, 
2/14/2014,83.9,47.3,62.1,38.2,48.9,1013.1,9.6,0,
2/14/2014,86,47,67,37,51,1013.538636,10,0, 
2/15/2014,74.4,41.4,58.9,32.9,40.4,1018.9,9.9,0,
2/15/2014,76,42,59,35,43,1018.956818,10,0, 
2/16/2014,73.1,58.3,64.4,57.2,78.4,1015.9,6,0,
2/16/2014,76,59,68,57,74,1016.247727,5,0,Fog
2/17/2014,79.6,58.6,69.2,49.3,56.7,1016.6,8,0,
2/17/2014,81,58,70,50,52,1016.925,8,0, 
2/18/2014,79.7,55.6,67,51,57.7,1015.6,9.7,0,
2/18/2014,82,55,69,53,55,1015.909091,10,0, 
2/19/2014,81.7,62.7,68.8,60.5,76.2,1010.5,8.7,0,
2/19/2014,82,63,73,60,70,1010.829545,9,0, 
2/20/2014,80.6,57.8,69.9,49.2,55.2,1010.4,9.4,0,
2/20/2014,83,57,70,50,48,1010.829545,9,0, 
2/21/2014,69.3,39.4,56.6,27.6,35.4,1019.5,9.9,0,
2/21/2014,72,41,57,27,43,1019.634091,10,0, 
2/22/2014,74.7,45.8,59.6,43.9,56.9,1014.9,9.9,0,
2/22/2014,77,48,63,46,53,1014.554545,10,0, 
2/23/2014,84.8,63.7,71,55.6,61.3,1013.6,9.4,0,
2/23/2014,86,62,74,56,57,1014.215909,10,0, 
2/24/2014,74.4,54.8,63.2,50.6,64,1017.2,9.2,0,
2/24/2014,76,55,66,51,65,1017.263636,9,0, 
2/25/2014,68.7,51.7,61.9,58.4,88.4,1015.5,4,0.004,rain
2/25/2014,71,52,62,60,85,1016.247727,4,,Rain
2/26/2014,51.6,34.9,41.7,31.8,68.8,1021.9,7.9,0.15,rain
2/26/2014,52,36,44,33,63,1022.004545,8,0.11,Rain
2/27/2014,56.9,29.5,43.4,26.8,55.3,1019.5,9.9,0,
2/27/2014,59,31,45,27,56,1019.295455,10,0, 
2/28/2014,77.6,43,58.5,44.9,63,1010.8,9.3,0,
2/28/2014,80,44,62,46,60,1010.829545,10,0, 
3/1/2014,79.8,51,65.4,57.3,76.5,1013.4,7.5,0.003,rain
3/1/2014,82,53,68,57,74,1014.215909,7,0,Fog
3/2/2014,72.6,28.5,50.2,45.4,83.5,1017.2,7.4,0.086,rain
3/2/2014,73,28,51,45,79,1017.602273,8,0.08,Rain
3/3/2014,45.5,24,32.7,19.5,59.7,1027.6,9.7,0.068,rain
3/3/2014,47,24,36,20,56,1027.084091,9,0.08,"Rain , Thunderstorm"
3/4/2014,48.4,30.1,37.3,31.4,79.9,1021.9,7.9,0.222,rain
3/4/2014,50,30,40,31,72,1022.004545,8,0.17,Rain
3/5/2014,52.5,38.8,44.7,39,80.6,1017.9,7,0,
3/5/2014,53,38,46,39,76,1017.940909,7,0, 
3/6/2014,64.1,43.1,51.1,38.5,64.8,1021.5,7.9,0,
3/6/2014,65,43,54,38,62,1022.004545,8,0, 
3/7/2014,64.8,37.9,53,41.1,66.4,1015.6,9.2,0,
3/7/2014,67,39,53,42,65,1015.570455,9,0, 
3/8/2014,58.6,44.3,52.7,50,90.7,1017.6,4.1,0.692,rain
3/8/2014,59,44,52,49,88,1018.956818,3,0.74,"Rain , Thunderstorm"
3/9/2014,56.5,39.5,46.8,38.6,73.6,1025.5,9.2,0.09,rain
3/9/2014,58,39,49,39,71,1025.729545,9,0.11,Rain
3/10/2014,71.3,49.5,59,50.7,74.9,1018.9,9.2,0.004,rain
3/10/2014,71,50,61,51,69,1018.618182,9,0.01,Rain
3/11/2014,80,55.7,65.3,54.6,71.7,1007.1,9.1,0.004,rain
3/11/2014,83,56,70,54,66,1008.120455,9,0, 
3/12/2014,68.5,48.8,57.8,30.6,38.1,1019.1,9.9,0,
3/12/2014,70,49,60,28,36,1020.311364,10,0, 
3/13/2014,66,37.3,53.7,26.4,36.7,1024.7,9.9,0,
3/13/2014,68,37,52,26,35,1024.713636,10,0, 
3/14/2014,72.8,47.4,60.3,50.1,70.6,1017.1,9.9,0,
3/14/2014,75,49,62,51,68,1017.263636,10,0, 
3/15/2014,74,62.3,65.9,61.4,86.1,1010.4,6,0.062,rain
3/15/2014,74,62,68,62,81,1011.168182,5,0.07,"Fog , Rain"
3/16/2014,64.5,48.4,57.6,44.8,64.4,1012.3,9.9,0,
3/16/2014,64,48,56,45,66,1012.522727,10,0, 
3/17/2014,66.5,41.3,53.4,26.7,37.9,1014.2,9.9,0,
3/17/2014,68,41,55,26,36,1013.877273,10,0, 
3/18/2014,82.5,46.1,62.8,41.6,48.8,1007.1,9.9,0,
3/18/2014,83,47,65,42,49,1007.104545,10,0, 
3/19/2014,70.7,53.3,61,37.5,44.7,1018.1,9.3,0,
3/19/2014,72,51,62,37,52,1018.279545,9,0, 
3/20/2014,74.6,41.8,58.9,36.5,47.5,1021.1,9.9,0,
3/20/2014,76,42,59,36,52,1020.988636,10,0, 
3/21/2014,79.6,52.4,64.7,52.5,66.4,1013.6,8.8,0,
3/21/2014,80,54,67,54,69,1014.215909,8,0,Fog
3/22/2014,76.6,62.5,68.8,62.2,80.5,1013.6,7.5,0,
3/22/2014,77,61,69,62,80,1014.215909,7,0, 
3/23/2014,60.7,47,54.9,42.9,64.3,1021.9,9.8,0,
3/23/2014,61,47,54,43,62,1022.343182,10,0, 
3/24/2014,65.6,49.9,56.5,42.1,59.3,1020.5,9.9,0,
3/24/2014,66,50,58,42,58,1020.65,10,0, 
3/25/2014,66.8,44.6,56.1,39,57.5,1023.8,9.6,0,
3/25/2014,69,44,57,38,61,1024.036364,10,0, 
3/26/2014,66,53.6,59.3,45.9,62.3,1019,9.8,0,
3/26/2014,66,54,60,47,57,1018.618182,10,,Rain
3/27/2014,81.6,61.2,68.5,62.2,81.6,1009.7,7.4,0.008,rain
3/27/2014,82,61,72,63,78,1010.152273,7,0.01,Rain
3/28/2014,88.5,66.4,73.7,61.6,68.5,1008.5,8.3,0.001,rain
3/28/2014,89,63,76,61,64,1008.797727,8,0,Thunderstorm
3/29/2014,76,51.8,64.1,40.8,46.2,1021.5,9.9,0,
3/29/2014,77,51,64,40,43,1022.004545,10,0, 
3/30/2014,78.8,44.5,62.5,42.7,51.6,1020.5,9.9,0,
3/30/2014,79,45,62,43,56,1020.311364,10,0, 
3/31/2014,83.6,60.4,69.6,56.8,66.3,1013.3,9.8,0,
3/31/2014,85,60,73,57,65,1013.538636,10,0, 
4/1/2014,84.5,66.1,74.1,64,73,1012.4,8.8,0,
4/1/2014,86,66,76,64,71,1013.2,8,0, 
4/2/2014,82.3,70.1,75.5,66.4,74.6,1008.4,8.7,0,
4/2/2014,82,70,76,67,78,1009.136364,9,,Rain
4/3/2014,82.2,71.2,75.2,67.4,77.5,1006.6,7.5,0,
4/3/2014,82,71,77,67,74,1007.104545,8,, 
4/4/2014,73.5,53.7,64.3,36.1,37.7,1016.7,9.3,0,
4/4/2014,74,54,64,35,58,1016.925,10,,Rain
4/5/2014,64.2,53.5,59,38.1,46.1,1015.8,9.9,0,
4/5/2014,65,54,60,38,48,1015.570455,10,, 
4/6/2014,60.9,52.1,55.1,48.4,79.2,1009.3,8.2,0.148,rain
4/6/2014,61,52,57,49,76,1009.475,7,0.2,"Rain , Thunderstorm"
4/7/2014,71.2,52.1,58.3,48.7,72.7,1012.4,9.6,0.306,rain
4/7/2014,72,52,62,49,69,1013.2,9,0.27,"Rain , Thunderstorm"
4/8/2014,75.4,50.3,61.4,39.2,53.1,1020.1,9.9,0,
4/8/2014,77,50,64,38,57,1020.65,10,0, 
4/9/2014,82.6,44.8,64.5,42.1,48.8,1021.7,9.9,0,
4/9/2014,84,45,65,42,51,1021.665909,10,0, 
4/10/2014,85.9,55.8,70.2,52.9,58.9,1016.3,9.9,0,
4/10/2014,87,57,72,53,59,1016.247727,10,0, 
4/11/2014,84.5,60.4,70.9,58.4,67.3,1014.7,9.7,0,
4/11/2014,85,61,73,59,65,1015.231818,10,0, 
4/12/2014,83.9,65.6,73.1,61.7,69.6,1012.4,9.7,0,
4/12/2014,85,65,75,62,66,1012.861364,10,0, 
4/13/2014,78.5,67.9,72.5,65.3,78.6,1007.4,9.3,0,
4/13/2014,78,68,73,66,79,1007.781818,9,, 
4/14/2014,73.2,44.3,59.4,48.1,68.6,1013.6,8.3,1.236,rain
4/14/2014,73,43,58,46,65,1014.554545,8,1.34,"Fog , Rain , Thunderstorm"
4/15/2014,63.4,38.4,51.7,25.8,39.9,1025.2,9.9,0,
4/15/2014,65,39,52,25,39,1025.052273,10,0, 
4/16/2014,71.7,39.6,56.1,39.5,55.9,1018,9.9,0,
4/16/2014,73,40,57,40,56,1017.940909,10,0, 
4/17/2014,66.1,55.6,60.4,55.3,83.4,1017.9,8,0.062,rain
4/17/2014,67,56,62,57,85,1018.956818,7,0.06,Rain
4/18/2014,75.5,59.3,66.3,56.5,73.3,1021,6.8,0.009,rain
4/18/2014,78,59,69,57,68,1021.665909,6,0.01,Rain
4/19/2014,77,53.2,66.1,53.7,67.2,1019.7,9,0,
4/19/2014,78,54,66,54,68,1019.972727,9,0, 
4/20/2014,74.1,60.7,67.9,58.9,74,1018.7,8.5,0,
4/20/2014,75,61,68,59,77,1019.295455,8,0, 
4/21/2014,82.5,64.6,71.9,62.8,74.3,1015.7,9.3,0.008,rain
4/21/2014,84,64,74,63,72,1016.247727,9,0.01,"Rain , Thunderstorm"
4/22/2014,85.3,63.4,74.5,59.1,61.5,1014.6,9.9,0,
4/22/2014,87,63,75,58,61,1014.554545,10,0, 
4/23/2014,86.6,59.5,73.1,60.7,67.1,1010.9,9.7,0,
4/23/2014,87,59,73,61,68,1010.829545,10,0, 
4/24/2014,86.5,66.1,74.2,62.5,69,1009.5,9.8,0,
4/24/2014,88,67,78,62,63,1009.813636,10,0, 
4/25/2014,87.9,60.8,74.8,54.9,51.3,1013.3,9.8,0,
4/25/2014,88,63,76,54,51,1013.2,10,0, 
4/26/2014,84,67.9,74.1,65.8,76.1,1007.9,7.3,0,
4/26/2014,86,68,77,66,73,1008.459091,6,,Rain
4/27/2014,94.7,73.6,80.6,66.7,66.8,1000.2,6.7,0,
4/27/2014,96,73,85,66,51,1000.670455,6,0, 
4/28/2014,91.5,68.6,80.3,39.9,28.8,1002.6,9.6,0,
4/28/2014,93,66,80,39,39,1002.702273,10,0, 
4/29/2014,82.6,59.8,72.1,35.2,29.1,1007.6,9.9,0,
4/29/2014,84,60,72,34,36,1008.120455,10,0, 
4/30/2014,74.4,56.4,65.3,33.6,31.3,1018.4,9.9,0,
4/30/2014,75,57,66,33,32,1018.618182,10,0, 
5/1/2014,76.5,50.3,63.9,34.4,38.3,1019.9,9.9,0,
5/1/2014,77,52,65,33,39,1019.972727,10,0, 
5/2/2014,81.6,55.1,67.5,35.8,34.6,1016.5,9.9,0,
5/2/2014,83,56,70,35,33,1016.586364,10,0, 
5/3/2014,91.1,58.4,74.4,36.7,28.7,1015.8,9.9,0,
5/3/2014,94,58,76,35,27,1015.909091,10,0, 
5/4/2014,89.6,60.8,75.5,37.8,26.8,1016.6,9.9,0,
5/4/2014,91,61,76,37,27,1016.586364,10,0, 
5/5/2014,91.1,59.5,74.1,55.6,56.1,1013,9.8,0,
5/5/2014,92,60,76,56,61,1012.861364,10,0, 
5/6/2014,85.4,64.1,72.8,61.7,69.6,1009.1,9.9,0,
5/6/2014,87,65,76,62,66,1009.475,10,0, 
5/7/2014,87,70.2,76.2,64.5,68.3,1009.1,9.9,0,
5/7/2014,88,70,79,64,65,1009.475,10,0, 
5/8/2014,82.7,73.3,76.5,70.1,81.1,1008.9,6.4,0.045,rain
5/8/2014,84,73,79,70,75,1009.475,6,0.06,Rain
5/9/2014,84.1,68.9,76.2,66.5,73.1,1011,6.6,0,
5/9/2014,86,66,76,68,69,1012.184091,5,,"Rain , Thunderstorm"
5/10/2014,89.2,58.8,74.7,62.2,68.1,1010.4,9.3,0,
5/10/2014,91,60,76,62,71,1010.490909,10,0, 
5/11/2014,91.2,71.7,79.8,66.8,66.9,1007.6,9.5,0,
5/11/2014,93,72,83,67,63,1008.120455,9,0, 
5/12/2014,80.8,64.3,76.7,71.3,83.6,1008.8,6.6,1.506,rain
5/12/2014,82,62,72,70,87,1010.490909,5,2.45,"Fog , Rain , Thunderstorm"
5/13/2014,66.4,55.8,60.5,53.7,79.8,1018.8,8.2,1.938,rain
5/13/2014,67,55,61,54,73,1018.956818,8,0.94,"Rain , Thunderstorm"
5/14/2014,74.5,52.2,62.2,43.9,58.7,1023.7,9.5,0.161,rain
5/14/2014,76,51,64,43,57,1024.036364,10,0.14,Rain
5/15/2014,82.1,46.2,64.9,42.2,51.1,1023.3,9.9,0,
5/15/2014,84,46,65,41,55,1023.359091,10,0, 
5/16/2014,84.5,60.6,72.2,43.1,38.3,1018,9.9,0,
5/16/2014,86,61,74,43,40,1017.940909,10,0, 
5/17/2014,85.6,60,72.1,54.1,56.1,1014.7,9.9,0,
5/17/2014,86,60,73,55,58,1014.893182,10,0, 
5/18/2014,84.1,60.6,72.7,58.8,65,1016.6,9.7,0,
5/18/2014,85,62,74,59,67,1016.925,10,0, 
5/19/2014,84.8,66.3,74.8,61.3,65.5,1015.7,9.8,0,
5/19/2014,86,66,76,61,65,1015.909091,10,0, 
5/20/2014,87.8,67.6,76.8,62.6,63.9,1015.9,9.9,0,
5/20/2014,89,67,78,62,63,1016.247727,10,0, 
5/21/2014,88.5,69.7,77.8,63.9,64.5,1016.2,9.9,0,
5/21/2014,89,70,80,64,61,1016.586364,10,0, 
5/22/2014,86.9,69.7,76.8,65.4,69.6,1017.1,9.5,0,
5/22/2014,87,70,79,65,70,1017.602273,10,, 
5/23/2014,83,71.1,74.7,66.7,77.1,1016.6,9,0.245,rain
5/23/2014,84,71,78,67,69,1016.925,8,0.19,"Fog , Rain"
5/24/2014,83.5,69.8,76,68.1,77.2,1015,9.4,0.005,rain
5/24/2014,86,70,78,68,79,1015.570455,9,, 
5/25/2014,86.3,71.7,77.8,65.8,68.1,1014.6,9.9,0,
5/25/2014,87,72,80,66,66,1015.231818,10,,Thunderstorm
5/26/2014,75.5,64.6,70.1,65.5,85.8,1015.3,8.4,1.49,rain
5/26/2014,75,64,70,65,83,1015.909091,8,1.56,"Rain , Thunderstorm"
5/27/2014,72.8,62.7,67.5,64.5,90.3,1013.5,8.1,1.639,rain
5/27/2014,73,63,68,64,86,1014.215909,6,1.75,"Fog , Rain , Thunderstorm"
5/28/2014,82.3,68.2,74.2,65.2,75.3,1011.5,8.1,0.079,rain
5/28/2014,84,68,76,66,74,1011.845455,7,0, 
5/29/2014,88.7,65.3,76.8,63.7,66.8,1010.7,9.9,0,
5/29/2014,89,66,78,63,66,1010.829545,10,0, 
5/30/2014,91.5,68.6,79.8,65.2,63.6,1009.8,9.9,0,
5/30/2014,94,68,81,65,60,1009.813636,10,0, 
5/31/2014,90.5,70.6,80.5,67.6,66.7,1010.8,9.8,0,
5/31/2014,93,70,82,67,63,1010.829545,10,0, 
6/1/2014,88.1,71,79.3,68.6,71.8,1011.7,8.5,0,
6/1/2014,88,71,80,69,69,1012.522727,8,0, 
6/2/2014,89.3,73.7,80.9,69.6,70.2,1012.4,9.8,0,
6/2/2014,91,74,83,69,67,1012.861364,10,0, 
6/3/2014,88.7,74.6,80.9,70.4,71.5,1013.9,9.9,0,
6/3/2014,90,75,83,70,67,1014.554545,10,, 
6/4/2014,89.4,73.2,80.6,70.1,71.9,1011,9.9,0,
6/4/2014,91,74,83,70,70,1011.168182,10,0, 
6/5/2014,89.6,73.7,81.1,70.6,71.5,1009.4,9.9,0,
6/5/2014,91,74,83,70,72,1009.813636,10,0, 
6/6/2014,90.4,73.5,81,70.1,70.9,1011.3,9.8,0,
6/6/2014,92,73,83,70,70,1011.845455,10,0, 
6/7/2014,91.1,73.7,82,70,68.9,1011.7,9.9,0,
6/7/2014,92,74,83,70,71,1012.184091,10,0, 
6/8/2014,89.4,75.3,81.4,70.1,70.2,1011.1,9.8,0,
6/8/2014,90,76,83,70,67,1011.845455,10,,Rain
6/9/2014,83.8,69.5,78,71.5,80.8,1008.5,8.9,0.38,rain
6/9/2014,86,68,77,71,78,1009.475,8,0.55,"Rain , Thunderstorm"
6/10/2014,90.7,63.9,77.4,61.8,63.5,1010.7,9.8,0.037,rain
6/10/2014,92,64,78,61,64,1010.829545,10,0, 
6/11/2014,93,65.6,80.6,66.1,64.2,1010.2,9.9,0,
6/11/2014,94,66,80,66,64,1010.152273,10,0, 
6/12/2014,91.7,67.1,82.8,72.5,71.9,1009.4,8.9,0.598,rain
6/12/2014,92,68,80,72,68,1009.813636,9,1.49,"Rain , Thunderstorm"
6/13/2014,89.3,66.8,78.1,68.5,73.9,1013,9.8,0.415,rain
6/13/2014,89,68,79,,75,1014.215909,,0, 
6/14/2014,87.5,73.6,80.1,72.2,78.3,1011.8,9.4,0,
6/14/2014,87,73,92,,77,1013.538636,,0, 
6/15/2014,92.7,75.4,82.6,71.5,71.4,1011.2,9.8,0,
6/15/2014,91,74,83,,,1012.522727,,0, 
6/16/2014,91.2,75.4,83.2,72.4,72.1,1014.1,8.4,0,
6/16/2014,92,75,84,,72,1015.570455,,, 
6/17/2014,91.6,77,83.5,71.4,68.6,1014.4,9.3,0,
6/17/2014,92,75,84,69,69,1015.570455,10,0, 
6/18/2014,91.3,77.9,83,71.4,69.8,1013.8,9.4,0.015,rain
6/18/2014,92,77,85,72,68,1014.554545,9,0.02,Rain
6/19/2014,90.1,76.6,82.3,70.5,69,1015.2,9.9,0.008,rain
6/19/2014,91,76,84,71,68,1015.909091,10,0.01, 
6/20/2014,89.6,73.7,81,70.1,71.3,1016.4,9.8,0,
6/20/2014,91,75,83,71,69,1017.263636,10,0, 
6/21/2014,91.2,74.6,81.7,71.4,72.6,1014.4,9.4,0,
6/21/2014,92,75,84,72,72,1015.570455,10,, 
6/22/2014,88.2,77.9,81.9,71.1,70.9,1011.8,8.8,0,
6/22/2014,90,76,83,72,70,1012.522727,9,, 
6/23/2014,87.6,70.5,79.7,72,78.3,1012.2,9.2,0.195,rain
6/23/2014,88,68,78,72,75,1013.538636,8,0.27,"Rain , Thunderstorm"
6/24/2014,91.6,73.2,80.8,72,76,1015.2,9.7,0.172,rain
6/24/2014,93,74,84,72,72,1015.909091,9,0.24,"Fog , Rain , Thunderstorm"
6/25/2014,86.8,72,78.5,72.5,82.6,1015.3,9.1,0.419,rain
6/25/2014,89,71,80,72,77,1016.247727,8,0.49,"Fog , Rain , Thunderstorm"
6/26/2014,86.9,71.3,77.5,70.6,80.5,1013.7,9.6,0.017,rain
6/26/2014,88,71,80,71,76,1014.215909,10,0.01,Rain
6/27/2014,90.8,74.6,81.1,71.6,74.2,1010.8,9.7,0.003,rain
6/27/2014,91,75,83,72,69,1011.506818,10,, 
6/28/2014,92,78.4,83.4,72.7,71.4,1011.2,9.5,0,
6/28/2014,93,78,86,73,69,1011.845455,10,, 
6/29/2014,93.8,77,84.5,72.7,69.3,1014.3,8.8,0,
6/29/2014,95,77,86,73,69,1014.893182,9,0, 
6/30/2014,94.9,76.9,84.2,71.2,67.6,1013.6,8.6,0,
6/30/2014,96,77,87,71,64,1013.877273,9,0, 
7/1/2014,94.9,75.4,84,69.9,65.9,1012.7,9.4,0,
7/1/2014,96,75,86,70,64,1013.2,10,0, 
7/2/2014,95.9,73.1,83.7,69.2,65.1,1015.6,9.3,0.003,rain
7/2/2014,97,73,85,69,64,1015.909091,10,0, 
7/3/2014,95.9,72,81.4,68.7,68.7,1018,9.5,0.197,rain
7/3/2014,96,72,84,69,62,1018.618182,10,0.07,"Rain , Thunderstorm"
7/4/2014,91.3,71.5,78.9,67.9,71.9,1020.5,9.8,0,
7/4/2014,93,71,82,68,67,1020.988636,10,0,Thunderstorm
7/5/2014,92.1,68.7,79.2,68.8,72.6,1019.8,9.1,0,
7/5/2014,94,69,82,69,70,1019.972727,10,0, 
7/6/2014,92.6,71.6,81.6,69.6,70.6,1016.1,8.2,0,
7/6/2014,95,72,84,70,72,1016.925,8,0, 
7/7/2014,94.6,72.3,83.7,67.1,60.7,1014.7,9.9,0,
7/7/2014,96,73,85,67,61,1014.893182,10,0, 
7/8/2014,96.3,72.6,84.7,68.4,62.3,1015.3,9.8,0,
7/8/2014,98,74,86,68,63,1015.570455,10,0, 
7/9/2014,97.3,71.2,84.3,64.9,56.2,1015.7,9.7,0,
7/9/2014,98,72,85,66,59,1015.909091,10,0, 
7/10/2014,94.5,70.2,82.1,67.5,64.9,1015.8,9.6,0,
7/10/2014,96,72,84,68,64,1016.247727,10,0, 
7/11/2014,94.5,70,81,65.9,63.8,1018.2,9.8,0,
7/11/2014,95,71,83,67,60,1018.956818,10,0, 
7/12/2014,96.4,70.2,83.6,64.9,58.4,1018.9,9.2,0,
7/12/2014,98,71,85,66,59,1019.295455,9,0, 
7/13/2014,98.2,73.1,86.3,67.5,57.2,1016.8,9.9,0,
7/13/2014,100,74,87,67,63,1016.925,10,0, 
7/14/2014,99.7,75,86.5,66.7,55.6,1014.6,9.9,0,
7/14/2014,101,75,88,67,55,1014.554545,10,0, 
7/15/2014,90.9,73.3,81.3,70.6,71.3,1014.3,9.8,0.072,rain
7/15/2014,92,73,83,71,71,1014.554545,10,0.06,"Rain , Thunderstorm"
7/16/2014,94.3,73.6,81.3,71.1,73.8,1013.3,9.4,0.249,rain
7/16/2014,95,73,84,71,68,1014.215909,8,0.31,"Rain , Thunderstorm"
7/17/2014,89.7,75.7,81.5,73,76.4,1010.4,9,1.031,rain
7/17/2014,89,74,82,74,77,1011.168182,7,3.53,"Fog , Rain , Thunderstorm"
7/18/2014,77.2,72.7,74.8,70.6,87.2,1013.1,7.7,2.127,rain
7/18/2014,78,72,75,71,87,1013.538636,7,1.52,"Rain , Thunderstorm"
7/19/2014,84.5,69.8,77.2,68.3,74.7,1015.1,8.7,0,
7/19/2014,86,70,78,68,76,1015.570455,9,0, 
7/20/2014,93.5,73.6,82.4,72.6,73.8,1014.1,9,0,
7/20/2014,94,74,84,72,73,1014.554545,9,0, 
7/21/2014,95.1,76.5,85.8,72.9,67.9,1014.3,8.7,0,
7/21/2014,96,77,87,73,70,1014.893182,9,0, 
7/22/2014,96,75.1,85.3,71.3,65.5,1015.5,9.7,0,
7/22/2014,96,76,86,72,68,1016.247727,10,0, 
7/23/2014,96.5,74.7,86,70.9,63.4,1015.9,9,0,
7/23/2014,97,75,86,71,66,1015.909091,9,0, 
7/24/2014,93.2,75,83.4,71.1,68.5,1015,8.8,0.082,rain
7/24/2014,94,74,84,72,70,1015.570455,8,0.09,Rain
7/25/2014,95.2,74.5,85,70.1,63.5,1014.5,9.8,0,
7/25/2014,96,75,86,70,63,1014.554545,10,0, 
7/26/2014,96.9,75,86.4,70.6,62.6,1014.3,9.5,0,
7/26/2014,98,76,87,71,66,1014.215909,10,0, 
7/27/2014,97.9,74.2,85.9,70.5,63.9,1015.5,9.7,0,
7/27/2014,98,75,87,71,64,1015.909091,10,0, 
7/28/2014,98.6,73.7,85.9,68.5,60.1,1017.1,9.6,0,
7/28/2014,99,74,87,69,62,1017.602273,10,0, 
7/29/2014,96.4,74.4,84.9,70,63.1,1016.9,9.9,0,
7/29/2014,97,76,87,70,63,1016.925,10,0, 
7/30/2014,95.4,74.9,84.8,67.1,58.7,1014.6,9.9,0,
7/30/2014,96,76,86,68,60,1014.893182,10,0, 
7/31/2014,96.1,77.6,84.4,70.4,64.4,1013.2,9.9,0,
7/31/2014,97,77,87,71,64,1013.877273,10,0, 
8/1/2014,89.8,73.5,80.5,65.1,60.4,1015,9.9,0,
8/1/2014,91,73,82,65,59,1015.231818,10,0, 
8/2/2014,88.1,67.6,78.1,65.8,68,1016.3,9.7,0,
8/2/2014,90,68,79,66,70,1016.586364,10,0, 
8/3/2014,92.8,70.2,81,66.2,63.3,1015.7,9.7,0,
8/3/2014,94,71,83,66,62,1015.909091,10,0, 
8/4/2014,92.5,72.8,82.8,69.1,64.9,1015,9.2,0,
8/4/2014,94,72,83,69,66,1015.231818,9,0, 
8/5/2014,96.4,72.3,84.6,67.8,60,1015.6,9.7,0,
8/5/2014,97,73,85,68,61,1015.570455,10,0, 
8/6/2014,97.1,74.1,85.9,68.1,59.3,1014.3,9.8,0,
8/6/2014,99,76,88,68,64,1014.554545,10,0, 
8/7/2014,101.6,76.7,88.3,69.8,58.6,1011.8,8.9,0,
8/7/2014,102,77,90,71,59,1012.522727,8,0, 
8/8/2014,100.5,76.5,88.5,69.6,58.5,1012,9.9,0,
8/8/2014,102,76,89,70,60,1012.184091,10,0, 
8/9/2014,98.7,76.1,88,68.3,56.4,1013.6,9.8,0,
8/9/2014,100,77,89,68,60,1013.877273,10,0, 
8/10/2014,99.8,76.9,88.3,69.5,57.6,1014.3,9.9,0,
8/10/2014,101,77,89,69,58,1014.554545,10,0, 
8/11/2014,100.1,77.8,84.5,71.3,67.5,1015.5,9.9,0.036,rain
8/11/2014,102,76,89,71,62,1015.909091,10,0.05,"Rain , Thunderstorm"
8/12/2014,98.4,73.3,85.5,67.4,60.5,1015.7,9.9,0,
8/12/2014,100,73,87,66,62,1015.570455,10,0, 
8/13/2014,96.7,68.6,83.8,56.9,42,1016,9.9,0,
8/13/2014,97,69,83,57,45,1016.247727,10,0, 
8/14/2014,97.1,70,84.5,61.1,48.2,1014.7,9.9,0,
8/14/2014,98,70,84,61,50,1014.893182,10,0, 
8/15/2014,99.8,74.1,86.7,67.5,56.9,1013.1,9.9,0,
8/15/2014,101,75,88,69,58,1014.215909,10,0, 
8/16/2014,101.7,76.7,88.6,69.2,57.5,1012,9.9,0,
8/16/2014,104,77,91,69,57,1011.845455,10,0, 
8/17/2014,100.1,78.7,87,70,60.6,1012.8,9.9,0,
8/17/2014,101,79,90,71,56,1013.2,10,0, 
8/18/2014,99,77.7,87.6,70.1,59.5,1011.8,9.8,0,
8/18/2014,102,78,90,71,59,1012.522727,10,0, 
8/19/2014,95.3,75.9,85.7,68,57.9,1011.4,9.8,0,
8/19/2014,96,77,87,68,55,1011.506818,10,0,Thunderstorm
8/20/2014,100.6,78.2,87.7,69.8,59.6,1012.4,9.6,0,
8/20/2014,102,78,90,71,57,1013.2,10,0, 
8/21/2014,101.6,79.8,88.8,69.4,57.6,1015,9.9,0,
8/21/2014,103,80,92,71,55,1015.231818,10,0, 
8/22/2014,101.5,78.8,89,68,54.8,1015.2,9.9,0,
8/22/2014,103,79,91,69,55,1015.570455,10,0, 
8/23/2014,99.8,74.1,87.2,68.8,59.4,1013.6,9.7,0,
8/23/2014,101,75,88,69,62,1013.877273,10,0, 
8/24/2014,100.1,76.5,87.9,68.6,57.2,1012,9.9,0,
8/24/2014,101,77,89,70,59,1012.522727,10,0, 
8/25/2014,100.5,75.6,88.1,67.2,54.1,1012.2,9.9,0,
8/25/2014,101,76,89,67,59,1012.522727,10,0, 
8/26/2014,97.4,77,86.7,67.5,54.3,1013.4,9.8,0.026,rain
8/26/2014,101,77,89,68,52,1013.538636,10,,"Rain , Thunderstorm"
8/27/2014,96.8,74.6,85.7,66.1,56.5,1014.3,9.8,0,
8/27/2014,98,76,87,66,58,1014.554545,10,0, 
8/28/2014,95.5,75.4,84.1,70.2,64.6,1012,9.9,0,
8/28/2014,99,76,88,71,61,1012.184091,10,0, 
8/29/2014,94.4,76.9,82.4,71.9,72.6,1010.8,9.9,0.051,rain
8/29/2014,96,77,87,72,64,1011.506818,10,0.07,"Rain , Thunderstorm"
8/30/2014,93,74.9,83.3,71,69.9,1012.1,9.9,0,
8/30/2014,95,74,85,72,69,1012.861364,10,0, 
8/31/2014,96.4,74.2,84.2,71.5,68.4,1012.8,9.9,0,
8/31/2014,99,74,87,72,68,1013.538636,10,0, 
9/1/2014,99.9,77.9,86.9,71.3,63.9,1011.6,9.6,0,
9/1/2014,101,78,90,72,62,1012.522727,10,0, 
9/2/2014,96.7,77.5,85.9,72.1,66.1,1012.3,9.9,0.008,rain
9/2/2014,98,78,88,73,66,1012.861364,10,0.01, 
9/3/2014,97.7,76.1,84.9,69.5,63.6,1013.4,9.9,0,
9/3/2014,100,76,88,70,61,1014.215909,10,0, 
9/4/2014,95.8,75.2,82.2,72.3,73.8,1014.9,9.6,0.71,rain
9/4/2014,99,73,86,74,65,1015.909091,8,0.98,"Fog , Rain , Thunderstorm"
9/5/2014,96.2,77.4,83.3,71.8,71.6,1015.9,9.7,0.02,rain
9/5/2014,97,77,87,73,63,1016.586364,10,0.02,Rain
9/6/2014,95,73.5,83.6,70.5,68.2,1015.6,9.8,0,
9/6/2014,97,74,86,71,67,1016.247727,10,0.19,"Rain , Thunderstorm"
9/7/2014,88.2,73.6,79.5,71.7,78.8,1016.1,8.7,0.321,rain
9/7/2014,89,74,82,72,78,1017.263636,8,0.22,"Rain , Thunderstorm"
9/8/2014,94.3,70.9,82.1,69.1,68.5,1014.8,9.8,0,
9/8/2014,96,72,84,69,70,1014.893182,10,0, 
9/9/2014,96.2,74.2,84.7,69.4,63.2,1012.7,9.9,0,
9/9/2014,97,74,86,69,63,1012.522727,10,0, 
9/10/2014,98.3,76.9,86.2,70.1,61.9,1009.5,9.9,0,
9/10/2014,99,77,88,71,63,1010.152273,10,0, 
9/11/2014,96.8,76.7,86.5,70.5,62.4,1011.6,9.9,0,
9/11/2014,99,78,89,71,60,1012.184091,10,0, 
9/12/2014,94.4,67.9,80.9,70.1,72.4,1014.8,9.5,0.523,rain
9/12/2014,96,66,81,70,67,1015.909091,9,0.51,"Rain , Thunderstorm"
9/13/2014,66.5,60.5,62.8,60.2,91.2,1021.3,6.9,0.5,rain
9/13/2014,66,60,63,60,92,1022.343182,5,0.68,Rain
9/14/2014,75.8,64.2,68.6,63.9,85.3,1021.2,7.8,0,
9/14/2014,77,64,71,64,87,1021.327273,8,0, 
9/15/2014,86.4,69.4,76.8,68,75.6,1018.6,9,0,
9/15/2014,88,69,79,68,76,1018.956818,9,0, 
9/16/2014,93.4,74.5,81.3,71.9,75.4,1016.3,9.3,0.018,rain
9/16/2014,94,74,84,72,70,1016.247727,10,0.02,"Rain , Thunderstorm"
9/17/2014,88.2,74.9,80.8,73.4,79.5,1012.6,9.4,0.004,rain
9/17/2014,91,75,83,74,75,1013.538636,9,0.35,"Rain , Thunderstorm"
9/18/2014,88.7,71.6,77.6,72.5,86,1010.7,8.1,3.253,rain
9/18/2014,90,72,81,73,78,1011.845455,7,3.66,"Fog , Rain , Thunderstorm"
9/19/2014,84.1,74,77.9,73.5,87.2,1011.5,8.7,0.24,rain
9/19/2014,86,74,80,74,85,1012.184091,8,0.13,Rain
9/20/2014,86.9,73.7,78.9,72.7,82.5,1013.3,9.4,0.134,rain
9/20/2014,90,74,82,73,78,1013.877273,9,0.21,Rain
9/21/2014,89.7,72.7,80.3,69.6,72.3,1016,9.8,0,
9/21/2014,90,72,81,70,71,1016.247727,10,0, 
9/22/2014,91.1,70,79.9,67.9,68.9,1018,9.9,0,
9/22/2014,91,70,81,68,69,1018.279545,10,0, 
9/23/2014,83.9,66.3,74.9,58.7,58.8,1018.8,9.9,0,
9/23/2014,85,67,76,58,57,1018.956818,10,0, 
9/24/2014,82.7,59.6,71.4,56.2,61.6,1019.1,9.9,0,
9/24/2014,84,60,72,56,64,1019.295455,10,0, 
9/25/2014,82.3,62.1,72.6,61.7,69.6,1019.4,9.8,0,
9/25/2014,83,62,73,62,74,1019.295455,10,, 
9/26/2014,83.1,67.1,75.4,64.2,69.8,1017.4,9.9,0,
9/26/2014,85,66,76,64,71,1017.940909,10,0, 
9/27/2014,79.3,69.9,74.3,66.2,76.5,1015.9,9.8,0.003,rain
9/27/2014,80,68,74,66,78,1015.909091,10,,Rain
9/28/2014,87.4,64.8,74.9,64.3,72.7,1015.1,8.6,0,
9/28/2014,88,66,77,65,72,1015.231818,8,0, 
9/29/2014,87.8,66.1,76.9,63.8,66.5,1013.3,9.9,0,
9/29/2014,89,67,78,64,68,1013.2,10,0, 
9/30/2014,88.8,64.3,77.2,65.4,69.1,1010,9.9,0,
9/30/2014,90,65,78,65,70,1010.152273,10,0, 
10/1/2014,91.5,74.5,81.6,70.4,70.9,1008.1,9.9,0,
10/1/2014,92,76,84,70,68,1008.797727,10,0, 
10/2/2014,91.6,78.4,83.1,72.4,71.5,1009.1,9,0.107,rain
10/2/2014,92,76,84,72,72,1009.813636,9,0.03,"Rain , Thunderstorm"
10/3/2014,83.9,64.7,74.5,51.4,46.7,1017.9,9.9,0,
10/3/2014,85,65,75,51,44,1017.940909,10,0,Thunderstorm
10/4/2014,78.5,58.4,67.6,48.5,52.6,1020.2,9.9,0,
10/4/2014,80,59,70,48,51,1019.972727,10,0, 
10/5/2014,85.9,60,72.3,61.3,71,1012.5,9.9,0,
10/5/2014,87,62,75,62,69,1012.522727,10,0, 
10/6/2014,87.7,72.8,77.5,68.6,75.2,1010.8,9.9,0,
10/6/2014,89,72,81,69,73,1011.168182,10,0, 
10/7/2014,92.6,71.4,80.5,68.5,70.2,1012.5,9.2,0,
10/7/2014,94,72,83,70,67,1013.2,9,0, 
10/8/2014,89.2,72.3,80.5,69.1,70.9,1014.6,9.8,0,
10/8/2014,90,74,82,70,70,1015.231818,10,0, 
10/9/2014,91.5,75.1,81.7,70.1,70.4,1013,9.9,0.003,rain
10/9/2014,92,75,84,71,69,1013.538636,10,,Rain
10/10/2014,91.1,74.6,81.3,69.6,70.2,1011.4,9.9,0,
10/10/2014,92,75,84,70,66,1012.184091,10,0, 
10/11/2014,78,60.5,67.4,61.9,82.7,1016.2,9,1.315,rain
10/11/2014,78,59,69,62,85,1017.263636,7,1.42,"Fog , Rain"
10/12/2014,75.5,62.2,66.7,61.5,83.4,1012.4,8.9,0.008,rain
10/12/2014,77,61,69,63,86,1011.845455,9,0.01,"Rain , Thunderstorm"
10/13/2014,75.5,60.3,71.4,57.6,64.6,1009.5,9.8,0.066,rain
10/13/2014,76,61,69,59,63,1009.136364,10,0.09,"Rain , Thunderstorm"
10/14/2014,79.7,53.4,65.1,43.4,49.1,1018.8,9.9,0,
10/14/2014,80,51,66,43,49,1018.956818,10,0, 
10/15/2014,87.6,53.9,68.2,46.1,50.4,1017.9,9.9,0,
10/15/2014,88,56,72,46,46,1017.940909,10,0, 
10/16/2014,85.9,54.2,69.7,48.5,50.1,1013.9,9.9,0,
10/16/2014,86,57,72,49,50,1013.877273,10,0, 
10/17/2014,86.6,59.8,71.6,59,67,1012.4,9.9,0,
10/17/2014,87,61,74,60,69,1012.522727,10,0, 
10/18/2014,84.8,64.3,73.8,63.5,72.4,1015.3,9.7,0,
10/18/2014,86,66,76,64,67,1015.909091,10,0, 
10/19/2014,81.3,65,71.8,62.8,74.7,1017.3,9.7,0,
10/19/2014,82,65,74,63,74,1017.940909,10,0, 
10/20/2014,80.7,61.3,70.5,60.8,73.7,1016.6,8.9,0,
10/20/2014,82,63,73,61,73,1016.586364,9,0, 
10/21/2014,82.1,57.8,69.2,55.2,65.3,1016.7,9.4,0,
10/21/2014,83,58,71,55,61,1016.925,9,0, 
10/22/2014,81.1,61.1,70.6,58.6,67.5,1017.9,9.9,0,
10/22/2014,83,61,72,59,67,1017.940909,10,,Rain
10/23/2014,81.7,65.4,72.4,59.5,65.4,1018.7,9.9,0.006,rain
10/23/2014,83,66,75,59,64,1018.956818,10,,Rain
10/24/2014,84.4,59.3,70.9,58.4,66.8,1019.7,9.9,0,
10/24/2014,85,60,73,59,64,1019.972727,10,0, 
10/25/2014,87.8,60.1,72.8,58.5,63.9,1019.5,9.8,0,
10/25/2014,88,62,75,59,62,1019.634091,10,0, 
10/26/2014,84.5,59.2,72.3,57.2,62.9,1015.5,9.7,0,
10/26/2014,86,61,74,58,62,1015.231818,10,0, 
10/27/2014,84.8,60.6,72.4,60.3,69.2,1011.8,9.7,0,
10/27/2014,86,62,74,61,67,1012.184091,10,0, 
10/28/2014,82.7,62.9,72,64,77.5,1014.7,9.9,0,
10/28/2014,84,65,75,65,74,1015.570455,10,0, 
10/29/2014,80.1,65.4,71.6,61.8,72,1019,9.9,0,
10/29/2014,81,65,73,62,68,1019.295455,10,0, 
10/30/2014,80.6,61.2,69.7,58.9,70.7,1018.9,9.8,0,
10/30/2014,82,63,73,59,72,1019.295455,10,,Rain
10/31/2014,75.3,59,66.1,48.8,58.7,1023.1,9.6,0.258,rain
10/31/2014,76,56,66,49,60,1023.359091,9,0.3,Rain
11/1/2014,66.8,45.6,55.8,39.5,55.8,1027.3,9.9,0,
11/1/2014,68,47,58,39,54,1027.422727,10,0, 
11/2/2014,74.6,46.1,59.7,45.3,60.5,1024.4,9.9,0,
11/2/2014,75,48,62,45,61,1024.713636,10,0, 
11/3/2014,75.8,58.7,67.8,57.5,70.3,1019.9,9.9,0,
11/3/2014,76,59,68,59,72,1019.972727,10,, 
11/4/2014,75.7,57.8,69.1,63.7,83.2,1018,9.1,0.571,rain
11/4/2014,75,58,67,63,87,1018.956818,8,0.56,Rain
11/5/2014,59,55.6,57.3,56.3,96.6,1020.7,6.3,1.576,rain
11/5/2014,59,55,57,56,97,1021.327273,6,1.51,Rain
11/6/2014,62.6,55.3,58.4,51.3,78.5,1025.2,9.4,0.098,rain
11/6/2014,63,55,59,51,75,1025.390909,10,0.04,Rain
11/7/2014,69.2,48,58.7,41.5,55.5,1022.4,9.9,0,
11/7/2014,71,48,60,41,53,1022.343182,10,0, 
11/8/2014,73.6,48.3,59.5,47.4,67.2,1018.9,9.8,0,
11/8/2014,75,48,62,47,67,1019.295455,10,0, 
11/9/2014,73.6,45.9,58.6,42.6,58.5,1018.6,9.9,0,
11/9/2014,74,47,61,43,59,1018.279545,10,0, 
11/10/2014,76.1,46.3,62.7,51.7,69.1,1010.2,9.9,0,
11/10/2014,76,49,63,53,70,1010.152273,10,0, 
11/11/2014,64.7,44,53.3,40.8,64.4,1016.4,9.8,0,
11/11/2014,65,42,54,41,67,1016.925,10,0, 
11/12/2014,49.9,36,42.5,24.1,48.7,1026.8,9.9,0,
11/12/2014,51,36,44,23,50,1027.422727,10,0, 
11/13/2014,41.2,30.6,36.3,12.9,38.2,1033.3,9.9,0,
11/13/2014,41,31,36,13,43,1033.518182,10,0, 
11/14/2014,44.5,29.7,38.3,16.7,42,1029.7,9.9,0,
11/14/2014,45,30,38,17,44,1029.454545,10,0, 
11/15/2014,46.7,41.3,44.2,36.8,77.5,1021.6,5.6,0.032,rain
11/15/2014,48,40,44,39,72,1020.65,5,0.02,Rain
11/16/2014,49.9,35.7,46,44,92.8,1016.5,4.5,0.012,rain
11/16/2014,50,34,42,45,91,1015.909091,4,0.01,"Fog , Rain"
11/17/2014,51.8,29.9,38.6,21.1,53.1,1029.2,9.9,0,
11/17/2014,53,30,42,21,52,1029.454545,10,0, 
11/18/2014,55.6,30.5,41.3,23.4,53.5,1032.1,9.7,0,
11/18/2014,56,30,43,23,51,1032.163636,10,0, 
11/19/2014,68,32.5,49.3,36.7,63.7,1025.2,9.9,0,
11/19/2014,69,33,51,38,64,1025.052273,10,0, 
11/20/2014,69.8,43.4,57,52.9,86.7,1019.3,8.6,0.072,rain
11/20/2014,70,44,57,57,85,1018.618182,8,0.01,"Fog , Rain"
11/21/2014,73.7,61.8,66.9,64.9,93.5,1017.4,6.7,0.255,rain
11/21/2014,74,62,68,65,90,1017.602273,6,0.33,"Fog , Rain"
11/22/2014,66.4,59,63.9,62.5,95.2,1012.3,7.4,3.164,rain
11/22/2014,67,58,63,62,97,1011.168182,6,3.33,"Fog , Rain , Thunderstorm"
11/23/2014,80.7,53.3,65.3,48.7,62.8,1003.5,9.9,0.145,rain
11/23/2014,81,53,67,48,62,1003.718182,10,0, 
11/24/2014,64.6,41.8,53.5,32.6,49.3,1017.2,9.8,0,
11/24/2014,66,40,53,32,47,1017.940909,10,0, 
11/25/2014,66,38.6,49.9,32.7,57.8,1024.5,9.8,0,
11/25/2014,67,38,53,33,53,1024.713636,10,0, 
11/26/2014,75.5,42,57.7,33.3,42.7,1022.9,9.9,0,
11/26/2014,77,42,60,33,40,1023.359091,10,0, 
11/27/2014,62.7,41.9,51.2,33.3,52.9,1030.8,9.9,0,
11/27/2014,64,42,53,33,52,1031.147727,10,0, 
11/28/2014,71.7,40.7,55.1,43.8,67.7,1023.9,9.9,0,
11/28/2014,72,42,57,45,62,1024.036364,10,0, 
11/29/2014,73.6,55.7,64.6,56.6,76.5,1016.5,9.9,0,
11/29/2014,73,56,65,57,75,1016.586364,10,0, 
11/30/2014,78.5,64.6,70.4,61.8,75.2,1016.4,9.9,0,
11/30/2014,79,64,72,62,71,1016.925,10,0, 
12/1/2014,65.2,41.3,50.7,40.4,69.2,1026.7,9.3,0,
12/1/2014,66,41,54,42,69,1026.406818,10,0, 
12/2/2014,49.7,39.1,44.3,31.4,60.5,1027.2,9.9,0,
12/2/2014,50,39,45,32,63,1027.084091,10,0, 
12/3/2014,59.6,47.6,53.2,49.3,86.8,1022,6.8,0,
12/3/2014,59,48,54,50,88,1022.004545,7,0, 
12/4/2014,64.6,59,61.6,59.8,93.9,1019.6,4.4,0.04,rain
12/4/2014,66,58,62,61,94,1019.634091,3,0.06,Rain
12/5/2014,75.1,63.2,67.8,63,85.8,1018.3,8.3,0.024,rain
12/5/2014,75,63,69,64,82,1018.618182,8,0.01,Rain
12/6/2014,69,54.9,59.4,51.8,76.8,1025.9,9.7,0,
12/6/2014,69,55,62,51,72,1026.745455,10,0, 
12/7/2014,54.1,51.8,53.1,47.5,81.2,1026.8,9.8,0,
12/7/2014,56,52,54,48,83,1027.084091,10,0, 
12/8/2014,65.7,48.6,55,46.3,73.3,1026.6,9.8,0,
12/8/2014,67,49,58,46,69,1026.745455,10,0, 
12/9/2014,68.2,43.1,54.1,45.2,74.9,1026.4,8.3,0,
12/9/2014,69,43,56,45,70,1026.406818,8,0, 
12/10/2014,64.5,47.1,55.6,49.2,80.2,1022.7,8.9,0.036,rain
12/10/2014,66,47,57,50,75,1022.681818,9,0.02,Rain
12/11/2014,66.4,56.6,61.1,57,86.8,1021.7,7.5,0.053,rain
12/11/2014,67,57,62,57,85,1022.004545,7,0.04,Rain
12/12/2014,69.4,58.9,63.6,56.6,78.5,1023.2,9.9,0,
12/12/2014,71,59,65,57,78,1023.697727,10,,Rain
12/13/2014,72.9,53,62.2,55.8,81.4,1020.8,8.6,0.002,rain
12/13/2014,74,55,65,57,79,1020.988636,9,0, 
12/14/2014,73.6,61.1,66.8,61.7,84.7,1013.5,9.2,0.05,rain
12/14/2014,74,61,68,62,82,1013.877273,9,0.07,Rain
12/15/2014,73.3,50.6,64.7,47.3,59.5,1015.5,9.7,0,
12/15/2014,74,52,63,51,58,1015.570455,10,0, 
12/16/2014,61.7,44.9,53.2,34.3,49.4,1025.2,9.9,0,
12/16/2014,63,46,55,34,47,1025.390909,10,0, 
12/17/2014,52.9,49.1,50.9,42,73.1,1021.5,9,0.123,rain
12/17/2014,53,48,51,44,75,1020.65,8,0.1,"Rain , Thunderstorm"
12/18/2014,60,48.5,53.3,51.3,93.2,1019.3,4.4,0.001,rain
12/18/2014,60,49,55,51,92,1019.295455,4,, 
12/19/2014,55.9,48.8,51.2,47.7,88.2,1020,8.2,0.774,rain
12/19/2014,57,48,53,48,89,1019.972727,7,0.59,"Rain , Thunderstorm"
12/20/2014,53.9,48.8,50.7,45.3,82,1022.6,9,0,
12/20/2014,54,49,52,45,82,1023.020455,9,0, 
12/21/2014,56,49.9,52.7,48.4,85.2,1016.7,8.7,0,
12/21/2014,56,50,53,49,83,1016.586364,9,0, 
12/22/2014,72.2,56,62.1,52.6,72.8,1005.5,9.7,0,
12/22/2014,77,56,67,52,63,1005.75,10,0, 
12/23/2014,58.3,44.9,52,40.8,65.6,1008.6,9.9,0,
12/23/2014,59,43,51,40,66,1009.475,10,,Rain
12/24/2014,56,35.7,46,32.2,59.9,1019.1,9.9,0,
12/24/2014,57,35,46,32,62,1019.634091,10,0, 
12/25/2014,65,34.2,48.6,32.3,58.3,1017.5,9.9,0,
12/25/2014,65,33,49,33,61,1017.602273,10,0, 
12/26/2014,72.5,53.1,61.2,56,83.4,1013.5,9.5,0.008,rain
12/26/2014,74,53,64,57,83,1013.538636,9,0.01,Rain
12/27/2014,65.5,42.3,52.1,46.7,81.9,1019.5,8.1,0.036,rain
12/27/2014,66,41,54,49,79,1018.956818,8,0.03,Rain
12/28/2014,45.8,33.4,38.8,30.2,72.3,1024.3,9.6,0.145,rain
12/28/2014,47,32,40,30,71,1024.375,10,0.13,Rain
12/29/2014,63.3,29.2,45.2,35.3,71.8,1020.6,9.9,0,
12/29/2014,67,30,49,36,68,1020.65,10,0, 
12/30/2014,46.3,39.8,42.9,39.6,88.4,1028,6.2,0,
12/30/2014,46,39,43,40,87,1028.1,6,0,Fog
12/31/2014,41.3,36.5,38.9,29.8,69.6,1032.2,9.4,0,
12/31/2014,42,36,39,29,70,1032.163636,10,, 
1/1/2015,38.9,34.3,37.2,34.7,91.1,1024.9,4.2,0.59,rain
1/1/2015,40,34,37,35,82,1024.375,3,0.63,"Rain , Thunderstorm"
1/2/2015,42.7,38.2,40,39.1,96.8,1019.5,4.6,0.134,rain
1/2/2015,43,38,41,39,95,1018.618182,4,0.2,"Rain , Thunderstorm"
1/3/2015,61.6,38.9,45.7,40,82.8,1016,9,0.791,rain
1/3/2015,62,39,51,40,74,1015.570455,8,0.76,"Rain , Thunderstorm"
1/4/2015,50.1,33.9,42.8,30.8,64.3,1031.1,9.9,0,
1/4/2015,51,35,43,30,69,1032.163636,10,0, 
1/5/2015,50.7,28.1,37.9,23.4,57.6,1036.4,9.9,0,
1/5/2015,52,29,41,23,54,1036.227273,10,0, 
1/6/2015,69.5,36.8,49.9,31.8,53.4,1028.8,9.9,0,
1/6/2015,71,36,54,32,50,1028.777273,10,0, 
1/7/2015,50.2,31.9,44,28.4,55.6,1034.7,9.9,0,
1/7/2015,51,30,41,27,54,1035.55,10,0, 
1/8/2015,35.3,22.7,29.5,11.4,46.5,1035.4,9.9,0,
1/8/2015,36,23,30,12,48,1034.195455,10,,Rain
1/9/2015,38,34,36.5,26.5,67.4,1031.8,9.4,0.016,rain
1/9/2015,38,34,36,26,62,1032.163636,10,0.02,Rain
1/10/2015,36.2,32,34.3,28.6,81.1,1031.5,6.4,0.227,rain
1/10/2015,36,32,34,31,76,1030.131818,4,0.3,"Rain , Thunderstorm"
1/11/2015,48.7,35,41.6,39.2,91.3,1023,7.5,0.27,rain
1/11/2015,49,34,42,39,90,1023.020455,7,0.17,Rain
1/12/2015,46.3,42.1,43.7,41,90.7,1025.9,5.5,0,
1/12/2015,46,40,43,41,88,1025.390909,5,0,Fog
1/13/2015,41.3,35.3,38.4,33.4,82.1,1030.5,7.3,0,
1/13/2015,42,35,39,33,83,1030.470455,7,0, 
1/14/2015,39.8,38,39,35.9,88.7,1027.8,4.7,0.001,rain
1/14/2015,40,38,39,36,86,1027.084091,4,0, 
1/15/2015,58.4,38,45,36,73.1,1027.2,9.2,0,
1/15/2015,59,38,49,36,68,1027.084091,9,0, 
1/16/2015,63.8,36,48.1,37,69,1025.9,9.9,0,
1/16/2015,64,38,51,38,64,1025.729545,10,0, 
1/17/2015,69.3,38.7,54.6,40,61.7,1020,9.6,0,
1/17/2015,69,39,54,40,63,1020.311364,10,0, 
1/18/2015,70.6,43.9,56.1,30.7,40.1,1025.3,9.9,0,
1/18/2015,72,46,59,30,37,1025.390909,10,0, 
1/19/2015,74.1,37.1,54.9,39.7,58.9,1017.6,9.9,0,
1/19/2015,75,37,56,41,59,1017.263636,10,0, 
1/20/2015,79.2,40.7,58.7,43.7,62.9,1013.6,9.5,0,
1/20/2015,80,41,61,44,59,1013.877273,10,0, 
1/21/2015,55.1,49.5,52.7,49.6,89.6,1018,4.9,0.259,rain
1/21/2015,56,50,53,50,84,1018.279545,5,0.16,Rain
1/22/2015,52.9,41.3,46,44.4,94.1,1019.4,5.5,2.147,rain
1/22/2015,52,41,47,46,91,1018.279545,4,2.07,Rain
1/23/2015,50,38.3,41.9,38.3,87.3,1024.5,8.4,0.397,rain
1/23/2015,51,38,45,38,77,1024.713636,8,0.4,Rain
1/24/2015,62,33.9,46,35.1,69.2,1022.7,9.8,0,
1/24/2015,63,36,50,36,62,1022.681818,10,0, 
1/25/2015,71.9,39,54.8,34.8,51.9,1019.2,9.9,0,
1/25/2015,73,40,57,34,53,1019.634091,10,0, 
1/26/2015,73.1,43.7,56.5,36.4,49,1022.9,9.9,0,
1/26/2015,74,46,60,37,43,1023.020455,10,0, 
1/27/2015,80.5,49.2,61.3,39.9,48.3,1020.8,9.9,0,
1/27/2015,83,51,67,40,47,1020.988636,10,0, 
1/28/2015,80.2,43.1,61.1,41.7,55.9,1019.8,9.9,0,
1/28/2015,81,42,62,42,60,1019.972727,10,0, 
1/29/2015,77.3,51.7,62.7,48.9,65.3,1023.1,9,0,
1/29/2015,79,52,66,49,68,1023.359091,10,, 
1/30/2015,57.6,47.8,52.5,36,53.7,1028.5,9.9,0,
1/30/2015,58,48,53,36,52,1028.438636,10,,Rain
1/31/2015,62.1,48.7,53.5,48.7,84.3,1018.8,6.8,0.302,rain
1/31/2015,62,49,56,51,80,1017.263636,5,0.31,Rain
2/1/2015,71.5,45.8,61.4,53.2,76.5,1015.2,8.5,0.016,rain
2/1/2015,73,44,59,54,77,1015.231818,8,0.02,Rain
2/2/2015,48.2,33.3,41.4,24.1,50.5,1027.6,9.9,0,
2/2/2015,49,33,41,24,48,1027.761364,10,0, 
2/3/2015,43,40.2,41.4,35.2,79.5,1025.7,7.7,0.247,rain
2/3/2015,43,40,42,37,76,1025.052273,6,0.26,Rain
2/4/2015,54.3,42.1,48.5,45.8,90.6,1020,6.5,0.059,rain
2/4/2015,55,42,49,45,92,1020.311364,5,0.06,Rain
2/5/2015,51.3,38.2,42.6,35.3,75.6,1028.7,9.8,0,
2/5/2015,52,38,45,35,77,1028.777273,10,, 
2/6/2015,59.3,37.8,46.6,37.4,71.1,1028.2,9.4,0,
2/6/2015,60,37,49,38,69,1028.438636,10,0, 
2/7/2015,68,40.4,54.1,45.8,75.9,1018.9,8.3,0,
2/7/2015,69,40,55,46,71,1018.618182,8,0, 
2/8/2015,76.1,56.7,63.9,56.1,77.3,1012.4,9.3,0,
2/8/2015,78,58,68,56,72,1012.522727,10,0, 
2/9/2015,81.7,50.9,64.4,44.3,53.3,1017.9,9.9,0,
2/9/2015,83,52,68,44,49,1018.279545,10,0, 
2/10/2015,79.7,45.1,62.4,43.6,54.1,1015.7,9.9,0,
2/10/2015,81,46,64,44,57,1015.570455,10,0, 
2/11/2015,76.6,50.2,61.9,48.4,66.5,1016.6,8,0,
2/11/2015,78,51,65,49,64,1016.925,7,0, 
2/12/2015,60.6,45.4,53.1,35.1,51,1027.4,9.9,0,
2/12/2015,62,44,53,34,51,1027.761364,10,0, 
2/13/2015,66.8,39.2,53.6,38.1,57.7,1026.4,9.9,0,
2/13/2015,70,39,55,38,58,1026.406818,10,0, 
2/14/2015,77.5,46.2,61.2,47,62.7,1023.2,9.7,0,
2/14/2015,78,48,63,47,60,1023.359091,10,0, 
2/15/2015,66.2,56.4,61.9,57.1,84.2,1017.2,9.3,0,
2/15/2015,68,57,63,58,80,1016.586364,10,, 
2/16/2015,65.8,36.6,46.4,40.6,80.4,1016.7,8.7,0.065,rain
2/16/2015,66,36,51,39,79,1016.925,8,0.01,Rain
2/17/2015,54.4,34.9,41.3,27.3,59,1024,9.9,0,
2/17/2015,55,34,45,27,59,1024.375,10,0, 
2/18/2015,64,32.4,47.9,29.4,53.8,1026.4,9.9,0,
2/18/2015,66,32,49,29,56,1026.406818,10,0, 
2/19/2015,69.1,37,53.5,39.6,61.3,1024.4,9.9,0,
2/19/2015,70,38,54,40,61,1024.375,10,0, 
2/20/2015,72.8,54.8,63.6,56.1,77,1012.9,9.8,0,
2/20/2015,75,54,65,56,72,1013.2,10,0, 
2/21/2015,76.5,55,67.2,57.5,71.9,1011.2,9.7,0,
2/21/2015,78,55,67,56,69,1011.845455,10,0, 
2/22/2015,55.7,38.2,50.7,45.4,82.5,1019.4,8.4,0.019,rain
2/22/2015,56,37,47,44,80,1020.65,8,0.02,Rain
2/23/2015,37,29.9,32.7,29.7,88.6,1031,8,0.009,rain
2/23/2015,37,30,34,29,87,1031.147727,7,0.01,Rain
2/24/2015,36.8,29.8,32.8,28.9,85.3,1024.6,8.7,0,
2/24/2015,37,30,34,29,84,1024.036364,8,0, 
2/25/2015,61.9,34.8,45.2,33.2,68.4,1013.5,8.4,0.012,rain
2/25/2015,63,35,49,34,64,1013.877273,8,0.01,Rain
2/26/2015,50.7,32.1,39.7,31.5,73.2,1021.5,9.4,0,
2/26/2015,52,33,43,31,74,1022.343182,10,0, 
2/27/2015,36.2,31.2,33.9,24.1,68.3,1029,8.8,0.009,rain
2/27/2015,36,31,34,25,72,1028.777273,8,0.01,Rain
2/28/2015,35.6,30.9,33.2,31.2,92.1,1027,5.2,0.077,rain
2/28/2015,36,31,34,31,93,1026.406818,5,0.1,Rain
3/1/2015,43,35,38.8,37.9,96.4,1025.9,3.7,0.122,rain
3/1/2015,43,35,39,38,95,1025.729545,4,0.09,Rain
3/2/2015,43.9,38,40.9,39.5,95.1,1025.9,5.1,0.025,rain
3/2/2015,45,38,42,40,95,1025.390909,5,0.02,Rain
3/3/2015,59.6,41,49.6,49.2,98.4,1015.2,1.9,0.018,rain
3/3/2015,63,41,52,49,95,1015.231818,2,0.01,"Fog , Rain"
3/4/2015,69.3,35.3,55.8,54.7,96.1,1012.5,3.2,0.101,rain
3/4/2015,70,34,52,56,95,1012.522727,4,0.15,"Fog , Rain , Thunderstorm"
3/5/2015,46.3,30.8,36.8,24.1,63.5,1032.5,9.9,0.134,rain
3/5/2015,47,31,39,25,61,1031.147727,9,0.13,"Rain , Thunderstorm"
3/6/2015,55.3,25.4,39.9,23,54.2,1035.1,9.9,0,
3/6/2015,57,26,42,23,54,1034.872727,10,0, 
3/7/2015,59.8,38.1,49.9,30.8,50.5,1029.6,9.9,0,
3/7/2015,60,38,49,30,56,1029.454545,10,, 
3/8/2015,54.5,47.2,50.2,46.6,89,1021.7,5.1,0.204,rain
3/8/2015,54,47,51,48,69,1021.665909,3,0.45,Rain
3/9/2015,53.9,48.6,50.6,49.6,96.6,1014.5,5.3,2.29,rain
3/9/2015,55,49,52,49,97,1014.554545,5,2.17,Rain
3/10/2015,62.7,49.9,56.2,50.3,81.7,1017,9.9,0.001,rain
3/10/2015,63,50,57,50,78,1017.263636,10,0, 
3/11/2015,58.6,54.8,56.1,49.8,79.5,1022.3,9.8,0,
3/11/2015,59,54,57,50,79,1022.681818,10,0, 
3/12/2015,71.2,52.4,60.3,51.9,75.5,1019.1,9.9,0.02,rain
3/12/2015,73,52,63,52,73,1019.295455,10,0.02,Rain
3/13/2015,75.5,53.1,63.2,51.7,70.4,1015.7,8.4,0,
3/13/2015,78,53,66,52,68,1015.909091,8,0, 
3/14/2015,76.2,53.4,64.3,49.6,62.8,1018.8,9.9,0,
3/14/2015,78,53,66,49,61,1019.295455,10,0, 
3/15/2015,67.4,50.3,59.4,50.8,73.9,1024.4,9.9,0,
3/15/2015,69,51,60,51,72,1024.713636,10,0, 
3/16/2015,74.6,52,62.6,55,78.5,1023.2,9.3,0,
3/16/2015,77,52,65,56,73,1023.020455,9,0, 
3/17/2015,75.3,62.9,67.9,63.1,85.5,1019.5,7.3,0.008,rain
3/17/2015,77,63,70,63,82,1019.634091,8,0.01,Rain
3/18/2015,77.4,60.7,69.3,61.2,76.8,1015.4,9.7,0.153,rain
3/18/2015,81,60,71,61,74,1015.570455,10,0.13,Rain
3/19/2015,79.7,63.2,70.1,64,82,1013.7,8.6,0,
3/19/2015,83,63,73,64,79,1014.215909,8,0, 
3/20/2015,70.8,58.1,65.1,62.7,92,1017.8,6.4,0.984,rain
3/20/2015,71,57,64,61,89,1018.956818,6,1.17,"Fog , Rain"
3/21/2015,60.3,56,58.1,56.8,95.4,1018.4,7,0.527,rain
3/21/2015,61,55,58,56,95,1018.618182,7,0.43,Rain
3/22/2015,75.5,57.4,64.9,57,78,1016.4,9.5,0,
3/22/2015,78,57,68,57,75,1016.925,10,0, 
3/23/2015,79.8,51.3,65.3,56,75,1017.9,9.4,0,
3/23/2015,80,52,66,56,73,1017.940909,10,0, 
3/24/2015,81.1,57.3,68.9,60.1,75.6,1014.6,9.5,0,
3/24/2015,83,59,71,60,72,1014.893182,10,0, 
3/25/2015,81.6,62.1,70.2,61,74.3,1012.7,9.9,0,
3/25/2015,84,62,73,61,72,1012.861364,10,0, 
3/26/2015,69.7,53.9,62.1,47.3,61.5,1016.9,9.8,0.052,rain
3/26/2015,70,54,62,48,62,1016.925,9,0.05,Rain
3/27/2015,80.4,45.6,62.8,36.5,42.6,1021,9.9,0,
3/27/2015,82,46,64,36,44,1020.988636,10,0, 
3/28/2015,82.9,47.3,65.8,43.8,50.7,1018.6,9.9,0,
3/28/2015,84,48,66,44,54,1018.618182,10,0, 
3/29/2015,82.7,57.3,68.8,55.2,64.3,1017.6,9.9,0,
3/29/2015,84,57,71,56,67,1017.940909,10,0, 
3/30/2015,79.2,64.1,70.3,62.5,77.3,1019.2,9.9,0,
3/30/2015,80,64,72,62,76,1019.634091,10,0, 
3/31/2015,80.3,65.9,71.4,62.5,74.9,1015.8,9.8,0,
3/31/2015,82,66,74,62,74,1015.909091,10,0, 
4/1/2015,81.5,68.6,72.8,64.8,77.1,1012.5,8.8,0,
4/1/2015,83,68,76,65,71,1013.2,9,,Rain
4/2/2015,82,69.1,73.4,66.6,79.9,1012.3,8.6,0,
4/2/2015,84,68,76,66,76,1012.522727,8,0, 
4/3/2015,83.6,68.8,73.1,62.5,71.6,1015,8.1,0,
4/3/2015,86,66,76,62,67,1015.231818,8,0, 
4/4/2015,68.3,56,62.6,44.4,51.6,1023.7,9.9,0,
4/4/2015,69,56,63,44,53,1024.036364,10,0, 
4/5/2015,68,58.6,62.2,57.6,85.9,1016.1,5.5,0.037,rain
4/5/2015,69,59,64,59,78,1015.909091,5,0.02,Rain
4/6/2015,83.6,63.8,73.2,64.9,77.4,1013.3,8.3,0,
4/6/2015,85,65,75,65,76,1013.877273,8,0, 
4/7/2015,84.6,67.2,75.1,65.5,73.9,1014,9.6,0,
4/7/2015,87,68,78,65,71,1014.554545,10,0, 
4/8/2015,78.1,68.8,73.1,66.8,81,1012.8,9.2,0,
4/8/2015,79,69,74,67,81,1013.2,9,, 
4/9/2015,85.3,69.9,75.7,68,77.7,1010.5,9.2,0.024,rain
4/9/2015,87,70,79,67,73,1011.168182,9,0, 
4/10/2015,71.8,55.8,65,54.2,69.1,1017.9,9.8,0.085,rain
4/10/2015,74,56,65,53,70,1018.618182,10,0.09,"Rain , Thunderstorm"
4/11/2015,69.5,59,64.2,60.9,89.4,1017.3,5.5,0.003,rain
4/11/2015,70,59,65,62,86,1017.263636,5,,Rain
4/12/2015,81.5,66.3,71.7,67,86.3,1012.1,6,0.008,rain
4/12/2015,82,67,75,67,81,1012.861364,5,0.01,Fog
4/13/2015,84.9,64.1,73.6,63.9,75.2,1011,9.3,0.076,rain
4/13/2015,87,64,76,65,67,1011.168182,8,0.09,"Rain , Thunderstorm"
4/14/2015,75.4,60,67,55.6,68.3,1016.4,9.9,0,
4/14/2015,77,57,67,55,67,1017.263636,10,0, 
4/15/2015,80.1,53.3,66.8,55.6,69.1,1014.9,9.9,0,
4/15/2015,83,54,69,56,69,1014.893182,10,0, 
4/16/2015,79.2,66.4,70.9,65.8,84.5,1012.4,8.3,0.058,rain
4/16/2015,81,67,74,66,78,1012.861364,9,0.01,"Rain , Thunderstorm"
4/17/2015,74.5,66,69.1,65.1,87.6,1012.7,9.4,0.399,rain
4/17/2015,75,66,71,65,81,1013.2,8,0.41,"Rain , Thunderstorm"
4/18/2015,76.5,54.7,68.1,63.9,87.4,1010.4,8.8,0.508,rain
4/18/2015,77,54,66,63,82,1011.506818,8,0.57,"Fog , Rain , Thunderstorm"
4/19/2015,88.7,57.1,71.9,56.1,66.2,1008.4,8.3,0.03,rain
4/19/2015,89,57,73,58,60,1009.136364,7,0,"Fog , Thunderstorm"
4/20/2015,72.5,54.4,64.3,43.4,47.5,1014.8,9.9,0,
4/20/2015,73,54,64,43,48,1015.231818,10,0, 
4/21/2015,80.1,51.2,66.4,53.3,64.8,1014.4,9.9,0,
4/21/2015,81,51,66,53,66,1014.215909,10,0, 
4/22/2015,78.5,66.6,71.5,65.4,81.6,1011.7,9.5,0,
4/22/2015,81,67,74,65,79,1012.184091,10,, 
4/23/2015,82.8,67.7,74.3,69.4,85.3,1011.1,8,0,
4/23/2015,85,68,77,69,85,1011.506818,8,0, 
4/24/2015,83,69.2,76.1,71.9,87.3,1008.5,7.3,0.635,rain
4/24/2015,85,69,77,72,85,1009.813636,6,0.43,"Rain , Thunderstorm"
4/25/2015,91.7,69.2,79.4,62.8,65.3,1006.4,7.9,0.043,rain
4/25/2015,93,70,82,64,61,1007.104545,7,0.04,Thunderstorm
4/26/2015,84.5,69.8,76,68.8,79.6,1003.5,8.4,0.032,rain
4/26/2015,86,69,78,69,77,1004.056818,8,0.08,"Rain , Thunderstorm"
4/27/2015,84.3,62.4,72.3,61.2,71.5,1004.1,9.3,0.522,rain
4/27/2015,85,63,74,62,66,1005.072727,9,0.56,"Rain , Thunderstorm"
4/28/2015,67.5,55.5,60.6,52.1,73.7,1014.6,9.9,0,
4/28/2015,65,53,59,52,74,1015.231818,10,0, 
4/29/2015,75.6,49.1,62.2,45.6,59.2,1017.6,9.9,0,
4/29/2015,77,49,63,45,61,1017.602273,10,0, 
4/30/2015,81.1,49.3,66,48.6,57.8,1015.4,9.8,0,
4/30/2015,83,50,67,49,60,1015.570455,10,0, 
5/1/2015,82.6,53.6,69.2,52.6,59.3,1016.5,9.9,0,
5/1/2015,84,55,70,52,60,1016.586364,10,0, 
5/2/2015,81.5,56.2,70,53.6,58.5,1016.8,9.8,0,
5/2/2015,83,58,71,53,58,1016.586364,10,0, 
5/3/2015,82.8,55.7,70.7,58.1,67.4,1015.3,9.7,0,
5/3/2015,84,58,71,58,67,1015.231818,10,0, 
5/4/2015,82.9,64.4,73.5,62.7,71.4,1016,9.3,0,
5/4/2015,84,66,75,63,71,1016.586364,10,0, 
5/5/2015,81.4,66.1,72.5,64.9,78.7,1013.9,8.8,2.852,rain
5/5/2015,83,66,75,67,77,1014.215909,6,3.84,"Fog , Rain , Thunderstorm"
5/6/2015,86.7,70.4,76.4,69.4,80.6,1012,8.8,0.51,rain
5/6/2015,87,71,79,69,74,1012.861364,8,0.01,Rain
5/7/2015,81.2,72.8,76.1,70.4,82.8,1010.8,9.5,0.014,rain
5/7/2015,83,73,78,71,81,1011.506818,9,0.02,Rain
5/8/2015,79.4,73.7,75.6,72.2,89.2,1010.9,6.3,0.259,rain
5/8/2015,79,73,76,73,88,1011.506818,5,0.29,"Rain , Thunderstorm"
5/9/2015,84.9,72.4,77.7,71,81,1009.1,7.8,0.014,rain
5/9/2015,85,72,79,71,79,1009.813636,7,0.02,"Rain , Thunderstorm"
5/10/2015,86.6,75.6,79.8,70.7,74.8,1008.7,8.8,0,
5/10/2015,87,76,82,71,71,1009.136364,9,0, 
5/11/2015,78.4,68.8,72.9,67.7,84.3,1014.4,8,0.402,rain
5/11/2015,79,68,74,67,78,1015.570455,7,0.4,"Rain , Thunderstorm"
5/12/2015,68.7,65.2,67.1,65.2,93.7,1019.9,8.2,0.264,rain
5/12/2015,69,65,67,65,91,1020.65,8,0.23,Rain
5/13/2015,69.9,63.9,66.8,65.9,96.9,1018,6,1.244,rain
5/13/2015,70,64,67,66,97,1018.618182,5,1.12,"Fog , Rain , Thunderstorm"
5/14/2015,84.8,66.7,75.1,70.7,87.4,1016.1,7.2,0.065,rain
5/14/2015,87,68,78,71,83,1016.925,6,0.08,Rain
5/15/2015,75.9,68.2,71.7,68.4,89.6,1013.3,8.6,0.331,rain
5/15/2015,77,67,72,68,87,1014.215909,8,0.36,"Rain , Thunderstorm"
5/16/2015,86,66.6,75.8,69.7,82.6,1010.3,9.2,0,
5/16/2015,87,67,77,70,79,1010.829545,9,0, 
5/17/2015,83.5,66.4,74.3,69.2,85.2,1013.1,7.6,2.413,rain
5/17/2015,84,66,75,68,83,1013.877273,6,2.6,"Rain , Thunderstorm"
5/18/2015,87.1,72.6,78.5,72.4,82.5,1016.5,8.9,0.015,rain
5/18/2015,88,73,81,72,77,1016.925,9,0,Rain
5/19/2015,87.1,73.2,78.5,72.1,81.6,1014.4,8.5,0.095,rain
5/19/2015,89,74,82,72,73,1015.570455,8,,Rain
5/20/2015,88.5,72.7,78.9,72.1,81.1,1013.1,8.7,0.239,rain
5/20/2015,89,72,81,72,75,1013.877273,8,0.33,"Rain , Thunderstorm"
5/21/2015,75.8,62.9,67.5,63.1,86,1018.2,9.8,0.03,rain
5/21/2015,76,62,69,63,84,1018.618182,10,0.02,"Rain , Thunderstorm"
5/22/2015,77.2,62.1,69.3,66.9,92.1,1018.3,6.1,0.021,rain
5/22/2015,77,62,70,67,91,1018.618182,6,0.03,Rain
5/23/2015,84.9,64.7,74.3,71.2,90.7,1016.1,7,1.146,rain
5/23/2015,87,66,77,71,83,1016.586364,6,1.41,"Fog , Rain , Thunderstorm"
5/24/2015,80.3,62.7,71.2,67.2,88,1013.1,9.2,0.52,rain
5/24/2015,82,64,73,68,81,1012.184091,10,0.76,Rain
5/25/2015,80.3,67.1,72.5,70,92.1,1011.2,8.8,4.219,rain
5/25/2015,82,66,74,69,87,1010.490909,7,5.2,"Fog , Rain , Thunderstorm"
5/26/2015,88.2,65.4,75.6,70.2,85.1,1013.8,7.9,0,
5/26/2015,89,66,78,69,80,1014.215909,6,0,Thunderstorm
5/27/2015,84.4,66.8,75.8,71,85.3,1016.1,9.4,0.047,rain
5/27/2015,85,67,76,70,82,1016.925,9,,"Rain , Thunderstorm"
5/28/2015,86.3,73.8,78.3,72.7,83.7,1015.2,9,0.119,rain
5/28/2015,87,69,78,73,80,1016.247727,8,0.2,"Rain , Thunderstorm"
5/29/2015,88.5,64.8,75.8,67,76.4,1013.5,9.2,0.812,rain
5/29/2015,89,64,77,66,76,1014.215909,8,0.67,"Rain , Thunderstorm"
5/30/2015,85.6,70.8,75.5,68.7,80.7,1015.7,9.8,0.025,rain
5/30/2015,88,70,79,68,74,1015.909091,10,,"Rain , Thunderstorm"
5/31/2015,84.7,67.2,74.5,64.7,73.6,1017.5,9.9,0,
5/31/2015,86,67,77,64,67,1017.940909,10,0, 
6/1/2015,86.8,64,75.7,65,71.8,1016.8,9.7,0,
6/1/2015,88,64,76,65,70,1016.925,10,0, 
6/2/2015,87.7,67.2,78.1,66.2,69.2,1014.7,9.9,0,
6/2/2015,90,67,79,66,70,1014.554545,10,0, 
6/3/2015,88.6,66.9,78.2,66.2,68.9,1012.4,9.9,0,
6/3/2015,89,67,78,66,69,1012.861364,10,0, 
6/4/2015,88.2,67.9,78.5,66.1,68.1,1013.8,9.8,0,
6/4/2015,88,68,78,66,68,1014.215909,10,0, 
6/5/2015,88.6,67.7,78.8,67.8,71.4,1015.4,9.8,0,
6/5/2015,90,69,80,68,72,1015.909091,10,, 
6/6/2015,89.1,69,79.7,67.6,69.1,1014.8,9.8,0,
6/6/2015,90,70,80,67,72,1014.893182,10,0, 
6/7/2015,89.5,68.7,80,66.9,67,1013.6,9.9,0,
6/7/2015,91,70,81,67,71,1013.877273,10,0, 
6/8/2015,91.8,70.6,81.6,67.8,65.9,1013.9,9.9,0,
6/8/2015,93,71,82,68,67,1014.215909,10,0, 
6/9/2015,93.3,72.6,83,67.1,62,1012.3,9.9,0,
6/9/2015,95,72,84,67,60,1012.184091,10,0, 
6/10/2015,92.3,72.4,82.7,67.8,62.5,1010,9.9,0,
6/10/2015,93,72,83,68,62,1010.152273,10,0, 
6/11/2015,91.9,72.6,82.4,70.3,68.9,1008.8,9.9,0,
6/11/2015,94,73,84,70,71,1009.136364,10,0, 
6/12/2015,91.3,76,82.4,72.4,73.3,1009.1,9.9,0.011,rain
6/12/2015,93,75,84,73,70,1009.813636,10,0.01, 
6/13/2015,92.8,74.4,82,72.2,74.2,1009.9,9.8,0,
6/13/2015,95,75,85,72,70,1010.490909,10,, 
6/14/2015,83.7,71.8,76.7,73.5,90.1,1011.3,9.2,1.058,rain
6/14/2015,86,72,79,73,87,1012.184091,8,1.34,"Fog , Rain , Thunderstorm"
6/15/2015,88,73.5,79.4,73,82.5,1012.6,9.3,0.193,rain
6/15/2015,89,74,82,73,78,1013.538636,9,0.19,"Rain , Thunderstorm"
6/16/2015,81.7,74,76.4,73,89.4,1011.7,8.9,0.809,rain
6/16/2015,83,73,78,73,84,1012.522727,8,1.34,"Fog , Rain , Thunderstorm"
6/17/2015,85.4,72.3,77.3,73.2,88,1010.2,8.9,2.401,rain
6/17/2015,89,72,81,74,83,1010.829545,7,2.66,"Fog , Rain , Thunderstorm"
6/18/2015,88.6,72.9,78.8,73,83.5,1013.8,9.6,0,
6/18/2015,90,73,82,73,82,1014.215909,10,0,Thunderstorm
6/19/2015,82.8,72.6,77.2,73.5,88.8,1015.9,8.8,0.883,rain
6/19/2015,84,71,78,73,87,1016.586364,8,1.09,"Fog , Rain , Thunderstorm"
6/20/2015,83,72.2,76.8,73.8,90.6,1015.9,9,0.032,rain
6/20/2015,83,72,78,73,90,1016.586364,8,0.49,"Fog , Rain , Thunderstorm"
6/21/2015,85.1,71.7,77.6,74.3,90,1016.3,8.4,0.89,rain
6/21/2015,86,72,79,75,85,1016.925,7,0.93,"Fog , Rain , Thunderstorm"
6/22/2015,87.1,71.7,79.6,74.1,84.2,1017.5,9.4,0,
6/22/2015,89,72,81,74,84,1017.940909,9,0, 
6/23/2015,90.8,74.6,81.2,73.6,79.4,1018.9,9.7,0.003,rain
6/23/2015,92,75,84,73,73,1019.295455,10,0,Thunderstorm
6/24/2015,90.2,73.5,80.9,72.8,77.9,1019.3,9.8,0,
6/24/2015,92,74,83,73,78,1019.972727,10,0, 
6/25/2015,91.3,72.8,82.1,72.4,74.7,1017.4,9.7,0,
6/25/2015,93,73,83,72,76,1017.940909,10,0, 
6/26/2015,91.5,75.4,83.2,72.8,72.9,1014.6,9.9,0,
6/26/2015,93,76,85,73,73,1015.231818,10,0, 
6/27/2015,89.4,75.6,80.1,73.3,80.7,1015.4,9.8,0.007,rain
6/27/2015,91,74,83,73,75,1015.570455,10,0.01,"Rain , Thunderstorm"
6/28/2015,90.4,73.3,80.1,73,80.2,1015.4,9.6,0.138,rain
6/28/2015,91,73,82,73,73,1015.909091,9,0.08,"Rain , Thunderstorm"
6/29/2015,91.8,73.5,82.1,72.5,74.6,1014.6,9.3,0,
6/29/2015,93,74,84,72,75,1014.893182,9,0, 
6/30/2015,91.4,73.2,79.7,73.5,83.2,1015.6,8.2,0.681,rain
6/30/2015,94,73,84,73,76,1016.247727,7,0.75,"Fog , Rain , Thunderstorm"
7/1/2015,88.8,69.8,77.3,71.3,82.6,1016.2,9.9,0.003,rain
7/1/2015,91,71,81,71,78,1016.247727,10,,Rain
7/2/2015,89.8,70,78.6,70.9,78.8,1014.9,9.4,0,
7/2/2015,91,70,81,71,78,1015.231818,10,, 
7/3/2015,90.4,76.2,82.3,72.3,73.7,1014.1,9.1,0,
7/3/2015,91,76,84,72,69,1014.554545,9,, 
7/4/2015,90.8,75.6,82.4,73,74.8,1014.1,9.8,0,
7/4/2015,92,76,84,73,73,1015.231818,10,0, 
7/5/2015,90.6,75.1,82.1,73,75.5,1015.2,9.7,0,
7/5/2015,91,76,84,73,75,1015.909091,10,0, 
7/6/2015,90.5,76.7,82.7,72.1,71.8,1014.9,9.4,0,
7/6/2015,91,77,84,72,72,1015.570455,9,0, 
7/7/2015,91.3,77.8,82.8,73.1,73.8,1014,9.6,0,
7/7/2015,91,78,85,73,71,1014.215909,10,, 
7/8/2015,89.8,77.8,82.5,72,71.9,1014.7,9,0,
7/8/2015,91,78,85,72,69,1015.231818,9,0, 
7/9/2015,92.4,76.4,83.3,70.4,67.6,1016.2,9,0.148,rain
7/9/2015,93,76,85,71,65,1016.925,9,0, 
7/10/2015,92.9,72,81.9,69.7,69.6,1017.3,9.1,0,
7/10/2015,94,74,84,70,68,1017.940909,9,0, 
7/11/2015,92.6,72.1,81.9,69.4,68.5,1018.8,9.6,0,
7/11/2015,93,73,83,70,69,1019.295455,10,0, 
7/12/2015,92.7,73.7,83.4,71.2,69,1017.3,9.8,0,
7/12/2015,94,74,84,71,67,1017.602273,10,0, 
7/13/2015,94.7,74.2,84.3,71.1,67.2,1013.2,9.7,0,
7/13/2015,96,75,86,71,69,1013.538636,10,0, 
7/14/2015,95.5,74.5,83.8,69.2,65,1011,9.9,0,
7/14/2015,97,74,86,69,61,1011.506818,10,0, 
7/15/2015,93.8,73.9,83.5,69.5,65.5,1012.3,9.9,0,
7/15/2015,95,75,85,70,64,1012.861364,10,0, 
7/16/2015,93.8,74,83.6,70.1,66.6,1013.5,9.7,0,
7/16/2015,95,74,85,70,69,1014.215909,10,0, 
7/17/2015,94.9,76.5,85.1,71.8,66.9,1013.1,9.9,0,
7/17/2015,96,76,86,72,66,1013.877273,10,0, 
7/18/2015,95.7,76.3,85.6,72.3,67.1,1014.1,9.9,0.001,rain
7/18/2015,98,77,88,72,65,1014.554545,10,0, 
7/19/2015,96.4,75.9,85.8,72.3,66.6,1014.6,9.9,0,
7/19/2015,97,76,87,72,65,1014.893182,10,0, 
7/20/2015,96.1,73.3,84.7,70.5,65.7,1013,9.7,0,
7/20/2015,97,74,86,71,66,1013.538636,10,0, 
7/21/2015,96.5,74.4,85.2,70.3,64.4,1011.3,9.7,0,
7/21/2015,97,75,86,71,66,1011.845455,10,0, 
7/22/2015,95.7,76.6,85.5,71.3,65.1,1011.5,9.9,0,
7/22/2015,97,77,87,72,64,1012.184091,10,0, 
7/23/2015,97.8,76.3,86,70,62.4,1013.6,9.8,0,
7/23/2015,99,77,88,70,62,1014.215909,10,0, 
7/24/2015,97.7,76.9,86.2,71.3,64.3,1014.7,9.9,0,
7/24/2015,99,77,88,71,62,1015.231818,10,0, 
7/25/2015,96.7,73.5,85.3,70,63.6,1013.4,9.8,0,
7/25/2015,98,75,87,70,66,1014.215909,10,0, 
7/26/2015,96.7,74.5,85.8,72.1,66.6,1011.6,9.4,0.004,rain
7/26/2015,98,76,87,72,67,1012.184091,9,0, 
7/27/2015,98.3,76.2,86.6,71.4,64.4,1011.7,9,0,
7/27/2015,100,77,89,72,62,1012.522727,9,0, 
7/28/2015,98.6,76.2,86.6,71.1,64.1,1012.9,9.2,0,
7/28/2015,100,77,89,71,63,1013.538636,9,0, 
7/29/2015,98.4,75.9,86.6,70.5,62.8,1015.1,9.8,0,
7/29/2015,101,76,89,71,61,1015.570455,10,0, 
7/30/2015,100.4,73.7,88.2,66.1,52.5,1016.1,9.9,0,
7/30/2015,101,75,88,66,55,1016.247727,10,0, 
7/31/2015,100.6,79.6,89.5,69,53,1014.7,9.9,0.004,rain
7/31/2015,102,78,90,68,52,1014.893182,10,0, 
8/1/2015,97.5,72.9,86.1,61.2,45.8,1013.9,9.9,0,
8/1/2015,99,73,86,61,47,1013.877273,10,0, 
8/2/2015,97.8,73.5,86.2,61.8,47.3,1011.7,9.9,0,
8/2/2015,100,75,88,61,48,1011.845455,10,0, 
8/3/2015,97.6,73.4,86.3,64.2,51.2,1011.2,9.9,0,
8/3/2015,99,75,87,64,54,1011.168182,10,0, 
8/4/2015,97.7,76,87,69.9,59.9,1012.4,9.9,0,
8/4/2015,100,77,89,70,62,1012.522727,10,0, 
8/5/2015,99.4,77.8,88,70.6,60.1,1013.1,9.9,0,
8/5/2015,101,78,90,71,59,1013.538636,10,0, 
8/6/2015,99.8,76.3,87.5,70.6,60.7,1011.7,9.9,0,
8/6/2015,102,77,90,71,59,1012.184091,10,0, 
8/7/2015,100.2,76.4,87.6,70.2,60.1,1011.1,9.9,0,
8/7/2015,101,76,89,70,61,1011.506818,10,0, 
8/8/2015,101.2,77.3,87.7,71,61.7,1011.2,9.9,0,
8/8/2015,103,76,90,73,66,1011.168182,10,0, 
8/9/2015,101,75.9,87.7,69.1,59.3,1012.4,9.9,0,
8/9/2015,103,74,89,-,65,#VALUE!,-,0, 
8/10/2015,102,73.7,87.6,67.2,57.5,1012.3,9.5,0,
8/10/2015,105,74,90,-,62,#VALUE!,-,0, 
8/11/2015,102.3,70.3,87.9,65.3,52.1,1014.2,9.9,0,
8/11/2015,105,75,90,-,-,#VALUE!,-,0, 
8/12/2015,102.3,75.3,89.2,69.1,54.7,1015.4,9.9,0,
8/12/2015,105,79,92,68,43,1014.215909,10,0, 
8/13/2015,101.6,78.2,90.3,67.3,49.5,1013.9,9.9,0,
8/13/2015,104,78,91,67,51,1013.877273,10,0, 
8/14/2015,100.4,77.1,88.8,69.4,56.1,1014.1,9.9,0,
8/14/2015,101,78,90,69,58,1014.215909,10,0, 
8/15/2015,96.3,78.9,87.5,66.5,53,1014.3,9.9,0.004,rain
8/15/2015,98,79,89,66,54,1014.554545,10,0,Thunderstorm
8/16/2015,96.7,74.1,84.8,67,58.2,1013.5,9.8,0,
8/16/2015,98,75,87,67,58,1013.538636,10,0, 
8/17/2015,95.1,73.7,84.1,68,61.1,1012.7,9.9,0.011,rain
8/17/2015,98,74,86,68,61,1012.861364,10,0, 
8/18/2015,98.3,75.1,86.2,69.7,61.3,1009.7,9.9,0,
8/18/2015,99,76,88,70,62,1010.490909,10,0, 
8/19/2015,96.4,77.8,86.1,71.9,65.2,1008.4,9.9,0,
8/19/2015,99,78,89,72,62,1009.136364,10,0, 
8/20/2015,83.2,73.8,77.9,70.8,79.3,1013,9.5,0.343,rain
8/20/2015,84,73,79,71,78,1013.877273,8,0.35,"Rain , Thunderstorm"
8/21/2015,89.5,71.7,78.5,71.2,80.3,1013.5,8.5,0.059,rain
8/21/2015,92,72,82,71,73,1014.554545,9,,Rain
8/22/2015,97.4,76.1,85.5,71.9,67.7,1012.4,9.8,0,
8/22/2015,99,75,87,73,65,1013.2,10,0, 
8/23/2015,99.4,76,86.9,71.6,64.8,1014.2,9.8,0,
8/23/2015,101,76,89,72,64,1014.893182,10,0, 
8/24/2015,99,74.8,87.4,68.6,57.8,1015.9,9.9,0,
8/24/2015,101,76,89,68,58,1015.909091,10,0, 
8/25/2015,98.3,77.2,85.5,68.6,58.9,1016.2,9.9,0,
8/25/2015,101,77,89,68,56,1016.247727,10,0, 
8/26/2015,94.7,72.5,83.5,68,62.3,1017.4,9.9,0,
8/26/2015,98,73,86,68,62,1017.602273,10,0, 
8/27/2015,96.6,73.5,84.4,64.7,56.2,1016.2,9.9,0,
8/27/2015,98,74,86,64,56,1016.247727,10,0, 
8/28/2015,96.5,70,83.2,60.1,48.9,1014.2,9.9,0,
8/28/2015,98,72,85,60,50,1014.215909,10,0, 
8/29/2015,94.2,69.7,82.2,63.5,56,1015.2,9.9,0,
8/29/2015,95,71,83,63,55,1015.231818,10,0, 
8/30/2015,93.1,74.4,82.8,64.7,56.5,1014.8,9.9,0,
8/30/2015,96,75,86,65,55,1014.893182,10,0, 
8/31/2015,95.5,72.5,82.4,67.2,63.1,1014.4,9.9,0.025,rain
8/31/2015,97,74,86,67,59,1014.893182,10,0, 
9/1/2015,92.1,73.5,81,68.9,69,1015.2,9.9,0.007,rain
9/1/2015,94,74,84,69,64,1015.909091,10,0, 
9/2/2015,92.5,70.3,80.3,66.7,66.2,1015.3,9.8,0,
9/2/2015,95,71,83,67,65,1016.247727,10,0, 
9/3/2015,92.1,71.9,81.8,68.3,66.2,1012.3,9.9,0,
9/3/2015,94,73,84,69,64,1013.2,10,0, 
9/4/2015,97.5,76.2,84.8,71,66.5,1012,9.8,0,
9/4/2015,100,75,88,72,62,1012.861364,10,0, 
9/5/2015,99.4,77.7,85.6,72.4,67.7,1013.5,9.7,0.008,rain
9/5/2015,101,79,90,73,62,1014.215909,10,0.01, 
9/6/2015,98.9,76,86.5,70.6,63.7,1013.7,9.7,0,
9/6/2015,100,76,88,71,63,1014.215909,10,0, 
9/7/2015,97.7,75.8,86.9,70.1,61.6,1012.6,9.8,0,
9/7/2015,100,76,88,70,61,1012.861364,10,0, 
9/8/2015,98.1,76.4,86.5,70,61.7,1011.2,9.9,0,
9/8/2015,99,76,88,71,61,1012.184091,10,0, 
9/9/2015,91,74.2,82.2,71.8,73.2,1011.6,9.5,0.771,rain
9/9/2015,93,74,84,73,74,1012.861364,8,1.05,"Rain , Thunderstorm"
9/10/2015,96,74.9,79.9,73.5,83.4,1012.2,8.5,0.931,rain
9/10/2015,96,72,84,73,71,1012.861364,7,0.79,"Fog , Rain , Thunderstorm"
9/11/2015,91.5,74.4,80.2,72.7,80.2,1012.4,8.3,0.174,rain
9/11/2015,93,75,84,73,72,1013.2,8,, 
9/12/2015,90.6,71.1,79,58.6,54.6,1016.3,9.8,0,
9/12/2015,91,69,80,57,55,1016.586364,10,0, 
9/13/2015,89.7,63,76.3,50.8,44.7,1016.4,9.9,0,
9/13/2015,91,63,77,51,49,1016.586364,10,0, 
9/14/2015,88.8,63.5,76.2,56.4,54,1016.1,9.9,0,
9/14/2015,90,64,77,57,53,1016.247727,10,0, 
9/15/2015,93,72.8,80.1,69.8,72.4,1016,9.8,0,
9/15/2015,95,73,84,70,67,1016.586364,10,, 
9/16/2015,92.3,74.6,80.7,71.6,75.7,1016.9,9.6,0.035,rain
9/16/2015,93,75,84,72,72,1017.602273,9,0.04,Rain
9/17/2015,94.3,74.6,83,70,68.3,1014.5,9.8,0,
9/17/2015,96,75,86,71,67,1015.570455,10,0, 
9/18/2015,95.7,74.2,83.5,69.4,66.6,1011.3,9.9,0,
9/18/2015,96,75,86,70,64,1011.845455,10,0, 
9/19/2015,92.7,73.3,82,65.8,63.2,1012.6,9.7,0,
9/19/2015,96,74,85,68,60,1013.2,10,0, 
9/20/2015,93.3,67.9,80.7,62.7,59.1,1014.4,9.7,0,
9/20/2015,95,69,82,63,60,1014.554545,-,0, 
9/21/2015,94.6,72.4,82.8,63.6,57.5,1014.1,9.9,0,
9/21/2015,95,73,84,64,57,1014.215909,-,0, 
9/22/2015,94.8,70.5,82,63.5,56.1,1015.2,9.7,0,
9/22/2015,97,70,84,64,56,1015.231818,10,0, 
9/23/2015,92.5,68,80.3,61.9,58.6,1015.4,9.7,0,
9/23/2015,94,68,81,62,58,1015.570455,10,0, 
9/24/2015,92.5,68.2,79.9,58.4,51.2,1015.3,9.9,0,
9/24/2015,95,69,82,58,49,1015.570455,10,0, 
9/25/2015,91.5,71.9,78.7,63.9,62.6,1015.7,9.7,0.26,rain
9/25/2015,96,72,84,64,58,1015.909091,10,,"Rain , Thunderstorm"
9/26/2015,93.3,68.2,79.7,60.2,57.1,1013.5,9.7,0,
9/26/2015,95,68,82,59,54,1013.538636,10,0, 
9/27/2015,93.1,66.7,78.7,58.6,54.7,1011.5,9.8,0,
9/27/2015,95,67,81,59,50,1011.506818,10,0, 
9/28/2015,88,68.6,76.8,63.6,66.1,1010.1,9.5,0,
9/28/2015,89,69,79,63,64,1010.152273,10,0, 
9/29/2015,92.1,67.4,79,64.1,63.3,1010.9,9.9,0,
9/29/2015,94,67,81,64,63,1011.168182,10,0, 
9/30/2015,94.1,69.7,81.2,62.2,55.5,1013.8,9.9,0,
9/30/2015,95,70,83,62,56,1013.877273,10,0, 
10/1/2015,93.3,69.1,80.5,60.1,52.4,1015.3,9.8,0,
10/1/2015,94,69,82,60,52,1015.909091,9,0, 
10/2/2015,87.1,66.5,75.5,50.5,44.6,1014.8,9.9,0,
10/2/2015,89,67,78,50,45,1014.893182,10,0, 
10/3/2015,84.3,57.6,70.9,43.8,39.7,1011.7,9.9,0,
10/3/2015,87,56,72,43,40,1011.845455,10,0, 
10/4/2015,85.6,57.9,71.9,47.6,44.7,1014,9.9,0.052,rain
10/4/2015,87,59,73,47,45,1014.215909,10,0, 
10/5/2015,83.4,68.1,74.2,52.3,47.2,1016.6,9.9,0,
10/5/2015,85,67,76,52,45,1016.925,10,0, 
10/6/2015,88.5,62.6,74.4,53.4,50.6,1018.3,9.9,0,
10/6/2015,90,63,77,53,44,1018.279545,10,0, 
10/7/2015,89.7,62,75.7,57.4,55,1016.5,9.9,0,
10/7/2015,91,62,77,58,54,1016.586364,10,0, 
10/8/2015,88.7,68.1,78.3,63.4,63.2,1015.6,9.8,0,
10/8/2015,91,68,80,64,64,1015.909091,10,0, 
10/9/2015,86.3,71,78.1,64,63.3,1018.2,9.9,0,
10/9/2015,88,72,80,64,62,1018.279545,10,0, 
10/10/2015,89.3,66.5,77.2,59.5,56.3,1019.7,9.9,0,
10/10/2015,90,67,79,59,56,1019.634091,10,0, 
10/11/2015,94.4,64.7,78.6,60.4,57.1,1013.6,9.9,0,
10/11/2015,95,64,80,61,55,1013.2,10,0, 
10/12/2015,98.3,71.7,83.1,66.1,59.8,1008.4,9.4,0,
10/12/2015,99,72,86,67,62,1008.459091,9,0, 
10/13/2015,92.5,66,80.9,44.5,34.3,1014.2,9.9,0,
10/13/2015,94,64,79,45,45,1014.554545,10,0, 
10/14/2015,95.4,60.5,76,41,33.6,1016.8,9.4,0,
10/14/2015,96,60,78,41,36,1016.925,10,0, 
10/15/2015,93.5,62.6,77,54.6,50.9,1017.6,9.5,0,
10/15/2015,95,63,79,56,55,1017.940909,10,0, 
10/16/2015,89.6,60.3,74.5,55.9,57.7,1020.8,9.9,0,
10/16/2015,90,62,76,56,60,1020.988636,10,0, 
10/17/2015,86.7,61.4,72.7,48.5,44.9,1023.3,9.9,0,
10/17/2015,88,62,75,48,46,1023.359091,10,0, 
10/18/2015,83,55.4,69.1,35.9,32.8,1025.1,9.9,0,
10/18/2015,84,57,71,35,33,1025.052273,10,0, 
10/19/2015,84.6,53.2,69,44.4,43.8,1022.4,9.9,0,
10/19/2015,86,54,70,45,46,1022.343182,10,0, 
10/20/2015,85.9,56.1,71.3,56.8,63.1,1018.5,9.9,0,
10/20/2015,87,58,73,58,61,1018.618182,10,0, 
10/21/2015,85.3,71.8,77.1,68.1,75.1,1017.2,9.8,0.013,rain
10/21/2015,86,72,79,68,71,1017.940909,10,,Rain
10/22/2015,81.7,70.2,75.7,70,83.3,1014.1,8.1,0.139,rain
10/22/2015,82,70,76,70,85,1014.893182,7,0.16,Rain
10/23/2015,78.6,71.7,75.4,72.8,91.8,1011.5,7.9,0.753,rain
10/23/2015,80,71,76,73,91,1012.184091,7,0.43,"Rain , Thunderstorm"
10/24/2015,76.1,62,68,66.8,95.9,1012.1,5.5,4.817,rain
10/24/2015,76,60,68,66,94,1012.522727,4,4.79,Rain
10/25/2015,63.2,57.8,60.5,57.2,89.1,1016.3,8.6,0.688,rain
10/25/2015,64,57,61,57,89,1016.586364,8,0.65,Rain
10/26/2015,78,59,67.1,54.4,64.9,1014.6,9.9,0,
10/26/2015,79,58,69,54,62,1014.893182,10,0, 
10/27/2015,83.1,56.9,68.2,53.1,62.6,1010.7,9.9,0,
10/27/2015,84,58,71,53,61,1010.829545,10,0, 
10/28/2015,80.2,58.2,67.7,50.1,56.9,1010.4,9.9,0,
10/28/2015,82,58,70,50,53,1010.829545,10,0, 
10/29/2015,80.3,50.7,66.2,52.9,65.7,1012.2,9.9,0,
10/29/2015,81,51,66,54,66,1012.184091,10,0, 
10/30/2015,74.8,66.7,71.7,69.9,94.1,1006.2,6.2,5.545,rain
10/30/2015,75,67,71,70,90,1006.765909,4,4.93,"Fog , Rain , Thunderstorm"
10/31/2015,74.8,64.9,70.5,65.2,84.1,1007.4,8.6,1.022,rain
10/31/2015,77,65,71,65,82,1007.443182,8,0.89,"Rain , Thunderstorm"
11/1/2015,73.8,58.9,65.3,57.3,76.9,1014.1,9.6,0.073,rain
11/1/2015,75,59,67,57,75,1014.554545,10,0.07,Rain
11/2/2015,78.7,57,66.1,57.7,77.2,1014.7,7.3,0.002,rain
11/2/2015,79,57,68,58,75,1015.231818,5,0,Fog
11/3/2015,79.3,57,67,58.2,75.9,1015.7,8.2,0,
11/3/2015,80,57,69,59,74,1016.247727,7,0,Fog
11/4/2015,77.7,60.5,69.5,63.7,82.7,1016.1,9,0,
11/4/2015,78,61,70,64,82,1016.586364,9,,Rain
11/5/2015,83.9,72.2,77.4,71.6,83.1,1014,8.8,0.039,rain
11/5/2015,85,72,79,72,83,1014.893182,9,0.05,"Rain , Thunderstorm"
11/6/2015,75.5,59.7,66.4,53.8,65.3,1017.8,9.9,0.029,rain
11/6/2015,76,59,68,54,62,1017.940909,10,0.02,Rain
11/7/2015,62.7,56.7,59.4,54.3,83.7,1021.1,9.1,0.46,rain
11/7/2015,63,56,60,54,79,1021.665909,8,0.53,"Fog , Rain"
11/8/2015,69.4,53,59.1,43.7,57.6,1023,9.9,0,
11/8/2015,71,53,62,43,56,1023.697727,10,0, 
11/9/2015,72.2,51.6,61.6,49.5,65.8,1019.9,9.9,0,
11/9/2015,73,52,63,50,66,1019.972727,10,0, 
11/10/2015,74.2,59.2,67.7,62,82.2,1016.7,9.9,0,
11/10/2015,74,60,67,63,82,1016.586364,10,0, 
11/11/2015,85.1,69.4,76.3,64.7,70.3,1011.2,9.9,0,
11/11/2015,85,69,77,64,62,1011.506818,10,0, 
11/12/2015,69.7,55.9,63,36.4,38.2,1021.7,9.9,0,
11/12/2015,71,56,64,36,36,1022.343182,10,0, 
11/13/2015,64.3,56.6,60.8,39.6,45.9,1025,9.9,0,
11/13/2015,65,56,61,39,47,1025.390909,10,0, 
11/14/2015,65.2,55,57.9,46,65.3,1026,9.8,0.014,rain
11/14/2015,65,54,60,46,66,1026.068182,10,0.01,Rain
11/15/2015,70.6,53.5,62.2,53.2,73.1,1021.9,9.9,0,
11/15/2015,70,54,62,53,73,1022.004545,10,0, 
11/16/2015,74.3,65.2,70,67.2,90.9,1010.9,8.2,0.017,rain
11/16/2015,75,65,70,67,92,1010.829545,8,0.01,Rain
11/17/2015,74.8,47.8,61.5,53.9,77.8,1004.2,9.3,0.863,rain
11/17/2015,75,47,61,55,69,1004.395455,8,1.03,Rain
11/18/2015,71.7,43,56.1,41.9,62.5,1010.8,9.9,0,
11/18/2015,72,43,58,42,64,1011.168182,10,0, 
11/19/2015,77.9,45.7,60.4,46.5,63.5,1018.2,9.8,0,
11/19/2015,79,46,63,46,59,1018.618182,10,0, 
11/20/2015,76.6,50.8,62.7,53.2,73.7,1017.1,9.8,0,
11/20/2015,77,52,65,55,67,1016.925,10,0, 
11/21/2015,64.7,42,57.5,42.7,61.6,1020.6,9,0,
11/21/2015,66,41,54,47,63,1019.972727,10,, 
11/22/2015,56.3,34.3,44.1,28.5,56.6,1026.5,9.9,0,
11/22/2015,59,34,47,29,56,1026.745455,10,0, 
11/23/2015,62.3,31.2,47.3,32,60.7,1025.5,9.7,0,
11/23/2015,63,32,48,33,61,1025.729545,10,0, 
11/24/2015,64.6,47.2,56.7,49,75.7,1020.8,9.9,0,
11/24/2015,64,47,56,50,74,1020.65,10,0, 
11/25/2015,74.4,61.6,67.7,60.6,79,1017.8,9.8,0.003,rain
11/25/2015,74,62,68,61,77,1018.279545,10,,Rain
11/26/2015,74,68.2,70.6,68,91.8,1018.6,8,0.335,rain
11/26/2015,74,68,71,69,91,1019.295455,8,0.26,Rain
11/27/2015,73.7,41.3,61.6,60.1,94.6,1019.9,7,0.997,rain
11/27/2015,74,41,58,58,94,1020.65,6,1.46,"Fog , Rain"
11/28/2015,44.2,39.4,42.1,39.2,89.8,1023.7,8.7,0.303,rain
11/28/2015,44,39,42,39,91,1023.697727,9,0.25,Rain
11/29/2015,46.2,42.3,44,42,92.6,1021.7,7.4,0.05,rain
11/29/2015,47,42,45,42,91,1022.004545,8,0.04,Rain
11/30/2015,54.7,44.9,49.3,45.4,86.8,1018.1,9,0,
11/30/2015,55,45,50,45,86,1017.940909,10,0, 
12/1/2015,57.5,46.2,50.9,43.1,75.8,1017.5,9.9,0,
12/1/2015,59,46,53,43,72,1017.602273,10,0, 
12/2/2015,66.7,42.1,52.5,39.4,66.7,1021.5,9.5,0,
12/2/2015,68,42,55,40,65,1022.004545,10,0,Fog
12/3/2015,62.1,39.6,49.1,36.4,64.5,1028.4,9.9,0,
12/3/2015,63,40,52,37,61,1028.777273,10,0, 
12/4/2015,62.6,36.6,48,37.6,70.5,1030.8,9.9,0,
12/4/2015,63,37,50,38,66,1031.147727,10,0, 
12/5/2015,64.3,36.7,48.9,38.5,70.7,1030.4,9.7,0,
12/5/2015,65,37,51,39,66,1030.470455,10,0, 
12/6/2015,69,42.9,53.5,45.3,75.6,1029.4,9.7,0,
12/6/2015,70,44,57,46,71,1029.454545,10,0, 
12/7/2015,68.8,42.5,52.9,42.7,71.1,1025.1,9.5,0,
12/7/2015,69,44,57,43,64,1025.052273,10,0, 
12/8/2015,74.8,40.5,56.6,46.9,72.9,1017.1,9.5,0,
12/8/2015,75,42,59,48,70,1016.925,10,0, 
12/9/2015,74.6,47.5,59.7,46.5,66.1,1015.3,9.7,0,
12/9/2015,76,47,62,47,61,1015.231818,10,0, 
12/10/2015,77.3,51.9,64.9,57.6,78.9,1010.6,8.2,0.001,rain
12/10/2015,78,51,65,58,78,1011.168182,8,0, 
12/11/2015,78.5,52.9,65.3,60.3,85.2,1009.4,6.2,0.001,rain
12/11/2015,79,52,66,61,79,1010.152273,6,0,Fog
12/12/2015,74.8,70.3,72,67.7,86.3,1007.3,9,0.019,rain
12/12/2015,75,70,73,67,85,1007.443182,9,0.01,Rain
12/13/2015,74.2,47.8,55.1,52.1,89.9,1006,8.9,1.43,rain
12/13/2015,74,46,60,52,84,1005.75,6,1.54,Rain
12/14/2015,74.4,42.6,57.6,40.7,57,1008.5,9.9,0,
12/14/2015,75,42,59,41,57,1008.459091,10,0, 
12/15/2015,74.1,52,62.8,58.4,85.7,1006.3,9.7,0,
12/15/2015,75,53,64,60,86,1006.427273,10,0, 
12/16/2015,63.7,45.2,57.1,30.1,36.6,1012.8,9.9,0,
12/16/2015,63,46,55,29,40,1013.2,10,0, 
12/17/2015,66.3,38.5,51.1,30.6,48.3,1018.1,9.9,0,
12/17/2015,68,39,54,31,54,1018.618182,10,0, 
12/18/2015,56.5,34.1,45.3,30.5,57.8,1028,9.9,0,
12/18/2015,58,34,46,31,55,1028.438636,10,0, 
12/19/2015,64.8,34.2,49.4,38.7,68.6,1029.4,9.7,0,
12/19/2015,66,36,51,40,68,1029.454545,10,0, 
12/20/2015,66.8,50.2,59.3,55.3,86.7,1020.5,9.5,0,
12/20/2015,67,51,59,56,89,1019.972727,10,,Rain
12/21/2015,73.8,54.4,65.3,60.4,84.9,1014,8.8,0,
12/21/2015,76,54,65,61,79,1014.554545,9,0, 
12/22/2015,77.9,48,63.2,54.8,76.5,1006.9,9.9,0,
12/22/2015,79,49,64,57,69,1005.75,10,0, 
12/23/2015,80.5,55.6,69.4,52.5,61.9,1001.1,9,0,
12/23/2015,81,53,67,54,59,1001.347727,9,0, 
12/24/2015,73,52,62,55.2,78.5,1009.7,8.5,0,
12/24/2015,74,52,63,56,81,1010.490909,9,0, 
12/25/2015,67.4,52.7,61.4,53.7,76.4,1013.7,8.8,0,
12/25/2015,70,51,61,53,77,1014.215909,9,0, 
12/26/2015,77.2,69.7,74.1,69.5,85.5,1006.6,8.7,0.083,rain
12/26/2015,78,70,74,69,85,1006.427273,9,0.1,Rain
12/27/2015,73.3,37.6,51.2,48.6,90.7,1004.6,8.2,1.173,rain
12/27/2015,73,36,55,47,89,1005.072727,8,1.32,"Rain , Thunderstorm"
12/28/2015,45.2,36.5,39.7,30.4,69.8,1013.5,9.9,0.014,rain
12/28/2015,46,36,41,30,75,1013.877273,10,, 
12/29/2015,48.5,36.8,42.7,35.2,75.7,1018.4,9.4,0.01,rain
12/29/2015,49,37,43,36,74,1018.956818,8,0.03,Rain
12/30/2015,55.4,42.2,48.2,42.6,82,1023.4,8,0.031,rain
12/30/2015,57,41,49,42,80,1023.697727,7,,Rain
12/31/2015,52,39.5,46.5,38.6,74.8,1026.3,9.5,0,
12/31/2015,53,39,46,39,78,1026.745455,10,0, 
1/1/2016,49,44,45.8,33.5,62,1031.6,9.9,0,
1/1/2016,48,44,46,33,60,1032.163636,-,,Rain
1/2/2016,47.2,42.6,44.6,33.9,67.4,1030.1,9.5,0.182,rain
1/2/2016,47,42,45,34,77,1030.131818,-,0.2,Rain
1/3/2016,61,40.9,48.4,39.3,73.2,1026.1,9.8,0.021,rain
1/3/2016,62,41,52,39,70,1026.068182,10,,Rain
1/4/2016,57.5,36.4,45.6,31.4,59.6,1026.8,9.9,0,
1/4/2016,58,37,48,31,58,1027.084091,10,0, 
1/5/2016,55,35.7,45.2,35.6,70.2,1025.5,9.9,0,
1/5/2016,56,36,46,36,68,1025.390909,10,,Rain
1/6/2016,52.4,46.3,49.3,45.8,87.8,1018.8,5.9,0.254,rain
1/6/2016,53,46,50,47,86,1017.602273,5,0.13,"Rain , Thunderstorm"
1/7/2016,71.1,48.8,56.7,50.6,83.1,1012,6,0,
1/7/2016,73,49,61,50,71,1012.522727,5,0,Fog
1/8/2016,64.3,44.4,54,50.6,88.8,1008.4,6.9,0,
1/8/2016,66,44,55,50,86,1008.797727,7,0,Thunderstorm
1/9/2016,58,38.8,48.7,34.3,57.7,1016.1,9.9,0,
1/9/2016,58,38,48,34,59,1016.586364,10,0, 
1/10/2016,49.5,33.1,40.2,26.7,59.9,1026,9.9,0,
1/10/2016,50,33,42,26,61,1026.068182,10,0, 
1/11/2016,55,33.9,42.3,28.2,59.1,1024.5,9.9,0,
1/11/2016,56,34,45,28,59,1024.713636,10,0, 
1/12/2016,64.9,34.9,47.6,34.1,64.2,1025.3,9.6,0,
1/12/2016,66,34,50,34,58,1025.390909,10,0, 
1/13/2016,65,37.5,50.6,38.5,66.2,1021.9,8.9,0,
1/13/2016,66,38,52,39,68,1021.665909,10,0, 
1/14/2016,70,46.7,56.6,49.3,77.5,1012.4,9.8,0,
1/14/2016,70,47,59,50,75,1012.861364,10,0, 
1/15/2016,69.7,47.4,57.5,39.2,54.8,1008.5,9.9,0,
1/15/2016,70,48,59,39,58,1008.797727,10,0, 
1/16/2016,62.2,42.6,48.6,37.1,65.3,1013.2,9.8,0.003,rain
1/16/2016,64,43,54,37,61,1014.554545,10,,Rain
1/17/2016,56,32,44.2,32,64.6,1022.1,9.9,0,
1/17/2016,57,32,45,32,65,1022.343182,10,0, 
1/18/2016,57.5,34.6,45.2,35.5,70.5,1026.6,9.8,0,
1/18/2016,59,36,48,36,70,1026.745455,10,0, 
1/19/2016,68.2,41.7,54.5,46.6,76.5,1022.2,7.9,0,
1/19/2016,69,43,56,47,78,1022.343182,7,0, 
1/20/2016,55.7,44.7,51.4,39.1,63.3,1019.9,9.9,0,
1/20/2016,57,45,51,39,70,1019.295455,10,0, 
1/21/2016,64.1,44.8,54.8,44.2,70.7,1016.5,7,0.011,rain
1/21/2016,64,43,54,46,66,1015.909091,6,0.01,Rain
1/22/2016,53.2,37.6,44.3,29.1,56,1025.9,9.9,0,
1/22/2016,54,37,46,29,56,1026.406818,10,0, 
1/23/2016,57,30.7,43,29.8,62.1,1025.4,9.9,0,
1/23/2016,57,31,44,30,61,1025.390909,10,0, 
1/24/2016,69.1,34.2,51.8,40.2,66.8,1017,9.9,0,
1/24/2016,70,35,53,41,61,1016.925,10,0, 
1/25/2016,73.5,55.4,62.6,51.5,69.3,1013.7,9.9,0,
1/25/2016,75,56,66,51,66,1013.877273,10,0, 
1/26/2016,57.2,44.9,50.1,32.9,51.5,1022.1,9.9,0.038,rain
1/26/2016,58,43,51,32,50,1022.681818,10,,Rain
1/27/2016,58.5,37.4,45.9,26.7,49.5,1026.5,9.9,0,
1/27/2016,59,36,48,26,47,1026.745455,10,0, 
1/28/2016,71.2,32.7,49.3,31.5,55.6,1021.9,9.9,0,
1/28/2016,71,32,52,32,53,1021.665909,10,0, 
1/29/2016,74.6,38.7,56.5,34.8,49,1016.9,9.9,0,
1/29/2016,76,38,57,35,53,1016.586364,10,0, 
1/30/2016,75.7,44.7,60.6,44.3,57.6,1011.7,9.9,0,
1/30/2016,77,46,62,46,59,1011.506818,10,0, 
1/31/2016,83.5,58.5,67.4,54.5,67.7,1009.1,9.8,0,
1/31/2016,86,58,72,54,55,1009.475,10,0, 
2/1/2016,76.4,54,64.1,54.7,73.5,1006.2,7.5,0,
2/1/2016,77,54,66,54,73,1007.104545,7,0,Fog
2/2/2016,71,52.1,61.5,27.2,27.9,1008.2,9.4,0,
2/2/2016,72,51,62,27,28,1008.459091,10,0, 
2/3/2016,57.7,39.1,48.3,25.3,41.5,1021.7,9.9,0,
2/3/2016,58,39,49,25,41,1022.681818,10,0, 
2/4/2016,57.5,33.5,44.5,23,45.5,1031.3,9.9,0,
2/4/2016,59,34,47,23,49,1031.486364,10,0, 
2/5/2016,60.7,32.3,47.3,27.8,50,1029,9.9,0,
2/5/2016,62,33,48,28,47,1028.777273,10,0, 
2/6/2016,60,40.1,50.5,30.6,49.3,1027.8,9.9,0.002,rain
2/6/2016,60,39,51,31,51,1027.761364,10,0,"Rain , Thunderstorm"
2/7/2016,66.5,31.3,48.1,32.4,60.5,1023.9,9.3,0,
2/7/2016,68,32,50,33,62,1023.697727,10,0, 
2/8/2016,64,45.3,53,20.4,30.7,1026.9,9.9,0,
2/8/2016,65,46,56,20,37,1027.422727,10,0, 
2/9/2016,72.7,39,53.6,26.1,36.7,1026.8,9.9,0,
2/9/2016,74,39,57,27,40,1026.745455,10,0, 
2/10/2016,73,37.9,55.5,32.7,45.5,1026,9.9,0,
2/10/2016,74,38,56,33,54,1026.068182,10,0, 
2/11/2016,82.1,50.2,65.1,36.4,36.5,1019.9,9.9,0,
2/11/2016,83,52,68,37,36,1019.972727,10,0, 
2/12/2016,78.7,46,62.4,43.6,55.8,1022.7,9.8,0,
2/12/2016,79,47,63,43,60,1023.020455,10,0, 
2/13/2016,73.7,50.2,61.5,46.4,58.2,1024.5,9.9,0,
2/13/2016,75,52,64,47,60,1024.375,10,0, 
2/14/2016,74,56.4,63.1,54.8,76.1,1014.3,9.7,0,
2/14/2016,75,57,66,55,71,1014.893182,10,0, 
2/15/2016,73.9,50.2,63.2,47.9,62.2,1012,9.8,0,
2/15/2016,74,50,62,49,59,1012.184091,10,0, 
2/16/2016,80.1,46,62.2,40,47.6,1015.1,9.9,0,
2/16/2016,82,43,63,40,49,1015.570455,10,0, 
2/17/2016,74.1,47.3,61.5,33.2,35.2,1022.4,9.9,0,
2/17/2016,75,50,63,33,35,1022.681818,10,0, 
2/18/2016,78.3,52.3,64.4,52.9,69.3,1021.1,9.1,0,
2/18/2016,79,54,67,54,68,1021.327273,10,0, 
2/19/2016,80.1,64,69.8,57.9,67.4,1018.8,9.9,0,
2/19/2016,81,64,73,58,63,1019.295455,10,0, 
2/20/2016,75,65.8,69.1,62.4,79.8,1016.8,9.5,0,
2/20/2016,76,66,71,62,76,1016.925,10,0, 
2/21/2016,71.2,65,67.2,63,86.6,1015.7,9.2,0.008,rain
2/21/2016,71,65,68,63,86,1015.909091,10,0.01,Rain
2/22/2016,70.4,58,63.6,56.4,78.1,1011.8,9.4,0,
2/22/2016,72,57,65,56,74,1011.845455,10,0, 
2/23/2016,61.3,48,55.2,47.6,76.7,1007.5,8.9,1.236,rain
2/23/2016,61,47,54,50,76,1006.765909,8,1.33,"Rain , Thunderstorm"
2/24/2016,64.2,44.2,52.3,30.4,47.3,1021.7,9.9,0,
2/24/2016,65,42,54,30,49,1022.004545,10,0, 
2/25/2016,67.4,38.3,52.7,31.1,47.7,1025.9,9.9,0,
2/25/2016,69,38,54,31,53,1026.406818,10,0, 
2/26/2016,63.8,39.5,51.5,29.4,44,1029.6,9.9,0,
2/26/2016,64,41,53,29,42,1029.454545,10,0, 
2/27/2016,71.6,41,57.2,43.8,62.7,1024,9.9,0,
2/27/2016,73,42,58,45,62,1024.036364,10,0, 
2/28/2016,76.5,54,63.7,55.1,75.4,1017.1,9.7,0,
2/28/2016,78,55,67,55,72,1017.263636,10,0, 
2/29/2016,77.2,62.4,68.1,59.6,75.6,1016.6,9.8,0,
2/29/2016,77,62,70,60,72,1017.263636,10,0, 
3/1/2016,80.8,59.5,69.2,54.9,63.1,1016.4,9.9,0,
3/1/2016,81,59,70,55,62,1016.586364,10,0, 
3/2/2016,76.3,47.6,62.6,45.4,54.9,1018.5,9.9,0,
3/2/2016,78,49,64,47,59,1017.940909,10,0, 
3/3/2016,82,60.5,71.5,50.1,54,1014.5,9.4,0,
3/3/2016,83,62,73,50,53,1014.893182,10,0, 
3/4/2016,75.4,44.1,60.8,37.1,43.7,1020.1,9.9,0,
3/4/2016,76,45,61,37,48,1019.972727,10,0, 
3/5/2016,77.7,56.5,65.5,53.6,67.6,1020.2,9.6,0,
3/5/2016,79,57,68,54,66,1020.311364,10,0, 
3/6/2016,75.1,56.8,65.1,57.4,77.3,1017.9,9.2,0,
3/6/2016,77,58,68,57,74,1018.618182,9,0, 
3/7/2016,76.1,64.1,69,62.5,80.4,1009.5,9.3,0.008,rain
3/7/2016,76,64,70,62,76,1010.152273,9,0.01,Rain
3/8/2016,80.9,68.3,72.7,66,80.3,1004.7,8.6,0.194,rain
3/8/2016,83,68,76,66,74,1005.411364,8,0.22,"Rain , Thunderstorm"
3/9/2016,70.7,59.2,60.8,58.5,92.4,1006.7,7.2,2.064,rain
3/9/2016,71,59,65,58,92,1007.443182,6,2.18,"Rain , Thunderstorm"
3/10/2016,63.4,58.9,61.3,59.5,93.8,1011.3,7.5,0.461,rain
3/10/2016,64,58,61,59,92,1011.845455,8,0.4,Rain
3/11/2016,70.4,59.3,63.6,60.4,89.8,1013.3,7.8,0.301,rain
3/11/2016,71,59,65,61,87,1013.538636,7,0.36,"Rain , Thunderstorm"
3/12/2016,73.2,57.3,63.6,56,78.1,1011.9,9.8,0.004,rain
3/12/2016,74,57,66,56,75,1012.522727,10,,Rain
3/13/2016,84.5,57.1,69.3,49.6,59.3,1008.1,8.7,0,
3/13/2016,85,56,71,51,59,1008.797727,8,0, 
3/14/2016,89.3,54,72.6,50.3,47.7,1008.7,9.9,0,
3/14/2016,92,54,73,50,48,1008.797727,10,0, 
3/15/2016,89.3,66.8,75.4,59.3,64.5,1008.3,7,0,
3/15/2016,92,67,80,58,59,1008.797727,7,0, 
3/16/2016,79.1,59.5,69.1,54.5,61.2,1013.6,9,0,
3/16/2016,81,61,71,57,61,1013.538636,9,0, 
3/17/2016,79,67.1,71.5,66.2,84.2,1010.8,7.2,0.018,rain
3/17/2016,79,67,73,66,76,1011.845455,6,0.02,Rain
3/18/2016,77.2,59.4,70.2,66.2,87.6,1009.3,6.3,0.065,rain
3/18/2016,79,56,68,66,85,1009.813636,7,0.07,"Rain , Thunderstorm"
3/19/2016,62,47.8,55.2,36.8,51.5,1020.8,9.9,0,
3/19/2016,62,47,55,36,52,1021.327273,10,0, 
3/20/2016,62.6,41.9,51.9,28.7,42.5,1028.8,9.9,0,
3/20/2016,64,42,53,28,44,1029.115909,10,0, 
3/21/2016,67.1,35.1,51,33.3,54.7,1028.6,9.9,0,
3/21/2016,68,35,52,34,57,1028.438636,10,0, 
3/22/2016,76.8,44.4,60.4,48.8,67.1,1018.3,9.9,0,
3/22/2016,78,45,62,50,67,1017.940909,10,0, 
3/23/2016,79.5,65,70.3,61.7,75.1,1008.7,9.7,0,
3/23/2016,82,65,74,62,71,1009.136364,10,0.05, 
3/24/2016,69.4,51.3,60.9,41.9,52.4,1014.4,9.2,0.247,rain
3/24/2016,70,48,59,46,51,1013.538636,8,0.15,"Rain , Thunderstorm"
3/25/2016,72.7,41.8,56.7,40.6,59.5,1014.3,9.9,0,
3/25/2016,73,41,57,41,60,1014.215909,10,0, 
3/26/2016,72.8,47.2,60.2,52.2,76.5,1012.3,9.2,0,
3/26/2016,74,48,61,53,75,1012.522727,9,0, 
3/27/2016,73,58.4,64.9,53.4,69.6,1016.9,8.4,0.003,rain
3/27/2016,74,56,65,55,70,1016.925,8,,Rain
3/28/2016,73.8,47.8,60.5,42,53,1019.1,9.9,0,
3/28/2016,75,48,62,42,51,1018.956818,10,0, 
3/29/2016,69.3,59.2,64.9,60.6,86.4,1013.3,5.9,0.008,rain
3/29/2016,69,58,64,62,76,1012.861364,5,0.02,Rain
3/30/2016,76.6,69.1,71.4,68.9,92,1006.5,5.6,0.045,rain
3/30/2016,77,68,73,69,88,1007.104545,5,0.03,Rain
3/31/2016,84.7,67.7,75,54.2,57,1004.5,7.3,0,
3/31/2016,86,66,76,56,59,1004.734091,7,0, 
4/1/2016,66.2,51.5,57.9,45,63.4,1014.2,9.4,0.286,rain
4/1/2016,66,51,59,45,57,1014.893182,9,0.34,"Rain , Thunderstorm"
4/2/2016,72.8,45.1,57.6,37.9,51.7,1023.7,9.9,0,
4/2/2016,74,45,60,38,50,1024.036364,10,0, 
4/3/2016,77.5,43.2,60.3,40.9,54.5,1022,9.9,0,
4/3/2016,79,44,62,41,58,1022.004545,10,0, 
4/4/2016,81.8,52.6,66.6,46.5,50.2,1020.8,9.9,0,
4/4/2016,83,53,68,46,48,1020.988636,10,0, 
4/5/2016,80.5,50.7,66.8,47.3,51.4,1020.7,9.9,0,
4/5/2016,82,53,68,47,50,1020.65,10,0, 
4/6/2016,80.6,57.8,68.3,48.2,54.6,1017.2,9.9,0,
4/6/2016,82,55,69,48,56,1017.263636,10,0, 
4/7/2016,83.6,48.4,66.2,44.8,50.5,1016.3,9.9,0,
4/7/2016,85,48,67,45,55,1016.247727,10,0, 
4/8/2016,78.5,55,67.5,43.2,45.4,1019.5,9.9,0,
4/8/2016,80,55,68,43,51,1019.634091,10,0, 
4/9/2016,76,57.1,66.2,51.9,60.8,1018.3,9.9,0.014,rain
4/9/2016,77,58,68,53,63,1018.956818,10,0.02,"Rain , Thunderstorm"
4/10/2016,78.3,65.2,70.2,62.6,77.4,1013.9,9.8,0,
4/10/2016,79,65,72,62,75,1014.554545,10,, 
4/11/2016,87.1,70,76.1,67.9,77.1,1011.6,9.4,0,
4/11/2016,89,70,80,68,74,1012.184091,10,, 
4/12/2016,71.1,63.1,66.4,61.4,84,1016.8,8.4,0.725,rain
4/12/2016,73,62,68,61,83,1016.925,8,1.19,"Rain , Thunderstorm"
4/13/2016,70.4,61,64,59.8,86.9,1016.4,8.8,0.971,rain
4/13/2016,72,58,65,60,83,1017.263636,8,0.4,Rain
4/14/2016,75.8,54.6,63.5,56.2,79,1015.3,7.3,0,
4/14/2016,77,54,66,56,75,1015.909091,6,0,Fog
4/15/2016,78.1,54.3,66.2,58.2,77.2,1011.2,8.6,0,
4/15/2016,79,54,67,58,77,1011.506818,8,0, 
4/16/2016,74.1,64,68.8,65.9,90.4,1009.9,7.4,0.228,rain
4/16/2016,75,64,70,66,92,1010.490909,7,0.25,Rain
4/17/2016,76.8,65.2,70,68.1,93.8,1012.7,5.8,1.075,rain
4/17/2016,78,64,71,67,90,1013.538636,5,1.34,"Fog , Rain , Thunderstorm"
4/18/2016,73.1,63.7,67.8,65.5,92.6,1017,7.4,1.157,rain
4/18/2016,75,63,69,65,87,1017.602273,6,1.13,"Rain , Thunderstorm"
4/19/2016,79.7,62.9,69.6,64.9,85.9,1016.8,7,0,
4/19/2016,81,62,72,64,79,1017.940909,6,0, 
4/20/2016,79.5,60.3,69.8,63.1,81.1,1014.5,8.9,0.52,rain
4/20/2016,81,60,71,63,72,1015.231818,9,0.58,"Rain , Thunderstorm"
4/21/2016,81.4,61,69.1,61.8,79.5,1014.2,9,0.424,rain
4/21/2016,83,60,72,61,70,1014.893182,8,0.41,"Rain , Thunderstorm"
4/22/2016,82.4,60,70.7,55.6,63.1,1017.9,9.9,0,
4/22/2016,84,60,72,55,63,1017.940909,10,0, 
4/23/2016,81.8,56,69.5,54.2,62.3,1016.9,9.9,0,
4/23/2016,83,55,69,54,61,1016.586364,10,0, 
4/24/2016,77.8,62.3,69.9,62.5,77.8,1011.3,9.9,0,
4/24/2016,79,63,71,63,79,1011.168182,10,, 
4/25/2016,87.2,69.7,77.2,69.6,78.5,1007.7,9.3,0,
4/25/2016,88,70,79,69,76,1008.120455,10,0,Thunderstorm
4/26/2016,84.8,71.9,77,68.7,76.4,1004.7,8,0,
4/26/2016,86,72,79,69,77,1004.734091,8,0, 
4/27/2016,88.7,62.3,74.7,55.8,60.8,1005,8.6,0.472,rain
4/27/2016,90,62,76,58,54,1005.411364,8,0.54,"Rain , Thunderstorm"
4/28/2016,86,62.4,74.7,65.7,75.2,1008,8.3,0,
4/28/2016,87,63,75,66,71,1008.459091,8,, 
4/29/2016,83.8,74.8,78.5,73.3,84.3,1003.8,6.1,0.007,rain
4/29/2016,84,75,80,73,82,1004.056818,7,,Rain
4/30/2016,83.6,66.1,75.2,66.5,75.8,1005.4,8.6,0.925,rain
4/30/2016,86,66,76,67,73,1005.75,8,0.92,"Fog , Rain , Thunderstorm"
5/1/2016,76.1,65.4,70.8,60.4,70.9,1011.5,9.9,0,
5/1/2016,78,66,72,60,69,1012.184091,10,, 
5/2/2016,69.4,57.7,63,51.7,66.8,1017.8,9.9,0.032,rain
5/2/2016,70,57,64,51,68,1018.279545,10,,"Rain , Thunderstorm"
5/3/2016,76.6,54.7,65,48.9,59.2,1018.3,9.9,0,
5/3/2016,78,55,67,48,60,1018.618182,10,0, 
5/4/2016,85.6,54,69.8,50.9,55.7,1017.3,9.9,0,
5/4/2016,87,54,71,51,57,1017.263636,10,0, 
5/5/2016,86.9,59.1,72.9,53.1,52.6,1016.3,9.9,0,
5/5/2016,89,59,74,53,51,1016.586364,10,0, 
5/6/2016,83.9,56.3,71.5,53.3,56.7,1016.8,9.9,0,
5/6/2016,86,56,71,53,60,1016.925,10,0, 
5/7/2016,83.9,58.5,72.1,58,63.8,1014.7,9.8,0,
5/7/2016,85,60,73,58,65,1014.554545,10,0, 
5/8/2016,73,67.2,70.3,65.2,84.1,1010.6,9.5,0.088,rain
5/8/2016,73,67,70,65,88,1010.829545,10,0.11,Rain
5/9/2016,87.1,67.2,76.3,65.6,71.3,1007.5,9.8,0,
5/9/2016,87,67,77,66,69,1007.781818,10,0, 
5/10/2016,89.3,73.7,80.3,71.2,75,1010.2,6.6,0,
5/10/2016,91,66,79,70,75,1011.506818,6,0.27,"Rain , Thunderstorm"
5/11/2016,84.9,65.2,75.4,67.5,77.7,1014.5,8.7,0.572,rain
5/11/2016,87,65,76,67,76,1015.231818,8,0.33,"Rain , Thunderstorm"
5/12/2016,82.9,69.9,76.2,68,76.7,1018.2,9.1,0.079,rain
5/12/2016,84,68,76,68,78,1018.956818,9,0.11,"Rain , Thunderstorm"
5/13/2016,84.8,70.5,78.2,67.2,69.4,1019,9.9,0,
5/13/2016,87,71,79,67,69,1018.956818,10,, 
5/14/2016,80.3,65.9,72.5,68.1,86.6,1017.4,8.1,0.648,rain
5/14/2016,81,63,72,68,87,1018.279545,6,0.77,"Rain , Thunderstorm"
5/15/2016,72.2,62.2,66.9,61.5,83.2,1017.5,9.2,0.072,rain
5/15/2016,72,62,67,62,83,1017.602273,9,0.23,Rain
5/16/2016,78.5,66.8,71.1,66.4,85.9,1012.2,7.5,0.485,rain
5/16/2016,80,67,74,66,84,1013.2,6,0.26,Rain
5/17/2016,81.6,66.6,72.4,66.6,83.2,1012.4,7.2,0,
5/17/2016,82,65,74,66,83,1013.2,6,0.2,"Rain , Thunderstorm"
5/18/2016,76.5,64,68.1,60.9,78.5,1016.6,9.6,0.349,rain
5/18/2016,78,64,71,61,77,1016.586364,10,0.16,"Rain , Thunderstorm"
5/19/2016,74.5,61.3,65.8,61.9,87.9,1013.8,7,2.201,rain
5/19/2016,76,61,69,61,84,1014.893182,5,2.25,"Rain , Thunderstorm"
5/20/2016,81.8,61.8,71,62.6,76.5,1014.7,9,0,
5/20/2016,83,62,73,62,74,1015.231818,9,0, 
5/21/2016,82.9,69.9,75.7,69.6,81.4,1015.5,9.6,0,
5/21/2016,83,70,77,69,81,1015.909091,10,0, 
5/22/2016,85.2,71.9,78.5,72,81.2,1012.9,9.6,0,
5/22/2016,87,72,80,72,82,1013.877273,10,, 
5/23/2016,84.5,71.9,76.6,71.6,84.8,1011.1,9,0.011,rain
5/23/2016,85,71,78,72,84,1011.845455,9,0.01,Rain
5/24/2016,86.3,74.8,80,72.7,79.1,1012.4,9.8,0,
5/24/2016,87,74,81,72,76,1012.861364,10,0, 
5/25/2016,84.8,76.4,80.3,74.5,82.8,1013.9,8.1,0,
5/25/2016,86,77,82,75,81,1014.554545,8,0, 
5/26/2016,88.1,70.4,79.4,74.3,85,1010.5,7.7,1.036,rain
5/26/2016,90,68,79,73,76,1010.490909,8,0.52,"Rain , Thunderstorm"
5/27/2016,75.9,66.1,70.1,66.8,89.7,1007.2,8.5,1.636,rain
5/27/2016,77,65,71,66,87,1007.781818,8,0.35,"Rain , Thunderstorm"
5/28/2016,89.9,65,76.7,70.1,82,1012.2,6.7,0,
5/28/2016,91,65,78,69,79,1012.522727,6,0.02,"Fog , Rain , Thunderstorm"
5/29/2016,88.3,70.6,78.9,70.2,76.2,1016.5,8.9,0.193,rain
5/29/2016,88,70,79,71,78,1016.925,8,0.18,"Rain , Thunderstorm"
5/30/2016,88.2,66.1,77.5,67.1,73.3,1014.4,8.8,0.283,rain
5/30/2016,89,66,78,67,67,1015.570455,8,0.31,"Rain , Thunderstorm"
5/31/2016,82.3,68,74.8,71.5,89.7,1010.9,8.2,0.784,rain
5/31/2016,82,67,75,71,85,1011.506818,8,1.07,"Rain , Thunderstorm"
6/1/2016,87.1,67.7,76.1,68.9,80.1,1011.2,7.9,0.135,rain
6/1/2016,87,68,78,69,75,1011.845455,6,0.19,Rain
6/2/2016,83.1,68.3,75.1,67.9,79.8,1011.2,8.7,0.368,rain
6/2/2016,84,68,76,69,76,1011.845455,7,0.36,"Rain , Thunderstorm"
6/3/2016,82.9,65.9,74.1,65,75.2,1011.3,9.2,1.203,rain
6/3/2016,85,65,75,66,74,1012.184091,6,1.61,"Rain , Thunderstorm"
6/4/2016,85.3,65.6,73.7,68,83.5,1011.5,9.2,0.376,rain
6/4/2016,86,67,77,68,76,1012.184091,9,0.1,Rain
6/5/2016,87.3,68.3,77.5,62.3,63.8,1011.2,9.9,0,
6/5/2016,88,68,78,62,66,1011.168182,10,0, 
6/6/2016,89.2,70,79.4,59.6,52.3,1010.6,9.9,0,
6/6/2016,90,70,80,59,53,1010.829545,10,0, 
6/7/2016,91,69.2,79.8,65.4,63.4,1011.7,9.9,0,
6/7/2016,92,69,81,65,64,1011.845455,10,0, 
6/8/2016,90.7,70.7,80.5,70,72.3,1012.3,9.4,0,
6/8/2016,92,70,81,70,71,1012.522727,10,0, 
6/9/2016,91,70.2,79.5,69.8,74,1012.9,9.3,0,
6/9/2016,92,71,82,70,73,1013.2,10,0, 
6/10/2016,90.5,69.2,80.2,70.3,73.9,1013.4,9.6,0,
6/10/2016,91,69,80,71,77,1014.215909,10,0, 
6/11/2016,92.3,76.6,83.6,73.7,73.9,1014.8,9.3,0,
6/11/2016,93,76,85,74,72,1015.909091,9,0, 
6/12/2016,92.8,77.1,84.4,75.5,76.1,1015.2,9.6,0,
6/12/2016,94,77,86,76,74,1015.909091,10,0, 
6/13/2016,92.9,77,84.4,74.8,74.2,1012.7,9.8,0,
6/13/2016,94,76,85,75,76,1013.877273,10,0, 
6/14/2016,92.3,78.6,84.4,74.4,73,1010.4,9.7,0,
6/14/2016,94,78,86,74,71,1010.829545,10,0, 
6/15/2016,95.2,78.4,85.6,73.1,68.5,1012.1,8.6,0,
6/15/2016,96,78,87,73,66,1012.522727,8,0, 
6/16/2016,95.5,75.1,84.6,73.1,71.1,1013.4,9.1,0,
6/16/2016,96,75,86,73,71,1013.877273,9,0, 
6/17/2016,95,75.6,85.1,72.9,69.2,1013,9.6,0,
6/17/2016,97,76,87,73,70,1013.538636,10,0, 
6/18/2016,94.9,76.6,85.5,73.4,69,1014.3,9.3,0,
6/18/2016,96,76,86,73,67,1014.554545,9,0, 
6/19/2016,93.3,77.3,84.5,72.4,68.6,1017.3,9.8,0,
6/19/2016,94,77,86,73,67,1017.940909,10,0, 
6/20/2016,94.6,73.9,84.3,71.2,67,1020.4,9.9,0,
6/20/2016,95,75,85,71,65,1020.65,10,0, 
6/21/2016,95.5,74.7,85,71.2,65.7,1018.6,9.9,0,
6/21/2016,96,75,86,71,66,1018.618182,10,0, 
6/22/2016,93.8,75.3,84.8,72.3,68.4,1015.6,9.7,0,
6/22/2016,96,76,86,72,72,1015.909091,10,0, 
6/23/2016,92.8,75.1,84,71.6,68.5,1016,9.9,0,
6/23/2016,95,75,85,72,70,1016.925,10,0, 
6/24/2016,91.5,74.1,82.5,72.5,73.2,1015.8,9.9,0,
6/24/2016,93,75,84,73,73,1016.247727,10,0, 
6/25/2016,87.2,76.5,79.8,75,85.7,1016.1,9.6,0.019,rain
6/25/2016,88,77,83,75,81,1016.925,10,0.02,"Rain , Thunderstorm"
6/26/2016,93.7,75.4,83.9,72.9,72.6,1017.5,8.7,0,
6/26/2016,95,76,86,73,73,1018.279545,9,0, 
6/27/2016,94.9,74,84,70.9,67.3,1017.6,9.8,0,
6/27/2016,96,75,86,71,65,1017.940909,10,0, 
6/28/2016,98.9,73.8,81,71,74.7,1016.3,9.6,0.329,rain
6/28/2016,101,72,87,71,69,1016.586364,9,0.33,"Rain , Thunderstorm"
6/29/2016,94.3,71.6,82.2,70.4,70.9,1014.7,9.9,0,
6/29/2016,96,71,84,70,66,1014.893182,10,0, 
6/30/2016,93.8,76,85,71.3,66,1013.8,9.9,0,
6/30/2016,94,76,85,71,65,1013.877273,10,0, 
7/1/2016,93.8,73.5,84.6,71.4,67,1014.7,9.8,0,
7/1/2016,96,74,85,71,70,1014.893182,10,0, 
7/2/2016,96.4,76.4,85.7,73,68.2,1014.4,9.7,0,
7/2/2016,98,76,87,73,67,1014.893182,10,0, 
7/3/2016,97,78.1,86.2,74.3,69.6,1012.4,9.9,0,
7/3/2016,98,78,88,74,67,1012.861364,10,0, 
7/4/2016,98.6,80,87.5,73.5,65.6,1012.3,9.9,0,
7/4/2016,99,80,90,74,62,1012.522727,10,0, 
7/5/2016,97.8,79,86.7,74.1,68.3,1013.6,9.8,0,
7/5/2016,99,79,89,74,65,1014.215909,9,0, 
7/6/2016,98.3,79,86.9,73,65.8,1013.4,9.9,0,
7/6/2016,100,79,90,73,68,1013.877273,10,0, 
7/7/2016,98,78.7,86.7,73.2,66.3,1013,9.7,0,
7/7/2016,99,79,89,73,64,1013.2,10,0, 
7/8/2016,98.5,79,87,72.4,64.3,1014,9.9,0,
7/8/2016,100,79,90,73,64,1014.554545,10,0, 
7/9/2016,97.9,77.8,87,72.8,65.4,1015,9.6,0,
7/9/2016,99,78,89,73,65,1015.570455,10,0, 
7/10/2016,95.7,77.4,85.5,73.2,68.8,1013.1,9.2,0.031,rain
7/10/2016,97,77,87,74,67,1014.215909,9,0.04,"Rain , Thunderstorm"
7/11/2016,99.4,79,87,70.9,62.1,1011.8,9.6,0,
7/11/2016,100,79,90,71,60,1011.845455,10,0, 
7/12/2016,98.3,77,86.2,72,65.4,1012.6,9.9,0,
7/12/2016,100,77,89,72,64,1012.861364,10,0, 
7/13/2016,99.4,79.7,87.9,73.1,64.1,1014.2,9.9,0,
7/13/2016,101,80,91,73,64,1014.554545,10,0, 
7/14/2016,99.6,76.9,87,72.6,64.8,1014.3,9.9,0,
7/14/2016,101,77,89,73,64,1014.554545,10,0, 
7/15/2016,100.3,77.8,88,70.5,60.4,1014.1,9.6,0,
7/15/2016,101,78,90,71,62,1014.893182,10,0, 
7/16/2016,98.3,75.4,86.4,71,63.8,1014.5,9.5,0,
7/16/2016,100,76,88,72,66,1015.231818,10,0, 
7/17/2016,97.9,75.3,86.3,71,63.7,1016,9.9,0,
7/17/2016,99,76,88,72,63,1016.586364,10,0, 
7/18/2016,97.7,76.5,86.7,71.7,64,1018.3,9.9,0,
7/18/2016,99,78,89,72,65,1018.956818,10,0, 
7/19/2016,97.8,77.1,86.2,72.2,65.2,1019.2,9.9,0,
7/19/2016,100,77,89,72,64,1019.634091,10,0, 
7/20/2016,98.7,76.2,87,71.3,62.7,1019.4,9.9,0,
7/20/2016,101,77,89,72,62,1019.972727,10,0, 
7/21/2016,99.3,74.7,87.5,69,58,1018.3,9.9,0,
7/21/2016,101,76,89,69,60,1018.279545,10,0, 
7/22/2016,100,75.3,88.3,69.1,56.6,1016.3,9.9,0,
7/22/2016,102,76,89,69,59,1016.247727,10,0, 
7/23/2016,99.9,77.5,88.5,71,59.4,1013.3,9.9,0,
7/23/2016,101,78,90,71,60,1013.538636,10,0, 
7/24/2016,99.9,78.7,88.8,72.1,60.9,1012.3,9.9,0,
7/24/2016,101,78,90,73,64,1012.861364,10,0, 
7/25/2016,100.3,77.2,86,73.1,69,1012.6,9.2,0.62,rain
7/25/2016,102,76,89,73,66,1012.861364,9,0.76,"Rain , Thunderstorm"
7/26/2016,91.1,75.7,79.7,74.6,85.7,1012.6,8.2,0.364,rain
7/26/2016,93,75,84,75,76,1013.538636,7,0.08,"Rain , Thunderstorm"
7/27/2016,91.1,73.6,79.3,73.5,84.2,1013.5,8.3,1.701,rain
7/27/2016,92,74,83,74,78,1014.893182,6,1.06,"Fog , Rain , Thunderstorm"
7/28/2016,94.6,75.3,81.1,73.2,78.7,1014.4,9.6,0,
7/28/2016,97,75,86,73,70,1015.231818,10,0,Thunderstorm
7/29/2016,94.6,74.6,84,72.1,70,1014.6,9.9,0,
7/29/2016,96,74,85,72,67,1014.893182,10,0, 
7/30/2016,96.1,75.3,85.4,72.4,68,1014.6,9.8,0,
7/30/2016,97,76,87,73,71,1015.231818,10,0, 
7/31/2016,96,77.6,86.2,72.2,65.8,1014.3,9.8,0,
7/31/2016,98,78,88,73,66,1014.893182,-,0, 
8/1/2016,97.7,74.5,85.8,69.3,62.8,1015.5,9.2,0,
8/1/2016,99,75,87,70,62,1015.909091,10,0, 
8/2/2016,97.5,74,85.6,71.8,66.6,1016.5,9.7,0,
8/2/2016,98,75,87,72,67,1016.925,10,0, 
8/3/2016,97.6,75.3,87,72.4,64.6,1015,9.9,0,
8/3/2016,99,76,88,72,68,1015.231818,10,0, 
8/4/2016,97.5,75.1,86.9,72.3,64.4,1013,9.9,0,
8/4/2016,99,76,88,72,65,1013.2,10,0, 
8/5/2016,97.4,76,86.9,72.8,65.4,1013.1,9.9,0,
8/5/2016,100,77,89,73,67,1013.538636,10,0, 
8/6/2016,98.3,76.2,87.1,71.6,63,1013.2,9.9,0,
8/6/2016,100,77,89,71,63,1013.538636,10,0, 
8/7/2016,98.5,77,88.1,72.3,62.5,1012.1,9.8,0,
8/7/2016,100,77,89,72,65,1012.184091,10,0, 
8/8/2016,99.2,77.8,88.2,72.4,62.3,1010.9,9.9,0.004,rain
8/8/2016,100,78,89,72,65,1011.168182,10,0, 
8/9/2016,99.9,78.5,88.6,72.8,62.4,1011.5,9.9,0,
8/9/2016,102,79,91,73,66,1011.845455,10,0, 
8/10/2016,100.2,80.4,89.5,73,61.3,1013.2,9.9,0,
8/10/2016,102,81,92,73,64,1013.538636,10,0, 
8/11/2016,101.1,78.5,89.2,73.8,63.6,1012.5,9.8,0,
8/11/2016,102,78,90,74,64,1012.861364,10,0, 
8/12/2016,102.4,78.5,88.5,73.4,64.3,1009.2,9.7,0.043,rain
8/12/2016,105,79,92,73,63,1009.475,10,0, 
8/13/2016,92,77.3,82.9,73.2,74.1,1009.8,9.8,0.056,rain
8/13/2016,96,77,87,73,73,1009.813636,10,0.1,"Rain , Thunderstorm"
8/14/2016,82.5,71.2,76.3,74.5,94.4,1011.8,7.5,0.792,rain
8/14/2016,84,71,78,75,90,1012.861364,7,0.92,"Rain , Thunderstorm"
8/15/2016,76.3,71,73.3,72.1,96.1,1014.8,6.3,1.771,rain
8/15/2016,76,71,74,72,97,1015.909091,5,2.35,Rain
8/16/2016,82,71.3,74.5,73.4,96.4,1015.9,6.8,2.071,rain
8/16/2016,83,71,77,73,90,1016.586364,6,1.79,"Fog , Rain , Thunderstorm"
8/17/2016,82,74.9,77.3,75,93.1,1017.2,8.2,0.244,rain
8/17/2016,84,75,80,75,90,1017.940909,8,0.3,"Rain , Thunderstorm"
8/18/2016,87,74.8,78,74.6,89.9,1016.6,9.5,0.187,rain
8/18/2016,88,74,81,75,84,1017.263636,9,0.17,Rain
8/19/2016,92.4,74.8,82.3,74.6,80,1013,8.9,0.042,rain
8/19/2016,93,75,84,75,76,1013.877273,9,0.06,Rain
8/20/2016,82.3,73.2,78,74.4,89.1,1011.2,9,1.055,rain
8/20/2016,83,73,78,74,87,1012.184091,8,0.74,"Rain , Thunderstorm"
8/21/2016,81.2,73.3,76.7,73.4,89.9,1014.4,9.5,0.143,rain
8/21/2016,82,73,78,73,87,1014.893182,9,0.11,Rain
8/22/2016,91,74.9,80.7,73.7,81,1016.8,9,0.042,rain
8/22/2016,91,75,83,74,75,1017.602273,9,0.04,Rain
8/23/2016,92.8,78.3,84.2,73.7,72.8,1018.3,9.7,0,
8/23/2016,94,77,86,74,70,1018.956818,10,0, 
8/24/2016,92.6,75.9,83.4,72.9,72.9,1018,9.6,0,
8/24/2016,93,76,85,73,72,1018.956818,10,0, 
8/25/2016,93.2,74.5,82.3,73.2,75.8,1016.6,9.3,0.028,rain
8/25/2016,94,74,84,73,75,1017.263636,10,0.04, 
8/26/2016,91.9,74.4,81.6,72.9,76.8,1015.5,9.9,0,
8/26/2016,93,75,84,73,73,1015.909091,10,0, 
8/27/2016,91,72.8,81.7,71.5,73.2,1014.4,9.6,0,
8/27/2016,92,72,82,71,73,1014.554545,10,0, 
8/28/2016,89.9,72.8,80.1,71.6,76.4,1014.8,9.9,0.116,rain
8/28/2016,92,73,83,72,72,1015.231818,9,0.16,Rain
8/29/2016,89.9,73.7,78.8,72.5,82.5,1014.7,9.7,0.164,rain
8/29/2016,91,73,82,72,75,1015.231818,9,0.06,Rain
8/30/2016,90.6,73.2,80.6,72,76.6,1014.5,9.9,0,
8/30/2016,92,73,83,72,73,1014.893182,10,0, 
8/31/2016,92.8,73.8,82.7,72.4,73.1,1013.5,9.6,0.065,rain
8/31/2016,94,74,84,72,75,1013.538636,10,0.09,Rain
9/1/2016,93.5,75.1,84,72.1,69.5,1013,9.5,0,
9/1/2016,96,75,86,72,70,1013.2,10,0, 
9/2/2016,91.2,74.6,80.6,71.9,75.6,1014.4,9.3,0.027,rain
9/2/2016,92,75,84,72,73,1014.893182,10,0, 
9/3/2016,89.9,73.5,81.2,72.6,76.9,1014.2,8.3,0,
9/3/2016,92,73,83,72,73,1014.215909,9,, 
9/4/2016,91.7,74.2,81.7,73.3,77.6,1014,8.9,0.008,rain
9/4/2016,93,75,84,73,73,1014.554545,9,0.01,"Rain , Thunderstorm"
9/5/2016,90.2,73,80.2,74.3,83.2,1015.7,9.4,0.007,rain
9/5/2016,94,73,84,74,77,1016.247727,10,,"Rain , Thunderstorm"
9/6/2016,91.9,75.5,81.9,75.6,82.2,1017.5,8.9,0.146,rain
9/6/2016,95,77,86,76,79,1018.279545,10,0.01,"Rain , Thunderstorm"
9/7/2016,94.3,78.5,85,75.9,76.2,1017.6,9.4,0,
9/7/2016,96,78,87,76,75,1018.618182,10,0, 
9/8/2016,93.3,77,83.9,73.1,72,1014.8,9.6,0,
9/8/2016,95,77,86,73,70,1015.570455,10,0, 
9/9/2016,93.1,76.6,83.7,73,72.2,1012.9,9.8,0,
9/9/2016,95,77,86,73,72,1013.538636,10,0, 
9/10/2016,92.1,74.8,80.9,69.8,72.1,1017.4,9.2,0.086,rain
9/10/2016,93,71,82,71,68,1017.940909,9,0.05,Rain
9/11/2016,91.4,69.7,80.4,66.3,64.1,1018.7,9.9,0,
9/11/2016,93,69,81,66,64,1018.618182,10,0, 
9/12/2016,91.3,70.3,81.1,69.3,69.5,1013.9,9.9,0,
9/12/2016,93,70,82,69,70,1013.877273,10,0, 
9/13/2016,92.9,73.2,82,71.8,73.6,1014,9.5,0,
9/13/2016,94,74,84,72,73,1014.554545,10,,Rain
9/14/2016,91.7,76.1,82.6,71.3,69.9,1016.1,9.9,0.001,rain
9/14/2016,92,76,84,71,66,1016.586364,10,,Rain
9/15/2016,93.2,72.6,82.6,71.2,70.4,1015,9.6,0.018,rain
9/15/2016,94,72,83,71,70,1014.893182,10,0, 
9/16/2016,94.3,74.1,83.4,71.4,69.5,1012.8,9.8,0,
9/16/2016,95,75,85,71,69,1013.2,10,0, 
9/17/2016,94.9,74.2,84.2,72.4,70,1013.7,9.6,0,
9/17/2016,96,75,85,72,67,1013.877273,10,0, 
9/18/2016,96.4,74.7,85.6,72.9,68.4,1013.6,9.8,0,
9/18/2016,98,75,87,73,70,1013.538636,10,0, 
9/19/2016,98,75.5,85.8,73.1,68.4,1014.8,9.8,0,
9/19/2016,99,76,88,73,68,1014.893182,10,0, 
9/20/2016,96.1,74.8,85.2,71.5,67,1016.2,9.8,0,
9/20/2016,99,75,87,71,66,1016.247727,10,0, 
9/21/2016,93.5,75.7,83.6,69.1,65.1,1015.3,9.5,0.001,rain
9/21/2016,96,75,86,69,62,1015.570455,10,0, 
9/22/2016,92.2,70.3,81.6,68.6,66.4,1014,9.8,0,
9/22/2016,94,70,82,69,64,1014.215909,10,0, 
9/23/2016,91.3,75.1,81.6,74.1,79.3,1013.6,9.3,0.029,rain
9/23/2016,93,76,85,74,73,1014.554545,9,0.03,Rain
9/24/2016,94.1,76.5,81.6,74.6,80.7,1013.5,8.9,0.02,rain
9/24/2016,97,77,87,74,72,1014.215909,10,0.01,"Rain , Thunderstorm"
9/25/2016,83.8,72.2,76.8,73.2,89.1,1014.4,9,0.765,rain
9/25/2016,88,70,79,73,83,1015.231818,9,0.76,"Fog , Rain , Thunderstorm"
9/26/2016,73.6,67.1,71.4,68.4,90.5,1018.1,8.2,1.259,rain
9/26/2016,73,67,70,69,89,1018.618182,7,1.22,Rain
9/27/2016,78.7,66.8,71.5,62.6,74.5,1017.9,9.9,0,
9/27/2016,80,67,74,62,71,1018.279545,10,0, 
9/28/2016,88.9,64.6,74.6,60.2,65.7,1017.2,9.7,0,
9/28/2016,89,65,77,60,61,1017.263636,10,0, 
9/29/2016,85.3,62.9,72.6,56,59.3,1020.8,9.7,0,
9/29/2016,86,63,75,55,61,1020.988636,10,0, 
9/30/2016,81.7,59.2,69.2,52.2,56.7,1020.8,9.6,0,
9/30/2016,83,60,72,52,54,1020.65,10,0, 
10/1/2016,80.1,58.8,68.7,56.6,67.4,1017.9,9.5,0,
10/1/2016,80,59,70,56,65,1017.940909,10,, 
10/2/2016,84.8,57.5,70.9,58.2,67.9,1016.4,9.5,0,
10/2/2016,85,58,72,58,65,1016.586364,10,0, 
10/3/2016,86.5,61.8,73.7,61.1,67.1,1012.8,9.7,0,
10/3/2016,87,62,75,61,66,1012.861364,10,0, 
10/4/2016,92.1,69.7,79.6,68.8,72.1,1008.7,9.4,0,
10/4/2016,91,70,81,69,69,1009.136364,10,0, 
10/5/2016,92.9,75.6,82.6,72.3,73.4,1010.7,9.7,0,
10/5/2016,92,75,84,72,72,1011.506818,10,0, 
10/6/2016,93.1,76.6,82.6,72.9,74.9,1012.1,9.8,0,
10/6/2016,92,76,84,72,71,1012.861364,10,, 
10/7/2016,88.1,64.9,76.3,68.9,79.3,1016.3,9.5,0,
10/7/2016,89,63,76,69,74,1016.586364,10,,Rain
10/8/2016,84.4,61,71.7,60.2,68.7,1021.8,9.9,0,
10/8/2016,86,61,74,60,69,1022.004545,10,0, 
10/9/2016,82.6,60.7,70.4,49.2,51,1023,9.9,0,
10/9/2016,84,58,71,47,49,1023.020455,10,0, 
10/10/2016,84.4,51.3,66.2,46.5,54.1,1021.3,9.8,0,
10/10/2016,84,52,68,46,53,1021.327273,10,0, 
10/11/2016,88.6,53.3,70.5,54,59.4,1018.9,9.7,0,
10/11/2016,88,53,71,53,57,1018.956818,10,0, 
10/12/2016,90,62.7,76.2,64.9,69.7,1016.8,9.7,0,
10/12/2016,91,61,76,65,66,1017.263636,10,0, 
10/13/2016,88,71.5,77.6,69.4,77.7,1018.3,9.4,0.084,rain
10/13/2016,89,68,79,69,73,1018.956818,10,0.17,Rain
10/14/2016,86.1,68.1,75.2,67,78.2,1018.4,7.4,0.107,rain
10/14/2016,87,67,77,67,74,1019.295455,7,,"Fog , Rain"
10/15/2016,89.7,72.2,79.9,69.9,73.6,1015.6,9.7,0,
10/15/2016,91,71,81,70,70,1016.586364,10,0, 
10/16/2016,92.5,74.9,81.5,70.1,71.1,1013.5,9.9,0,
10/16/2016,94,75,85,70,66,1013.877273,10,0, 
10/17/2016,93.2,74.1,81.7,69.8,69.9,1010.2,9.9,0,
10/17/2016,94,74,84,70,69,1011.168182,10,0, 
10/18/2016,91.9,75.6,82,71.3,71.7,1010.2,9.9,0,
10/18/2016,93,75,84,71,67,1010.829545,10,0, 
10/19/2016,91.1,76.3,82.6,71.7,72.2,1012.7,9.8,0,
10/19/2016,92,75,84,71,71,1013.538636,10,0, 
10/20/2016,84.1,68.4,76,60.7,63.4,1018,9.8,0,
10/20/2016,83,65,74,61,60,1018.279545,10,0, 
10/21/2016,76.4,55.1,65,45.5,51.2,1023.4,9.9,0,
10/21/2016,77,53,65,45,50,1023.697727,10,0, 
10/22/2016,79.5,47.2,62.2,44.7,57.9,1021.4,9.8,0,
10/22/2016,80,47,64,45,57,1021.665909,10,0, 
10/23/2016,83.8,53.5,68,54.4,64.9,1020.9,9.8,0,
10/23/2016,84,55,70,55,63,1020.988636,10,,"Rain , Thunderstorm"
10/24/2016,84.7,67.6,74.7,64.5,72.3,1022.1,9.9,0.006,rain
10/24/2016,86,67,77,64,71,1022.343182,10,, 
10/25/2016,83.8,65.2,73.2,62.6,72,1020.7,8.9,0,
10/25/2016,86,67,77,63,72,1021.327273,8,0, 
10/26/2016,85.9,62.4,73.1,61.7,70,1019.3,9.7,0,
10/26/2016,87,64,76,62,69,1019.972727,10,0, 
10/27/2016,86.6,63.8,73.9,62.3,69.7,1021.2,9.8,0,
10/27/2016,88,64,76,62,68,1021.327273,10,0, 
10/28/2016,84.7,59.3,72,59.6,66.9,1021.2,9.8,0,
10/28/2016,86,61,74,60,67,1021.327273,10,0, 
10/29/2016,85.5,64.1,72.7,61.8,71.2,1019.9,9.4,0,
10/29/2016,86,64,75,62,68,1020.311364,10,0, 
10/30/2016,86.9,64.3,73.7,62.7,72.1,1019.7,9.2,0,
10/30/2016,87,65,76,63,67,1019.634091,10,0, 
10/31/2016,83.5,61.4,71.7,62.4,74.7,1017.1,8.9,0,
10/31/2016,86,60,73,62,72,1017.602273,8,0,Fog
11/1/2016,89.1,71.6,78.3,69.6,77.3,1014.3,9.2,0.25,rain
11/1/2016,91,71,81,71,72,1015.231818,9,0.33,"Rain , Thunderstorm"
11/2/2016,87,73.3,78.2,71.9,82.3,1016.8,9.2,0.008,rain
11/2/2016,88,73,81,72,78,1017.940909,9,0.01,Rain
11/3/2016,79.8,68.3,73.4,69.9,88.8,1021.2,9.4,1.014,rain
11/3/2016,80,68,74,70,84,1022.343182,8,1.07,"Fog , Rain , Thunderstorm"
11/4/2016,72.1,68.2,70.4,66.3,86.8,1023.7,8.8,0,
11/4/2016,73,68,71,66,89,1024.036364,9,0, 
11/5/2016,72,64.2,68.9,65.5,89,1022.4,6.6,0.174,rain
11/5/2016,72,63,68,66,91,1023.359091,6,0.24,Rain
11/6/2016,74.1,59,64.9,61,87.4,1019.9,9.2,0.221,rain
11/6/2016,76,59,68,60,85,1020.311364,10,0.07,Rain
11/7/2016,71.5,61.9,66.1,65,96.5,1018.6,5.3,0.06,rain
11/7/2016,71,61,66,65,94,1018.956818,5,0.08,Rain
11/8/2016,69.3,63.3,66.1,63.9,92.6,1020.6,8.1,0.368,rain
11/8/2016,69,62,66,64,92,1021.327273,8,0.49,"Rain , Thunderstorm"
11/9/2016,65,61,63.2,61.1,93,1023.4,7.3,0.341,rain
11/9/2016,65,60,63,61,94,1023.697727,6,0.17,Rain
11/10/2016,70.6,56.3,62.9,55.1,76.9,1025.6,9.7,0,
11/10/2016,71,56,64,55,72,1025.729545,10,0, 
11/11/2016,73.7,55.3,62,56.4,83.2,1023.9,8.9,0,
11/11/2016,74,55,65,57,79,1024.375,8,,Rain
11/12/2016,75.4,56.2,64.6,56.4,76.7,1023.2,9.4,0,
11/12/2016,77,57,67,57,72,1023.359091,8,0, 
11/13/2016,73.9,53.9,63.7,55.1,74.7,1022,9.4,0,
11/13/2016,76,54,65,55,75,1022.004545,10,0, 
11/14/2016,80.2,56.5,66.1,58.3,78.5,1018.4,7.3,0,
11/14/2016,82,56,69,58,74,1018.956818,6,0,Fog
11/15/2016,84.3,57.3,68.1,54.2,65.3,1017.3,9.9,0,
11/15/2016,86,59,73,55,60,1017.263636,10,0, 
11/16/2016,85.9,54,68.5,51.1,58.2,1014.9,9.9,0,
11/16/2016,86,55,71,52,58,1014.893182,10,0, 
11/17/2016,82.2,60.1,70.5,60.7,73.4,1011.8,8.8,0,
11/17/2016,82,58,70,61,74,1012.522727,9,0, 
11/18/2016,78.8,53.6,67.2,52.1,61.3,1019.8,9.9,0,
11/18/2016,79,52,66,55,62,1019.295455,10,,Rain
11/19/2016,61.9,41.8,51.4,29.5,44.9,1034,9.9,0,
11/19/2016,63,41,52,30,46,1034.195455,10,0, 
11/20/2016,66,35.4,49.4,31.3,55.1,1028.1,9.9,0,
11/20/2016,67,35,51,32,55,1027.761364,10,0, 
11/21/2016,76.9,43.2,59.6,47,65.2,1019.1,9.9,0,
11/21/2016,77,44,61,48,64,1018.956818,10,0, 
11/22/2016,76.1,61.2,69,63.5,83.1,1013.6,9.7,0.296,rain
11/22/2016,76,62,69,64,83,1013.877273,9,0.49,"Rain , Thunderstorm"
11/23/2016,71.7,50.3,62.6,51.9,70.8,1019.8,9.4,0.174,rain
11/23/2016,73,51,62,54,71,1019.634091,9,0.13,Rain
11/24/2016,75.3,45.3,60.4,51.2,74.4,1022.1,9.8,0,
11/24/2016,76,46,61,52,70,1022.343182,10,0, 
11/25/2016,65.3,55.3,61,56.9,86.5,1026.2,9.2,0.026,rain
11/25/2016,66,55,61,57,87,1026.745455,10,0.03,Rain
11/26/2016,68.3,53.7,61.5,50.9,69,1026.5,9.9,0,
11/26/2016,70,53,62,51,69,1026.406818,10,0, 
11/27/2016,75,55.4,66,58.7,77.7,1014.2,9.8,0,
11/27/2016,76,56,66,59,75,1013.538636,10,0, 
11/28/2016,78.2,50.2,69.9,49.8,55.7,1001.5,9.9,0,
11/28/2016,79,51,65,49,53,1001.347727,10,0, 
11/29/2016,78.4,49.2,61.6,41.9,52.2,1004.3,9.9,0,
11/29/2016,79,49,64,42,53,1004.734091,10,0, 
11/30/2016,66.5,43,55.7,33.2,45.2,1015.9,9.9,0,
11/30/2016,67,42,55,33,45,1016.586364,10,0, 
12/1/2016,67.9,36.6,52.1,33.7,54.4,1018.7,9.9,0,
12/1/2016,69,37,53,34,56,1018.618182,10,0, 
12/2/2016,64.3,49.8,55.3,48.7,78.8,1017.6,9.5,0.194,rain
12/2/2016,64,51,58,49,77,1017.602273,10,0.22,Rain
12/3/2016,52,49.1,50.8,49.2,94.3,1014.8,6.8,1.321,rain
12/3/2016,52,49,51,49,95,1014.893182,6,1.29,Rain
12/4/2016,52.3,49.1,50.9,48.1,90,1015.8,8.9,0.37,rain
12/4/2016,53,49,51,48,88,1016.247727,8,0.37,Rain
12/5/2016,52.2,48,49.8,48.1,94.1,1011.2,6.4,0.602,rain
12/5/2016,52,47,50,48,95,1010.829545,5,0.63,Rain
12/6/2016,57.7,44.1,50.1,45.8,85.8,1013.8,9.3,0,
12/6/2016,58,43,51,45,84,1013.877273,8,0,Fog
12/7/2016,55.4,39.4,48.4,44.5,86.8,1019.4,7.4,0,
12/7/2016,56,39,48,45,86,1019.634091,7,0, 
12/8/2016,52.2,36.2,42.6,30.6,62.8,1032.4,9.8,0,
12/8/2016,52,36,44,31,68,1032.502273,10,0, 
12/9/2016,45.7,33.5,39.1,20.3,46.9,1036.3,9.9,0,
12/9/2016,46,33,40,20,45,1036.227273,10,0, 
12/10/2016,52.4,34.2,45.2,36.5,72.6,1029.2,8.7,0,
12/10/2016,52,35,44,37,75,1028.438636,8,0, 
12/11/2016,66.2,50.5,57.4,55.5,93.5,1016.4,5.5,0.019,rain
12/11/2016,67,50,59,55,91,1017.263636,5,0.02,"Fog , Rain"
12/12/2016,65.3,46.7,54.6,46.9,76.9,1016.7,9.6,0,
12/12/2016,67,46,57,47,73,1016.586364,10,0, 
12/13/2016,75.9,51.2,61.4,53.9,78.9,1015.9,7.4,0,
12/13/2016,77,50,64,54,73,1016.247727,7,0, 
12/14/2016,57,43.3,51.2,43.9,76.3,1021.7,9,0,
12/14/2016,57,43,50,43,78,1022.004545,10,0, 
12/15/2016,53.3,45.1,49.8,41.9,74.5,1025.9,7.9,0,
12/15/2016,54,45,50,42,78,1026.406818,7,0, 
12/16/2016,65.8,51.3,57.9,52.9,83.9,1014.2,7.9,0,
12/16/2016,67,51,59,54,82,1013.877273,8,0, 
12/17/2016,75.1,37.4,63.5,58.7,85.1,1008.2,7,0.009,rain
12/17/2016,76,34,55,59,80,1008.459091,6,0, 
12/18/2016,36,26.2,30.3,12.5,47.6,1031.4,9.9,0,
12/18/2016,37,26,32,12,48,1032.502273,10,0, 
12/19/2016,43.8,23.3,32.9,11.5,42.3,1038.7,9.9,0,
12/19/2016,45,23,34,12,42,1038.936364,10,0, 
12/20/2016,58,35.9,46.1,19.6,36.7,1031.7,9.9,0,
12/20/2016,59,35,47,20,40,1031.486364,10,0, 
12/21/2016,69.3,43,55.6,31.5,41.1,1022.7,9.9,0,
12/21/2016,71,43,57,32,41,1022.681818,10,0, 
12/22/2016,66.7,50.2,57.3,36.7,47.7,1024.5,9.9,0,
12/22/2016,68,50,59,36,48,1024.713636,10,0, 
12/23/2016,68.7,52.4,60,53,79.7,1019.1,6.7,0.016,rain
12/23/2016,68,52,60,54,74,1019.295455,6,0.01,"Fog , Rain"
12/24/2016,77,65.7,71.3,66.6,85.6,1016.3,8.4,0,
12/24/2016,78,65,72,66,85,1016.586364,9,, 
12/25/2016,80.1,68.3,73.1,65.4,77.7,1013.4,9.9,0,
12/25/2016,80,68,74,65,74,1013.877273,10,0, 
12/26/2016,83.4,70.7,74.8,68.4,81.6,1018.7,9.5,0,
12/26/2016,84,70,77,69,74,1019.634091,10,,Rain
12/27/2016,75.2,62.9,68.5,56.9,68.2,1022.3,9.6,0,
12/27/2016,76,62,69,58,72,1022.681818,10,, 
12/28/2016,83.1,62.4,71.8,63.7,77.2,1017.8,8.8,0,
12/28/2016,83,62,73,64,72,1018.618182,9,0, 
12/29/2016,69.8,47.8,58.9,29.3,35,1028,9.9,0,
12/29/2016,70,49,60,27,51,1028.777273,10,0, 
12/30/2016,54.4,49,51.4,22.1,31.9,1027.7,9.9,0,
12/30/2016,55,49,52,23,38,1026.406818,10,, 
12/31/2016,77.2,51.3,61.8,51.8,70.3,1011.9,9.8,0,
12/31/2016,77,51,64,51,70,1012.522727,10,,Rain
1/1/2017,74.4,52.5,61.6,51,70.8,1010.5,7.9,0,
1/1/2017,73,53,63,52,74,1010.829545,8,0,Fog
1/2/2017,73.7,54,62.9,51.9,71.1,1011.2,8.2,0.391,rain
1/2/2017,73,52,64,54,79,1010.829545,8,0.4,"Rain , Thunderstorm"
1/3/2017,75.3,45.8,58.6,39.8,53.4,1016.8,9.9,0,
1/3/2017,75,44,60,39,52,1017.263636,10,0, 
1/4/2017,47.7,38.4,42.2,28.5,58.3,1020.4,9.9,0,
1/4/2017,48,37,42,28,58,1020.311364,10,0, 
1/5/2017,62.1,36.4,47.6,35.9,64.3,1014.1,9.8,0,
1/5/2017,62,34,49,35,64,1014.554545,10,0, 
1/6/2017,34.4,24.3,30,15.5,54.3,1025.4,9.9,0,
1/6/2017,34,23,29,15,55,1026.406818,10,0, 
1/7/2017,42.8,19.9,29.3,11,49.6,1040.5,9.9,0,
1/7/2017,44,19,32,11,48,1040.968182,10,0, 
1/8/2017,52,20.9,36.6,17,49.6,1037.8,9.9,0,
1/8/2017,53,21,37,18,50,1037.581818,10,0, 
1/9/2017,71.5,42.1,56.2,45.5,68.5,1026.1,9.9,0,
1/9/2017,71,43,57,47,69,1026.068182,10,0, 
1/10/2017,79.5,59.7,66.6,55.7,70.7,1016.6,9.9,0,
1/10/2017,79,59,69,56,66,1016.586364,10,0, 
1/11/2017,79.9,59.2,68.2,59.7,75.8,1013.9,9.6,0,
1/11/2017,80,59,70,60,72,1014.215909,10,0, 
1/12/2017,79.5,66.3,72.2,62.9,73.9,1016.9,9.6,0,
1/12/2017,81,67,74,63,70,1017.263636,10,0, 
1/13/2017,78.5,55.9,69.6,61.8,78.1,1023.8,8.8,0.531,rain
1/13/2017,78,56,67,63,74,1024.375,8,0.65,"Fog , Rain"
1/14/2017,55.7,47.9,51.3,49.6,94,1027,3.6,0.081,rain
1/14/2017,56,47,52,50,92,1027.084091,3,0.07,Rain
1/15/2017,72.2,50.7,59.6,57.6,93.5,1017.2,4.6,0.226,rain
1/15/2017,73,51,62,59,87,1016.247727,4,0.61,"Rain , Thunderstorm"
1/16/2017,68.4,58.9,63,56.8,81.4,1014.6,9.1,0.723,rain
1/16/2017,70,58,64,56,78,1014.893182,9,0.3,"Rain , Thunderstorm"
1/17/2017,58.9,48.3,52.7,49.3,88.3,1019,8.4,1.334,rain
1/17/2017,59,48,54,48,86,1019.634091,7,1.57,"Fog , Rain , Thunderstorm"
1/18/2017,56.1,47.4,51.6,49.1,91.5,1018.3,8.8,0.727,rain
1/18/2017,56,47,52,48,93,1018.956818,8,0.51,"Rain , Thunderstorm"
1/19/2017,70.4,51.7,58.1,52.6,83.1,1010.2,9.4,0,
1/19/2017,71,52,62,52,79,1010.152273,10,,Rain
1/20/2017,75,50.1,59.9,50.6,74.7,1006.6,8.7,0,
1/20/2017,76,47,62,50,66,1007.104545,9,0, 
1/21/2017,81.1,49.2,63.8,48.6,64.7,1000.5,7.8,0.014,rain
1/21/2017,81,48,65,51,62,1001.686364,7,0.02,Fog
1/22/2017,69,54.9,62.3,33.8,34.7,1006.8,9.8,0,
1/22/2017,70,53,62,34,38,1007.443182,10,0, 
1/23/2017,74.8,46.2,58.8,35.7,44.2,1013.9,9.9,0,
1/23/2017,76,46,61,36,44,1013.877273,10,0, 
1/24/2017,83.3,49.3,65.6,50.3,60,1006.1,9.9,0,
1/24/2017,84,50,67,51,62,1006.088636,10,0, 
1/25/2017,69.1,49.8,62.2,35.5,39.6,1012.8,9.9,0,
1/25/2017,69,48,59,36,53,1013.2,10,0, 
1/26/2017,57.5,39.3,47.2,27,47.1,1024.8,9.9,0,
1/26/2017,59,40,50,27,46,1025.052273,10,0, 
1/27/2017,55.4,37.5,47.3,24.8,43.2,1027.4,9.9,0,
1/27/2017,58,38,48,24,48,1027.761364,10,0, 
1/28/2017,60.3,41.8,49.5,30.2,51.5,1027.8,9.9,0,
1/28/2017,61,39,50,31,52,1027.761364,10,,Rain
1/29/2017,69.2,37.9,52.6,29.4,44.6,1026.7,9.9,0,
1/29/2017,70,40,55,30,44,1026.745455,10,0, 
1/30/2017,79,44.8,59.4,29.7,36.6,1022.6,9.9,0,
1/30/2017,79,47,63,30,38,1022.343182,10,0, 
1/31/2017,76.9,43.4,60.6,34.7,41,1017.1,9.9,0,
1/31/2017,78,44,61,36,44,1016.925,10,0, 
2/1/2017,80.7,49.9,63.6,51.5,69.5,1014.5,8.5,0,
2/1/2017,82,51,67,52,68,1015.231818,8,0, 
2/2/2017,64.8,46.3,55.1,36.2,49.3,1023.1,9.9,0,
2/2/2017,64,46,55,35,52,1023.359091,10,0, 
2/3/2017,52.2,46.1,48.9,34.4,57,1027.9,9.8,0,
2/3/2017,53,45,49,34,57,1028.438636,10,, 
2/4/2017,51.5,47.3,49.9,44.4,82.2,1024.2,5.4,0.022,rain
2/4/2017,51,47,49,46,77,1024.036364,4,0.02,Rain
2/5/2017,71.1,51.3,60.9,58.1,91.1,1017.8,5.2,0.005,rain
2/5/2017,72,51,62,59,89,1017.940909,6,,Fog
2/6/2017,78.3,68.2,71.3,64.8,80.9,1012.4,9.5,0,
2/6/2017,78,67,73,65,76,1012.861364,9,,Rain
2/7/2017,85.4,57.3,72.3,53.2,59.4,1008.7,8.8,0,
2/7/2017,86,56,71,54,59,1009.136364,8,0, 
2/8/2017,85.8,52,67.2,40.9,41.7,1011,9.9,0,
2/8/2017,87,51,69,41,49,1011.845455,10,0, 
2/9/2017,67.5,43.7,54.8,31.2,41.9,1025.2,9.9,0,
2/9/2017,68,43,56,31,39,1025.390909,10,0, 
2/10/2017,79,49,63.6,52.1,67,1021,9.8,0,
2/10/2017,79,51,65,51,70,1021.327273,10,0, 
2/11/2017,85.3,66.1,74.1,64.6,74.4,1015.3,8.1,0,
2/11/2017,86,66,76,64,71,1015.570455,8,0, 
2/12/2017,78.5,66.1,71,60.9,72.2,1018.7,9.4,0,
2/12/2017,79,66,73,61,73,1018.956818,9,0, 
2/13/2017,77.5,63.1,68.8,54.5,61.3,1017.3,9.9,0,
2/13/2017,78,63,71,55,63,1017.602273,10,, 
2/14/2017,67.1,49.1,54.1,47.7,79.5,1013.7,8.8,0.888,rain
2/14/2017,67,47,57,47,80,1013.877273,8,0.86,"Rain , Thunderstorm"
2/15/2017,64.2,43.5,52.3,33.4,52.6,1021.1,9.9,0,
2/15/2017,65,43,54,33,53,1021.327273,10,0, 
2/16/2017,69.6,39.8,53.3,35.7,54.9,1019.4,9.9,0,
2/16/2017,70,40,55,36,54,1019.295455,10,0, 
2/17/2017,76,49.1,61.4,48.6,64.9,1011.1,9.9,0,
2/17/2017,77,50,64,50,67,1010.829545,10,0, 
2/18/2017,85.1,62.1,71.9,55.8,62.5,1007.8,9.9,0,
2/18/2017,86,62,74,56,58,1008.459091,10,0, 
2/19/2017,80,69,73.2,66.1,79.1,1009.6,8.3,0,
2/19/2017,81,61,71,66,76,1010.490909,7,0.09,"Rain , Thunderstorm"
2/20/2017,70.2,58.1,62.2,57.5,85.6,1013.6,9,1.142,rain
2/20/2017,70,58,64,57,80,1014.215909,8,1.12,"Rain , Thunderstorm"
2/21/2017,80.5,53.4,64.7,43.5,51.9,1014.6,9.8,0.004,rain
2/21/2017,82,52,67,43,61,1014.893182,10,0, 
2/22/2017,86.4,50.8,67.2,44.7,47.9,1011.3,9.9,0,
2/22/2017,87,51,69,45,48,1011.168182,10,0, 
2/23/2017,89.5,54.4,70.7,50,51.6,1003.9,9.9,0,
2/23/2017,90,55,73,49,50,1003.718182,10,0, 
2/24/2017,79.8,56.6,68.2,45.9,53.4,1008.4,9.8,0,
2/24/2017,80,54,67,35,31,1009.136364,10,0, 
2/25/2017,61.9,44.1,52.5,28.7,41.4,1020,9.9,0,
2/25/2017,63,44,54,28,42,1020.311364,10,0, 
2/26/2017,71.5,40.6,56.5,48.1,73.8,1014.5,9.9,0.003,rain
2/26/2017,72,42,57,50,77,1014.215909,10,, 
2/27/2017,80.9,66.1,72.4,64.9,78.3,1012.6,8.4,0,
2/27/2017,82,66,74,65,76,1013.2,8,, 
2/28/2017,79.2,69.2,74.1,66.7,78.5,1011.6,7.4,0,
2/28/2017,80,69,75,67,79,1012.184091,7,0, 
3/1/2017,71.5,53.8,66.9,44.9,50.6,1018.3,9.2,0,
3/1/2017,73,54,64,45,59,1018.618182,9,0, 
3/2/2017,65.5,48.6,55.8,22.4,28.3,1028.8,9.9,0,
3/2/2017,66,49,58,22,30,1029.454545,10,0, 
3/3/2017,68.9,39.4,56.2,29.5,39,1032.1,9.9,0,
3/3/2017,71,40,56,29,45,1032.163636,10,0, 
3/4/2017,59.2,54.3,56.7,50.5,81.7,1027.1,7.4,0.631,rain
3/4/2017,59,54,57,52,72,1027.084091,6,0.66,Rain
3/5/2017,73.8,57.3,63.8,60.6,89.9,1019.1,6.9,0.309,rain
3/5/2017,75,57,66,60,84,1019.634091,6,0.27,Rain
3/6/2017,81.2,67.9,73.3,65.8,78.7,1013,9.9,0,
3/6/2017,84,68,76,66,76,1013.877273,10,,Rain
3/7/2017,74.2,60.8,66.7,50.9,61.3,1019.5,9.3,0,
3/7/2017,77,61,69,51,61,1019.972727,10,, 
3/8/2017,74.8,60,66.6,48.3,52.7,1023.9,9.9,0,
3/8/2017,76,60,68,50,56,1023.697727,10,, 
3/9/2017,79.2,66.7,70.9,64.7,81.5,1019.5,9.4,0,
3/9/2017,80,67,74,64,79,1020.311364,10,,"Rain , Thunderstorm"
3/10/2017,81.4,61.5,70,62,77.2,1019.3,9.9,0,
3/10/2017,83,62,73,62,70,1019.634091,10,, 
3/11/2017,66,61.5,64,62.1,93.7,1018.4,6.7,0.668,rain
3/11/2017,66,61,64,62,94,1018.956818,6,0.73,Rain
3/12/2017,62.2,47.1,50.4,46.6,86.9,1022.9,9.5,0.017,rain
3/12/2017,62,47,55,47,85,1023.020455,9,0.01,Rain
3/13/2017,68.6,48,55.7,48.2,78.8,1020.4,6.7,0.013,rain
3/13/2017,70,48,58,48,85,1020.65,6,0.01,Rain
3/14/2017,71.2,41.5,56.2,39.6,56.1,1023.7,9.9,0,
3/14/2017,73,40,57,43,46,1024.036364,10,0, 
3/15/2017,74.5,48.2,61.2,48.7,66,1024.3,9.6,0,
3/15/2017,75,49,62,49,64,1024.713636,9,0, 
3/16/2017,77.4,58.3,66.5,59.4,79,1021.7,8.2,0.019,rain
3/16/2017,79,58,69,59,78,1022.343182,7,0.02, 
3/17/2017,81.8,65.6,71,62.5,75.8,1019.5,9.8,0,
3/17/2017,83,65,74,62,69,1019.972727,10,0, 
3/18/2017,82.2,63.6,71.8,63.2,76.2,1023.1,9.2,0,
3/18/2017,84,65,75,63,72,1023.697727,10,0, 
3/19/2017,83.5,65,72.7,62.2,71.8,1022.4,9.8,0,
3/19/2017,85,65,75,62,69,1022.681818,10,0, 
3/20/2017,84,64.2,73.2,60.4,67.2,1019.5,9.9,0,
3/20/2017,85,64,75,60,63,1019.634091,10,0, 
3/21/2017,83.7,63.5,72,60.9,70.3,1017.4,9.8,0,
3/21/2017,85,63,74,61,70,1017.940909,10,0, 
3/22/2017,82.7,67.9,73.3,62.3,70.2,1017.9,9.9,0,
3/22/2017,83,68,76,62,67,1018.279545,10,0, 
3/23/2017,84,65.8,72.9,57.7,63.6,1016.3,9.9,0,
3/23/2017,85,65,75,59,56,1016.586364,10,0, 
3/24/2017,82.4,64.9,71.5,62.3,74.6,1012.2,9,0.06,rain
3/24/2017,83,60,72,63,68,1012.861364,8,0.05,Rain
3/25/2017,82.9,53.4,67.2,46.4,49.3,1014.9,9.9,0,
3/25/2017,84,53,69,46,48,1014.893182,10,0, 
3/26/2017,85.1,61.1,73.2,60.8,67.8,1010,8,0,
3/26/2017,86,63,75,61,67,1010.490909,8,0, 
3/27/2017,83.5,69.5,75.6,66.1,73.4,1009.9,9.5,0.001,rain
3/27/2017,86,70,78,66,73,1010.152273,9,0, 
3/28/2017,85.5,70.3,76,65.4,71.9,1007.3,8.8,0,
3/28/2017,86,70,78,66,67,1008.459091,8,0, 
3/29/2017,83.7,60.3,71,55,64.6,1007.2,9,0.817,rain
3/29/2017,84,60,72,56,62,1007.781818,8,0.73,"Rain , Thunderstorm"
3/30/2017,80.5,53.6,66.5,46.3,51.7,1010.9,9.9,0,
3/30/2017,82,54,68,46,50,1010.829545,10,0, 
3/31/2017,85.3,55.5,69.9,53.1,58.1,1007.8,9.9,0,
3/31/2017,86,55,71,53,56,1007.781818,10,0, 
4/1/2017,76.6,64.7,70.3,63,78.4,1009.4,9.9,0,
4/1/2017,76,65,71,63,79,1009.813636,10,0, 
4/2/2017,76.3,59.1,68.2,61.4,80,1006.7,8.4,0.676,rain
4/2/2017,77,57,67,61,74,1007.443182,7,0.71,"Rain , Thunderstorm"
4/3/2017,87.9,49.5,68.2,51.4,60.8,1006.6,9.9,0,
4/3/2017,90,49,70,51,58,1006.427273,10,0, 
4/4/2017,88.5,59.6,73,55,55.5,1004.6,9.9,0,
4/4/2017,89,60,75,55,52,1004.734091,10,0, 
4/5/2017,74,52.2,64.8,40.6,42.9,1016.5,9.9,0,
4/5/2017,75,52,64,39,45,1017.263636,10,0, 
4/6/2017,77.6,49.8,63.2,42.4,50.2,1022.7,9.9,0,
4/6/2017,79,49,64,43,52,1023.020455,10,0, 
4/7/2017,79.7,50.8,65.7,47.7,55.3,1021.6,9.9,0,
4/7/2017,81,52,67,48,55,1021.665909,10,0, 
4/8/2017,80.7,55.9,68.7,57.6,69.1,1015.5,9.9,0,
4/8/2017,82,56,69,58,72,1015.570455,10,0, 
4/9/2017,80.2,65.1,71.6,63.5,76.3,1012.1,9.9,0,
4/9/2017,81,66,74,64,73,1012.522727,10,0, 
4/10/2017,79.4,71.1,74.1,68.9,84,1014.1,9.2,0.088,rain
4/10/2017,80,71,76,69,82,1015.231818,8,0.1,Rain
4/11/2017,73,62.8,67.7,65.2,92,1018.9,8.8,0.269,rain
4/11/2017,72,62,67,65,94,1019.972727,8,0.34,"Rain , Thunderstorm"
4/12/2017,76.3,61.2,68.2,61.4,79.8,1020.9,9.6,0,
4/12/2017,78,61,70,61,79,1021.327273,10,0, 
4/13/2017,80.8,66.8,72.5,63.9,76.3,1019.7,8.9,0,
4/13/2017,82,67,75,64,77,1020.65,9,,Rain
4/14/2017,82.1,64.6,71.8,61.5,72.3,1017.7,9.2,0,
4/14/2017,84,65,75,62,69,1018.279545,10,0, 
4/15/2017,82.9,67.5,74,64.4,73.5,1016.1,9.6,0,
4/15/2017,84,67,76,64,71,1016.925,10,0, 
4/16/2017,83.2,69.8,75.2,66.2,74.7,1015.6,9.8,0,
4/16/2017,84,69,77,66,73,1016.247727,10,0, 
4/17/2017,78.2,64.9,70.7,64.7,81.9,1015.4,9.2,0.011,rain
4/17/2017,80,63,72,65,80,1015.909091,10,,"Rain , Thunderstorm"
4/18/2017,80.9,61.7,69.8,62.4,78.2,1015.5,9.9,0,
4/18/2017,82,61,72,62,73,1015.909091,10,0, 
4/19/2017,83.4,67.8,74.2,65.5,75.9,1016,9.7,0,
4/19/2017,85,68,77,65,71,1016.586364,10,,Rain
4/20/2017,85.3,70,76.2,66.6,73.8,1014.9,9.8,0,
4/20/2017,88,70,79,67,73,1015.909091,10,0, 
4/21/2017,87,71.2,77.6,66.2,69.4,1010.3,9.9,0,
4/21/2017,89,71,80,66,66,1011.168182,10,0, 
4/22/2017,73.4,58.3,65.3,55.2,71.1,1014.9,9.7,0.008,rain
4/22/2017,73,57,65,55,69,1015.570455,10,0.01,Rain
4/23/2017,76.5,51.2,63.5,42.4,48.9,1019.4,9.9,0,
4/23/2017,77,50,64,42,50,1019.295455,10,0, 
4/24/2017,80.8,47.8,65.8,48.2,56.6,1011.8,9.9,0,
4/24/2017,82,48,65,49,61,1011.506818,10,0, 
4/25/2017,88.4,62.3,73.8,64.1,72.9,1001.5,9.9,0,
4/25/2017,90,62,76,65,73,1001.686364,10,0, 
4/26/2017,89.9,66.3,79,57.4,54.7,1000.5,9.7,0,
4/26/2017,91,62,77,57,51,1001.009091,10,0, 
4/27/2017,83.7,52.1,68.5,48.9,52.9,1006.6,9.9,0,
4/27/2017,86,53,70,50,58,1006.427273,10,0, 
4/28/2017,94.7,70.2,80.5,67.8,67.2,1001.2,8.9,0,
4/28/2017,95,70,83,68,64,1001.686364,9,0, 
4/29/2017,91.2,67,79.9,67.7,67.6,1001.5,7.3,0.024,rain
4/29/2017,92,66,79,66,64,1002.025,7,0.01,Thunderstorm
4/30/2017,77.2,52.5,64.3,41.3,47.9,1012.2,9.8,0.061,rain
4/30/2017,78,52,65,44,43,1012.184091,10,0.05,"Rain , Thunderstorm"
5/1/2017,90.4,51.1,71.1,48.5,49.5,1013.5,9.9,0,
5/1/2017,91,51,71,48,50,1013.538636,10,0, 
5/2/2017,91.2,59.4,76,55.3,52,1012.6,9.9,0,
5/2/2017,92,62,77,56,57,1012.522727,10,0, 
5/3/2017,93.5,69.1,79.2,65.4,65.6,1008.6,9,0,
5/3/2017,95,64,80,66,66,1009.136364,9,,Rain
5/4/2017,78.8,60.1,68.6,43.5,42,1016.7,9.9,0,
5/4/2017,79,60,70,43,43,1016.925,10,0, 
5/5/2017,84.6,55.7,69.6,41.9,40.5,1016.9,9.9,0,
5/5/2017,86,55,71,42,44,1016.925,10,0, 
5/6/2017,88.1,53.8,72.2,48.9,47.3,1014.3,9.9,0,
5/6/2017,91,54,73,49,52,1014.215909,10,0, 
5/7/2017,87.6,60,74.3,56.4,56.3,1013.6,9.9,0,
5/7/2017,88,61,75,57,56,1013.877273,10,0, 
5/8/2017,82,63.2,73.2,60.8,66.9,1014.3,9.9,0,
5/8/2017,84,64,74,61,66,1014.893182,10,0, 
5/9/2017,76.1,65.5,71.6,67,85.5,1014,9.3,0.044,rain
5/9/2017,76,66,71,68,86,1014.554545,9,0.04,"Rain , Thunderstorm"
5/10/2017,82,71.1,75.9,68,77.4,1012.2,9.3,0,
5/10/2017,83,71,77,68,76,1012.861364,9,, 
5/11/2017,87.3,72.4,76.6,69.6,80,1011.2,7.9,0.158,rain
5/11/2017,88,71,80,70,73,1011.845455,7,0.22,"Rain , Thunderstorm"
5/12/2017,87.2,64.7,75.6,56.1,55.1,1012,9.3,0,
5/12/2017,88,63,76,57,61,1012.522727,9,0,Thunderstorm
5/13/2017,88.5,58.4,74.2,54.3,53.2,1012.7,9.9,0,
5/13/2017,89,58,74,54,54,1012.861364,10,0, 
5/14/2017,91.6,61.4,77.1,60.7,60.3,1012.2,9.9,0,
5/14/2017,93,62,78,61,63,1012.184091,10,0, 
5/15/2017,90.6,65.8,77.9,64.2,65.6,1011.9,9.7,0,
5/15/2017,92,67,80,64,67,1012.522727,10,0, 
5/16/2017,85.8,69.7,76.6,66.5,72,1008.8,9.9,0,
5/16/2017,86,70,78,67,74,1009.136364,10,0, 
5/17/2017,88,70.8,76.6,68.8,78.8,1007.1,8.6,0.12,rain
5/17/2017,90,70,80,69,67,1008.120455,8,0.12,Rain
5/18/2017,90.8,73.8,81.3,71.1,73.5,1006.9,7.9,0,
5/18/2017,94,73,84,71,72,1007.443182,8,, 
5/19/2017,93.2,75,82.5,69.5,67.1,1006.8,9.9,0,
5/19/2017,95,75,85,69,64,1007.104545,10,0, 
5/20/2017,83.3,67,74.5,68,81.1,1011.5,9.3,1.042,rain
5/20/2017,84,66,75,67,77,1012.184091,9,1.22,"Rain , Thunderstorm"
5/21/2017,76.2,62.6,71.4,61.9,73.3,1016.8,9.6,0.568,rain
5/21/2017,78,62,70,61,74,1017.602273,8,0.67,"Rain , Thunderstorm"
5/22/2017,74.8,61.2,67.9,62.6,83.4,1015,9.6,0.091,rain
5/22/2017,77,61,69,62,81,1015.570455,10,0.02,Rain
5/23/2017,84.9,61.5,69.4,62.3,80.3,1011.7,8.8,0.11,rain
5/23/2017,86,58,72,62,73,1012.184091,8,0.07,"Rain , Thunderstorm"
5/24/2017,87,56.8,70.7,49.3,52.5,1010.2,9.9,0,
5/24/2017,87,56,72,49,54,1010.152273,10,0, 
5/25/2017,92.7,62.2,77.5,58.9,55,1006.2,9.9,0,
5/25/2017,94,62,78,60,55,1006.427273,10,0, 
5/26/2017,91.2,75.7,81.6,72.2,74,1008.9,9.8,0,
5/26/2017,92,75,84,72,70,1009.475,10,0, 
5/27/2017,96.5,77.5,84.4,74.2,73.1,1010,7.1,0.008,rain
5/27/2017,97,76,87,74,71,1010.829545,6,0.01,Rain
5/28/2017,92.3,69.5,80.5,71.7,76.3,1010.7,9.5,0.571,rain
5/28/2017,94,66,80,71,73,1011.506818,9,0.47,"Rain , Thunderstorm"
5/29/2017,86.7,69.3,76.2,67.4,76.1,1015.2,9.9,0.008,rain
5/29/2017,88,68,78,67,70,1015.909091,10,0, 
5/30/2017,87.6,68.8,77.8,66.1,69.4,1016.3,9.8,0,
5/30/2017,88,68,78,66,68,1016.586364,10,0, 
5/31/2017,83.8,70.7,76.4,67.5,75.2,1015.5,9.7,0.029,rain
5/31/2017,85,68,77,68,74,1016.247727,10,0.02,Rain
6/1/2017,87.5,67.2,76.1,68.4,78.5,1014,9.7,0.008,rain
6/1/2017,89,67,78,68,75,1014.215909,10,0, 
6/2/2017,90.7,73.9,81.6,70.1,70.6,1011.8,9.7,0,
6/2/2017,92,74,83,71,70,1013.2,10,, 
6/3/2017,90.1,71.9,79.9,70.4,74.6,1011.5,9.8,0.399,rain
6/3/2017,92,71,82,71,69,1012.522727,10,0.24,"Rain , Thunderstorm"
6/4/2017,88.9,68.3,74.4,68.8,84.2,1009.6,9.3,0.18,rain
6/4/2017,91,68,80,69,76,1010.152273,9,0.17,"Rain , Thunderstorm"
6/5/2017,89.7,67.1,75.7,68.1,80.6,1006.9,9.8,1.184,rain
6/5/2017,90,66,78,68,72,1007.104545,9,1.39,"Fog , Rain , Thunderstorm"
6/6/2017,90.8,70.1,79.6,66.7,68.4,1009.4,9.9,0.001,rain
6/6/2017,92,70,81,66,67,1009.813636,10,0, 
6/7/2017,94.3,69.6,82.4,62.7,55.1,1012.2,9.9,0,
6/7/2017,95,70,83,62,55,1012.522727,10,0, 
6/8/2017,91.2,73.1,82.1,66,59.6,1012.5,9.8,0,
6/8/2017,93,73,83,66,60,1012.522727,10,0, 
6/9/2017,88.7,73.7,80.5,69.1,69.6,1010.6,9.9,0,
6/9/2017,90,74,82,69,69,1011.506818,10,0, 
6/10/2017,90.4,69.4,80.2,65.6,62.9,1010.8,9.9,0,
6/10/2017,93,70,82,65,62,1011.168182,10,0, 
6/11/2017,92.7,72.4,82.1,66.7,62.6,1011.7,9.8,0,
6/11/2017,93,73,83,68,62,1012.522727,10,0, 
6/12/2017,93.7,74.4,83.2,68.1,63.7,1011.6,9.7,0,
6/12/2017,94,75,85,68,62,1012.184091,10,,Rain
6/13/2017,97.1,76.1,84.4,70.9,66.4,1011,9.8,0,
6/13/2017,98,76,87,71,63,1011.506818,10,0, 
6/14/2017,93.5,78,85.3,71.1,64.7,1012,9.9,0.004,rain
6/14/2017,96,78,87,71,63,1012.522727,10,0, 
6/15/2017,98.5,76.1,85.9,71,64.3,1012.5,9.8,0,
6/15/2017,99,76,88,71,65,1013.2,10,0, 
6/16/2017,97.7,76.9,86.3,70.6,62,1009.8,9.9,0,
6/16/2017,98,77,88,70,60,1009.813636,10,0, 
6/17/2017,99.8,77.2,87.1,71.8,63.6,1006.3,9.9,0,
6/17/2017,101,77,89,72,61,1006.765909,10,0, 
6/18/2017,98.3,78.2,87,71.2,62.2,1006.9,9.9,0,
6/18/2017,100,78,89,71,60,1007.443182,10,0, 
6/19/2017,90.8,75.7,82,72.1,73.2,1012.2,9.8,0.008,rain
6/19/2017,92,76,84,72,72,1013.2,10,0.01,"Rain , Thunderstorm"
6/20/2017,96.6,75.3,85.5,69.6,61.4,1013,9.9,0,
6/20/2017,98,76,87,69,60,1013.2,10,0, 
6/21/2017,96.5,75.1,85.5,64.5,53.8,1008.9,9.9,0,
6/21/2017,97,75,86,64,54,1008.797727,10,0, 
6/22/2017,98.1,76.3,86.1,67.6,56.1,1004.4,9.9,0,
6/22/2017,99,76,88,67,54,1004.734091,10,0, 
6/23/2017,102.4,77.7,89.4,72.3,60.7,1007.1,9.6,0,
6/23/2017,104,78,91,72,63,1007.781818,10,0, 
6/24/2017,84.5,73.9,80.3,70.8,73.8,1015.8,8.6,0.116,rain
6/24/2017,85,72,79,71,70,1016.586364,8,0.14,Rain
6/25/2017,88.7,74.8,80.4,70.7,73.8,1019.2,9.7,0.014,rain
6/25/2017,90,75,83,71,67,1019.634091,10,0.02,Rain
6/26/2017,90.2,73.2,79.8,71.2,77.7,1017.5,8.8,0.839,rain
6/26/2017,91,72,82,72,74,1018.618182,8,1.07,"Rain , Thunderstorm"
6/27/2017,89.2,72.1,78.1,71.1,81.4,1014.8,8.5,0.023,rain
6/27/2017,91,71,81,72,75,1015.909091,7,0.01,Rain
6/28/2017,90.6,71.5,80.9,70,72.1,1011.9,9.5,0,
6/28/2017,92,71,82,70,70,1012.861364,10,0, 
6/29/2017,97.6,75.3,85,72.8,69.6,1009.9,9.8,0,
6/29/2017,99,75,87,73,68,1010.829545,10,0, 
6/30/2017,97,80,86.8,73.2,65.9,1011.4,9.8,0,
6/30/2017,98,79,89,73,64,1011.845455,10,0, 
7/1/2017,96.4,79.9,86.8,71.8,64,1015.6,9.1,0,
7/1/2017,98,79,89,72,62,1016.586364,9,, 
7/2/2017,98.5,78.2,87.1,72.3,64.6,1017.2,9.4,0,
7/2/2017,100,78,89,72,63,1017.940909,10,0, 
7/3/2017,98.3,75.8,86.5,71.3,63.8,1015.1,9.9,0,
7/3/2017,99,76,88,71,62,1015.909091,10,0, 
7/4/2017,99.6,78.2,87.7,71.6,62.3,1014.1,9.9,0,
7/4/2017,101,78,90,72,60,1014.893182,10,0, 
7/5/2017,98.2,77.7,86.9,70.1,61.1,1015.5,9.9,0,
7/5/2017,99,78,89,70,58,1016.247727,10,0, 
7/6/2017,98.4,76.2,86,70.5,63.4,1017.4,9.8,0.072,rain
7/6/2017,100,77,89,71,60,1017.940909,10,0,Thunderstorm
7/7/2017,97.7,75.1,84.1,71.3,68.7,1017.6,9.8,0.098,rain
7/7/2017,99,75,87,71,61,1017.602273,10,0.02,"Rain , Thunderstorm"
7/8/2017,97.7,74.6,86.4,68.5,59,1016.6,9.9,0.033,rain
7/8/2017,100,75,88,67,59,1016.586364,10,0,Thunderstorm
7/9/2017,99.9,76.1,87.8,68.1,55.6,1015.4,9.9,0,
7/9/2017,101,77,89,67,56,1015.570455,10,0, 
7/10/2017,98.3,75.5,87,65.5,54,1014.1,9.9,0,
7/10/2017,100,76,88,65,57,1014.215909,10,0, 
7/11/2017,98.9,76.8,87.1,68.4,58.1,1013.8,9.9,0,
7/11/2017,101,77,89,69,58,1014.554545,10,0, 
7/12/2017,98.9,75.9,86,69.6,62.1,1015.2,9.9,0,
7/12/2017,101,77,89,70,59,1015.570455,10,0, 
7/13/2017,99.5,75.9,86.5,69.8,61.6,1017.2,9.9,0,
7/13/2017,102,77,90,70,59,1017.940909,10,0, 
7/14/2017,100.3,76,87.6,69,58.4,1017.6,9.9,0,
7/14/2017,101,77,89,69,58,1018.279545,10,0, 
7/15/2017,100.4,73.6,83,70.3,69.7,1016.4,9.7,0.18,rain
7/15/2017,103,71,87,70,65,1016.247727,9,0.16,"Rain , Thunderstorm"
7/16/2017,97.4,68.9,81.3,69.7,72,1013.5,9.1,0,
7/16/2017,99,68,84,69,67,1013.538636,9,0, 
7/17/2017,96.3,76.3,85,71,65.8,1012.3,9.7,0.003,rain
7/17/2017,98,77,88,71,63,1012.522727,10,,"Rain , Thunderstorm"
7/18/2017,98.5,75.3,86.3,70.4,62.9,1015,9.9,0,
7/18/2017,100,76,88,70,61,1015.231818,10,0, 
7/19/2017,98.8,75.9,87.1,70,60.4,1017.7,9.9,0,
7/19/2017,101,77,89,70,60,1018.279545,10,0, 
7/20/2017,102.2,77.6,89.2,69.5,57,1016.9,9.9,0,
7/20/2017,103,77,90,69,56,1016.925,10,0, 
7/21/2017,101.3,77,89.4,68.6,54.8,1014.3,9.8,0,
7/21/2017,104,77,91,68,56,1014.215909,10,, 
7/22/2017,100.7,76.9,89.1,68.9,55.9,1012.3,9.9,0,
7/22/2017,103,77,90,68,58,1012.522727,10,0, 
7/23/2017,101.1,77.5,85.4,71.6,65.9,1011.6,9.8,0.028,rain
7/23/2017,103,77,90,71,58,1011.845455,10,0.04,"Rain , Thunderstorm"
7/24/2017,99.7,77.5,84.2,70.6,67.2,1013.2,9.8,0.013,rain
7/24/2017,102,76,89,71,60,1014.215909,10,0.01,"Rain , Thunderstorm"
7/25/2017,101,78.1,87.9,70.6,60.6,1016.2,9.8,0,
7/25/2017,103,78,91,71,61,1016.925,10,0, 
7/26/2017,101.4,78.5,88.1,69.4,58.8,1016.5,9.8,0,
7/26/2017,103,78,91,70,58,1016.925,10,, 
7/27/2017,101.3,73.9,88,68.1,56.1,1014.9,9.9,0,
7/27/2017,103,75,89,67,54,1014.893182,10,0, 
7/28/2017,103,75.1,89.3,65,49.8,1012.4,9.9,0,
7/28/2017,105,76,91,64,54,1012.522727,10,0, 
7/29/2017,105.6,76.4,91.7,64.9,46.8,1011,9.9,0,
7/29/2017,107,77,92,64,51,1011.168182,10,0, 
7/30/2017,104.5,79,90.8,68.2,49.9,1012.6,9.9,0,
7/30/2017,106,79,93,68,48,1012.861364,10,0, 
7/31/2017,98.6,77,87.3,61.6,44.4,1014.8,9.9,0,
7/31/2017,99,77,88,61,43,1014.893182,10,0, 
8/1/2017,97.8,73.5,86.8,62.4,47.4,1014.4,9.9,0,
8/2/2017,86.7,78,82,72.2,72.6,1015,9.8,0.003,rain
8/3/2017,93.4,75.6,82.9,71.4,70.9,1015.7,9.3,0.048,rain
8/4/2017,96.7,75.1,86,69.2,60.1,1015.2,9.8,0,
8/5/2017,100.8,76.1,87.8,70.3,59.9,1012.9,9.8,0,
8/6/2017,99.3,78.7,87.5,72.5,63.8,1009.9,9.9,0,
8/7/2017,85.9,69.7,75.9,71.7,87.9,1012.6,7.8,2.48,rain
8/8/2017,92.1,73.8,82,71.2,72.6,1014.3,9.9,0,
8/9/2017,95.6,74,84,69.5,64.9,1015.3,9.9,0,
8/10/2017,97.7,74.8,86.3,71.9,64.6,1016.6,9.7,0,
8/11/2017,97.9,76.2,87.7,70.8,59.8,1015.8,9.9,0,
8/12/2017,99.4,77.8,88.3,71.2,60.2,1013.2,9.9,0,
8/13/2017,99.1,77.7,88.1,70.3,59.4,1011,9.9,0,
8/14/2017,99.4,77.3,87.4,70.3,60.6,1009.6,9.9,0,
8/15/2017,98.5,77.8,87,71.2,62.7,1009.8,9.9,0,
8/16/2017,98.8,80,88.1,71.8,61.8,1011.9,9.9,0,
8/17/2017,100.4,80.7,88.9,71.1,59.2,1014.2,9.9,0,
8/18/2017,99.7,77.8,88.1,70,58.8,1014.6,9.9,0,
8/19/2017,100.3,76,88.5,68.2,55.3,1014,9.8,0,
8/20/2017,98.7,76.6,88.3,68.7,55.5,1014,9.9,0,
8/21/2017,97.4,77.6,86.8,69.7,59.9,1016.4,9.9,0,
8/22/2017,98.5,74.6,87.3,68.7,58,1015.8,9.9,0,
8/23/2017,97.9,74.8,84.4,69.2,63,1013.3,9.9,0.028,rain
8/24/2017,92.3,76,82.1,71.7,72.4,1011.1,9.7,0.016,rain
8/25/2017,88.4,76.8,81.4,71.6,72.9,1010.6,9.8,0.153,rain
8/26/2017,79.4,72.7,74.5,72.8,94.5,1007.4,4.9,4.936,rain
8/27/2017,74.2,71.1,72.7,70.9,94,1007.3,5.3,3.177,rain
8/28/2017,83.7,70,75.6,66.8,75.6,1009.9,9.7,0.152,rain
8/29/2017,88.4,70.5,79.3,65.1,63.7,1010.6,9.9,0,
8/30/2017,92.2,70.5,80.7,62.9,57.1,1011.2,9.9,0,
8/31/2017,91.7,69,79.6,62.8,58.5,1013.5,9.9,0,
9/1/2017,92.5,70.2,80.8,63.9,59.6,1015.1,9.8,0,
9/2/2017,92.5,69,81.1,65.2,61.6,1016,9.6,0,
9/3/2017,89.6,70.4,80.8,66.1,62.7,1017.3,9.8,0,
9/4/2017,90.9,69.9,80.3,66.5,65.5,1015.8,9.6,0,
9/5/2017,93.7,71.4,82.3,68.8,67,1014.6,9.7,0,
9/6/2017,86.6,68.1,78.4,53.3,43.7,1017.7,9.9,0,
9/7/2017,83.5,58.1,72.1,50,47.5,1019.3,9.9,0,
9/8/2017,84.4,60.6,72.5,55.1,56.5,1019,9.9,0,
9/9/2017,85.9,63.7,74.9,55.8,53.6,1019.1,9.9,0,
9/10/2017,85.8,64.9,74.6,57.1,56.5,1019,9.9,0,
9/11/2017,85.9,60.7,73.7,55.6,56.1,1017,9.9,0,
9/12/2017,91.9,62.8,76.1,54.2,51.2,1011.8,9.9,0,
9/13/2017,90.6,63,76.7,61.1,60.3,1008.9,9.9,0,
9/14/2017,93,72.1,81.7,67.9,66,1009.3,9.4,0,
9/15/2017,91.3,71.7,80.5,68.5,69.8,1011.2,9.2,0,
9/16/2017,91.9,75.5,82.4,70.2,69,1013.5,9.8,0,
9/17/2017,91.2,71.9,81.3,69,69.6,1015,9.6,0,
9/18/2017,92.8,74.4,83.1,71.3,69.6,1013.8,9.8,0,
9/19/2017,92.6,76.9,83.7,73.2,72.5,1011.6,9.3,0,
9/20/2017,94.5,76.9,84.7,72.7,69.7,1011.1,9.8,0,
9/21/2017,94.5,76.9,83.4,72.8,72.5,1012.2,9.5,0.014,rain
9/22/2017,88.6,74.4,80.2,71.7,76.6,1012.8,9.2,0.001,rain
9/23/2017,89.8,72.5,80.3,70.2,73.8,1011.8,8.6,0,
9/24/2017,89.3,73,79.6,71,76.5,1010.7,8.6,0.001,rain
9/25/2017,89,72.3,78.9,70.7,77.9,1010,9.1,0.005,rain
9/26/2017,82.3,71.8,75.6,72.4,90.3,1011.4,7.7,1.794,rain
9/27/2017,84.1,71.9,77.2,72.1,85.4,1013.4,8.7,0.13,rain
9/28/2017,84,73,76.7,71.3,84,1015.2,8.9,0.243,rain
9/29/2017,76.1,71.1,73,68.6,86.3,1017.5,7.8,0.335,rain
9/30/2017,85.9,66.5,74.7,58.9,60.3,1018.2,9.9,0,
10/1/2017,87,61.9,74.4,61.6,66.7,1014.1,9.8,0,
10/2/2017,88.5,68.9,78.2,67.8,72.5,1012.5,8.9,0,
10/3/2017,83.9,74.9,77.5,73.6,88,1017,9,0.702,rain
10/4/2017,88,76.1,80.2,71.4,76.6,1020.6,8.6,0.001,rain
10/5/2017,87.3,70,78.6,67.6,70.9,1018,9.6,0,
10/6/2017,85.5,67.4,76.6,65.2,69.6,1013.2,9.8,0,
10/7/2017,86.4,67.9,77.4,66.8,71.3,1007.7,9.9,0,
10/8/2017,89.8,68.5,79.3,64.8,62.7,1005.7,9.8,0,
10/9/2017,91.7,73,81,70.7,72.9,1007.2,9.5,0,
10/10/2017,77.9,60.3,68.6,52.8,58.1,1019.2,9.9,0.008,rain
10/11/2017,78.5,57.7,67.1,48.1,51.9,1021,9.9,0,
10/12/2017,86.7,60.5,73,58.8,62.8,1017.6,9.9,0,
10/13/2017,89.6,69,78,68.2,73.8,1017.1,8.9,0,
10/14/2017,89.5,72.8,80.1,70.4,74.2,1016.2,8.4,0,
10/15/2017,78.4,65.4,73.4,60.5,67.1,1020,9.8,0,
10/16/2017,76.3,55.2,64.3,41.6,44.7,1025.9,9.9,0,
10/17/2017,76.9,48.3,61.7,44.6,57,1023.8,9.9,0,
10/18/2017,82.4,47.4,63.5,47.8,61.4,1020.4,9.8,0,
10/19/2017,82.7,55.9,69.4,57.6,68.8,1018.9,9.4,0,
10/20/2017,82.8,65.5,72.3,65.4,79.6,1015.4,9.3,0.032,rain
10/21/2017,87.7,72.8,78.8,69.3,74.9,1011.7,9.8,0,
10/22/2017,78.4,58.7,71.3,60.8,72.3,1017.9,9.5,0.69,rain
10/23/2017,80.5,49.6,64.1,48.8,62.7,1020.1,9.7,0,
10/24/2017,77.7,55.8,66.4,37.2,38.8,1025.3,9.9,0,
10/25/2017,80,49,62.8,37.2,41.8,1022.6,9.9,0,
10/26/2017,82.5,50.2,65.8,44.4,48.9,1011.5,9.9,0,
10/27/2017,63.6,47.8,57.6,36.2,47.1,1016.1,9.9,0,
10/28/2017,62.5,39.4,49.6,20.8,34.8,1022.4,9.9,0,
10/29/2017,74.6,37.9,55.1,29.1,42.6,1018,9.9,0,
10/30/2017,79,46.1,61.8,42.3,51.8,1014.1,9.9,0,
10/31/2017,61.8,52.9,56.4,44.2,66.1,1017.9,9.2,0.327,rain
11/1/2017,76.9,53,61.8,58.2,89.3,1011.7,6.1,0.126,rain
11/2/2017,83.8,66.1,74.5,69,84,1013.1,6.9,0,
11/3/2017,87.7,73.8,78.4,70.3,77.8,1016.1,7.7,0,
11/4/2017,81.6,73.3,75.7,70.5,84.4,1014.7,9.6,0.003,rain
11/5/2017,87.7,71.4,76.1,68.4,78.3,1012.9,9.2,0,
11/6/2017,86.7,71.4,76.5,65.7,71.5,1014.2,9.9,0,
11/7/2017,78.5,61,69.9,61.3,74.7,1017.4,9.9,0,
11/8/2017,60.1,46,51.1,43.2,75.3,1023,9.5,0.109,rain
11/9/2017,55.8,46.1,51,45.9,83,1025,9.6,0,
11/10/2017,62.9,52.7,57.5,48.8,73.6,1023.9,9.8,0,
11/11/2017,73.7,58.4,66.2,56.8,71.9,1019.8,9.8,0,
11/12/2017,76.6,64.4,69.2,63.7,83.1,1021.6,9.4,0.031,rain
11/13/2017,76.1,62.8,69.6,61.2,75.4,1024,9.9,0,
11/14/2017,79.4,60.2,70.1,60.1,71.9,1019.2,9.8,0,
11/15/2017,73,67.4,69.7,64.5,83.6,1015.8,9.8,0,
11/16/2017,82,64.3,71.8,65.5,81.8,1017,9.5,0.009,rain
11/17/2017,84.4,69.7,75,65.9,75.2,1013,9.8,0,
11/18/2017,83,55.6,71,53.3,57.7,1014,9.9,0,
11/19/2017,64.1,44.4,53.6,32.9,47.8,1026.2,9.9,0,
11/20/2017,68.7,39.9,53.2,36.7,58.2,1020.4,9.9,0,
11/21/2017,74.5,49.6,61,50.2,69.8,1013.5,9.9,0,
11/22/2017,65.5,46.3,55.9,31.6,41.2,1024.9,9.9,0,
11/23/2017,69.7,37,52.1,30.4,47.5,1021.7,9.9,0,
11/24/2017,76.3,42.1,57.6,36.7,49.5,1014.4,9.8,0,
11/25/2017,80,46.9,62.7,48.7,62.7,1014.5,9.8,0,
11/26/2017,77.2,53.9,63.7,51.2,65.6,1023,9.9,0,
11/27/2017,75.5,51.5,62.1,52.9,73.6,1019.6,8.7,0,
11/28/2017,79,51.1,63.6,52.5,70.9,1017,8.7,0,
11/29/2017,72.8,50.6,61.1,40.3,50,1022.3,9.9,0,
11/30/2017,75.3,45.3,59.4,43.9,58.7,1022.2,9.9,0,
12/1/2017,75.6,52.4,62.1,46,57.2,1021.1,9.9,0,
12/2/2017,77.7,49.2,63.6,53.2,71,1019.4,9.5,0,
12/3/2017,72.3,61,65.5,63.4,93,1017.3,5.6,0.01,rain
12/4/2017,83.4,67.3,74,65.4,76.7,1012.4,9.8,0,
12/5/2017,71.7,46.3,58.8,41.8,57.1,1021.1,9.8,0.051,rain
12/6/2017,43.4,39.8,41.4,38.8,90.6,1028.1,8.5,0.937,rain
12/7/2017,46.7,32,41,33.8,76.5,1028.3,9,0.18,"rain,snow"
12/8/2017,47.6,30.6,37.9,29.3,71.9,1025,9.8,0,
12/9/2017,66,34,49.4,29.1,51.6,1025.4,9.8,0,
12/10/2017,68.5,38.1,50.5,32.1,53.8,1029.8,9.9,0,
12/11/2017,74.9,41.8,56,34,47.5,1025,9.9,0,
12/12/2017,63.9,41.5,53.2,29.8,42.7,1026.3,9.9,0,
12/13/2017,62,36.7,47.6,33.9,61.9,1019.6,9.9,0,
12/14/2017,63.8,42.9,52.8,35.1,55.9,1016.2,9.9,0,
12/15/2017,59.7,42.3,50.7,29.5,45.3,1025.1,9.9,0,
12/16/2017,52.2,40.4,45,39.2,80.8,1020.7,7.7,1.303,rain
12/17/2017,57.5,44.8,49.2,47,92.4,1018.8,5.4,0,
12/18/2017,56.8,48.8,53,52.3,97.4,1020.9,1.4,0.01,rain
12/19/2017,70.6,56.2,63.2,61.9,95.8,1016.9,6.1,1.445,rain
12/20/2017,75.5,49.3,60.1,48.6,71.1,1015.7,9.3,0,
12/21/2017,78,47.6,63.1,55.2,76.8,1011.7,9.5,0,
12/22/2017,70.8,42.1,57.6,55.1,91.3,1014.3,6.4,0.139,rain
12/23/2017,55,38.2,44.5,33.8,67.6,1024.3,9.9,0,
12/24/2017,60.6,36.8,44.6,35.3,71.7,1025.1,9.8,0,
12/25/2017,54.2,32.8,44.3,33.2,65.5,1027.8,9.9,0,
12/26/2017,51.1,42,46.2,44.4,93.5,1023.7,4.5,0.007,rain
12/27/2017,40.9,38,39.1,33.1,79.1,1031.4,9.2,0.004,rain
12/28/2017,48.2,37.9,42.4,31.6,65.6,1029.8,9.9,0,
12/29/2017,48.9,39.8,44.6,40,84.2,1026.8,7.2,0,
12/30/2017,61.8,45,51.7,48.8,90.1,1021.3,6.5,0,
12/31/2017,43.2,28,36.8,34.2,90.1,1028.6,6,0,
1/1/2018,31.5,25,27.8,14.1,56.3,1039.9,9.9,0,
1/2/2018,31.7,26.9,29.1,16.3,59.8,1035.9,9.5,0,
1/3/2018,55.8,20.6,35.8,20.4,58.5,1031.4,9.9,0,
1/4/2018,53.9,29.4,42.2,25.4,55.5,1028.2,9.9,0,
1/5/2018,60.7,43.3,49.5,28.2,45.5,1027.5,9.9,0,
1/6/2018,63.2,37.7,51.2,43.4,75.3,1026,9.2,0,
1/7/2018,67.1,53.9,60.1,54.8,83,1016.5,9.8,0,
1/8/2018,68.2,45.8,56.7,36.9,49.1,1019.8,9.8,0,
1/9/2018,70,37.4,51.8,37.6,62.4,1019.6,9.9,0,
1/10/2018,70.1,47.4,56.9,50,79.5,1012.1,7.2,0,
1/11/2018,70.2,44.8,56.7,43.8,66.5,1012.2,9.4,0.001,rain
1/12/2018,56.4,34,43.9,14.5,31.4,1025.7,9.9,0,
1/13/2018,52.4,30.8,40,15.8,38.9,1034.5,9.9,0,
1/14/2018,60.3,28.8,43.3,28.3,56.9,1032.1,9.9,0,
1/15/2018,69.4,37.3,51.6,43.3,75.6,1026.3,8.8,0.054,rain
1/16/2018,38.5,26,28.7,14.7,57.4,1039.3,9,0.153,"rain,snow"
1/17/2018,36.2,17.8,27,8.5,46.4,1040.8,9.9,0,
1/18/2018,43.9,26.4,35.9,15.5,44.1,1033.3,9.9,0,
1/19/2018,53.3,39.4,46,35.5,68,1023.4,8.2,0.011,rain
1/20/2018,65.5,51.1,56.9,53.8,90,1017,5.6,0.001,rain
1/21/2018,71.6,57.1,65.4,62.4,90.4,1012.1,7.1,0.008,rain
1/22/2018,64.7,45.9,56.2,28.2,38.8,1018.2,9.6,0,
1/23/2018,64.7,35.4,48.9,22.2,39.6,1025.2,9.9,0,
1/24/2018,63.8,33.8,47.4,25.1,47.3,1030.7,9.9,0,
1/25/2018,65.5,32.3,48.8,28.8,51.9,1029.2,9.9,0,
1/26/2018,67.1,51,58.1,51.3,78.5,1022.6,9,0,
1/27/2018,68.2,58.9,62.8,58.3,85.8,1021.4,6.7,0.032,rain
1/28/2018,70,50.7,59,39.3,49.7,1025.2,9.9,0,
1/29/2018,67.4,41.3,52.3,27.2,42.1,1031.8,9.9,0,
1/30/2018,65.1,34.2,48.6,27.2,47.1,1030,9.9,0,
1/31/2018,71.6,44.7,57,43.2,64.9,1018.9,7.9,0,
2/1/2018,71.8,53.9,61.4,46.7,62.7,1017.1,9.9,0,
2/2/2018,57.4,44.8,51.8,28.7,40.9,1028.6,9.9,0,
2/3/2018,56,43.5,50.3,43.1,77.9,1018.6,9,0.053,rain
2/4/2018,74.2,42,55,48.2,81.3,1014.9,5.6,0,
2/5/2018,54.9,39.7,47.4,34.6,61,1020.7,9.7,0,
2/6/2018,54.2,41.2,47.8,45.7,92.4,1018.7,2.6,0.058,rain
2/7/2018,47.5,37,40.6,31,70.9,1027.4,8.3,0.011,rain
2/8/2018,58.4,34.7,46.5,34.2,65.1,1029.2,8.8,0,
2/9/2018,63.6,51.7,56.8,50,78.5,1019.3,9,0.026,rain
2/10/2018,61.7,40.5,52.7,49.9,90.3,1013.2,3.9,0.046,rain
2/11/2018,41.7,31.4,35.8,28.3,74.9,1021.4,7.9,0.077,"rain,snow"
2/12/2018,42.3,31.4,36.7,27.6,69.7,1029,9.2,0,
2/13/2018,46.7,39,43,40.7,91.4,1029.7,3,0.042,rain
2/14/2018,70.7,46,55.6,53.5,93.2,1024.5,4.1,0.037,rain
2/15/2018,75.1,64,68.9,64.6,86.9,1018.2,8.5,0.001,rain
2/16/2018,70.7,58.8,65.8,54.1,69.1,1019,9.6,0,
2/17/2018,61.5,50.1,55.3,46,71.9,1019.8,9.3,0.003,rain
2/18/2018,75.1,51.6,60.2,55.9,86.3,1017.5,6.8,0.003,rain
2/19/2018,80,69.1,73.1,64.9,76.1,1011.2,9.8,0,
2/20/2018,73.1,69.8,71.4,67.3,87.3,1012.2,8.6,0.155,rain
2/21/2018,70.8,39.4,46.4,44.1,91.7,1021.3,8.4,0.115,rain
2/22/2018,44,37.1,40.5,39.3,95.6,1024.7,4.9,0.163,rain
2/23/2018,63.2,43.8,52.7,51.4,95.4,1020.3,4.6,0.408,rain
2/24/2018,74.2,62.7,69.4,64.5,84.9,1012,8.2,0.013,rain
2/25/2018,65.4,52,59.5,50.9,73.9,1015.6,9.6,0.045,rain
2/26/2018,67.9,47.5,57.4,49.5,77.1,1021.4,6.5,0,
2/27/2018,79.5,59,67.1,61.3,82.7,1016,7.1,0.062,rain
2/28/2018,81.4,68.8,73.1,65.9,79.4,1009.2,9.5,0,
3/1/2018,70.8,54.8,63.2,51.3,66.2,1017,9.8,0.001,rain
3/2/2018,74,50.8,61.3,50,67.9,1023.9,9.7,0,
3/3/2018,71.2,52.3,61.2,56.4,85,1021.1,7.4,0.121,rain
3/4/2018,78.7,63.2,70,64.3,83.7,1015.2,7.2,0.031,rain
3/5/2018,81.9,62.7,72.1,56.1,62.4,1012.6,9.9,0,
3/6/2018,73,51.3,61.9,24.3,25.6,1018.9,9.9,0,
3/7/2018,66.5,46.9,56,21.7,27,1025.1,9.9,0,
3/8/2018,70,48.2,57.4,31.8,40,1022.5,9.9,0,
3/9/2018,72.8,50.9,62.5,53.2,72.6,1013.8,9.9,0,
3/10/2018,88.7,65.2,75.4,61.7,66.4,1007.4,9.5,0,
3/11/2018,70.5,57.7,66.6,47.6,55.7,1013.6,9.2,0,
3/12/2018,66.4,46,55.6,31.6,41.2,1025.4,9.9,0,
3/13/2018,70.3,42.3,55.4,33.2,47.7,1024.7,9.9,0,
3/14/2018,70.9,40.9,56.9,29.8,38.3,1024.7,9.9,0,
3/15/2018,74.4,48.6,61.6,49.5,65.5,1015.7,9.8,0,
3/16/2018,87.6,62.9,73.5,55.9,62.3,1010.9,8.6,0,
3/17/2018,83.4,66,73.4,64.6,75.2,1010.6,9,0.008,rain
3/18/2018,81.8,67.9,72.9,66.3,81,1008.2,6.6,0.02,rain
3/19/2018,80.9,60,71.7,38,39.5,1007.6,9,0,
3/20/2018,73.8,49.3,61,35.1,40,1016.4,9.9,0,
3/21/2018,76.3,43.7,60.4,37.8,47.6,1020.7,9.9,0,
3/22/2018,79.8,51.3,65.3,50.7,61.7,1022.9,9.9,0,
3/23/2018,79.9,59.4,68.4,59.1,73.3,1017.7,9.8,0,
3/24/2018,83.5,67.6,73.7,64.2,73.2,1012.2,9.8,0,
3/25/2018,76.5,68.5,72.2,66.3,81.9,1011,8.7,0.003,rain
3/26/2018,86.3,68.8,75.4,62.9,67.7,1010.6,9.2,0,
3/27/2018,80.5,62.9,72,63.5,75.4,1012.7,9.7,0.177,rain
3/28/2018,70.9,58.1,64.1,60.9,89.8,1010,7.6,3.329,rain
3/29/2018,84.3,57.1,68,54.7,70.7,1011.8,8.1,0.147,rain
3/30/2018,73,55.8,64.4,49.2,59.6,1022.7,9.9,0,
3/31/2018,81.6,56.8,68.3,57.4,70.7,1018.8,9.3,0,
4/1/2018,81.2,64,71.4,62.2,73.9,1014,9.8,0,
4/2/2018,83.2,56.9,70.9,62.1,75,1009.8,9.4,0,
4/3/2018,80.7,66.7,72.9,63.1,72.9,1008.5,9.2,0,
4/4/2018,69.3,49.8,60.1,32.1,35.4,1022.7,9.9,0,
4/5/2018,76.2,56.8,66.5,53.4,63.1,1017.1,9.9,0,
4/6/2018,83.8,70.2,75.7,67.4,76.4,1007.9,9.7,0,
4/7/2018,74.4,40.3,48.9,42.7,79.2,1015.2,9.5,0.141,rain
4/8/2018,64.7,40.9,50.9,41.3,70.1,1013.5,9.9,0,
4/9/2018,65,52.5,59.5,52,76.9,1015.5,8.4,0,
4/10/2018,75.2,52.7,63.5,44.6,53.5,1024.7,9.9,0,
4/11/2018,81.6,46.7,64.9,47.7,57.3,1020.4,9.9,0,
4/12/2018,84.7,62.4,71.8,62.4,73.5,1011.3,9.9,0,
4/13/2018,86.2,61.2,75.3,67.7,77.9,1004,9.3,0.082,rain
4/14/2018,71.3,54.4,62.7,31.1,32.7,1014.7,9.8,0.01,rain
4/15/2018,76.6,46.1,59.3,30.6,36.8,1021.6,9.9,0,
4/16/2018,82.7,46.8,65.1,45.8,52.9,1021.2,9.9,0,
4/17/2018,86.2,56.8,70.7,57,65.2,1013.6,9.8,0,
4/18/2018,82.3,66.4,72.4,52.5,56,1014.9,9.8,0,
4/19/2018,75.7,58.5,66.7,35.5,32.2,1023.7,9.9,0,
4/20/2018,69.1,56.3,61.5,44.1,53.1,1021.5,9.9,0,
4/21/2018,72.4,58.9,64.2,59.9,86.2,1014.3,6.2,0.077,rain
4/22/2018,78,53.1,64.4,47.9,58.2,1017.6,9.9,0,
4/23/2018,85.2,52,68.4,46.5,50.1,1017.4,9.9,0,
4/24/2018,86.2,58,72.3,54.1,55,1016.7,9.9,0,
4/25/2018,86.8,57,67.8,54.5,68,1017.5,9.3,0.269,rain
4/26/2018,77.5,49,62.9,47.5,61,1016.5,9.9,0,
4/27/2018,78.7,55.1,67.6,49.5,55.1,1017.4,9.8,0,
4/28/2018,83.6,55.9,70.8,51.7,54.9,1016.8,9.9,0,
4/29/2018,81.7,57,70.7,54.3,59.7,1018.2,9.6,0,
4/30/2018,78.3,63.1,70,62.7,78.6,1016.6,9.1,0.008,rain
5/1/2018,79.9,70,73.8,68.1,82.6,1013.4,9.3,0,
5/2/2018,87.2,73,78.5,69.5,75.5,1013.5,8.7,0,
5/3/2018,85.1,75.6,79.3,70,73.7,1013.5,9.4,0.003,rain
5/4/2018,74.9,62.8,69,66,90.4,1017.9,7.4,2.256,rain
5/5/2018,85,63.4,72.5,58.3,66.6,1019.7,8.9,0.177,rain
5/6/2018,89,60.2,73.4,55.2,57.5,1019.6,9.8,0,
5/7/2018,90.6,57.7,74.7,56.6,57.7,1019.2,9.9,0,
5/8/2018,87.8,63.6,76.5,55.9,51.2,1016.6,9.9,0,
5/9/2018,87.8,65.5,75.7,58.5,58.7,1015.3,9.8,0,
5/10/2018,89.2,64.7,76.2,61.8,64.6,1015.2,9.3,0,
5/11/2018,89.7,70.7,78.7,64.2,64.4,1012.9,9.9,0,
5/12/2018,90.2,72.6,80.6,66.7,65.1,1013.1,9.7,0,
5/13/2018,90.9,73.9,80.6,68.5,68.7,1014.1,9.4,0,
5/14/2018,89.7,74,80.9,68.3,67.7,1013.2,9.8,0,
5/15/2018,89.1,73,80.3,67.7,67.4,1012.5,9.6,0.017,rain
5/16/2018,95.6,67.1,80.9,63.4,59.5,1011.6,9.9,0,
5/17/2018,96,69.6,83.6,62.7,51.9,1010.2,9.8,0,
5/18/2018,94,72.2,82.3,65.4,59.4,1008.1,9.8,0,
5/19/2018,92.4,73.9,81.8,67,63.4,1009.4,9.7,0,
5/20/2018,81.6,69.2,74.9,69.6,83.9,1014.1,9.8,0.711,rain
5/21/2018,84.6,69.2,74.4,67.8,80.8,1014.5,9.5,0.026,rain
5/22/2018,87.4,70.8,78.8,67.8,71.4,1014.1,9.5,0,
5/23/2018,89.1,71.2,78.8,68.2,71.7,1015.1,9.6,0.051,rain
5/24/2018,91.6,71.9,80.8,68.8,69.4,1016.1,9.7,0,
5/25/2018,93.5,73.9,83.2,69.5,66,1013,9.9,0,
5/26/2018,97.4,74.3,85.8,68.5,58.6,1008.6,9.9,0,
5/27/2018,95.9,73.4,85,67.8,58.7,1008.1,9.9,0,
5/28/2018,94.5,72.7,84.8,67.6,58.9,1008.3,9.9,0,
5/29/2018,96.4,72.6,85,67.3,58.4,1006.7,9.9,0,
5/30/2018,96,74.2,84.3,68.7,62.3,1007,9.9,0,
5/31/2018,97.9,76.3,85.2,69.9,63.1,1008.9,9.9,0,
6/1/2018,97.9,76.8,86,70.2,62.1,1010.4,9.4,0,
6/2/2018,99.6,76.6,87.2,70.3,60.7,1010.9,9.7,0,
6/3/2018,97.8,76.6,86.6,71.7,63.7,1014.4,9.9,0,
6/4/2018,88.9,72,79.6,68.2,69.3,1014.4,9.4,0.921,rain
6/5/2018,98.3,74.7,85.9,69.2,61.5,1009.9,9.9,0,
6/6/2018,98,77.2,86.7,70,60.5,1009.2,9.9,0,
6/7/2018,97.1,76.1,86,69,60.5,1012.1,9.9,0,
6/8/2018,95.2,74.6,84.7,68.7,62,1015.5,9.8,0,
6/9/2018,93.6,76.1,82.8,70.5,68.7,1015.5,9.7,0.016,rain
6/10/2018,98.4,77.4,86.1,69.8,62.2,1011.4,9.6,0,
6/11/2018,97.6,77.8,86.3,69.2,59.8,1008.9,9.8,0,
6/12/2018,97.9,78.5,87,68.8,58.6,1011.6,9.8,0,
6/13/2018,97.6,77.3,86.5,68.4,58.7,1014.5,9.7,0,
6/14/2018,96.4,74.8,84.8,68.4,60.9,1014.3,9.8,0,
6/15/2018,94,74.7,83.9,69.7,64.6,1012.3,9.9,0.065,rain
6/16/2018,91.4,75.5,83,71.2,69.1,1011.2,9.6,0.058,rain
6/17/2018,93.2,73.6,81.8,71.1,71.2,1011.7,9.8,0.037,rain
6/18/2018,91.3,75.6,81.5,72.2,75,1012,8.6,0.039,rain
6/19/2018,79.4,74,75.9,72.8,90.4,1011.2,8.1,0.336,rain
6/20/2018,82.8,74.8,78,73,84.8,1009.9,9.7,0.108,rain
6/21/2018,93.4,73.9,82.4,72.2,73.4,1011.7,9.2,0,
6/22/2018,99,75.8,86.6,72.3,65.8,1010.4,9.7,0,
6/23/2018,97.8,75.5,86.2,71.5,64.6,1008.1,9.9,0,
6/24/2018,99.3,77.8,86.8,71,62.2,1009.7,9.8,0,
6/25/2018,94.5,77.3,84.6,71.4,66.4,1013.2,9.7,0.027,rain
6/26/2018,98.4,78.5,87,70.6,61.9,1014.8,9.8,0,
6/27/2018,99.3,75.6,86.8,69.1,59.6,1013.9,9.9,0,
6/28/2018,99.3,76.2,86.3,69.7,61.1,1013.6,9.9,0,
6/29/2018,97.8,77.7,86.4,70.6,61.9,1013,9.9,0,
6/30/2018,99.5,78.5,87.3,70,60,1012.2,9.1,0,
7/1/2018,102.6,76.6,87.7,67.8,57.1,1012.6,9,0,
7/2/2018,100.6,76.1,87.4,67.6,56.3,1013.6,9.6,0,
7/3/2018,101.2,75.4,88.1,68,56.4,1013.1,9.6,0,
7/4/2018,94.5,73,80.1,72.2,79,1014.4,8.8,1.064,rain
7/5/2018,93.3,71.6,81.2,68.1,68.3,1020,9.6,0.001,rain
7/6/2018,95.7,75.4,85.4,69.4,61.5,1019.1,9.7,0.056,rain
7/7/2018,91.9,75.1,80.5,70.6,73.1,1017.3,9.6,0.088,rain
7/8/2018,91.8,73.2,79.8,71.2,76.6,1016.9,9.2,0.223,rain
7/9/2018,80.3,73,75.8,72.6,90.1,1019.9,8.6,1.61,rain
7/10/2018,92.9,72.4,82,70.6,71.5,1019.3,9.1,0.001,rain
7/11/2018,94.3,74,84.6,70.2,65.1,1016.1,9.8,0,
7/12/2018,96,74.6,85.2,68.3,60.2,1015.9,9.9,0,
7/13/2018,94.9,75.4,85.2,69.5,62.2,1016.8,9.9,0,
7/14/2018,96.3,76.4,85.8,70.6,63.6,1016.4,9.9,0,
7/15/2018,96.2,77.3,85.7,70.4,63.4,1015.2,9.4,0,
7/16/2018,98,75.6,86.2,68.8,60.4,1015.6,9,0,
7/17/2018,98.9,73.8,86.1,67.5,58.7,1016,9.7,0,
7/18/2018,101.6,76.2,88.5,67.3,55.2,1013.7,9.6,0,
7/19/2018,102.4,77.6,88.9,68.6,56.8,1011.7,9.8,0,
7/20/2018,102.8,76.6,89,68,55.7,1012.5,9.7,0,
7/21/2018,102.2,74,88.1,68,57,1013.8,9.2,0,
7/22/2018,104.6,75.6,89.6,66.8,53.6,1012.4,9.5,0,
7/23/2018,108.8,77.5,92.8,65.3,46.6,1010,9.9,0,
7/24/2018,100.6,84.5,91.5,66.8,45.2,1012.6,9.9,0,
7/25/2018,100,77.3,88.7,65.8,51.4,1015,9.8,0,
7/26/2018,100.3,74.4,88.2,59.8,42.1,1014.4,9.9,0,
7/27/2018,101.7,75.9,88.5,58.7,39.6,1014.8,9.9,0,
7/28/2018,100,72.9,87.7,65.8,52.9,1015.3,9.8,0,
7/29/2018,101.3,76.6,89.2,67.9,53.8,1013.8,9.7,0,
7/30/2018,99.9,77.8,89.2,67.9,53,1013.1,9.9,0,
7/31/2018,95.7,79.5,87.2,67.7,54.8,1013.9,9.9,0,
8/1/2018,98.7,71.1,85.5,57.6,44.3,1014.6,9.9,0,
8/2/2018,98.3,69.2,84.7,56,40.6,1014.5,9.9,0,
8/3/2018,98.5,73.2,86.3,60.6,46,1014.7,9.8,0,
8/4/2018,96.3,72.2,84.7,68,60.4,1014.5,9.8,0,
8/5/2018,96.8,76.3,85.5,68.2,59.7,1017.4,9.9,0.008,rain
8/6/2018,94.8,71.4,84.6,69.7,63.9,1017.1,9.9,0,
8/7/2018,98.5,75.9,86.1,69.1,60.3,1015.4,9.9,0,
8/8/2018,100.7,78,87.5,68.5,57.3,1014.5,9.8,0,
8/9/2018,99.3,74.3,86.6,68.6,59.2,1014.8,9.9,0,
8/10/2018,95.1,77.9,85.6,68.8,59.9,1014.9,9.9,0,
8/11/2018,95.6,75.6,81.2,71.5,74.5,1014.8,9.5,0.089,rain
8/12/2018,88.5,75.6,79.3,73.5,83.3,1015.7,8.7,0.305,rain
8/13/2018,97.1,76,85.5,69.5,63.5,1014.5,9,0,
8/14/2018,97.6,74,85.4,69.8,64.1,1013.6,9.2,0,
8/15/2018,100.5,77.3,87.4,68.7,57.8,1013.6,9.9,0,
8/16/2018,100.8,78.6,88.8,69.7,57,1015,9.9,0,
8/17/2018,103.2,75.1,88.5,67,55.2,1015.9,9.8,0,
8/18/2018,102.5,76.5,88.9,66,52.4,1014.2,9.9,0,
8/19/2018,101.6,77.1,88.3,68,55.8,1010.9,9.9,0,
8/20/2018,100.9,78.9,88.6,69.7,57.6,1013.5,9.8,0.078,rain
8/21/2018,102.3,77.7,90,68,52,1016.6,9.9,0,
8/22/2018,102.4,79.3,90,66.5,48.9,1017.7,9.9,0,
8/23/2018,102.2,76.3,90.1,65.4,47.2,1015.2,9.9,0,
8/24/2018,101.5,75.6,88.7,65.7,50.8,1012.6,9.9,0,
8/25/2018,100.5,78.2,88.1,68,55.2,1014.4,9.9,0,
8/26/2018,99.7,78.1,88.3,68.6,56.1,1015.2,9.9,0,
8/27/2018,99.9,78.1,88,69.4,58.3,1013,9.8,0,
8/28/2018,100.9,78.4,88.3,69.2,57.7,1012.9,9.9,0,
8/29/2018,100.8,78.6,86.5,70.4,62.1,1014.5,9.7,0,
8/30/2018,96.7,77,85.6,69.3,61.7,1014.9,9.9,0,
8/31/2018,99.6,73,85.6,67.3,58.2,1012.9,9.9,0,
9/1/2018,97.8,75.4,86.3,68.6,58.8,1011.4,9.9,0,
9/2/2018,96.6,76.2,85.3,70.4,63.1,1011,9.9,0,
9/3/2018,93,76.2,80.4,72.6,78.7,1012.2,9,0.64,rain
9/4/2018,89.7,76.1,79.9,73.2,81.2,1013.9,9.6,0.351,rain
9/5/2018,93.6,75.5,81.6,72.5,76.2,1014.8,9.9,0.051,rain
9/6/2018,93.8,75,82,72,74.4,1015.8,9.8,0.041,rain
9/7/2018,87.9,75,79.6,73.1,81.3,1014.5,9.7,0.466,rain
9/8/2018,89.1,73.8,79.8,71.7,77.3,1012,9.9,0.027,rain
9/9/2018,78.3,73.6,75.3,71.4,87.9,1011.6,8,1.781,rain
9/10/2018,76,72.1,73.9,67.6,80.9,1013.2,9.9,0,
9/11/2018,82.3,71.9,75.3,71.4,87.8,1013.6,8.1,0.662,rain
9/12/2018,86.8,74.9,78.7,72.4,81.9,1014.1,9.4,0.079,rain
9/13/2018,89.7,73.7,79.4,71.1,77.5,1014.7,9.8,0.001,rain
9/14/2018,83.3,73.2,76.9,72.1,85.3,1014,9.4,0.185,rain
9/15/2018,84.7,74.3,77.4,72.5,85.3,1013.5,9.6,0.16,rain
9/16/2018,89,73.5,78.4,71.9,81.5,1013.4,8.6,0.088,rain
9/17/2018,90.5,71.2,80.3,69.6,72.4,1014,9.8,0,
9/18/2018,92.7,74,82.8,70.1,68.1,1013.9,9.8,0,
9/19/2018,92.7,72.6,82,70.2,69.6,1012.9,9.7,0,
9/20/2018,88.2,75,78.9,73.1,82.9,1012.9,9.4,0.302,rain
9/21/2018,86.7,76.1,81.2,75.2,82.7,1012.4,9.7,0.239,rain
9/22/2018,79,69.5,74.3,68.5,82.5,1013,9,0.546,rain
9/23/2018,78.3,67.4,72.5,65.3,78.4,1012.6,9.8,0,
9/24/2018,86.8,71.2,77.4,68.1,74.5,1012,9.9,0,
9/25/2018,93.2,75.2,82.7,71.8,71.9,1012.4,9.8,0,
9/26/2018,86.4,70.9,79.2,70.3,75.3,1015.6,9.6,0.037,rain
9/27/2018,79.9,63.3,70.5,55.9,60.4,1017.2,9.9,0,
9/28/2018,83.1,63.1,73,65.5,78.5,1017,9.8,0.043,rain
9/29/2018,77.5,71.8,74.9,71,87.8,1018.5,9.7,0.976,rain
9/30/2018,86.6,70.2,75.5,68.9,81.5,1018.5,9.4,0,
10/1/2018,85,69.9,76.5,71.2,84.3,1018.8,9.5,0.146,rain
10/2/2018,87.4,72.1,78.7,71.8,80.3,1018.1,9.4,0,
10/3/2018,90.6,74.4,81.2,71.7,74.5,1015.1,9.6,0,
10/4/2018,89.1,73.4,81,70.9,73.4,1015,9.8,0.08,rain
10/5/2018,90.4,75.1,81.3,72.2,75.7,1013.6,9.3,0.056,rain
10/6/2018,86.4,75.7,79.9,73.2,80.6,1012.6,9.7,0.133,rain
10/7/2018,86.4,73.9,78.7,72.1,81.2,1011.8,9.5,0.163,rain
10/8/2018,82.3,73,75.8,71.9,88,1009.6,9.6,0.613,rain
10/9/2018,80.3,69.4,74.5,71,89.1,1005.9,9.7,0.748,rain
10/10/2018,79.4,65.1,70.2,63,79.6,1011.8,8.5,0.001,rain
10/11/2018,73.8,61,67.4,56.6,69.2,1017.1,9.8,0,
10/12/2018,84.6,61.8,73.4,62.9,70.3,1013.6,9.9,0,
10/13/2018,89.1,73.8,79.8,72.1,78.3,1007.8,9.6,0.027,rain
10/14/2018,89.1,68.2,77.2,70.1,80.2,1009.4,8.9,1.197,rain
10/15/2018,78,44.8,50,46.9,89,1020.2,7.3,1.413,rain
10/16/2018,50.4,46.4,48.7,45.9,90.2,1022.5,7.4,0.822,rain
10/17/2018,58.3,50.2,53.6,50.7,89.9,1025,8.1,0.039,rain
10/18/2018,60.3,53.5,57.3,52.2,83.2,1025.7,9.3,0.07,rain
10/19/2018,64.4,59.9,61.8,58.9,90.2,1021.6,8.2,0.651,rain
10/20/2018,66.3,62.2,64,58.7,83,1021.6,9.9,0,
10/21/2018,73,56.1,63.7,47.2,56.7,1024.3,9.9,0,
10/22/2018,64.9,56.5,59.5,49.7,70.7,1022,9.9,0.002,rain
10/23/2018,68.5,53.9,60.1,50.1,71.7,1021.4,9.7,0.168,rain
10/24/2018,62.3,57.1,59.6,56.6,89.8,1016.6,6.7,0.549,rain
10/25/2018,66.7,55.5,60.7,54.9,81.7,1013.8,9.9,0.001,rain
10/26/2018,79.8,51.2,63.9,54.4,74.5,1014.9,9.8,0,
10/27/2018,85.1,55.3,68.3,55.4,67.9,1017,9.8,0,
10/28/2018,84,58.6,69.6,55.9,64.2,1019.4,9.7,0,
10/29/2018,82.9,59.6,70.7,61.3,73.7,1018.2,9.4,0,
10/30/2018,83.3,59.4,73.4,65.5,77.9,1013.7,9.5,0,
10/31/2018,82.4,59.2,70.8,65,82.8,1010.5,9,0.23,rain
11/1/2018,69,44.4,58.8,43,59.5,1014.1,9.8,0,
11/2/2018,76.1,46,59.5,43.8,60.4,1018.4,9.9,0,
11/3/2018,78,51.1,64.4,51.6,64.7,1013.7,9.9,0,
11/4/2018,72.9,55.7,63.9,50.8,65.4,1016.6,9.4,0.441,rain
11/5/2018,79.1,55,67.6,60.7,79.5,1009.8,8.9,0,
11/6/2018,78.5,61.3,69,65.7,89.4,1010.9,5.7,0.003,rain
11/7/2018,85.4,64.1,75.5,68.6,80.6,1012.2,6.5,0,
11/8/2018,63,56.6,60,56.3,87.6,1016.2,6.8,0.274,rain
11/9/2018,59.2,50.2,53.7,43.9,70.8,1024.4,9.3,0.649,rain
11/10/2018,52.7,47.3,49.4,32.8,52.9,1027.7,9.9,0,
11/11/2018,54.2,47.2,50.3,42.9,76.2,1019.9,7.7,0.183,rain
11/12/2018,49.8,38.4,46.4,41.4,83.1,1021.5,8,0.163,rain
11/13/2018,46.8,34.2,38.6,23.8,56,1033.7,9.9,0,
11/14/2018,55.1,27.5,40.5,21.8,50.6,1032.3,9.9,0,
11/15/2018,64,31.1,46.6,30.9,58.7,1025.5,9.9,0,
11/16/2018,69.3,36,51.9,34.7,56.8,1021.8,9.9,0,
11/17/2018,74.1,43.6,58.7,48.7,70.9,1019.4,9.4,0,
11/18/2018,63.6,46.2,52.7,43.7,71.6,1022.8,9.4,0.07,rain
11/19/2018,52.9,43.9,48.4,37.3,65.9,1023.3,9.8,0.019,rain
11/20/2018,62,40.6,50.1,36.3,61.2,1026.8,9.9,0,
11/21/2018,56,41.2,48.6,39.3,71.1,1027.3,9.8,0.009,rain
11/22/2018,62,49.9,55.9,46.2,71.1,1024,9.8,0,
11/23/2018,78.3,52.3,62.3,49.4,66.4,1013.3,9.2,0,
11/24/2018,75.1,46.5,60.8,43.9,56.5,1009.5,9.9,0,
11/25/2018,67.3,49,61,41.6,54.9,1012.8,8.9,0,
11/26/2018,59.7,37.8,48.2,25.7,43.1,1026.2,9.9,0,
11/27/2018,64,33.6,47.5,28.7,53.1,1023.4,9.9,0,
11/28/2018,71.3,46.2,57.9,45.1,63.8,1015.1,9.9,0,
11/29/2018,74.8,54.8,64.2,58.4,82.4,1011.2,8.9,0,
11/30/2018,76.7,66.1,70,64.6,83.5,1006,8.6,0.008,rain
12/1/2018,77.4,54.6,65.4,40.2,44.9,1004.8,9.8,0.027,rain
12/2/2018,69.2,49.2,57.6,37.4,48.8,1010.1,9.9,0,
12/3/2018,63,47.1,54.1,35.1,49.4,1020,9.9,0,
12/4/2018,57.1,38.9,47.3,32,56,1027.2,9.9,0,
12/5/2018,55.6,41.5,47.7,31.3,53.6,1028.9,9.9,0,
12/6/2018,56.5,51.6,54.2,47.8,80,1022.8,6.3,0.381,rain
12/7/2018,55.9,47.4,51.1,48.6,91.3,1022.4,4.8,2.572,rain
12/8/2018,47.2,42.3,44.6,39.7,83.1,1022.2,9.4,0.193,rain
12/9/2018,54.7,37.6,44.4,34.9,70,1027.4,9.9,0,
12/10/2018,58.9,35.9,44.9,30.8,61.5,1029.7,9.9,0,
12/11/2018,61.4,32.5,46.8,36.6,70.4,1026.9,9.9,0,
12/12/2018,65.8,49.8,57.9,52.3,81.9,1015.4,9.9,0,
12/13/2018,68.7,45.4,59.4,46.3,67.2,1008.1,8.9,0,
12/14/2018,53.3,43.5,48.3,35.2,61.2,1017.2,9.9,0,
12/15/2018,67.2,43.5,52.9,23.3,33.7,1023.2,9.9,0,
12/16/2018,63.9,37.6,50.4,33.9,54.4,1025.6,9.9,0,
12/17/2018,70.3,44.1,55.4,37.9,55.8,1023.6,9.7,0,
12/18/2018,63.3,38.9,51.4,46,82.8,1018.2,7,0.017,rain
12/19/2018,61.1,52.6,56.5,54.7,93.8,1010.6,3.3,0.054,rain
12/20/2018,64.2,51.5,56.7,34.6,49.4,1015.8,8.8,0,
12/21/2018,65.8,41.9,52.5,28,40.1,1017.2,9.9,0,
12/22/2018,80.1,44.3,59.2,36.6,46,1014,9.9,0,
12/23/2018,62.8,46,54.1,35,49.3,1024.3,9.9,0,
12/24/2018,61.1,37.8,49.5,39.9,70.1,1022.8,9.9,0,
12/25/2018,73.7,58.9,64.9,59,81.9,1017.3,7.1,0.004,rain
12/26/2018,70.5,59.5,66.2,63,89.3,1009.7,7.7,0.344,rain
12/27/2018,69.2,51.2,58.1,45.5,68,1008.9,8.6,2.043,rain
12/28/2018,54.6,40.9,47.2,32.3,56.7,1018.8,9.9,0,
12/29/2018,46.9,42.2,43.9,30.3,58.6,1023.9,9.9,0,
12/30/2018,42.3,38.4,40.7,35.4,81.8,1018.3,7.4,0.239,rain
12/31/2018,62.3,39.7,49.2,42.6,80.5,1013.3,8.3,0.067,rain
1/1/2019,45.1,39.4,42.6,36.6,79.6,1022.5,8.5,0.001,rain
1/2/2019,40.3,36.2,37.7,35.1,90.2,1021.5,4.5,2.275,rain
1/3/2019,51.8,34.7,40.9,35.6,82.6,1017.8,7.4,0.242,rain
1/4/2019,65.9,32.5,46.2,32.9,64.8,1018.3,8.9,0,
1/5/2019,73.7,37.5,52.3,35.5,58.6,1020.5,9.9,0,
1/6/2019,71.8,40.8,55.5,47.8,76.1,1018.3,9.5,0,
1/7/2019,75.8,59.9,66.9,60.3,80.3,1017.6,8.9,0,
1/8/2019,76.1,55.1,63.4,51.4,69.1,1022.6,6.8,0,
1/9/2019,61.8,47.2,54.3,29.7,39.5,1030.8,9.9,0,
1/10/2019,59.3,42.4,51.6,32.4,50.1,1026.1,9.9,0,
1/11/2019,59.7,47.4,53.6,46.9,78.3,1018,8.6,0.291,rain
1/12/2019,61.2,43.9,54.6,43.4,68.6,1019.3,8.7,0.028,rain
1/13/2019,52.8,37.9,44.9,34.2,66.7,1028.8,9.9,0,
1/14/2019,51.5,37.3,44,33.9,68.2,1031,8.6,0,
1/15/2019,51.1,45.4,48.3,40,72.8,1027.1,9.1,0,
1/16/2019,57,49.1,53.2,50.2,89.6,1023.3,4.3,0.044,rain
1/17/2019,76,53.9,61.8,51.2,71.7,1020.3,8.9,0,
1/18/2019,65.5,51.8,58.9,55.9,89.9,1013.3,6.3,0.004,rain
1/19/2019,63,40.8,51.5,31.1,47,1019.3,9.9,0,
1/20/2019,53.7,32.2,42.4,23.7,48.7,1028,9.9,0,
1/21/2019,66,35.1,50.4,39.3,66.9,1020,9.8,0,
1/22/2019,68.7,43.6,60.3,52.3,75.2,1011.4,9.8,0.044,rain
1/23/2019,55.9,35,43.7,22.9,46.9,1021.3,9.8,0.135,rain
1/24/2019,63.1,31.4,46.5,28.6,54.2,1020.7,9.9,0,
1/25/2019,59.2,40.4,49.2,36.1,61.7,1025.4,9.9,0,
1/26/2019,63,43.2,52.8,44.7,75,1022.6,9.2,0.19,rain
1/27/2019,65.4,43.5,54,41.9,69.1,1020.6,8.4,0.07,rain
1/28/2019,70.9,43.4,55.5,40.9,60.9,1013.3,9.8,0,
1/29/2019,48.7,36.9,43.4,20,39.5,1026.1,9.9,0,
1/30/2019,54.2,39.9,46.8,28.4,49.2,1024,9.9,0,
1/31/2019,58.1,46.4,52.5,47.3,82.7,1020.2,7.1,0.017,rain
2/1/2019,65.5,56.8,60.5,56.9,88.3,1019.6,7.2,0.01,rain
2/2/2019,64.6,59.3,61.6,58.9,91,1018.1,4.9,0,
2/3/2019,75.7,62,66.6,61.7,85.3,1012.3,5.2,0.008,rain
2/4/2019,74.8,65.8,69.1,63.9,83.8,1011.5,6.3,0,
2/5/2019,77.2,67.1,70.8,65,82.7,1011.4,5.6,0,
2/6/2019,75.4,68.3,71.2,66.4,85,1010.1,5.2,0.003,rain
2/7/2019,72.2,40,60,46.3,62,1018.1,8.9,0.027,rain
2/8/2019,39,33.3,35.5,21,55.2,1035.3,9.9,0.024,"rain,snow"
2/9/2019,40.8,34.2,36.9,31.3,80.4,1032.8,7.6,0.084,"rain,snow"
2/10/2019,47.1,38.2,42.6,40.1,91.1,1023,3.7,0.094,rain
2/11/2019,62.3,47.4,55.6,52.8,90.3,1012.9,5.2,0.053,rain
2/12/2019,64.8,41.3,54.7,35.7,52.6,1022.2,9.8,0.001,rain
2/13/2019,63.9,32.2,49.5,33.6,59.1,1023.4,9.9,0,
2/14/2019,73.3,52.3,61.8,51.3,70,1012.4,9.9,0,
2/15/2019,88.5,54.5,68.9,53.5,62.8,1007.1,9.8,0,
2/16/2019,61.9,42.3,49.9,40.1,69.3,1008.8,8.3,0,
2/17/2019,62.4,49.5,55.7,40.9,59.6,1011,8.6,0,
2/18/2019,59.4,43.9,49.9,30.5,47.7,1021.7,9.9,0,
2/19/2019,45.2,40.1,42.9,36.3,78.8,1016.5,6.9,0.164,rain
2/20/2019,63.9,41.3,50.1,36.3,62.9,1015.4,9.9,0,
2/21/2019,55.2,44.9,51.8,41.6,68.3,1014.1,9.9,0,
2/22/2019,58.4,49.9,53.4,49.7,87.2,1013.6,7.2,0.022,rain
2/23/2019,74.7,53.2,61.7,35.1,48.9,1013.3,6.7,0.029,rain
2/24/2019,64,45.9,54.3,28.3,38.3,1026.2,9.9,0,
2/25/2019,66.9,42.1,54.6,40.5,59.5,1024.5,9.9,0,
2/26/2019,66.2,54.2,59,54.9,86.7,1020.1,6.2,0.01,rain
2/27/2019,76.8,56.9,65.5,59.2,81.6,1017.1,5.6,0.001,rain
2/28/2019,52,39.3,42.8,38.2,83.7,1019.5,7.4,0.085,rain
3/1/2019,54.1,42.3,48.2,42.3,80.2,1018,5,0,
3/2/2019,53.1,46,49.3,46.3,89.4,1018.1,3.1,0.003,rain
3/3/2019,45.4,34.2,43,37.1,80.3,1019.7,7.7,0.001,rain
3/4/2019,38.1,29.4,33,17.2,52.8,1028.9,9.9,0,
3/5/2019,46.9,26,36.9,14.2,40.7,1033.3,9.9,0,
3/6/2019,59,28.8,44.9,26.4,51.1,1029.9,9.9,0,
3/7/2019,72.7,50.3,60.7,52.7,76.3,1018.9,7.8,0,
3/8/2019,82.7,64.6,71.7,63.9,77.7,1011.5,9.5,0,
3/9/2019,84.7,60.7,73.3,51.7,57,1008.4,7.9,0.035,rain
3/10/2019,77.5,56.4,67.7,58.1,72.2,1014.5,8.1,0,
3/11/2019,66.7,58.1,60.9,51.8,72.4,1020.4,8.2,0,
3/12/2019,77.5,58.1,66.7,60.7,82.8,1016.3,5.3,0.017,rain
3/13/2019,81.9,56.2,70.3,59.1,70.7,1004.1,8.9,0.365,rain
3/14/2019,74.7,60.5,68.9,38.1,35.7,1013.4,9.3,0.017,rain
3/15/2019,59.2,49.9,54.8,27,34.8,1027.4,9.9,0,
3/16/2019,60.7,45.4,54.1,25.8,34.7,1028.7,9.9,0,
3/17/2019,67.3,43.5,56.2,31.4,40.8,1026.2,9.9,0,
3/18/2019,70.5,45.2,57.1,35.4,48.5,1024.9,9.9,0,
3/19/2019,70.7,49.1,58.9,39.8,50.8,1024,9.9,0,
3/20/2019,75.5,52,62.2,48.3,62.7,1023,9.9,0,
3/21/2019,78.3,49.9,64.1,37.4,44.1,1022.8,9.9,0,
3/22/2019,79.7,50,65.1,45.6,51,1019.6,9.9,0,
3/23/2019,73.9,61.9,67.5,56.5,68,1017.4,9.9,0,
3/24/2019,82,65.6,71.4,61.9,73.1,1016.9,9.8,0,
3/25/2019,81.7,66.1,72.9,57.9,63,1018.8,9.4,0,
3/26/2019,78,54.8,65.7,47,52.5,1024.5,9.8,0,
3/27/2019,78.6,50.9,64.6,50.4,62.8,1023.6,9.7,0,
3/28/2019,79.5,54.8,66.1,53.8,66.5,1020,9.9,0,
3/29/2019,79,62.3,68.8,58.4,70.7,1014.2,9.8,0,
3/30/2019,70.3,52.2,62.7,50.7,66.4,1015.7,9.9,0,
3/31/2019,58.3,44.7,50.2,28.8,44.4,1026.2,9.9,0,
4/1/2019,62.3,40.8,50.6,32.3,51.1,1024.3,9.9,0,
4/2/2019,73.2,38.6,56.4,34.6,48.6,1022.2,9.9,0,
4/3/2019,69.3,55.4,62.3,53.4,73.2,1018.7,8.6,0.027,rain
4/4/2019,91,65.4,75.5,61.1,67.7,1013.7,7.7,0.041,rain
4/5/2019,81.1,62.4,70.7,61.6,74.1,1013.7,7.5,0,
4/6/2019,72.6,67,70.1,66.5,88.6,1010.6,5,2.846,rain
4/7/2019,69.5,63.2,66.1,60.1,81.6,1011.8,6.7,1.297,rain
4/8/2019,88.2,60.9,71.9,52.7,53.9,1013.6,9.9,0,
4/9/2019,88.9,57,73.5,54.7,55.9,1012.2,9.9,0,
4/10/2019,92.5,60.5,76.1,55.6,53.1,1003.6,9.9,0,
4/11/2019,82.6,61.9,71.6,43.1,43.2,1003.6,9.9,0,
4/12/2019,78.5,54,65.8,49.1,56.1,1009,9.7,0.008,rain
4/13/2019,69,49.3,62.8,54.2,75,1004.2,7.8,0.587,rain
4/14/2019,74.5,46.6,58.8,38.8,50.5,1016.3,9.9,0,
4/15/2019,80.7,50.9,65.9,48.2,55.5,1016.2,9.9,0,
4/16/2019,81.2,63.7,71.1,60.4,70.4,1014.4,9.8,0,
4/17/2019,82.9,70.2,74.5,68.3,81.6,1008,7.7,0.012,rain
4/18/2019,75,60.3,67,52.7,65,1008.6,9.1,0.578,rain
4/19/2019,75.7,55.6,65.4,38.8,41,1017.6,9.9,0,
4/20/2019,82.3,47.1,65.4,46.2,54.2,1017.6,9.9,0,
4/21/2019,83.7,56.4,70,58.6,69.9,1014.3,9.1,0,
4/22/2019,79.2,67,72.6,61.6,69.5,1015.5,9.9,0,
4/23/2019,78.5,67.9,72.1,64.9,78.3,1014,9.7,0,
4/24/2019,70.2,60.5,64.7,61.2,88.3,1011.1,7.9,1.538,rain
4/25/2019,87,56.6,70.1,55.4,65.1,1011.6,9.9,0,
4/26/2019,82.5,62.8,71.1,53.4,56.3,1018.2,9.9,0,
4/27/2019,84.3,58.5,72.1,58.1,63.6,1012.8,9.9,0,
4/28/2019,84.7,65.1,73.5,62.4,70.2,1012.2,9.4,0,
4/29/2019,82.6,68.7,74.9,65.1,72.5,1012,9.7,0,
4/30/2019,82.8,74.3,77.8,69.2,75.6,1010.9,8.5,0.014,rain
5/1/2019,82,75,78,70.1,77,1011.1,8.8,0.008,rain
5/2/2019,78.7,63,70,64.4,82.9,1014.2,9,0.123,rain
5/3/2019,80.7,63.6,69.2,65.3,88,1012.1,7.4,3.185,rain
5/4/2019,81.5,61.1,71,61.5,73.8,1011.1,9.9,0.391,rain
5/5/2019,84.9,59.8,73.5,62.5,70.3,1011.3,9.7,0,
5/6/2019,75.8,66.3,71.7,66.1,82.7,1012.8,9.2,0,
5/7/2019,86.3,68.5,74.8,68.5,81.5,1012,8.9,1.3,rain
5/8/2019,78,66.1,72.1,67.3,85.1,1006,8.1,1.429,rain
5/9/2019,86.7,65.1,76.4,69.5,80,1008.4,7.1,0.072,rain
5/10/2019,67,55.4,61.1,52.3,72.9,1014.9,9.9,0,
5/11/2019,65.4,57.4,61.1,56.4,84.7,1012.9,8.1,0.12,rain
5/12/2019,78.8,60.3,69,55.9,65.1,1012.1,9.9,0,
5/13/2019,83.1,56.5,70.4,56,63.7,1013.4,9.9,0,
5/14/2019,80.6,62.5,73.3,61.4,67.9,1014.8,9.9,0,
5/15/2019,85.3,64.8,75.2,63,68.2,1015.5,9.7,0,
5/16/2019,86.4,65.8,76.3,64.6,69.3,1014.5,9.6,0,
5/17/2019,88.6,73.2,79.6,69.4,72.2,1009.3,9.8,0,
5/18/2019,85.5,76.3,79.5,72.9,80.6,1005.3,7.8,0.11,rain
5/19/2019,91,75.8,82.9,72.5,72.4,1008.8,6.6,0,
5/20/2019,89.5,77.2,81.7,71.7,72.9,1007.1,8.6,0,
5/21/2019,87,65.9,78.4,62.2,60.6,1003.4,9.5,0.154,rain
5/22/2019,90.4,74.3,82.5,69.9,66.8,1006.5,8.7,0,
5/23/2019,91.9,76.1,83.1,72,70.4,1012.1,9.5,0,
5/24/2019,89.6,76.9,82.3,69.7,67.1,1013.7,9.9,0,
5/25/2019,89.9,75.3,81.3,69.3,68.4,1014.8,9.8,0,
5/26/2019,89.9,74.4,81.2,67.8,66,1015.3,9.8,0,
5/27/2019,88.9,73.7,80.1,68.3,68.7,1011.4,9.8,0,
5/28/2019,86.7,73.9,80.2,70.1,72.2,1007.1,9.7,0,
5/29/2019,90.4,78.2,82.9,72,70.7,1005.9,9.8,0,
5/30/2019,84.4,71.9,77.6,70.3,79.1,1011.9,8.8,0.385,rain
5/31/2019,89.8,72.2,80.9,69.7,70.7,1013.9,9.2,0,
6/1/2019,91,75.5,82.8,70.9,69.1,1012.9,9.6,0,
6/2/2019,92.4,73.7,83.5,70.7,67.4,1012.3,9.6,0,
6/3/2019,92.1,74,83.6,71.5,68.8,1012.9,9.8,0,
6/4/2019,83.4,74.2,78.3,72.2,82.1,1013.2,9.4,0.121,rain
6/5/2019,89.5,75,80.2,72.8,79.7,1009.2,9.2,0.004,rain
6/6/2019,89.7,68.2,77.3,69.2,77.4,1007.8,9.5,0.689,rain
6/7/2019,94,71.6,82.4,66.8,62.9,1007.3,9.9,0,
6/8/2019,96.2,70,83.5,66.8,60.4,1008.5,9.9,0,
6/9/2019,97,72.7,83.5,71.1,68.2,1011.1,9.5,0.87,rain
6/10/2019,87.2,75.4,79.5,64.9,62.4,1020.4,9.9,0,
6/11/2019,78.9,70.2,74.1,61.3,65.5,1018.8,9.8,0.037,rain
6/12/2019,89.3,65.9,77.3,64.6,68.5,1015.5,9.1,0,
6/13/2019,90,71.1,80.3,59.3,51.3,1017.4,9.9,0,
6/14/2019,90.8,70.6,80.9,65.4,60.4,1014.6,9.9,0.002,rain
6/15/2019,94.1,75.7,84,70.9,66.5,1010.8,9.9,0,
6/16/2019,95.2,73,84.3,71.7,67.5,1009.4,9.9,0.003,rain
6/17/2019,88.2,69.2,77.2,67.3,73.6,1011.6,9.6,0.586,rain
6/18/2019,93.5,71.9,82.4,70.4,69.2,1012,9.9,0,
6/19/2019,96.7,78.1,86.5,73.6,67.4,1008.5,9.5,0,
6/20/2019,96,77.7,86.1,75.1,70.8,1008.4,9.2,0,
6/21/2019,94.9,80,86,74.6,70,1009.8,9.5,0,
6/22/2019,91.6,75,83.8,73.9,72.9,1011,9.6,0.011,rain
6/23/2019,94.9,80.2,85.9,75.2,71.6,1009.4,9.7,0.003,rain
6/24/2019,83.8,67.6,74,67.8,81.3,1011.3,9.3,0.301,rain
6/25/2019,92.1,69.3,78.5,67.5,70.5,1014.2,9.9,0.118,rain
6/26/2019,89.5,70.8,79.3,70.3,75.1,1017.7,9.1,0.011,rain
6/27/2019,93.7,72.3,80.6,72,77.3,1019.5,8.2,0.708,rain
6/28/2019,92.8,73.2,82.1,71,71.7,1019,8.4,0,
6/29/2019,93.7,70.6,82.7,67.7,62.8,1017.1,9.8,0,
6/30/2019,85.3,68.5,75.4,68.3,79.8,1016.1,9.2,0.901,rain
7/1/2019,91.7,73.5,81.9,70.1,69.1,1015.2,9.9,0,
7/2/2019,93,75.7,82,71.9,73.2,1013.8,9.7,0,
7/3/2019,89.9,75.5,79.8,72.5,79.4,1012.4,9.6,0.017,rain
7/4/2019,91.9,75.6,83.2,72.4,71.9,1012.8,9.3,0,
7/5/2019,95.6,78.1,85.5,73.1,68.2,1015.6,9.7,0,
7/6/2019,93.3,76.5,84.9,72.2,67.8,1017.3,9.7,0,
7/7/2019,94.9,78.1,86,72.3,65.9,1015.2,9.9,0,
7/8/2019,95.4,73.1,82.7,72.3,72.8,1013,9.8,0.277,rain
7/9/2019,95.3,75.4,85.2,73.5,70.2,1012.4,9.7,0,
7/10/2019,96.6,78.5,86.9,72.4,64.5,1013.6,9.9,0,
7/11/2019,97,74.6,85.2,68.6,60.5,1013,9.9,0,
7/12/2019,96.4,76.7,86.2,67.8,56.8,1009.9,9.9,0,
7/13/2019,96.3,74.8,85.2,67.6,56.6,1009.3,9.9,0,
7/14/2019,97.4,78.7,87.5,70.3,58.4,1010.5,9.9,0,
7/15/2019,95.2,77.3,85.3,72.2,65.9,1011.7,9.9,0,
7/16/2019,97.9,77.8,87.2,71.8,63.2,1013.7,9.8,0,
7/17/2019,99.4,78.1,86.8,71.9,63.8,1014.8,9.9,0,
7/18/2019,98.3,76.9,86.8,71.1,62.7,1014.1,9.8,0,
7/19/2019,98.2,76.9,86.6,71.2,63,1013.5,9.9,0,
7/20/2019,98.2,77.6,87.2,69.9,59.5,1012.8,9.9,0,
7/21/2019,98.2,74.6,86.5,69.1,60.2,1012.7,9.7,0,
7/22/2019,97.7,76.5,86.9,69.1,59.7,1014.1,9.7,0,
7/23/2019,93.2,80.5,85.6,63.3,49.5,1016.4,9.9,0,
7/24/2019,90.5,73.3,81.3,56.7,45.4,1018,9.9,0,
7/25/2019,90.2,62.7,78.3,54.7,47.4,1017.8,9.9,0,
7/26/2019,91.2,64.8,79.9,57.7,50.2,1018.5,9.9,0,
7/27/2019,95,69.9,83.4,64.1,54.5,1018.3,9.9,0,
7/28/2019,99.8,76.2,86.6,68.6,58.8,1016.2,9.8,0,
7/29/2019,98.1,76.4,86.8,69.1,59.8,1014.7,9.7,0,
7/30/2019,100.5,77.3,87.9,69.3,58.1,1014.5,9.9,0,
7/31/2019,101.1,75.2,87.8,68.5,57,1014.5,9.8,0,
8/1/2019,97.5,75.9,87,67.7,56.2,1015.1,9.8,0,
8/2/2019,98.9,76,87.6,68.1,55.7,1013.9,9.9,0,
8/3/2019,94.2,78.6,85.7,69.6,60.2,1012.4,9.9,0,
8/4/2019,93.8,75.1,83.6,71.2,68.5,1013,9.5,0.153,rain
8/5/2019,98.9,76,86.8,70.4,61.5,1012.8,9.9,0,
8/6/2019,99.1,76.9,87.7,70.4,59.9,1012.2,9.9,0,
8/7/2019,100,78.2,88.4,70.7,59.7,1011.8,9.8,0,
8/8/2019,101.7,78.2,89.2,71.2,59.2,1011.4,9.9,0,
8/9/2019,102.8,79.6,89.2,70.7,58.8,1011.9,9.8,0,
8/10/2019,101.7,79.3,89.1,70.3,58,1012.3,9.9,0,
8/11/2019,102.7,78,89.2,70.2,57.9,1013.2,9.9,0,
8/12/2019,102.9,78.2,89.9,70.1,56.6,1011.6,9.9,0,
8/13/2019,102.3,78.2,90,69.7,56.4,1011.1,9.9,0,
8/14/2019,100.9,78.7,88.8,70,57.8,1013.1,9.8,0.02,rain
8/15/2019,98.9,77.3,87.9,69.8,58.3,1013.4,9.9,0,
8/16/2019,101.5,77.9,90.4,67.8,50.3,1011.6,9.9,0,
8/17/2019,101.5,79.7,89.6,69.1,54.7,1010,9.9,0,
8/18/2019,102.2,79.7,89.6,69.9,56.8,1010.5,9.8,0,
8/19/2019,100.9,79.5,89.5,70.3,57.2,1013.1,9.9,0,
8/20/2019,100.8,78.5,89,69.5,56.7,1014.7,9.5,0,
8/21/2019,99.4,77.3,87.8,67.6,55.1,1014.3,9.8,0,
8/22/2019,98.2,77.5,87.5,69.8,59.2,1012.1,9.8,0.025,rain
8/23/2019,98.8,78.1,86.1,71,63.6,1011.2,9.8,0,
8/24/2019,95.7,76.5,83.4,71.8,70.6,1011.7,9.4,0.979,rain
8/25/2019,99.8,75.8,85.7,72.7,69.4,1009.4,8.8,0,
8/26/2019,101.2,79,88.8,73.5,64.1,1007.2,8.9,0,
8/27/2019,92.5,79.7,85.1,72.6,67.4,1011.2,9.9,0,
8/28/2019,97.5,75.8,86.2,69.6,60,1015,9.9,0.008,rain
8/29/2019,100.5,76.6,87.8,69.7,58.9,1014.8,9.6,0.009,rain
8/30/2019,98.5,77.7,86.8,70,60.7,1014.4,9.8,0,
8/31/2019,97.9,75.9,86.4,67.7,57.2,1015,9.9,0,
9/1/2019,96.1,75.9,85.8,66.9,55.1,1015.4,9.9,0,
9/2/2019,98.9,75.5,87.6,63.4,49.3,1014.9,9.8,0,
9/3/2019,98.7,72.8,87.1,62.2,46,1013.2,9.9,0,
9/4/2019,98.5,74.6,88,64.1,48.3,1014.9,9.9,0,
9/5/2019,101.3,73.2,87.8,63.3,48.8,1016.7,9.9,0,
9/6/2019,101.3,75.9,89.2,64,48.5,1015.9,9.9,0,
9/7/2019,100.1,77,88.4,64.9,51.1,1014.6,9.8,0,
9/8/2019,100.6,77,87.2,67.6,56.2,1013.4,9.8,0,
9/9/2019,99.1,77,85.9,68.8,60.7,1014.2,9.7,0,
9/10/2019,97.2,74.1,82.2,69.7,68.8,1016.3,9.5,0.179,rain
9/11/2019,94.6,73,80.9,69.5,70.4,1017.4,9.9,0,
9/12/2019,97.6,74.1,84.1,69,64.5,1016.5,9.9,0,
9/13/2019,97,74.1,84.9,66.6,58.9,1018.2,9.8,0,
9/14/2019,98.4,74.4,86.5,62.4,48.7,1017.5,9.9,0,
9/15/2019,96.7,72.8,85.4,63.6,51.5,1016.1,9.8,0,
9/16/2019,97.8,75.9,86.9,64.3,50,1014.2,9.9,0,
9/17/2019,89.6,74.5,82.6,68.6,63.5,1012.3,9.9,0,
9/18/2019,100.2,74.2,85.3,68.1,60,1010.8,9.9,0,
9/19/2019,96.7,77.5,82.8,71.4,69.7,1009.8,9.7,0.244,rain
9/20/2019,97.8,77.7,85.7,71.5,65.7,1012.7,9.9,0,
9/21/2019,96.6,78.7,85.3,70.9,65,1015.2,9.9,0,
9/22/2019,99.1,77,86,69.4,61.7,1014.7,9.7,0,
9/23/2019,96.6,78.1,86.4,70,61.5,1014.7,9.8,0,
9/24/2019,95.5,78.3,85.7,71,64.3,1012.2,9.8,0,
9/25/2019,97.4,74.5,84.8,67.7,60.3,1010.7,9.9,0,
9/26/2019,96.5,73.9,85,66,56.8,1011,9.9,0,
9/27/2019,97.1,74.4,84.8,67.1,59.2,1009.2,9.9,0,
9/28/2019,93.1,78.6,84.9,72.2,67.2,1010.9,9.9,0,
9/29/2019,96.2,78.5,85.8,71.2,64.9,1013.7,9.3,0.064,rain
9/30/2019,96.6,79.7,85.3,73.3,69,1014.1,9.6,0.056,rain
10/1/2019,97.4,78.6,85.6,69.9,62.6,1013.5,9.9,0,
10/2/2019,95.8,75.9,84.6,68.8,63,1013.6,9.4,0,
10/3/2019,96,73.6,84.3,66.9,59.9,1015.3,9.7,0,
10/4/2019,93.1,74.5,83.6,64.9,55.9,1016.3,9.9,0,
10/5/2019,94.8,71.5,83.3,63.4,54.5,1014,9.7,0,
10/6/2019,97.4,70.8,83.6,62.1,51.8,1013.4,9.9,0,
10/7/2019,83.4,69.3,76.9,58.7,54.6,1018.1,9.9,0,
10/8/2019,85.5,62.7,72.9,51.7,52.4,1017.1,9.9,0,
10/9/2019,95.5,67,79.8,62.9,59.4,1011.7,9.2,0,
10/10/2019,97.7,77.5,85.6,69.3,61.5,1009,9.9,0,
10/11/2019,80.8,47.8,58.8,47.5,68.1,1019.7,9.2,0.368,rain
10/12/2019,63.1,54,58.5,32.8,38.5,1022.6,9.9,0.008,rain
10/13/2019,80.5,57,67.4,46.9,49,1016.3,9.9,0.008,rain
10/14/2019,88.6,70.7,77.7,65.6,67.2,1013.8,9.2,0.001,rain
10/15/2019,94.8,75.1,82,70.1,69.8,1011.5,9.7,0.447,rain
10/16/2019,74.9,57.4,67.9,47.9,52.4,1017.5,9.8,0.402,rain
10/17/2019,75.6,55.2,62.7,43.2,51.3,1016.4,9.9,0,
10/18/2019,83.1,50.5,65.9,48.4,57.2,1010,9.9,0,
10/19/2019,95.3,65.7,77.9,58.3,57.4,1006.9,9.9,0,
10/20/2019,94.3,66.2,77.5,62.2,60.2,1007.1,9.9,0,
10/21/2019,80.5,62.8,72.5,48.3,49.2,1010.5,9.8,0.252,rain
10/22/2019,82,50.9,66.2,36.9,40.7,1020.2,9.9,0,
10/23/2019,86.7,53.1,69.5,49.1,49.9,1016.8,9.9,0,
10/24/2019,84,51.2,70.3,60.3,72.3,1014.1,8.9,1.663,rain
10/25/2019,58,44.6,50.8,40.6,69.4,1019.7,9.6,1.439,rain
10/26/2019,73.2,46.2,56.8,39.2,55.8,1014.2,9.9,0,
10/27/2019,81.5,43.5,62.1,39.7,51.3,1013.4,9.9,0,
10/28/2019,80.5,56.2,67.3,58.8,75.2,1013.8,9.8,0,
10/29/2019,62.8,50.2,54.4,51.3,89.1,1015.3,6.1,0.069,rain
10/30/2019,50.2,44.2,47.2,42.2,83.1,1018.4,8.1,0.041,rain
10/31/2019,56.5,34.2,43.5,25,51.2,1030.5,9.8,0,
11/1/2019,62.7,29.8,45.7,26.4,54,1027.5,9.9,0,
11/2/2019,69.4,38.9,52.7,33,52.2,1027.9,9.9,0,
11/3/2019,73,40.8,56.6,39.7,58.3,1022.2,9.9,0,
11/4/2019,82.9,52.8,66.4,55,69.8,1015.6,9.6,0,
11/5/2019,82.4,63.1,71.9,63,74.7,1019.2,9.5,0,
11/6/2019,83,68.9,74.9,63.9,70.1,1020.2,9.9,0,
11/7/2019,66.9,44.3,58.1,52.7,82.5,1022.3,9.2,0.07,rain
11/8/2019,50,44,46.5,42,84.5,1028.4,8.9,0.123,rain
11/9/2019,69.3,42.2,54.3,43.9,70.6,1024.9,8.4,0,
11/10/2019,74.9,48.1,62,48.4,63.5,1018.5,9.9,0,
11/11/2019,73.3,34,55.7,48.5,76.7,1019.6,9.5,0.091,"rain,snow"
11/12/2019,45.9,31.1,35.7,17,48.3,1033.7,9.5,0.009,"rain,snow"
11/13/2019,42,29.5,36.7,23.9,60.2,1025.8,9.6,0,
11/14/2019,44.8,36.5,41.8,36.5,81.9,1025.7,5.7,0.104,rain
11/15/2019,63.4,36.8,47.2,34.8,66.6,1029,8.9,0,
11/16/2019,65.1,36.1,49.5,36.3,64.3,1023,9.8,0,
11/17/2019,70.1,42,54.2,45.2,72.7,1017.6,9.8,0,
11/18/2019,74.1,46.8,58.4,43.2,61.3,1015.1,9.9,0,
11/19/2019,79.9,45.3,62.6,49.6,65.4,1014.5,9.8,0,
11/20/2019,82.5,63.6,71.6,62.2,74.3,1013.1,8.2,0,
11/21/2019,79,70.1,74,64.7,73.1,1013,9.9,0.001,rain
11/22/2019,71.5,47.7,58.8,51.1,75.8,1016.6,9.1,0.01,rain
11/23/2019,70.2,40.9,53.1,39.8,63.3,1019.5,9.9,0,
11/24/2019,74.5,41.3,56.3,40.3,59.6,1016.6,9.8,0,
11/25/2019,85.9,52.8,67.4,49.1,57,1006.4,9.9,0,
11/26/2019,73.9,65.2,68.6,62.2,80.3,1003.9,7.3,0,
11/27/2019,68.3,52.2,57.7,24.9,28.6,1021.1,9.9,0,
11/28/2019,55.2,49.1,52.2,42.4,71.1,1022.7,7.9,0.013,rain
11/29/2019,73.6,52,58.9,56.7,92.3,1016.8,2.8,0.192,rain
11/30/2019,87,64.1,76.1,63.8,68.1,1008.7,9.4,0,
12/1/2019,65.7,49.5,56.8,24.8,29.7,1020.3,9.9,0,
12/2/2019,65.5,42.5,52,28.5,42.7,1025.1,9.9,0,
12/3/2019,74.4,39.1,55.4,34.8,49.6,1016.6,9.9,0,
12/4/2019,74.5,50.5,60,36.2,43.3,1017.8,9.8,0,
12/5/2019,73.7,50.6,61.1,50.5,68.5,1015.7,9.2,0,
12/6/2019,73.9,56.7,63,44.7,55.1,1021.1,9.4,0,
12/7/2019,68.3,46.2,55.9,41,58.5,1024.6,9.9,0,
12/8/2019,74.5,48.6,61,50.5,70.1,1015.6,9.2,0,
12/9/2019,80.7,60.1,70.4,57.4,66.4,1010.4,8.4,0,
12/10/2019,56.9,40,46.2,38.6,76.3,1024.1,9.1,0.365,rain
12/11/2019,56.2,36.5,45,35.4,70.9,1032.1,9.8,0,
12/12/2019,61.9,35,47.1,38.5,73.5,1024,9.9,0,
12/13/2019,77.3,40.7,56.5,39.9,59.7,1013,9.9,0,
12/14/2019,77.2,43.4,58.3,43.2,60.4,1009.8,9.9,0,
12/15/2019,80.9,47.9,63.5,55,76,1007.6,7,0.001,rain
12/16/2019,70,42,53.8,44.1,70.5,1014.8,8.7,0,
12/17/2019,55,35.1,43,22.9,48.5,1028.6,9.9,0,
12/18/2019,59.7,31.5,43.2,20,44.1,1031.5,9.9,0,
12/19/2019,60.7,28.7,43.9,22.1,47.1,1028.3,9.9,0,
12/20/2019,52,47.2,49.8,43.4,79.3,1025.8,6,0.381,rain
12/21/2019,60.5,44.1,51.6,44.2,77.7,1026.8,6.3,0,
12/22/2019,59.6,37.6,45.7,38.6,78.2,1025.5,6.6,0,
12/23/2019,70.2,35.4,49.9,37.3,66.6,1020.8,8.7,0,
12/24/2019,71.6,36.3,53.6,37.2,58.6,1017.3,9.9,0,
12/25/2019,69.6,46.4,57.2,50.7,79.7,1014.1,8,0,
12/26/2019,67.1,53.2,61.3,55.4,81.4,1016.8,8.9,0,
12/27/2019,67.2,53.5,61,55.4,82.1,1016.3,8.2,0,
12/28/2019,71.6,54,62.5,58.3,86.3,1008.5,8.4,0.058,rain
12/29/2019,66,46.4,56,38,55.8,1012.6,9.9,0,
12/30/2019,61.2,39,49.2,27.8,46.7,1021.7,9.9,0,
12/31/2019,61.6,36.5,48.8,25.4,44.8,1023.9,9.9,0,
1/1/2020,56.8,50.7,53.9,35.8,51.6,1014.9,9.7,0,
1/2/2020,60.3,47.9,54.4,49.8,84.7,1004.7,8.1,0.007,rain
1/3/2020,64.4,48.9,55.3,40.5,60.1,1014.5,9.8,0,
1/4/2020,71.6,41.3,54.7,30.9,42.9,1026.8,9.9,0,
1/5/2020,74.6,44,58.3,33.4,41.5,1025.1,9.9,0,
1/6/2020,74.8,42.5,58.6,41.5,56,1020.8,9.9,0,
1/7/2020,67.5,41.6,54,22.2,32.2,1028.9,9.9,0,
1/8/2020,70.2,35.2,53.2,35.3,52.3,1024.4,9.9,0,
1/9/2020,77.2,62.9,68.7,59.6,73.5,1014.7,9.7,0,
1/10/2020,77.6,59.9,70.9,62.4,74.8,1007.9,9.5,0.242,rain
1/11/2020,58.8,42.6,51.6,39.1,63.6,1018.8,9.9,0.18,rain
1/12/2020,61.5,34.6,47.8,38.4,71.7,1022.2,9.7,0,
1/13/2020,60.3,51.6,56.4,53.7,90.8,1021.1,3.2,0.028,rain
1/14/2020,75.7,60.1,66,62.4,88.4,1018.3,3.6,0.001,rain
1/15/2020,81.1,69.3,73.3,65.8,78.8,1017.4,6.9,0.011,rain
1/16/2020,70.7,56.8,62.2,58.9,89,1023.5,7.1,0.336,rain
1/17/2020,58.4,50.5,55.1,52.7,91.4,1022.2,5.9,0.104,rain
1/18/2020,69.4,49.9,62.4,50.7,68.7,1022.7,7.3,0.003,rain
1/19/2020,57.5,39.4,48.5,22.4,36.6,1032.4,9.9,0,
1/20/2020,60.7,31.8,45.2,27.7,54.6,1034.3,9.9,0,
1/21/2020,61.4,39.7,51,33.5,54.1,1029.5,9.8,0,
1/22/2020,58.1,47.2,53,50.3,90.6,1017,4.5,0.89,rain
1/23/2020,66.3,46.5,55.5,47.6,76.6,1015.6,8.3,0.047,rain
1/24/2020,67.4,42,53.1,36.1,59,1020.9,9.8,0,
1/25/2020,66.6,41.3,54.9,45.1,70.5,1018.6,9.1,0.016,rain
1/26/2020,77.7,53.8,63.6,50.9,68.5,1015.2,7.7,0.011,rain
1/27/2020,69,46.3,55.8,49.5,80.6,1015.2,8.2,0,
1/28/2020,72.5,50.8,58.4,47.3,70.2,1012.8,7.6,0.27,rain
1/29/2020,62,44.5,51.7,37.2,58.6,1017.7,9.9,0,
1/30/2020,49.1,43.9,46.7,39.3,75.4,1019.8,9.6,0.008,rain
1/31/2020,61.6,44.5,50.8,37.6,62.6,1021.8,9.9,0,
2/1/2020,73.1,40.3,54.2,32.7,51,1024.3,9.9,0,
2/2/2020,79.1,43.8,60,32.4,40.4,1018.9,9.9,0,
2/3/2020,72.2,55.8,64.3,54.7,71.4,1010,9.9,0,
2/4/2020,78.4,47.9,64.9,56.5,75.2,1008.1,9.6,0,
2/5/2020,46.6,35,40.4,33.6,76.9,1011.7,8.1,0.003,"rain,snow"
2/6/2020,54.2,32.2,41.2,23.4,53.7,1011.7,9.7,0.018,"rain,snow"
2/7/2020,74.9,35.2,53.8,28,41.4,1013,9.9,0,
2/8/2020,69.1,42.5,56.7,40.8,56,1019.8,9.9,0,
2/9/2020,72.2,62.6,67.6,63.7,87.6,1014.8,7,0.069,rain
2/10/2020,71.1,48,58.7,54.4,85.8,1014.3,6,0.128,rain
2/11/2020,47.7,43.9,45.4,41.6,86.4,1018.4,6.6,0.2,rain
2/12/2020,56.4,44.2,48.1,43.1,83.4,1013.3,8.1,1.213,rain
2/13/2020,53.5,39.2,46.1,36.6,70.4,1023.9,9.9,0,
2/14/2020,58.6,33.8,45.1,32.5,63.2,1029.4,9.9,0,
2/15/2020,64.3,38.4,51.8,43.4,73.7,1022.7,9.4,0,
2/16/2020,76.6,49.7,61.4,53.5,76.6,1015.7,9.1,0,
2/17/2020,79.5,58.5,69.3,62.8,80.8,1010.3,7.9,0.005,rain
2/18/2020,71.3,51,63.3,57.6,81.8,1015.6,6.8,0.025,rain
2/19/2020,51,47.8,49.1,44.9,85.3,1023.6,7.8,0.076,rain
2/20/2020,51.7,44.8,47.1,40.6,78.8,1029.2,8.2,0.385,rain
2/21/2020,54.6,35.9,44.9,31.2,59.6,1036.9,9.9,0,
2/22/2020,63.7,43.3,53,36.9,55.9,1027.6,9.9,0,
2/23/2020,69.2,53.8,61.3,52.8,73.9,1016.5,9.9,0,
2/24/2020,70,51.2,63.8,48.6,62,1010.5,9.8,0.008,rain
2/25/2020,66.7,46.8,55.8,37.6,53.4,1014.6,9.9,0,
2/26/2020,55,39.1,47.2,22,37.9,1029.5,9.9,0,
2/27/2020,63.6,30.7,46.7,22.2,43.6,1029.1,9.9,0,
2/28/2020,73.7,37.2,55.3,26.8,36.7,1027.6,9.8,0,
2/29/2020,74.6,44.2,59.9,38.3,47.1,1022.6,9.8,0,
3/1/2020,76.9,57.1,65.5,56.8,74.6,1013.1,9.9,0,
3/2/2020,77.7,65.6,69.9,62.7,79,1009.4,8.5,0,
3/3/2020,74.2,63.8,69.8,62.7,78.7,1008.1,7.5,0,
3/4/2020,68.7,53.9,62.5,56.9,82,1009.9,7.3,1.251,rain
3/5/2020,75.2,48.1,60,42.4,57.6,1023.7,9.9,0,
3/6/2020,70.5,50.1,59.3,32.2,39.1,1031,9.9,0,
3/7/2020,62.7,44.6,53.1,39.2,59.9,1028.4,9.9,0.001,rain
3/8/2020,74.3,48.9,61.1,50.7,70.5,1023.7,9.3,0,
3/9/2020,67.3,64.3,65.5,61.8,87.9,1021.3,7.2,0.176,rain
3/10/2020,80,59.5,68.8,61.7,79.6,1022.9,7.5,0.001,rain
3/11/2020,83.3,63.5,72.9,62.7,72.3,1017.1,8.5,0,
3/12/2020,85.8,67.9,74.8,62.7,67.7,1011.4,9.7,0,
3/13/2020,82.2,68.8,73.8,63.4,70.9,1013.3,9.8,0,
3/14/2020,83.6,71,75.7,65.1,70.5,1017.3,9.2,0,
3/15/2020,72.4,59.2,62.5,58,85.5,1022.9,7.4,0.045,rain
3/16/2020,73.7,58.3,65.7,60.6,84.2,1020.6,8,0,
3/17/2020,80.7,67.9,72.2,65.6,80.3,1017,8.8,0.095,rain
3/18/2020,82.7,70,74.7,65.6,74.1,1014.3,9.8,0,
3/19/2020,82.1,69.7,74.8,66.5,75.7,1013.1,9.1,0.008,rain
3/20/2020,73,53.2,60.4,55.9,85.2,1022.4,8,0.876,rain
3/21/2020,54.2,48.7,51.7,45.3,79.3,1026.2,7.7,0.916,rain
3/22/2020,66.8,53.9,60.1,57.4,90.9,1019.6,4.5,0.018,rain
3/23/2020,82.5,65.2,71.9,65.1,80.5,1015.7,5.8,0.014,rain
3/24/2020,90.8,65.2,75.6,57.4,60.6,1011.8,9,0,
3/25/2020,89.4,56.4,71.9,59.4,67,1011.7,9,0,
3/26/2020,87.1,66.9,76,65.9,72.6,1009.1,8,0,
3/27/2020,88.7,70.1,77.4,66.6,71.3,1006.4,9.2,0,
3/28/2020,79.2,56.5,71.7,54.3,61.1,1009.8,8.6,0.077,rain
3/29/2020,78.2,50.4,65.4,42.5,48.1,1018.6,9.9,0,
3/30/2020,70.2,64.8,67.1,59.3,77.7,1014,6,0.411,rain
3/31/2020,73,58.2,65.2,54.9,71.7,1015.4,8.3,0.001,rain
4/1/2020,77.5,50.2,63.5,50.5,65.3,1014.8,9.8,0,
4/2/2020,70.4,61.7,65.7,60.3,82.8,1011.8,9.1,0.303,rain
4/3/2020,74,48,63.6,60.7,90.6,1013.1,5,1.119,rain
4/4/2020,52.2,45.2,47.9,45.1,89.8,1017.3,7.4,0.615,rain
4/5/2020,66.7,51,58.4,53.3,83.4,1017.4,7.5,0,
4/6/2020,78,61.2,69.3,63,81.1,1015.4,7.9,0,
4/7/2020,87.8,69,77.1,69.3,78.2,1013.5,8.1,0,
4/8/2020,93.4,72.8,81.1,70.7,73,1010.8,6.8,0,
4/9/2020,92.1,66,75.7,68.9,80.3,1010.7,7.4,0.202,rain
4/10/2020,74.5,63.9,67.9,58,71.8,1015.4,9.6,0,
4/11/2020,76,60.4,68.7,62.4,80.4,1009.9,9,0.023,rain
4/12/2020,86.6,65.6,76.4,54.7,55.8,1001.7,8.2,0.024,rain
4/13/2020,65.7,44.8,55.2,37.1,50.9,1018.4,9.9,0,
4/14/2020,64.6,46.4,55.3,39.1,55.1,1021.6,9.9,0,
4/15/2020,68.7,43.2,56.1,38.5,53.5,1021.9,9.9,0,
4/16/2020,77.7,47.6,63.4,47,57.7,1019.1,9.9,0,
4/17/2020,72.2,56,64.1,58,80.7,1016.6,8.5,0.036,rain
4/18/2020,62.3,55,58.4,49.3,72,1015.9,9.2,0.004,rain
4/19/2020,92.9,60.1,71.2,53.9,66,1006.8,5,0.028,rain
4/20/2020,86.2,61,72.7,58.9,64.6,1010,8.5,0,
4/21/2020,86.4,66.8,75.3,61.4,65.6,1012.2,7.8,0,
4/22/2020,80.2,70.7,74.7,69.9,85.4,1006.5,5.9,0.094,rain
4/23/2020,88.7,59,74.9,54.9,56,1007.8,8.9,0,
4/24/2020,96.3,58.7,78.3,53.4,46.2,1007.1,9.9,0,
4/25/2020,79.4,63.4,71,46.6,42.9,1016.2,9.9,0,
4/26/2020,85.5,54,70.7,48.7,50.1,1020.9,9.9,0,
4/27/2020,88.7,59.2,74.5,59.2,61.9,1016.8,9.7,0,
4/28/2020,91.7,74.2,81.1,68.9,68.1,1010.3,9.7,0,
4/29/2020,84.4,64.6,75.8,54.3,53.9,1014.7,8.8,0.755,rain
4/30/2020,87,54.5,71,46.5,45.8,1018.5,9.8,0,
5/1/2020,88.1,58.9,73.8,54,52.8,1015.2,9.9,0,
5/2/2020,91.2,68.4,77.9,65.7,67.6,1014.4,9.9,0,
5/3/2020,93.4,70.5,80.6,66,63.1,1012.6,9.9,0,
5/4/2020,96.3,72.8,82,66.3,62.2,1009.9,9.9,0,
5/5/2020,84.5,73.7,76.9,63.4,64.4,1013.2,9.1,0,
5/6/2020,85.5,66.1,74.7,45.8,37.7,1020,9.9,0,
5/7/2020,83.5,56,72.3,58.3,62.4,1016.5,9.9,0,
5/8/2020,85.1,66.4,76.5,60.4,58.9,1012.9,9.9,0,
5/9/2020,77.5,60.8,68.3,48.9,50.8,1020.4,9.9,0,
5/10/2020,81.7,54.4,68.1,49.3,54.1,1021.8,9.9,0,
5/11/2020,83.9,58.8,72.6,56.1,57.2,1019.9,9.9,0,
5/12/2020,73.6,65.9,69.2,65.7,88.9,1014.7,7.8,2.393,rain
5/13/2020,87.3,64.2,74.4,66.3,77.8,1012.9,8.6,0.011,rain
5/14/2020,91.4,72.8,80.2,67.9,68.4,1010.7,9.8,0,
5/15/2020,91.8,70.8,79.8,69.4,72,1008.6,9.4,0.331,rain
5/16/2020,82.6,62.9,71.7,61.3,71.9,1007.6,8.7,2.145,rain
5/17/2020,91.1,65.7,76.1,59.8,60.1,1012.4,9.9,0,
5/18/2020,93.6,64.5,79.6,62.9,60.3,1012,9.9,0,
5/19/2020,95.4,69.5,82.4,67.5,62.4,1008,9.9,0,
5/20/2020,93.7,75.6,83.6,71.4,68.8,1007.2,9,0,
5/21/2020,91.6,71.3,81.6,70.2,69.4,1008.1,9.5,0.029,rain
5/22/2020,93.4,75.6,83.3,72,70.2,1009.2,9.6,0.022,rain
5/23/2020,91.7,78,83.6,71.2,67.6,1010.1,9.7,0,
5/24/2020,91.5,68.6,79.8,70,73.9,1008.5,9.2,0.705,rain
5/25/2020,78.5,66,71.6,64.7,79.7,1008.2,9,1.624,rain
5/26/2020,84.7,65.2,74.5,61.6,67.6,1012.2,9.5,0.282,rain
5/27/2020,89.3,62.5,73.4,63.2,72.4,1011,9.6,0.603,rain
5/28/2020,89.1,62.9,75.3,65.1,72.8,1012.9,9.9,0,
5/29/2020,88,70,78.3,62,60.5,1017.7,9.9,0,
5/30/2020,87.7,63.8,76.9,58.5,55.9,1018,9.9,0,
5/31/2020,83.8,74.1,78.1,66.4,67.8,1018,9.9,0.01,rain
6/1/2020,83,71.2,77.3,68.3,74.8,1018.2,9.5,0,
6/2/2020,88.4,71.7,79.3,68.8,71.6,1016.6,9.4,0.008,rain
6/3/2020,91.2,72.9,80.7,69.7,70.9,1014,9.5,0,
6/4/2020,92.3,74,82.8,70.7,68.8,1011.3,9.9,0,
6/5/2020,92.6,75.6,83.6,70.2,65.8,1012.3,9.9,0,
6/6/2020,95.5,74.1,85.4,69,60.8,1010.9,9.9,0,
6/7/2020,95.4,76.3,85.4,68.6,59.5,1006.8,9.9,0,
6/8/2020,98.2,74,86.8,69.7,58.8,1003.7,9.9,0,
6/9/2020,98.3,78.1,86.8,69.6,60.2,1006,9.7,0,
6/10/2020,92.3,68.9,81.5,46,29.7,1017.3,9.9,0,
6/11/2020,94.5,63.1,80,50.9,40.9,1022.3,9.9,0,
6/12/2020,92.3,63.6,79,55.1,46.7,1022.3,9.9,0,
6/13/2020,93.3,66,80.8,56.8,46.9,1018.2,9.9,0,
6/14/2020,92.3,64.7,81,57.9,48,1017.1,9.9,0,
6/15/2020,94.5,71.9,81.5,67.5,65,1018.6,9.8,0.052,rain
6/16/2020,94.1,74.1,82.9,66.9,62.5,1017.8,9.9,0,
6/17/2020,93.5,70.5,82.1,63.4,56.9,1015.4,9.9,0,
6/18/2020,95.4,71.7,82.3,68.5,64.9,1013,9.9,0,
6/19/2020,94.1,76.4,84.1,70.4,65.5,1013.5,9.9,0,
6/20/2020,92.7,70,81.9,71.4,72.3,1014.6,9.3,1.026,rain
6/21/2020,94.6,76.4,84.6,72,67.9,1012.1,9.8,0,
6/22/2020,92.3,78.7,84.5,72.8,68.7,1011.1,9.9,0,
6/23/2020,92.3,70.9,80.9,69.2,70.1,1011.3,9.1,0.727,rain
6/24/2020,84.3,74.2,78,68.7,73.3,1011.4,9.6,0.012,rain
6/25/2020,91.9,71.3,81.5,70,70.3,1012.9,9.8,0,
6/26/2020,84.5,71.3,77.7,70.4,78.9,1016.5,8.4,0.592,rain
6/27/2020,91.4,75.7,83.2,72,70.8,1013.9,6.3,0,
6/28/2020,86.7,76.2,81.6,73.1,76.2,1009.7,9,0.187,rain
6/29/2020,89.9,77.5,83.4,73.4,72.9,1009.3,9.8,0,
6/30/2020,92.4,79.8,84.7,73.6,70.3,1010,9.1,0,
7/1/2020,93.5,80.6,85.4,73.8,69.2,1010.6,9.5,0,
7/2/2020,96.4,80.3,86.9,72.4,64.6,1012.8,8.6,0,
7/3/2020,97.1,75.6,85.7,69.6,61.5,1013.9,9.6,0,
7/4/2020,99.1,74.2,86.2,68.3,58.8,1012,9.8,0,
7/5/2020,99.1,75.1,87,69.4,59,1009.6,9.9,0,
7/6/2020,92,78.7,86.2,72.7,65.4,1010.6,9.8,0,
7/7/2020,96.5,80.6,86.8,72.8,64.3,1011.9,9.9,0,
7/8/2020,97.5,79.7,87.2,72.5,63.7,1011.3,9.3,0,
7/9/2020,99.1,79.5,88.3,71.6,60.1,1010.9,9.7,0,
7/10/2020,100.4,79,88.7,72.6,61.7,1014,9.9,0,
7/11/2020,101.7,78.1,89.1,70,57,1014.4,9.8,0,
7/12/2020,103.7,78.5,89.2,70.4,58,1012.5,9.9,0,
7/13/2020,106.1,78.4,91.7,67.7,51.3,1010.5,9.9,0,
7/14/2020,104.2,77,89.5,68.1,54.5,1011,9.8,0,
7/15/2020,100.4,77.8,88.3,68.8,56.1,1012.8,9.9,0,
7/16/2020,100.4,76.8,88.2,69.6,57.5,1014.9,9.8,0,
7/17/2020,99.6,76.9,87.5,70.2,59.2,1015.3,9.8,0,
7/18/2020,96.4,76.1,85.8,67.9,58,1014.9,9.8,0,
7/19/2020,97.7,76,86.4,68.2,57.3,1014.2,9.9,0,
7/20/2020,98.5,75.9,87,68.7,57.6,1012.5,9.9,0,
7/21/2020,92.6,77.7,85.1,71,64.2,1011.7,9.9,0,
7/22/2020,97.5,79.2,87.1,71.1,61.4,1012.6,9.9,0,
7/23/2020,99.7,78.4,88.2,70,58.3,1012.9,9.9,0,
7/24/2020,97.8,79.8,88.7,69.4,54.4,1011.7,9.9,0,
7/25/2020,93.5,75.6,81.9,71.7,72.6,1012.1,9.7,0.154,rain
7/26/2020,94.2,75.8,81.1,72.5,76.3,1014.8,9.6,0.127,rain
7/27/2020,97.1,76.1,84.4,71.4,68.1,1014.9,9.8,0,
7/28/2020,99.3,75.3,84.3,71.1,67.2,1013.2,9.9,0.023,rain
7/29/2020,96.1,74.6,82.9,70.9,69.1,1013.5,9.9,0,
7/30/2020,99.1,76.4,86.4,70.5,62.5,1013.4,9.9,0,
7/31/2020,100.1,74.3,82.7,72,72.2,1013.5,9.5,0.475,rain
8/1/2020,96.7,74.2,84.6,68.1,62.7,1013.3,9.9,0,
8/2/2020,98,73.7,84.2,68.2,62.1,1013.8,9.7,0.007,rain
8/3/2020,100.5,72.9,83.6,66.9,60.9,1014.8,9.9,0,
8/4/2020,100.5,75.2,86.9,66.7,55.1,1014.7,9.9,0,
8/5/2020,101.4,75.3,88.3,66.1,51.2,1013.3,9.9,0,
8/6/2020,101.3,76,88,67.8,55.6,1013.7,9.9,0,
8/7/2020,99.8,75.7,87.5,69,58.1,1015.2,9.9,0,
8/8/2020,100.9,75.7,87.8,69.4,58.3,1016.8,9.8,0,
8/9/2020,102,78.4,88.9,69.3,56.4,1016.6,9.8,0,
8/10/2020,101.1,79.7,89,70.1,57.1,1015.1,9.9,0,
8/11/2020,102.2,78.4,89.5,70.7,57.9,1013.2,9.9,0,
8/12/2020,103.1,78.7,90.3,69.7,54.9,1012.5,9.9,0,
8/13/2020,102.5,78.5,90.1,67.7,52.6,1012.6,9.9,0,
8/14/2020,105.7,78.3,91.2,66.3,49.4,1011.3,9.9,0,
8/15/2020,105.1,78.7,91.4,66.4,47.8,1011.7,9.9,0,
8/16/2020,104.7,78.2,91.2,66.6,48.3,1014.4,9.9,0,
8/17/2020,96.4,76.8,86.8,63.2,47,1017.1,9.9,0,
8/18/2020,101.7,75.3,89.3,61.4,42.1,1014.5,9.9,0,
8/19/2020,102.9,73.7,87.5,55.6,39.3,1011.9,9.8,0,
8/20/2020,99.7,69.8,84.7,55.4,39.4,1010,9.9,0,
8/21/2020,101.5,75,87.6,63.5,49.6,1009.1,9.9,0,
8/22/2020,92.1,69.3,80.7,67.4,66.5,1011.5,9,0.762,rain
8/23/2020,96,69.5,82.9,65,58.7,1013.5,9.9,0,
8/24/2020,98,75.1,86.4,65.5,53.2,1014,9.8,0,
8/25/2020,98.9,74.2,87,64.5,50.3,1012.2,9.9,0,
8/26/2020,94.3,77.6,86.1,70.4,60.3,1009.5,9.9,0,
8/27/2020,99.8,76.4,87.4,69.6,58.3,1008.1,9.9,0,
8/28/2020,103.9,80.6,91.2,71.8,57,1008.7,9.5,0,
8/29/2020,102.5,78.7,90.3,69.9,55.8,1009.2,9.9,0,
8/30/2020,101.3,78.2,89.2,71,58.7,1007.4,9.9,0,
8/31/2020,101.9,82.7,90.2,73.8,61.4,1007,9.2,0,
9/1/2020,100.1,82.9,89.4,75,64.2,1007.8,9.1,0,
9/2/2020,85.9,73.2,81,73.4,77.8,1010.5,9,0.195,rain
9/3/2020,91.2,74.5,79.8,73.9,83.2,1012.6,8.4,1.006,rain
9/4/2020,83,71.9,75.5,71.4,87.6,1017.7,7.8,1.868,rain
9/5/2020,89.4,74,79.7,70.8,75.4,1021.6,9.9,0.002,rain
9/6/2020,93.4,73,82.5,69.1,66.2,1018.7,9.9,0.001,rain
9/7/2020,95.2,72.8,83.7,68.1,62.1,1011.4,9.9,0,
9/8/2020,88.1,76.8,80.2,71.5,75.5,1008.9,9.9,0.003,rain
9/9/2020,80.1,62.9,75.3,71.7,88.8,1013,8.8,1.847,rain
9/10/2020,66.3,57.8,62.1,57.5,85.3,1021.9,9.6,0.177,rain
9/11/2020,85.3,63.2,71.8,63.7,76.7,1019.6,9.7,0,
9/12/2020,91.7,68.8,79.8,67.7,68.8,1013.9,9.9,0.001,rain
9/13/2020,92.8,75.1,83.3,69,63.9,1013.7,9.9,0,
9/14/2020,90.8,73.9,82.5,68.6,64.1,1016.5,9.9,0,
9/15/2020,91.4,74.6,82,69.2,66.1,1016.2,9.9,0,
9/16/2020,92.4,74.5,83,68.6,63.6,1013.6,9.9,0.02,rain
9/17/2020,86.3,75.8,80.5,68.1,66.2,1014.2,9.8,0.067,rain
9/18/2020,87.6,71.7,79.2,63.8,61.8,1016.2,9.9,0.059,rain
9/19/2020,84.5,68.7,75.6,60.7,61.5,1017.3,8.6,0.001,rain
9/20/2020,85.5,63.5,73,57.4,61.1,1017.4,9.1,0.159,rain
9/21/2020,73,67.9,70.3,65.3,84.5,1015.5,7.6,0.259,rain
9/22/2020,74.7,69.1,71.4,66.6,85.1,1013.6,8.9,0.154,rain
9/23/2020,76.6,70.5,72.9,65.4,77.8,1012.8,9.7,0,
9/24/2020,81.1,66.9,73,62.2,69.5,1013.4,9.9,0.001,rain
9/25/2020,86.7,60,73,62.8,72.6,1014.2,9.8,0,
9/26/2020,89.1,66.7,77.2,67,73,1011.9,9.1,0,
9/27/2020,91.9,75.8,82.4,71.7,71.4,1007,9.9,0,
9/28/2020,80.3,66.3,74.2,50.2,46.7,1015.7,9.9,0.001,rain
9/29/2020,83.5,54.6,68.1,39.6,39.6,1021.5,9.9,0,
9/30/2020,88.1,52.9,69.6,42.3,43.3,1018.4,9.8,0,
10/1/2020,90.4,55.4,72.4,47.9,46.2,1019.7,9.9,0,
10/2/2020,83.5,58,71.3,47.9,46,1021.5,9.9,0,
10/3/2020,85.9,57.2,70.8,53.9,57.7,1017.7,9.9,0,
10/4/2020,89.9,60.5,74.1,58.6,61.3,1019.8,9.8,0,
10/5/2020,86.7,63.6,73.8,56.4,55.9,1019.3,9.9,0,
10/6/2020,87.7,64.4,74.8,62.8,68.2,1016.7,9,0,
10/7/2020,91.3,61.9,75.6,58.4,59.8,1016.1,9.5,0,
10/8/2020,85.9,61,74.9,60.9,62.9,1014.8,9.9,0,
10/9/2020,87.7,73.7,78.8,69,73.1,1010.1,9.7,0.034,rain
10/10/2020,94.5,65.6,78.6,65.3,67.2,1009.5,9.1,0,
10/11/2020,97.5,67.2,81.1,64,59.8,1009.2,9.7,0,
10/12/2020,87.6,70.7,78.4,58.1,55.4,1013.9,9.2,0,
10/13/2020,89.3,57.5,72.3,47.1,44.1,1018.8,9.9,0,
10/14/2020,92.3,60.7,75.8,59.1,57.5,1014.1,9.8,0,
10/15/2020,88.4,67.1,77.7,64.6,66,1011.3,9.3,0,
10/16/2020,76.9,59.9,68.1,40.6,38.7,1022.7,9.9,0,
10/17/2020,78.9,55.4,67.6,56.7,69.2,1018.6,8.8,0.011,rain
10/18/2020,92.3,73,79.9,65.5,64.6,1013.6,9.9,0,
10/19/2020,92.5,73.8,81.4,69.1,68.8,1014.3,9.6,0,
10/20/2020,90.8,75.3,81.5,67.6,64.8,1013.9,9.8,0.003,rain
10/21/2020,90,72.9,79.4,66.7,67.4,1015.1,9.8,0,
10/22/2020,89.7,72.9,79.6,67.6,68.7,1013,9.7,0,
10/23/2020,82,55.6,70.9,63.3,77.1,1015.8,9.5,0,
10/24/2020,65.8,53.3,58.6,43.4,57.4,1019.2,9.8,0,
10/25/2020,84.8,54.6,68.9,57.3,67.3,1012.2,9.8,0,
10/26/2020,75.8,43.7,62.5,58.9,87.8,1014.6,8,0.093,rain
10/27/2020,43.5,40.3,41.8,38.5,87.8,1018.7,6.4,0.006,rain
10/28/2020,61.2,39.4,47.1,38.2,74,1014.8,8.8,0.196,rain
10/29/2020,63.8,41.5,52.6,39,61.9,1019,9.8,0.001,rain
10/30/2020,71.1,44.7,56.8,37,51.1,1024.8,9.7,0,
10/31/2020,78.4,40.7,57.5,39.3,56.6,1022.1,9.5,0,
11/1/2020,78,48.6,62.2,44.2,54.8,1027.6,9.6,0,
11/2/2020,76.1,45.4,59.7,36.3,45.9,1030.8,9.8,0,
11/3/2020,80,42.5,60.3,35.9,45.4,1026,9.8,0,
11/4/2020,80.8,46.4,63.7,47.3,58.1,1023.5,9.8,0,
11/5/2020,81.7,54.8,67.3,56.3,70.4,1021.5,9.7,0,
11/6/2020,79.7,61.6,69.4,57.8,68.4,1018.9,9.5,0,
11/7/2020,80.8,53.3,66.6,52.6,63.5,1016.3,9.9,0,
11/8/2020,83,58.9,70.1,58.6,69.5,1013.8,9.1,0,
11/9/2020,84.7,65.4,73.6,61,67.2,1012.4,9.8,0,
11/10/2020,79.2,64.4,71.2,54.5,60.2,1011.3,9.7,0,
11/11/2020,82.9,57.9,69,45,42.9,1014,9.9,0,
11/12/2020,83,61.8,70.9,57,62.4,1015.2,9.6,0,
11/13/2020,83.5,63.4,73.1,63.5,73.5,1017.2,8.6,0,
11/14/2020,86.5,71.4,76.6,64.5,68,1011.7,9.9,0,
11/15/2020,73.7,51.1,64.8,31.5,35.3,1021.7,9.9,0,
11/16/2020,74.4,41.3,56.3,28,38.9,1026.6,9.9,0,
11/17/2020,76.6,41.2,57.6,30.2,40.7,1029.8,9.9,0,
11/18/2020,80,42.6,61.2,42,51.5,1027.8,9.9,0,
11/19/2020,82.2,56.9,68.1,55.2,66.7,1024.1,8.9,0,
11/20/2020,81.4,60.6,70.2,58.5,69,1024.1,8.7,0,
11/21/2020,80.7,63.9,71.2,59.8,69.4,1023.5,8.5,0.004,rain
11/22/2020,82.4,59.2,69.2,59.6,72.7,1022.3,9.7,0,
11/23/2020,67,52,57.7,48.8,72.4,1023,9.6,0,
11/24/2020,83.3,59.4,70.7,62.3,76,1012.1,8.8,0.032,rain
11/25/2020,73,51.2,63.8,42.3,47.8,1017.1,9.9,0,
11/26/2020,77.8,45.1,60.9,50.2,68.8,1015.9,9.8,0,
11/27/2020,70.2,60,65.5,58.6,78.6,1015.9,7.9,0.025,rain
11/28/2020,60.3,52.2,57.3,51.8,82.5,1018.4,6.6,0.654,rain
11/29/2020,56,46.6,50.7,42.4,74,1021.3,9.8,0.015,rain
11/30/2020,56.7,33.5,45.7,22.4,43,1029.5,9.9,0.001,rain
12/1/2020,63.9,28.5,45.8,27.1,53.5,1021.6,9.9,0,
12/2/2020,65.1,45,52.8,38.4,62.7,1019,9.9,0,
12/3/2020,57.5,39.8,47,30.8,54,1024.6,9.9,0,
12/4/2020,59.6,36.2,45.5,30.3,57.9,1025.4,9.9,0,
12/5/2020,53.3,37.6,45.3,37.6,75.1,1024.5,9.8,0.012,rain
12/6/2020,66.7,41.6,51.9,35.7,57.6,1020.7,9.7,0,
12/7/2020,70.9,41.8,53.3,32.9,49.5,1023.6,9.9,0,
12/8/2020,78.3,42.4,56.8,32.5,45.8,1023.9,9.9,0,
12/9/2020,81.1,46.1,60.8,30.7,36,1020.7,9.9,0,
12/10/2020,78.4,45.8,62.3,44.1,52.2,1015.4,9.9,0,
12/11/2020,71.2,56.9,64.4,59.5,84.4,1011.6,7.8,0.058,rain
12/12/2020,62.7,48.5,54.6,42.1,64.8,1016.6,8.9,0,
12/13/2020,67.5,42.5,53.6,44.2,71.9,1016.7,7.2,0.001,rain
12/14/2020,51,36,42.1,31.6,66.6,1025.1,9.9,0,
12/15/2020,58.4,38.7,46.7,38.5,74.4,1015.8,8,0,
12/16/2020,56.3,36.1,44.8,25.7,48.4,1021.6,9.9,0,
12/17/2020,63.8,29.8,45.4,28.4,56.6,1025.5,9.9,0,
12/18/2020,64.3,36,52.1,43.4,73,1022.1,9.6,0.001,rain
12/19/2020,67.6,44.8,58.9,52,78.8,1018.7,8.3,0.914,rain
12/20/2020,68.4,41.1,51.9,37,61.8,1020.2,9.8,0,
12/21/2020,73.9,39.2,53.5,36.2,56.5,1021.3,9.9,0,
12/22/2020,73.9,42.6,58.3,47.5,69.6,1020.1,9.5,0.001,rain
12/23/2020,79.8,51.2,66.3,48.6,58.6,1013.5,9.8,0,
12/24/2020,56,35.6,45.5,13.5,28.7,1027.6,9.9,0,
12/25/2020,69.2,39.7,51.5,17,27.2,1025.3,9.9,0,
12/26/2020,70.1,35.4,53.4,31.2,45.9,1020.2,9.9,0,
12/27/2020,76.1,45.6,59.8,48.1,68.1,1016,9.9,0,
12/28/2020,75.1,54.8,64.7,56.5,76.3,1019.9,8.5,0,
12/29/2020,75.3,62.8,67.3,58.6,74.5,1015.8,9.8,0.005,rain
12/30/2020,72.6,44.9,59.8,55.9,87.2,1011.9,8.2,1.149,rain
12/31/2020,44.3,37.6,40.6,37.6,88.9,1009.1,7,1.806,rain
1/1/2021,53,37.1,43,32.6,67.3,1016.7,9.9,0.137,rain
1/2/2021,63.1,36.2,47.5,29.4,54.1,1022.7,9.9,0,
1/3/2021,70.5,36.9,52.8,33.7,51.1,1018.5,9.9,0,
1/4/2021,76.9,40.1,56.9,37.9,54.7,1018.1,9.9,0,
1/5/2021,71.5,44.7,58.7,44.4,60.5,1019.1,9.9,0,
1/6/2021,66.6,51.7,61.4,50,69.5,1014.4,8.3,0.105,rain
1/7/2021,62.2,44.3,51.5,31.8,48.4,1020.3,9.9,0,
1/8/2021,52.7,36.7,44,33.9,68.7,1026.8,9.9,0,
1/9/2021,53.2,31.7,43,32.1,67.3,1026.8,9.7,0.011,rain
1/10/2021,45.2,33.6,38.2,33.8,84.5,1026.3,6.5,1.001,"rain,snow"
1/11/2021,48.1,33.6,39.4,31.3,73.6,1030.8,9.9,0,
1/12/2021,50.8,29.8,39.2,30.3,72.9,1029.9,7.8,0,
1/13/2021,65.6,32.1,46.7,32.6,62.1,1022.1,9.8,0,
1/14/2021,68.9,38.7,52.9,30.3,46.8,1014.6,9.9,0,
1/15/2021,59.4,40.4,49.4,15.7,28.5,1021.1,9.9,0,
1/16/2021,62.9,38.4,48.9,20,34,1020.4,9.8,0,
1/17/2021,68.8,38.9,52.5,28.2,42,1019.8,9.8,0,
1/18/2021,74.7,39.4,57.8,44.5,61.9,1016.1,9.9,0,
1/19/2021,68.2,50,59.8,54.7,83.5,1022.3,9.1,0.291,rain
1/20/2021,54.4,48.8,50.6,44.5,79.9,1025.9,8,0.067,rain
1/21/2021,65.9,50,57.6,53.2,85.7,1016.4,7.5,0.007,rain
1/22/2021,77.4,53.2,61.4,53.3,77.5,1014.2,8.4,0.012,rain
1/23/2021,61.8,51.1,56.7,52.2,84.9,1016.5,6.9,0.012,rain
1/24/2021,69.8,61,64.5,62.5,93.3,1010.8,2.5,0.034,rain
1/25/2021,75.8,50.1,67.2,46.9,54.4,1006.6,8.7,0.053,rain
1/26/2021,72.4,45.1,57.4,36.7,50.5,1011.1,9.9,0,
1/27/2021,66.2,46.9,54.8,32.5,45.5,1024.5,9.9,0,
1/28/2021,54.2,36.6,45.2,30.3,57.7,1033.3,9.8,0,
1/29/2021,68.2,36.2,52.7,40.9,65.8,1024.1,9.8,0,
1/30/2021,79.3,55.9,65.8,53,65.5,1011.6,9.8,0,
1/31/2021,69.1,51.8,58.7,31.6,36.3,1022.1,9.5,0,
2/1/2021,65.6,40.4,52,27.7,42.9,1029.3,9.9,0,
2/2/2021,68,39.7,52.8,29.7,45.1,1023.4,9.9,0,
2/3/2021,75.8,43,59.1,46.3,64.9,1016,9.6,0,
2/4/2021,84.1,56.6,67.6,50.6,58.3,1009.6,9.9,0,
2/5/2021,58.7,45.8,52,36.2,55.5,1013.5,9.9,0.05,rain
2/6/2021,75.1,48.8,57.6,39.1,58.3,1011.8,8.4,0,
2/7/2021,70,39.2,54.7,37,54.7,1015.9,9.9,0,
2/8/2021,74.4,49.9,60.3,52.1,76.2,1013.7,8.1,0,
2/9/2021,64.1,47.9,56.7,48.4,74.9,1017.8,7.6,0,
2/10/2021,46.6,37.3,41.2,38.4,89.7,1018.9,3.4,0.048,rain
2/11/2021,37.3,31.1,33.3,29.4,85.4,1021.1,7.4,0.45,"rain,snow"
2/12/2021,32.3,29.4,30.7,26,82.7,1023.1,7.4,0,
2/13/2021,31.1,27.2,29,23.3,79,1023,8,0,
2/14/2021,30.1,14.5,24.2,19,80.4,1023.1,5.2,0.091,snow
2/15/2021,22.6,10.1,15.7,6.5,66.7,1028.1,7,0.536,snow
2/16/2021,24.7,8.2,17.7,6.5,61.8,1024,9.2,0,
2/17/2021,31.2,23.9,29.4,27.4,92.1,1017.9,4.9,0.806,"rain,snow"
2/18/2021,32.6,26.4,28.9,23.1,79,1028.3,8.6,0.009,"rain,snow"
2/19/2021,42.6,21.3,30.9,22.8,71.9,1033.8,9.5,0,
2/20/2021,61.2,25.4,43.2,30.7,65.1,1026.2,8,0,
2/21/2021,74.8,43,58.4,46.2,67,1018.5,8.9,0,
2/22/2021,74.4,42.2,58.7,34.2,44.7,1023,9.9,0,
2/23/2021,78.7,45.9,62.9,44.2,51.6,1017.8,9.9,0,
2/24/2021,83.6,64.3,71.6,56,60.6,1015.1,9.9,0,
2/25/2021,65.7,51.6,56.4,44.6,67.5,1018.5,6.9,0.025,rain
2/26/2021,60.1,47.4,53.4,47.8,81.7,1014.8,8.7,0.038,rain
2/27/2021,78.3,57.8,66.8,60,79.7,1011.1,6.5,0.009,rain
2/28/2021,74.8,60.5,71.1,63.6,77.3,1010.4,8.2,0,
3/1/2021,58.3,49.6,53.1,41.5,64.9,1021.1,9.9,0.106,rain
3/2/2021,66.5,44.9,54.4,33.9,49.7,1023.9,9.9,0,
3/3/2021,71.9,38.3,55.6,36.6,52.9,1021,9.9,0,
3/4/2021,76,45.7,61.3,44.7,56.7,1018,9.9,0,
3/5/2021,79.3,56.5,65.6,46.1,56.3,1014.9,9.5,0,
3/6/2021,67.9,51.1,58.6,43,57.9,1024.1,9.9,0,
3/7/2021,70,42.2,56.4,32.2,43.2,1027.3,9.9,0,
3/8/2021,71.7,45.6,59.6,43.8,57.3,1028.4,9.9,0,
3/9/2021,76.7,56.7,65.9,53.9,67.3,1022.8,8.6,0,
3/10/2021,81.6,64.1,71,58.2,65.6,1017,9.9,0,
3/11/2021,80.2,69.1,73.1,61.5,67.9,1017.5,9.8,0,
3/12/2021,80.5,69.1,73.9,62.8,69.6,1019.6,9.5,0,
3/13/2021,77.1,67.9,70.7,63.6,79,1016.4,8.2,0.127,rain
3/14/2021,76.1,53.9,63.3,46.5,61.1,1012.9,9.2,0.027,rain
3/15/2021,85.3,46,65.8,41,49.3,1012.1,9.9,0,
3/16/2021,80.1,66.8,72.4,64.5,76.9,1007.9,7.7,0,
3/17/2021,77.4,56.3,69.1,42.7,44.5,1008.7,8.4,0.011,rain
3/18/2021,73.1,47.3,58.6,29,35.3,1022.2,9.9,0,
3/19/2021,70.3,46.2,57.2,34.8,44.1,1026,9.9,0,
3/20/2021,71.8,41.4,56.9,38.7,53.9,1025.7,9.9,0,
3/21/2021,73.6,49.2,60.4,43.7,56.9,1020.3,9.9,0,
3/22/2021,71.2,57.3,63.4,54.7,74,1010,9.8,0,
3/23/2021,80.8,54.4,66.8,47.4,56.6,1007.4,8.6,0.322,rain
3/24/2021,71.1,53.3,63.8,53.6,70.1,1005.7,9,0,
3/25/2021,74.2,55.6,64.6,49.5,62.8,1009.1,8.9,0.392,rain
3/26/2021,83,49.1,65.7,45.8,52.3,1012.5,9.9,0,
3/27/2021,85,65.9,74.1,63.3,70.8,1010.1,7.5,0,
3/28/2021,74.1,56.2,66.5,38.3,38.1,1021.9,9.7,0,
3/29/2021,77.1,43.6,60.7,40.2,51.1,1020.4,9.9,0,
3/30/2021,79.8,60.1,69.3,60.9,75.8,1012.1,8.8,0,
3/31/2021,72.6,57.3,66.3,48,55.5,1020.5,8.9,0.019,rain
4/1/2021,70,43.1,57.8,30.4,38.6,1031.3,9.9,0,
4/2/2021,71.2,42.9,58.4,34.8,44.2,1027.5,9.9,0,
4/3/2021,65.9,52.3,58.2,49.8,74.1,1025.3,9.2,0.293,rain
4/4/2021,74.2,55,63.2,52.7,70.7,1023.4,9.8,0,
4/5/2021,79.5,56.8,67,56.5,71.8,1016.9,8.7,0,
4/6/2021,86.1,66.2,73.8,62.2,69.4,1010.3,9.8,0,
4/7/2021,87.4,64,75.2,57.6,58.5,1008.9,9.7,0,
4/8/2021,91,52.8,72.1,55.4,59.6,1008.6,8.8,0,
4/9/2021,90.3,68.6,77.5,65.1,67.4,1002.7,7.4,0,
4/10/2021,80.2,58.5,69.7,41.3,39.8,1009,9.4,0,
4/11/2021,87.5,48.2,69,42.9,42.9,1007.1,9.9,0,
4/12/2021,87.5,65.2,75,61.9,65.7,1007.5,9.3,0,
4/13/2021,82.5,71.4,76.3,63.1,64.7,1012.1,9.6,0,
4/14/2021,81.8,69.7,75,63.1,67.7,1013,9,0,
4/15/2021,72.6,61,65.4,60.6,84.5,1013,7.6,0.074,rain
4/16/2021,68,60.8,64,61.1,90.4,1009.3,4.2,0.071,rain
4/17/2021,64.8,52.6,57.9,43.7,60.5,1017.5,9.9,0,
4/18/2021,67.9,50.5,58.2,39.8,52.1,1020.1,9.9,0,
4/19/2021,74.5,48.9,62.6,41.1,49.5,1017.6,9.9,0,
4/20/2021,83.1,50.4,65,43.1,47.9,1016.9,9.9,0,
4/21/2021,65.9,44.2,54.2,29.4,40.7,1024.3,9.7,0,
4/22/2021,66.4,49.1,58.7,44.1,59.2,1018,9.4,0,
4/23/2021,71.9,61.8,67,65,93.3,1008.4,3.7,0.836,rain
4/24/2021,83.1,61,71.7,54.4,58,1010.7,9.2,0,
4/25/2021,87.3,54.3,71.9,55.6,60.3,1014.6,9.9,0,
4/26/2021,85.5,67.2,74.1,61.2,66.2,1011.2,9.9,0,
4/27/2021,78.9,69.9,74,67.3,79.8,1009.1,9,0,
4/28/2021,83.7,73.5,78.2,68.6,73,1006.2,9.1,0.024,rain
4/29/2021,74.9,67.7,71.8,69.1,91.2,1010.3,4.8,0.558,rain
4/30/2021,73.3,66.6,68.6,65.1,88.9,1017,7.3,1.107,rain
5/1/2021,74,65.5,68.1,64.4,88.5,1012.4,8.6,1.82,rain
5/2/2021,88.3,60.3,74.2,62.5,70.4,1003.1,9.7,0.01,rain
5/3/2021,92.8,72.2,80.1,69.5,72.1,1000.3,8.7,0,
5/4/2021,82,68.9,75.9,60.8,60.9,1010.1,9.5,0.06,rain
5/5/2021,80.8,56.7,69.1,47.6,49.6,1018.7,9.9,0,
5/6/2021,87,57.3,71.7,53.1,55.3,1020.7,9.9,0,
5/7/2021,85.1,59.4,73.5,57.1,59,1019.1,9.8,0,
5/8/2021,89.2,67.4,77.1,65.6,69.4,1011.7,9.7,0,
5/9/2021,88.3,75.3,80.5,70.1,71.2,1008.1,9.8,0.009,rain
5/10/2021,79.2,64.5,73.7,66.7,79.3,1011.5,8.4,0,
5/11/2021,75.6,61.8,65.6,61.4,86.7,1014,7.5,0.155,rain
5/12/2021,74.1,60.5,64.7,56.4,75.5,1021.2,9.8,0.072,rain
5/13/2021,73.8,60.2,66.4,56,70.2,1024.3,9.7,0,
5/14/2021,81.7,58.1,71.3,58.7,66.3,1021,9.9,0,
5/15/2021,78.9,66.9,72.3,64,75.9,1017.2,9.9,0,
5/16/2021,81.3,69.7,73.3,68.4,85.7,1013.8,8,0.949,rain
5/17/2021,79.6,66.3,73,67.7,84.1,1010.5,9,0.514,rain
5/18/2021,77.8,66.4,71,65,81.6,1008.9,9.5,0.523,rain
5/19/2021,71.5,64.5,67.5,61.7,82.2,1010.5,9.9,0,
5/20/2021,84.3,62.6,73.3,62.9,72.1,1012.3,9.7,0,
5/21/2021,85.4,68.3,75.9,66,73.1,1015.8,8.6,0,
5/22/2021,80.1,71.9,74.8,69.7,84.8,1017.3,8.1,0.587,rain
5/23/2021,73.5,69.5,71.9,68.1,88,1018.9,8.9,0.166,rain
5/24/2021,85.6,69.5,74.3,68.8,84,1016.4,9,0.12,rain
5/25/2021,87.5,71.5,78.7,71.1,78.6,1015.7,9.4,0.014,rain
5/26/2021,88.6,69.9,79.8,70.9,75.5,1017.5,9.3,0.087,rain
5/27/2021,89.2,74.5,80.7,70.1,71.6,1014.6,9.8,0,
5/28/2021,87.1,67.7,77.7,70.4,78.9,1013.2,9.4,1.532,rain
5/29/2021,86.3,66.4,75.1,65,73.3,1013.8,9.8,0.068,rain
5/30/2021,86.9,69.3,75.1,68.3,80.4,1016.2,8.4,1.291,rain
5/31/2021,83.7,69.3,76.2,69.6,80.9,1016.9,8.1,0.419,rain
6/1/2021,83.1,67.5,74.6,66.3,77.1,1016.6,9.3,0.752,rain
6/2/2021,88.3,65.1,76.5,65,68.8,1014.6,9.8,0.618,rain
6/3/2021,70.9,64.3,66.8,64.9,93.9,1014.7,8.5,1.838,rain
6/4/2021,82.4,67.7,73,67,82.4,1014.4,9.6,0.127,rain
6/5/2021,80,69.3,73.7,67.8,82.3,1011.7,9,0.066,rain
6/6/2021,89.4,68.1,77.8,69.3,76.6,1008.3,9.6,0,
6/7/2021,88.9,78.2,81.7,74,77.8,1008.3,8.6,0,
6/8/2021,91.3,78.5,83,74.6,76.7,1011.6,8.1,0.029,rain
6/9/2021,92.5,76.5,83.6,74.1,74.6,1013.9,9.1,0,
6/10/2021,92.6,77,83.5,72,69.7,1012.7,8.4,0,
6/11/2021,91.5,77.4,83.4,71.5,68.7,1010.6,8.5,0,
6/12/2021,93.1,75.6,83.5,71.6,69,1012.2,8.4,0,
6/13/2021,97,74.5,85.5,70.3,63.5,1013.3,9.9,0,
6/14/2021,98.2,75.2,86.2,69.4,59.9,1013.2,9.9,0,
6/15/2021,97.2,74.7,85.9,68.8,59.2,1014.3,9.9,0,
6/16/2021,95.1,71.6,84.2,65.6,56,1015.1,9.9,0,
6/17/2021,95.6,73.4,85.6,67.2,56.8,1014.3,9.9,0,
6/18/2021,93.1,75.7,84.3,67.5,58.9,1012.2,9.9,0,
6/19/2021,94.3,68.6,82.1,65,58.7,1010.7,9.9,0,
6/20/2021,93.7,74.2,83.6,72.1,69.9,1008.5,9.9,0,
6/21/2021,93.3,80.2,86.3,74.7,69.7,1008.3,8.4,0,
6/22/2021,87.3,72.8,80.4,70.7,73,1013.6,9.8,0.014,rain
6/23/2021,97,77.8,85.4,73.4,69.4,1013.1,9.2,0.009,rain
6/24/2021,96.3,77.4,85.7,72.6,66.6,1013.4,9.9,0,
6/25/2021,94.9,77.6,85.1,71.6,66,1012.1,9.9,0,
6/26/2021,95.8,77.9,85.1,70.9,64.6,1010.4,9.9,0,
6/27/2021,90.4,75.3,80.9,71,73,1011.8,9.6,0.118,rain
6/28/2021,87.5,73.5,78,70.7,79.3,1012.9,9.8,0.015,rain
6/29/2021,85.7,73.8,77.5,71.9,83.4,1016.1,8.9,0.645,rain
6/30/2021,91,74.2,81.1,71.5,74.8,1016.9,9.2,0.015,rain
7/1/2021,92.9,73.3,83.2,71,69.1,1014.5,9.9,0.015,rain
7/2/2021,95.4,75.2,84.5,71.7,67.4,1013,9.9,0.042,rain
7/3/2021,89.5,74.8,82,72.4,73.7,1013.4,9.9,0.109,rain
7/4/2021,82.6,75.3,78.3,73.3,84.7,1012.9,8.7,1.094,rain
7/5/2021,82.9,74.2,77.4,73.5,88.1,1012.6,7.7,0.024,rain
7/6/2021,87.3,73.1,78.8,72.4,82.7,1012.8,9.4,0.371,rain
7/7/2021,86.8,72.3,78.3,70.8,79.1,1012.6,9.7,0.001,rain
7/8/2021,88.1,73.7,78.9,70.3,76.5,1012.6,9.4,0.172,rain
7/9/2021,79.8,74.6,76.7,73.4,89.7,1014.7,8.7,0.219,rain
7/10/2021,90.9,74.7,81.3,73.8,79.3,1015.4,8.6,0.392,rain
7/11/2021,90.5,76.5,82.4,72.7,73.8,1014.9,9.7,0,
7/12/2021,86.5,74.6,80.6,71.7,75,1016.6,9.6,0,
7/13/2021,89.6,70.7,76.9,68.9,77.1,1020.1,9.7,0.043,rain
7/14/2021,90.7,70.7,78.5,69.7,75.7,1020.2,9.9,0.026,rain
7/15/2021,91.5,74.7,82.3,71.3,71.3,1016.9,9.5,0,
7/16/2021,91.8,74.9,82.9,71.5,69.9,1014.7,9.8,0,
7/17/2021,92,77.5,83.9,71.2,67.6,1016.1,9.8,0,
7/18/2021,94.3,73.8,83.6,71.8,70,1017.5,9.8,0,
7/19/2021,95.3,74,81.1,72.4,77.2,1016.1,9.6,0.369,rain
7/20/2021,91.3,72.8,80.4,69.8,72.8,1014.4,9.8,0,
7/21/2021,90.3,73.6,80.9,69,68.5,1015.5,9.8,0.024,rain
7/22/2021,92.2,70.6,78.7,70.3,77.6,1018.8,9.6,0.01,rain
7/23/2021,93.1,73.1,82.9,71.8,71.9,1018.3,9.3,0.009,rain
7/24/2021,96,76.5,85.2,70.9,65,1016,9.8,0,
7/25/2021,97.4,74.5,84.7,69.4,63.6,1014.3,9.8,0,
7/26/2021,97.3,73.5,85,70.7,65.1,1013.4,9.9,0,
7/27/2021,96,74,85.2,67.6,59.7,1014.3,9.9,0,
7/28/2021,95.1,76.9,85.9,69.6,60.3,1015.2,9.9,0.005,rain
7/29/2021,96.9,75.8,83.7,71.2,68,1015.9,9.9,0,
7/30/2021,96,74.2,84.9,70.5,64.7,1016.5,9.8,0,
7/31/2021,93.7,76.3,85.2,72.8,67.9,1015.9,9.9,0,
8/1/2021,99.1,76.9,84.9,71.7,67.3,1015.1,9.9,0.026,rain
8/2/2021,85,74.2,76.2,72.5,88.6,1015.7,8.9,1.102,rain
8/3/2021,90.6,74.5,81.6,70.6,72.1,1014.2,9.7,0,
8/4/2021,90.8,74.1,82.2,69.4,66.7,1014.8,9.7,0,
8/5/2021,83.2,76.3,79.2,72.1,79.1,1016.9,9.3,0.035,rain
8/6/2021,89.9,76.3,81.4,72.6,75.7,1016,9.5,0.04,rain
8/7/2021,94,75.1,83.9,71.6,69.2,1014.3,9.8,0,
8/8/2021,95.1,77.6,85.3,72.3,67.1,1013,9.9,0,
8/9/2021,96.2,78.3,85.5,72.2,66.5,1014.3,9.9,0,
8/10/2021,96.7,76.9,85.3,70.8,64.9,1016.3,9.8,0,
8/11/2021,96.2,74.8,84.9,71.8,67.7,1016.2,9.5,0,
8/12/2021,96,76.1,85.6,71.1,65,1016.2,9.9,0,
8/13/2021,96.7,75.3,84.9,71.4,66.9,1017.6,9.8,0,
8/14/2021,96.8,74.9,84.9,70.2,64.6,1018.2,9.9,0,
8/15/2021,91.9,73.2,78.4,71.6,81.1,1015.9,8,2.152,rain
8/16/2021,92.6,70.8,81.1,69.6,71.6,1012.4,8.8,0,
8/17/2021,90.9,74.9,82.6,72.2,72.3,1011.5,9.9,0.061,rain
8/18/2021,92.5,79,83.6,75,76.2,1013,9.6,0.002,rain
8/19/2021,95.4,79.5,86.3,72.9,66.5,1013.6,9.6,0,
8/20/2021,94.3,77.2,84.6,71.4,67,1012,9.9,0,
8/21/2021,95.6,76.9,85.2,72.4,67.9,1012.5,9.7,0,
8/22/2021,95.6,73.8,84.4,70.7,66.3,1014.8,9.8,0,
8/23/2021,95.5,73.1,84.4,69.6,64,1014.8,9.9,0,
8/24/2021,97,75.6,85.7,69.9,62,1014.3,9.9,0,
8/25/2021,95.9,76.3,86.2,70,61,1015.1,9.9,0,
8/26/2021,98.1,78.6,86,70.8,61.9,1014.2,9.9,0.004,rain
8/27/2021,88.7,75.4,80.8,72.2,75.8,1012.9,9.6,0.031,rain
8/28/2021,92.5,74.3,81.9,71.2,72.5,1013.1,9.9,0.135,rain
8/29/2021,93.2,74.8,82.7,71.3,70.9,1012.3,9.7,0,
8/30/2021,92.8,75.4,84.1,71.8,68.2,1009.4,9.9,0.003,rain
8/31/2021,98.4,74.9,86.6,69.7,60.8,1007.3,9.9,0,
9/1/2021,97.7,77.1,86.6,72.2,65.4,1008.5,8.4,0,
9/2/2021,97.2,78.2,86.3,72.5,66.7,1010.9,9.3,0,
9/3/2021,98.1,77.1,85.6,71.3,65.5,1012.6,9.9,0.003,rain
9/4/2021,97.9,76,86,69.2,61.2,1012.6,9.8,0,
9/5/2021,100.9,73.8,86.6,66.4,55.4,1012.2,9.9,0,
9/6/2021,96.9,74.7,82.9,68,62.2,1013.2,9.9,0.086,rain
9/7/2021,95.5,71.7,82.6,67.3,63.4,1012.4,9.9,0,
9/8/2021,99.7,69.4,83.5,58.9,48.3,1012.8,9.9,0,
9/9/2021,95.5,69,82.2,55.8,43.2,1015.2,9.9,0,
9/10/2021,94.2,68.1,80.2,53.5,41.1,1016.7,9.9,0,
9/11/2021,91.5,64.2,78.2,54.5,49,1017.6,9.9,0,
9/12/2021,91.5,68.8,80.2,64.6,61.6,1017.3,9.9,0,
9/13/2021,87.3,74.7,79.7,65.9,64,1015.4,9.9,0,
9/14/2021,84.5,72.4,78,64.8,64.3,1011.1,9.9,0,
9/15/2021,90.5,72.7,79.3,65.2,63.9,1010.4,9.9,0,
9/16/2021,92.8,68.8,80.3,64.3,61.1,1010.9,9.9,0,
9/17/2021,95.5,69.2,82.1,66.1,62.2,1013.2,9.9,0,
9/18/2021,96.6,70.9,83.1,65.4,58.4,1014.9,9.9,0,
9/19/2021,97.9,71.4,84.3,64.4,55.5,1011.7,9.9,0,
9/20/2021,100,74.5,86.2,66.5,56.9,1010.2,9.9,0,
9/21/2021,93.1,76.2,84.1,68.6,62.8,1015.8,9.3,0,
9/22/2021,85,65.9,75.4,41.5,30.7,1022.8,9.9,0,
9/23/2021,86.6,54.7,70.5,40.9,39,1018.6,9.9,0,
9/24/2021,87.5,57.3,72.1,48.4,46.8,1017.4,9.9,0,
9/25/2021,89.4,60.1,74.5,53.1,51.5,1018.3,9.9,0,
9/26/2021,90.3,59.4,75.2,52.7,49.9,1017.2,9.9,0,
9/27/2021,91.7,64,77.2,59.6,57.9,1014.6,9.9,0,
9/28/2021,95.5,68,80.8,66,64.2,1010.5,9.5,0.945,rain
9/29/2021,88.3,67.7,75.5,66.5,76.1,1010.5,9.2,0.451,rain
9/30/2021,93.1,73.8,79.9,70.3,74.8,1012.2,9.5,0,
10/1/2021,85.5,67.5,75.2,67.8,79.1,1015.3,9.2,0.842,rain
10/2/2021,87.2,67.1,76.5,69.2,79.9,1016.6,9.2,0,
10/3/2021,88.5,70.3,79.3,65.2,65.2,1015.7,9.9,0,
10/4/2021,90.5,67.6,77.7,56.3,52.5,1016.1,9.9,0,
10/5/2021,89.4,62.2,74.2,50.9,49.5,1016.2,9.9,0,
10/6/2021,88.5,60,73.3,51.9,50.2,1016.5,9.9,0,
10/7/2021,89.7,63.7,76.2,58.9,57.2,1017,9.9,0,
10/8/2021,90.6,65.2,76.9,60.4,59.5,1016.8,9.9,0,
10/9/2021,88.5,63,75.2,62.5,67.7,1013.9,9.6,0,
10/10/2021,90.6,69.8,79.6,69.7,73.4,1007.2,9.9,0,
10/11/2021,82.5,61.8,71.7,56.4,62.1,1010.8,9.4,0.629,rain
10/12/2021,87.3,69.9,77.3,69.5,77.8,1009.9,8.1,0.046,rain
10/13/2021,87.6,68,80.7,71.3,74.1,1008.5,9.3,1.194,rain
10/14/2021,78.3,67.7,73.1,69,87.4,1009.8,8.7,1.753,rain
10/15/2021,88,68,75.1,64,71.3,1014.4,8.5,0,
10/16/2021,74.6,55.3,64.7,40.1,42.5,1025.6,9.9,0,
10/17/2021,73.8,50.2,61.2,41.2,52.2,1025.2,9.9,0,
10/18/2021,77.5,48.8,63.2,47.3,59.4,1019.6,9.9,0,
10/19/2021,82.8,57.3,69.4,57,66.8,1016.4,9.9,0,
10/20/2021,81.2,65.7,72.4,64.8,77.8,1017.9,9.9,0,
10/21/2021,84.6,64.1,73.5,63.7,73.6,1019.2,9.7,0,
10/22/2021,85.5,64.4,74.3,63.2,70.4,1016.5,9.9,0,
10/23/2021,88.5,71.4,76.8,67,73.5,1011.6,9.4,0,
10/24/2021,86.5,69.3,75.5,67.4,77.5,1010,8.7,0.003,rain
10/25/2021,88.7,70.8,76.9,70,80.3,1012.9,9.5,0,
10/26/2021,85.7,72.3,78,70.1,77.7,1009.3,9.7,0,
10/27/2021,78.1,59.3,71.2,53.4,58.6,1004.7,9.6,0.752,rain
10/28/2021,78.1,56.1,65.9,35.2,35.1,1012.7,9.9,0,
10/29/2021,74.7,55.4,63.5,29.2,29.2,1016.3,9.9,0,
10/30/2021,80.4,48.4,62.5,38.8,44.7,1014.3,9.9,0,
10/31/2021,81.8,50.6,65.4,49.8,58.9,1016.2,9.9,0,
11/1/2021,80.7,51.7,66.3,54.4,68,1020.8,9.9,0,
11/2/2021,77.8,58.9,67.4,59.8,77.7,1021.5,9.5,0,
11/3/2021,66.3,50,56.4,53,88.6,1021.7,6.8,1.727,rain
11/4/2021,61.5,47.3,52,44.6,76.7,1025,9.8,0,
11/5/2021,64.4,40.5,51.7,40.6,68.6,1024,9.9,0,
11/6/2021,69.5,41.4,54.2,43.3,69.6,1024.1,9.8,0,
11/7/2021,73.8,42.9,57.7,46.7,68.9,1022.9,9.8,0,
11/8/2021,77,50,62.3,53.5,75.2,1022.7,8.2,0,
11/9/2021,75.6,55.3,64.7,58,79.9,1021.1,7.5,0,
11/10/2021,79.8,61.9,70.2,60.8,73.6,1013.3,9.9,0,
11/11/2021,74.6,53.4,66,48.2,55.6,1016.9,9.9,0,
11/12/2021,77.5,45.3,59.3,43.2,58.2,1021.7,9.8,0,
11/13/2021,69.6,43.8,55.6,33.3,46.4,1024.6,9.8,0,
11/14/2021,78.6,46.1,61.3,49.1,65.6,1019.7,9.9,0,
11/15/2021,80.9,55.2,66.6,57.9,75.7,1019.6,9.5,0,
11/16/2021,80.9,64.3,70.5,61.3,74.5,1015.7,9.5,0,
11/17/2021,82.8,61.5,71.1,59.5,69.1,1014.7,9.9,0,
11/18/2021,66.8,53.8,59.4,30,32.8,1027.1,9.9,0,
11/19/2021,65.9,43.6,54.8,29.1,38.8,1028.3,9.9,0,
11/20/2021,72.8,47.7,60.1,52.9,78,1020.9,9.1,0,
11/21/2021,77.2,61,68.4,58.1,71.5,1019.6,9.8,0,
11/22/2021,70.5,45.9,57.6,33.7,42.5,1025.7,9.9,0,
11/23/2021,70.7,38.4,54.6,38.1,58.9,1022,9.9,0,
11/24/2021,77,52.9,65.4,57.1,75.9,1016.2,9.5,0.063,rain
11/25/2021,68,51.5,60.1,43.8,58.6,1023.6,9,0.058,rain
11/26/2021,55.8,44.9,49.8,29.7,46.8,1027,9.9,0,
11/27/2021,51.8,46.8,49.6,44.6,83.7,1020.9,5.9,0.55,rain
11/28/2021,70.7,47.8,56.4,45.9,71.6,1022.4,7.6,0,
11/29/2021,71.7,43.8,56,40.2,58.7,1022.7,9.9,0,
11/30/2021,73.8,46.7,59.2,47.2,66.6,1019.9,9.9,0,
12/1/2021,75.1,51,61.9,55.3,80.4,1019.9,8.3,0,
12/2/2021,79.5,49,63.1,57.6,83.6,1020,7.8,0,
12/3/2021,74.5,61.3,67.6,63.5,87.1,1016.8,7.2,0.038,rain
12/4/2021,77.3,64.3,69.5,62.7,79.8,1017,9.4,0,
12/5/2021,77.3,65.5,71.7,65.3,80.8,1013.4,9.8,0,
12/6/2021,72.8,48.6,63,45.3,56.4,1017.8,9.8,0,
12/7/2021,68.8,39.8,53.1,32.6,46.5,1017.3,9.9,0,
12/8/2021,77.2,43.8,60.3,45.6,62.5,1015.2,9.9,0,
12/9/2021,77.6,61.8,68.5,62.4,81.8,1011.5,6.4,0,
12/10/2021,84.1,70.5,75,67.2,78.5,1007.5,6.8,0.009,rain
12/11/2021,72.4,42.4,56.3,31,40.1,1020.8,9.8,0,
12/12/2021,60.8,32,46.4,29,54.9,1025.6,9.9,0,
12/13/2021,63.8,43.5,54.2,43.2,67.6,1023.6,8.7,0,
12/14/2021,75.3,58.5,65.3,62.1,89.6,1021.9,4.5,0.009,rain
12/15/2021,79.8,69.6,73.5,65.7,77.1,1016.6,9.9,0,
12/16/2021,78.6,71.1,73.7,66.1,77.6,1014.8,9.9,0,
12/17/2021,78.1,70.7,73.4,65.5,76.5,1013.1,9.9,0,
12/18/2021,71.9,48.1,59.6,50.7,73.5,1017,8.5,1.471,rain
12/19/2021,54.4,39.8,47.2,28.6,49.6,1026.1,9.9,0.013,rain
12/20/2021,59,43.5,49.6,35.2,59,1022.7,9.9,0,
12/21/2021,66.6,38,50.9,41.3,71.5,1019.8,9.7,0,
12/22/2021,74,48.1,59.2,48.7,70.1,1016.6,9.7,0,
12/23/2021,70.3,52.5,61.6,56.6,84.1,1016.8,8.6,0,
12/24/2021,77.5,61,67.3,59.7,77.5,1012.5,9.9,0,
12/25/2021,78.1,62.2,69,61.6,78.2,1012,9.5,0,
12/26/2021,75.4,58.5,67,61.7,83.6,1012.4,5.6,0,
12/27/2021,79.2,67.5,70.9,62.6,75.9,1009.8,9.3,0,
12/28/2021,72.9,61.5,68.6,62.7,81.6,1005.3,8.4,0,
12/29/2021,80.5,59.8,69.1,61.6,78.7,1007.1,5.4,0,
12/30/2021,81.7,56.6,66.6,57.4,73.8,1011.3,9.1,0,
12/31/2021,81.4,64.9,71.5,65,81,1007.2,6.2,0,
1/1/2022,77,39.8,70.1,58.8,69.1,1005,8.6,0,
1/2/2022,46.7,25.2,36,17.5,48.2,1028.1,9.9,0.003,"rain,snow"
1/3/2022,56,27.9,39.9,19.7,49.1,1031.7,9.9,0,
1/4/2022,66.1,34.3,49.3,32,53,1020.8,9.9,0,
1/5/2022,73.5,41.7,55.3,37.3,57.3,1013,9.9,0,
1/6/2022,55.2,35.6,45.7,29,55.1,1017.7,9.9,0,
1/7/2022,40.7,28.7,35.7,24.6,65.3,1023.3,8.2,0.003,rain
1/8/2022,63.3,40.9,52.5,50.5,93.2,1016.5,3.3,0.126,rain
1/9/2022,62.4,48.8,56.2,44.9,67.8,1024.2,9.4,0,
1/10/2022,58.3,40.9,48.9,23.3,37.7,1035.5,9.9,0,
1/11/2022,50,41.5,44.8,27.7,52.9,1034.1,9.9,0,rain
1/12/2022,64.3,43.9,50.5,37.3,62.7,1026.8,9.9,0,
1/13/2022,74.2,38.4,53.6,33.5,52.3,1021.7,9.9,0,
1/14/2022,77.5,40.8,57.9,34.6,47.5,1013.1,9.9,0,
1/15/2022,63.7,42,49.2,22.5,35.5,1020.2,9.9,0,
1/16/2022,62.3,34.7,45.7,19.2,36.9,1021.2,9.9,0,
1/17/2022,68.2,34.6,49.2,24.1,41.5,1019.9,9.9,0,
1/18/2022,74.2,41,57.3,42.6,60.1,1015.2,9.9,0,
1/19/2022,80.1,45.1,65.5,52.3,65.7,1013.7,9.8,0,rain
1/20/2022,43,32.8,35.5,15.2,43.4,1028.9,9.9,0.003,"rain,snow,ice"
1/21/2022,49.3,27.6,37.1,9.9,32.9,1030.2,9.9,0,
1/22/2022,53.8,27,39.8,18.2,44.4,1030.6,9.9,0,
1/23/2022,57.8,41.5,50.1,29,45.4,1024.5,9.9,0,
1/24/2022,52.8,44.7,50.2,44.6,82,1014.6,7.7,0.113,rain
1/25/2022,52.9,46.8,49.8,44.9,83.7,1018.1,7.7,0,rain
1/26/2022,53.6,42,47.8,35.6,64.2,1025.6,9.6,0,rain
1/27/2022,59.8,40.5,52,37,57.7,1024.8,9.9,0,
1/28/2022,59.5,39.8,49.1,26.5,43.6,1031.5,9.9,0,
1/29/2022,66.5,35.4,48.7,24.2,43.1,1028.2,9.9,0,
1/30/2022,69.7,35.1,53.1,32,47.1,1021.1,9.9,0,
1/31/2022,58.1,49.7,55.1,51.7,88.4,1014.9,6.6,2.246,rain
2/1/2022,65.5,52.9,57.4,52.6,84.8,1010.9,7.6,0,rain
2/2/2022,58.3,37,50.2,46.7,88,1011.2,6.5,0.728,rain
2/3/2022,37.2,24.1,29.5,24.8,82.2,1022.6,7.6,1.806,"rain,freezingrain,snow,ice"
2/4/2022,40.8,21,29.2,20.2,69.3,1036.1,9.9,0,
2/5/2022,50.7,24.6,36.2,20.3,57.1,1033.8,9.9,0,
2/6/2022,57.5,27.3,41.6,26.1,57,1024.3,9.9,0,
2/7/2022,61.4,36.7,47,30.1,55.1,1028.5,9.9,0,
2/8/2022,67.3,34.7,49.4,27.4,46.9,1025.1,9.9,0,
2/9/2022,73.7,39.3,54.5,29.3,42.3,1020,9.9,0,
2/10/2022,73.2,40.7,55.7,32.5,45.2,1018.9,9.9,0,rain
2/11/2022,75.5,47.1,60.8,40.5,50.1,1014.3,9.9,0,
2/12/2022,57.5,37.1,49.7,34.6,57.6,1025.1,9.8,0.035,rain
2/13/2022,66.3,30.6,47,20.8,38.7,1031.7,9.9,0,
2/14/2022,69.5,34.6,52.3,25.7,40.6,1026.3,9.9,0,
2/15/2022,73.9,40.8,57.5,43.4,62.1,1021.3,9.9,0,
2/16/2022,75.4,61.7,66.9,58.8,75.9,1012.5,9.8,0,rain
2/17/2022,70.4,37,58.5,42.2,57.8,1015.5,9.8,0.009,rain
2/18/2022,59.4,32,43.6,23,46.4,1027.9,9.9,0,
2/19/2022,64.8,31.1,47.7,25.2,47,1028.9,9.9,0,
2/20/2022,70.7,40.4,56.1,39.8,55.1,1021.3,9.9,0,
2/21/2022,84.1,62.7,71.2,61,72.8,1011.5,8.5,0,rain
2/22/2022,85.2,49,68.7,51.5,58.4,1013.5,9.5,0,rain
2/23/2022,47.8,29,35.3,24,64.4,1024.5,9.7,0.005,"rain,freezingrain"
2/24/2022,35.8,28.3,31.5,27.5,84.8,1024,6.7,0,"rain,freezingrain"
2/25/2022,38.6,30.8,34.3,22.7,63,1030.6,9.9,0,rain
2/26/2022,40.9,35.9,37.9,33.4,83.8,1028.8,6,0.045,rain
2/27/2022,60.4,37.2,45.7,28.9,57.3,1029.8,9.4,0,rain
2/28/2022,65.6,32.4,48.6,21.9,41.5,1027.3,9.9,0,
3/1/2022,73.1,35.2,54.6,26,38.5,1023.3,9.9,0,
3/2/2022,75.1,40.4,59.1,34.8,44.1,1021.9,9.9,0,
3/3/2022,78.1,50.5,64.7,47.6,57.3,1020.6,9.8,0,
3/4/2022,77,61,67.7,57.9,72.7,1018.1,9,0,rain
3/5/2022,79.5,64.8,70.9,60.5,70.7,1013.8,9.8,0,rain
3/6/2022,80.5,68.5,73.3,63.6,72.7,1012.1,9.6,0,rain
3/7/2022,71.2,43,48.8,32.8,55.8,1022,9.7,0.062,rain
3/8/2022,54.1,42.4,46,31.9,57.9,1018.5,9.8,0.011,rain
3/9/2022,60.1,36.8,47.9,30.2,54.8,1017.5,9.6,0,
3/10/2022,73.4,38.2,56.4,39.4,55.9,1013.8,9.9,0,
3/11/2022,62.4,37.7,45.7,33.3,62,1018.9,9.7,0.032,rain
3/12/2022,56.6,27.4,43,13.4,33,1031.4,9.9,0,
3/13/2022,66.5,30.5,50,26.4,42,1025.2,9.9,0,
3/14/2022,80.9,48.3,64.2,46.9,58.5,1016.9,9.8,0,
3/15/2022,76.4,53,64.3,34.7,34.5,1020.3,9.9,0,
3/16/2022,81.7,44,63.9,40.7,48.1,1015.7,9.9,0,
3/17/2022,70.7,52.8,63,56.4,79.5,1008.1,8,0,rain
3/18/2022,73.7,50.2,62.5,35.4,40.5,1016.1,9.7,0,
3/19/2022,78.9,43.1,60.6,29.2,36.4,1022,9.9,0,
3/20/2022,78.4,45.7,63.2,37.9,42.7,1020.4,9.9,0,
3/21/2022,79.2,59,67.8,61.9,82.1,1007.3,8.1,0.499,rain
3/22/2022,65.9,51.6,60.1,41.3,52.2,1008.9,9.6,0.278,rain
3/23/2022,69.7,44.5,56.3,26.2,34.8,1016.4,9.9,0,
3/24/2022,76.1,45.6,58.4,23.9,30.6,1016.5,9.9,0,
3/25/2022,84.3,44.5,64.9,29,32.5,1018.2,9.8,0,
3/26/2022,90.1,51,71,33.8,29.9,1016.2,9.9,0,
3/27/2022,86.5,58.2,71.4,42.4,38.6,1014.4,9.8,0,
3/28/2022,85.4,57.1,70.5,55.5,62.9,1014.3,9.8,0,
3/29/2022,79,67.7,72.6,61,68,1007.1,9.7,0,rain
3/30/2022,79,60.7,71,48.2,50.3,1002.5,9.3,0.176,rain
3/31/2022,75.9,45.4,61.5,36.6,43.8,1011.1,9.8,0,
4/1/2022,81.7,47.2,65.1,42.8,48.3,1013.9,9.8,0,
4/2/2022,85.7,59.6,71.6,49.1,50.7,1014.8,9.8,0,
4/3/2022,85.3,52.8,69.8,53.1,58,1012.9,9.8,0,
4/4/2022,79,65.4,71.3,63.8,77.7,1007,8.7,0,rain
4/5/2022,95,69.8,81.3,61.6,56.9,1002,8.6,0,rain
4/6/2022,79.1,64,70.6,40.2,37,1008.6,9.7,0,
4/7/2022,77.2,54.1,64.7,19.6,18.4,1021.7,9.8,0,
4/8/2022,78.4,45.9,62.1,23.7,27.4,1022.4,9.7,0,
4/9/2022,87.4,42.8,66.1,35.7,37,1017.2,9.7,0,
4/10/2022,85.3,58.4,71.4,57.4,62.9,1008.4,9.7,0,rain
4/11/2022,81.7,67.9,73.8,65.3,75.3,1007.6,8.7,0.066,rain
4/12/2022,91.4,71.9,78.5,66.9,69.5,1005.4,8.3,0,rain
4/13/2022,92.8,69.9,79.8,54.5,51.1,1005.7,9,0.008,rain
4/14/2022,82,54.8,69.2,39.1,36.3,1015,9.8,0,
4/15/2022,82.7,63.7,71.1,59.8,68.9,1011.9,9.5,0,rain
4/16/2022,81.8,71.9,76,67.3,74.9,1011.2,9.2,0,rain
4/17/2022,85.9,64.5,75.8,66.1,72.7,1011.5,8.1,0.004,rain
4/18/2022,77.4,61.9,69.9,54.5,60,1019.1,9.6,0,
4/19/2022,70.1,55.8,64.6,53.5,67.5,1018.9,9.8,0,rain
4/20/2022,83.2,66.8,74.9,65.2,73.4,1011.8,8.6,0.027,rain
4/21/2022,80,73,76.2,67.4,74.5,1016.1,9,0,rain
4/22/2022,89.9,71.8,77.4,64.7,67.4,1017.5,9.5,0,rain
4/23/2022,86.5,70.8,76.7,62.9,63.8,1011.5,9.7,0,rain
4/24/2022,90.1,69.7,77.5,64.6,66.7,1010.1,9.7,0,rain
4/25/2022,74.2,61,66.6,62.7,87.4,1017,8.4,1.341,rain
4/26/2022,76.3,55.8,65.6,53.2,65.2,1024.6,9.7,0.046,rain
4/27/2022,78.1,60.1,69.7,58.2,67.7,1020.2,9.7,0,
4/28/2022,86.4,68.7,75.4,62.9,67.1,1013.4,9.7,0,rain
4/29/2022,84.8,70.8,76.1,65.7,71,1008.5,9.7,0,rain
4/30/2022,89,72.6,79.1,67.1,68.3,1009.3,9.5,0.016,rain
5/1/2022,86,70.6,78.2,66.9,69.9,1012.4,8.7,0.048,rain
5/2/2022,82.4,70,78.1,66.7,68.5,1009.4,9.7,0,rain
5/3/2022,91.7,74.7,80.5,69.4,70.5,1010.5,9.2,0.008,rain
5/4/2022,88.7,73.5,79.8,68.1,69.3,1010.9,9.1,0,rain
5/5/2022,85.5,69.8,76,69.9,82.1,1009.1,7.8,0.38,rain
5/6/2022,92.8,60.2,77,65.9,71.9,1010.2,7.5,0,rain
5/7/2022,95.7,73.3,84,70.8,67.3,1006.1,8.4,0,
5/8/2022,96.4,74,83.7,70.1,66.1,1004.4,8.8,0,
5/9/2022,94.4,75.6,84.1,71,66.8,1007.1,8.6,0,rain
5/10/2022,92.4,77.5,83.3,70.6,67.2,1014,9.6,0,rain
5/11/2022,92.5,72.7,81.3,67,64.6,1017.3,9.4,0,rain
5/12/2022,93.1,69.8,80.4,65.6,63.9,1014.6,9.4,0,
5/13/2022,90.2,66.6,79,63.7,62.5,1011.5,9.7,0,rain
5/14/2022,94.1,70.8,82,65.2,59.7,1012.5,9.7,0,
5/15/2022,95.3,69.2,82.5,63.8,57.2,1012,9.7,0,
5/16/2022,97.5,73.3,83.6,62.8,54.8,1012.6,9.7,0,
5/17/2022,97.1,71,82.8,63.9,57.3,1012.4,9.7,0,
5/18/2022,97,72.3,82.9,63.9,57.4,1010.6,9.7,0,rain
5/19/2022,96.4,72.1,82.9,65,58.4,1006.5,9.7,0,
5/20/2022,95.4,75.6,83.4,69.3,64.3,1002.7,7.7,0,rain
5/21/2022,98.5,75.9,85.7,69.6,61.8,1008.4,8.3,0,rain
5/22/2022,82.4,63.8,71.8,58.6,64.7,1018.5,9.5,0.285,rain
5/23/2022,87.1,66.7,75.4,63.6,68.6,1015,9,0,rain
5/24/2022,87.1,71.8,79.1,64.3,62.9,1006.3,9.4,0.009,rain
5/25/2022,83.3,61,70.2,53.8,61.8,1010.3,9.1,1.12,rain
5/26/2022,96.4,58.5,77.3,53.6,49.7,1013.5,9.9,0,
5/27/2022,96.4,69.2,82.5,61.5,53.3,1014.3,9.8,0,
5/28/2022,96.4,71,83.3,64.2,56.2,1010.3,9.4,0,rain
5/29/2022,96.8,74,83.6,66.8,60,1005.6,9.7,0,rain
5/30/2022,95.2,75.6,83.8,67.5,60.5,1006,9.8,0,rain
5/31/2022,96.4,75.7,85.1,69.1,61.5,1009.5,9.7,0,rain
6/1/2022,94.7,77.7,84.3,71.6,67.5,1011.7,9.8,0,rain
6/2/2022,90.4,73.7,81.4,67.8,65.8,1012.9,9.8,0,rain
6/3/2022,91.8,70.8,81.5,64.9,59.2,1011.9,9.9,0.003,rain
6/4/2022,92,68.7,80.1,66.5,65.7,1009.3,9.5,0.341,rain
6/5/2022,98.2,69.9,83.6,67.4,61.4,1005.8,9.8,0,
6/6/2022,101.5,76.6,86.5,69.8,61.5,1004.5,9.8,0,
6/7/2022,101,77,86.7,69.4,60.2,1007.4,9.7,0,
6/8/2022,98.5,76.6,86.2,69.4,60.6,1010.6,9.7,0,rain
6/9/2022,98.5,76.5,86.7,69.7,60.9,1013.3,9.6,0,
6/10/2022,101,76.4,88.2,68.1,56.7,1010.9,9.7,0,rain
6/11/2022,102.2,76.5,89.9,67.8,53,1008.9,9.7,0,
6/12/2022,104.2,76.7,89.3,69.8,58.2,1009.2,9.5,0,
6/13/2022,101.1,76.6,87.3,69,59.9,1011.4,8.8,0,
6/14/2022,99.8,76.8,86.4,69.4,61,1012,9.2,0,rain
6/15/2022,95.6,79,86.4,70.4,61.3,1013.6,9.7,0,rain
6/16/2022,102,75.2,87.9,66.5,55.2,1016.1,9.1,0,
6/17/2022,97.8,74.5,87.3,66.6,53.2,1015.1,9.5,0,
6/18/2022,99.2,74,87.2,65.4,52.2,1014.3,9.9,0,
6/19/2022,100.2,74.7,88,67,53.9,1014.9,9.9,0,
6/20/2022,101.1,73,88.1,65.4,50.6,1015.8,9.9,0,
6/21/2022,100.1,77.8,89,68.1,53,1017.6,9.9,0,rain
6/22/2022,99,74.9,87.6,68.6,57.6,1017.5,9.9,0,
6/23/2022,102.2,75.8,89.8,63.3,45.1,1013.8,9.9,0,
6/24/2022,101.4,74.4,88.9,64.6,48.8,1011.8,9.9,0,
6/25/2022,101.1,74.8,88,63.9,50.4,1013.3,9.9,0,
6/26/2022,100.9,73.8,88,64,50.8,1016.4,9.9,0,
6/27/2022,100.3,71.1,83.2,68.8,65.4,1018,9.2,1.53,rain
6/28/2022,91.2,72,80.6,69.8,72.5,1018.6,9.8,0.092,rain
6/29/2022,97.5,69.2,84.1,60,47.4,1017.8,9.9,0,
6/30/2022,97.2,74.9,85.7,69.1,61,1015,9.8,0,
7/1/2022,95,74.8,85.2,69.7,62.4,1012.5,9.9,0,
7/2/2022,99.8,78.5,87.9,70.8,61.4,1011.8,9.6,0,rain
7/3/2022,99.6,78.4,88,70.6,60.7,1014,9.9,0,
7/4/2022,98.9,76.4,87.6,69.7,59.7,1015.2,9.9,0,rain
7/5/2022,98.9,77.8,87.9,69.9,59.3,1014.2,9.9,0,rain
7/6/2022,101.4,76.4,88.4,69.5,58.3,1013,9.9,0,
7/7/2022,101.1,76,88.6,69.1,56.9,1013.3,9.9,0,
7/8/2022,102.3,78.2,89.7,69.6,56.4,1014.7,9.9,0,
7/9/2022,103.6,78.3,91.4,66.6,48.5,1015.4,9.9,0,
7/10/2022,107.9,78.6,92.3,66.2,44.8,1012.3,9.9,0,
7/11/2022,103.6,79.7,92,68.1,47.9,1008.7,9.9,0,rain
7/12/2022,106.5,78.5,92.2,68.3,49.6,1009.8,9.9,0,rain
7/13/2022,105.5,79.3,92.1,68.7,50.5,1012.5,9.9,0,
7/14/2022,101.1,77.1,87.4,69.3,58,1015,9.9,0.004,rain
7/15/2022,98.1,73.6,84.4,70.2,65.2,1016.1,9.9,0,
7/16/2022,98.9,75.4,86.7,69.6,61,1014.6,9.9,0,
7/17/2022,102.9,76.1,89.4,62.4,46,1012.8,9.8,0,
7/18/2022,103.8,76.9,89.8,66,50.3,1012.6,9.9,0,
7/19/2022,105.1,76.5,89.7,68,54.2,1011.8,9.9,0,
7/20/2022,104.5,77.3,89.6,71.2,59.4,1011.2,9.9,0,
7/21/2022,101.6,77.6,89.1,70,57.9,1011.9,9.9,0,
7/22/2022,101.5,77.3,88.4,68.5,56.9,1013.8,9.8,0,
7/23/2022,102,77.3,88.4,69.4,58.2,1014.6,9.9,0,
7/24/2022,101.9,78,89.2,69.7,57.5,1014.8,9.9,0,
7/25/2022,102,76,88.7,68.6,56.6,1014.3,9.9,0,
7/26/2022,102.3,75.2,88.6,68.6,56.8,1014,9.9,0,
7/27/2022,101.3,76.2,88,68.9,57.4,1013.8,9.9,0,
7/28/2022,101.3,78.3,88.6,69.3,56.6,1013.6,9.9,0,
7/29/2022,101.5,77.6,88.1,70.4,59.9,1014.5,9.9,0,
7/30/2022,102.2,76,89.3,67.5,54,1016.3,9.9,0,
7/31/2022,102.2,77.2,89.1,67.2,53.7,1016.9,9.9,0,
8/1/2022,100.3,75.8,88.2,68.1,55.3,1016,9.9,0,
8/2/2022,103.3,76,89.7,67.7,53.2,1014.1,9.9,0,
8/3/2022,103.7,78.5,89.6,69.4,56.1,1011.4,9.9,0,
8/4/2022,103.3,78.5,89.8,68.9,55.8,1012,9.9,0,
8/5/2022,101.8,77.6,88.5,67.9,55.9,1013.5,9.9,0,
8/6/2022,95.4,78.8,85.7,69.8,61.3,1015.1,9.9,0,
8/7/2022,98.9,77.5,86.5,69.8,61.2,1016.8,9.9,0,
8/8/2022,100.9,76.4,87.1,69.8,60.6,1016.2,9.9,0,rain
8/9/2022,99.7,74.7,87.9,68.7,56.8,1015.3,9.9,0,
8/10/2022,102.5,77.5,87.9,68.9,56.9,1016.2,9.9,0,rain
8/11/2022,99.6,76.5,87.2,67.9,56.3,1014.7,9.9,0,rain
8/12/2022,100.6,74.8,87.1,68.7,58,1013.8,9.9,0,
8/13/2022,100.7,77.8,89,68.5,54.4,1013.5,9.9,0,rain
8/14/2022,91.8,77.7,84.2,70.6,64.9,1013.1,9.9,0,rain
8/15/2022,100.1,75.3,86,68.9,60.4,1012.4,9.9,0.003,rain
8/16/2022,99,76,87.3,70.6,61.9,1012.5,9.9,0,
8/17/2022,101,77.6,89.5,68.8,54.9,1013.1,9.9,0,
8/18/2022,99.8,73.1,83,72,72.7,1012.9,9.6,0.473,rain
8/19/2022,92.1,72.8,77.9,73.7,88.3,1012.7,9.3,0.339,rain
8/20/2022,98,76.6,85.1,72.2,69.5,1013.9,9.8,0.004,rain
8/21/2022,92.1,77.3,83.9,73.3,72,1014,9.8,0.003,rain
8/22/2022,96.4,73.3,81,74.2,82.1,1011.8,9.1,3.369,rain
8/23/2022,90.4,74,79.9,73.2,82.2,1011,9.6,0.06,rain
8/24/2022,93.2,74.8,82.7,73,74.8,1012.1,9.7,0.037,rain
8/25/2022,95.1,74.4,84.1,69.1,62.9,1014.1,9.9,0,rain
8/26/2022,96.6,75.3,85.7,69.5,61.1,1013.3,9.9,0,
8/27/2022,97.1,75.5,85.4,71.5,66.2,1010.7,9.9,0.023,rain
8/28/2022,95.9,76.4,85.7,72.1,67,1009.3,9.9,0.009,rain
8/29/2022,97.3,77.4,84.2,73.3,72.2,1010.7,9.9,0,rain
8/30/2022,83.3,75.5,78,74.9,90.4,1014.5,8.7,0.289,rain
8/31/2022,90.6,71.2,79.2,73.4,84.1,1016.3,9.1,0.495,rain
9/1/2022,92.6,73.1,81.3,72,76.3,1014.7,9.8,0,rain
9/2/2022,93.3,73.8,82.2,71.5,72.7,1014,9.9,0,
9/3/2022,88.1,74.6,79.7,73.2,81.2,1016.7,9.9,0.054,rain
9/4/2022,89.9,72.2,78.7,70.6,78,1015.4,9.9,0.052,rain
9/5/2022,92.2,67.4,79.4,68.2,71.9,1013.7,9.9,0,
9/6/2022,94.1,71.2,82.4,69.1,67.5,1015.9,9.9,0,
9/7/2022,93.8,73.4,81.1,71.2,74.6,1015.1,9.7,0.288,rain
9/8/2022,93.3,71.3,81.3,68.2,68.7,1010.2,9.8,0,rain
9/9/2022,92.8,70.2,81.7,66.5,62.6,1007.2,9.9,0,
9/10/2022,92.8,73.6,82.9,67.6,63.4,1012,9.6,0,rain
9/11/2022,91.7,72.2,82,65,58.6,1017.7,9.9,0,rain
9/12/2022,91.6,68.8,80.4,62.1,56,1016.2,9.9,0,
9/13/2022,93.3,70.2,81.3,64.9,59.2,1013.1,9.9,0,
9/14/2022,91,70.2,80.4,65,63.1,1014.5,9.5,0,
9/15/2022,90.2,64.8,78.3,63.9,63.1,1016.1,9.9,0,rain
9/16/2022,95.3,75.1,83.3,70.4,68.4,1015,9.8,0,rain
9/17/2022,96.7,75.7,84.3,72,69.6,1014.1,9.7,0,
9/18/2022,96.7,74.8,83.8,69,65.5,1014.3,9.7,0,
9/19/2022,96.6,74.1,84.2,70.1,65.9,1014.8,9.9,0,rain
9/20/2022,96.1,74.6,84.9,70.6,66,1015.3,9.9,0,
9/21/2022,96.5,71.4,83.9,66.2,60,1014.7,9.9,0,
9/22/2022,97.7,69.5,83.4,60.1,51.9,1014.6,9.9,0,
9/23/2022,96.9,70.6,84.6,61.9,48.8,1014.4,9.9,0,
9/24/2022,93.1,70.2,82.5,67.8,63.6,1014.7,9.8,0,
9/25/2022,95.8,72.8,83.4,66.9,61.7,1013.6,9.9,0,
9/26/2022,91.4,74.7,82.2,51.7,38.2,1016.1,9.9,0,rain
9/27/2022,90.7,60.5,74.8,44.3,37.8,1019.2,9.9,0,
9/28/2022,90.8,63,75.4,44.8,37.5,1022.1,9.8,0,
9/29/2022,91.7,60.1,75.8,49.3,42.9,1020.3,9.9,0,
9/30/2022,87.5,62.5,73.8,46.8,39.9,1016.3,9.9,0,
10/1/2022,87.7,54.6,71.1,46.1,44.7,1016,9.9,0,
10/2/2022,84.5,54.4,70,46,46.1,1019.4,9.9,0,
10/3/2022,87.5,56.5,71.6,44.6,42.4,1019.6,9.9,0,
10/4/2022,90.9,61.4,74.6,46.6,40.6,1017.2,9.9,0,
10/5/2022,88.8,58.2,74.9,51,46,1017.5,9.9,0,
10/6/2022,90.8,62.6,76.3,52.6,47.7,1019.5,9.9,0,
10/7/2022,85.6,65.7,75.7,55.3,51.4,1021.5,9.9,0,
10/8/2022,88.5,62.8,76.1,51.3,44.9,1023.3,9.9,0,
10/9/2022,87.5,64.2,75.8,53.8,47.9,1022.6,9.9,0,
10/10/2022,87.9,62.8,76,58,58,1020.3,9.9,0,
10/11/2022,89.4,63.5,76.7,60.2,59.6,1016.9,9.8,0,
10/12/2022,95.3,72.6,80.9,66.5,65.2,1012.8,9.9,0,
10/13/2022,89.4,71.7,78.5,52.3,42.2,1013.5,9.9,0,
10/14/2022,89.5,64.4,76,52.1,44,1014.3,9.9,0,rain
10/15/2022,92.3,72,80.7,66.6,66.2,1014,9.7,0,rain
10/16/2022,91.5,71.6,79.8,67.4,69.1,1013.9,9.9,0.01,rain
10/17/2022,74.7,62,66.7,53.6,67.1,1017.9,9.2,0.631,rain
10/18/2022,69.1,54.8,60.5,32.7,36.2,1023.7,9.9,0,
10/19/2022,74.1,42.4,56.9,34.7,49,1025.7,9.8,0,
10/20/2022,85.3,49,66.4,42.6,46.2,1017.6,9.9,0,
10/21/2022,87.4,56,70.8,49.4,50,1014.2,9.9,0,
10/22/2022,88,63.1,74.4,59.6,63.1,1011.6,9.9,0,
10/23/2022,87.1,66.4,76,64.4,69.8,1010.1,9.9,0,
10/24/2022,84.8,61.8,75.6,69.5,82,1007.3,9.5,0.226,rain
10/25/2022,75.6,52.8,64.3,39.6,44,1014.9,9.9,0.338,rain
10/26/2022,75.4,46,60.1,41.2,55.6,1017.2,9.9,0,
10/27/2022,80.6,49.6,65,51.5,64.3,1014.3,9.9,0,rain
10/28/2022,65.8,58.1,62.9,58,84,1014.9,9.4,0.651,rain
10/29/2022,70.4,56.8,61.6,51.5,70.1,1018,9.9,0,
10/30/2022,76.5,52.2,62.6,51.6,70.3,1016.1,9.9,0,
10/31/2022,78.4,53.2,64.7,52.7,68.4,1016.1,9.9,0,
11/1/2022,68.5,57.2,62.6,59.3,89.4,1020.2,9.3,0.049,rain
11/2/2022,76.6,59.8,66.7,61.2,83.6,1021.5,7.7,0,rain
11/3/2022,82.5,69.7,74.8,68.1,81.3,1016,8.4,0,rain
11/4/2022,85.6,62.7,74.9,68.9,82.7,1009.6,9,0.487,rain
11/5/2022,70.9,51.7,61.3,44.9,55.9,1012.8,9.9,0,
11/6/2022,82.5,52.4,67.5,61.2,81.2,1012.8,9.9,0,rain
11/7/2022,83.7,73.2,76.4,71.3,85.1,1018.8,8.8,0.048,rain
11/8/2022,77.2,64.4,71.6,67.7,87.8,1021.9,9.7,0.05,rain
11/9/2022,81.7,67.9,72.7,67.1,83.6,1019.1,9.4,0,rain
11/10/2022,81.7,66.5,73.1,66.3,80.6,1011.8,9.1,0,rain
11/11/2022,76.7,44.6,59.9,55.6,86.1,1012.3,9.3,0.79,rain
11/12/2022,56.9,36.8,45.2,29.6,56.1,1024.9,9.9,0,
11/13/2022,57.3,30.8,44.5,27.2,55.6,1023.7,9.9,0,
11/14/2022,53.3,48.4,50.2,43.9,80.1,1016.2,8.7,0.123,rain
11/15/2022,50.7,39.1,44,35.7,73.1,1026.9,9.9,0,rain
11/16/2022,56.3,40.9,46.9,33.4,61.5,1031.6,9.9,0,
11/17/2022,57.4,41.7,50.2,34.4,57.6,1030.1,9.9,0,
11/18/2022,55.8,47.9,51.6,38.2,61.2,1027,9.9,0.013,rain
11/19/2022,48,37.3,41.1,36.4,83.7,1029.9,9.2,0.268,rain
11/20/2022,46.9,38.8,42.3,32.1,68.4,1031.4,9.9,0.011,rain
11/21/2022,45.6,40.2,43.5,40.3,88.3,1029.5,8.1,0.189,rain
11/22/2022,54.8,44.7,49.7,47,90.7,1026.5,6.8,0.027,rain
11/23/2022,63.5,52.3,57.9,51.7,81,1019.1,9.4,0.07,rain
11/24/2022,66.8,60.3,62.6,61.7,97.1,1013.3,5.2,0.463,rain
11/25/2022,61.7,55.9,57.4,55.7,93.8,1018.4,7.9,0.102,rain
11/26/2022,60.1,45.4,52,45.1,79.9,1013,8.3,1.167,rain
11/27/2022,71.4,46,56.8,43.8,65.5,1012.9,9.8,0,
11/28/2022,75.6,41.8,58.3,48.9,75,1013.7,9.7,0,rain
11/29/2022,82.8,63.3,71.9,64.1,78.3,1007.9,8.7,0,rain
11/30/2022,61.8,40.9,48.9,29.2,47.8,1025.8,9.9,0,
12/1/2022,53.1,37.6,46.7,36.8,68.9,1027,9.5,0.008,rain
12/2/2022,67.1,51.7,59.2,58.3,97,1020.4,5.2,0.085,rain
12/3/2022,65.9,54.8,60.3,51,72.5,1026.6,9.9,0,rain
12/4/2022,57.5,53,55.2,46.9,74,1023.8,9.5,0,rain
12/5/2022,77.2,56.2,65.1,60.5,86.4,1013.8,7.1,0,rain
12/6/2022,79.2,64.9,71.5,66.5,85.3,1013.6,8.8,0,rain
12/7/2022,81.2,68.7,73.5,66.3,79.2,1019.8,9.3,0,rain
12/8/2022,80.6,69.2,73.4,66.6,80.2,1020.1,9.1,0,rain
12/9/2022,79,64.6,71.8,65.5,81.6,1018.3,8.5,0,rain
12/10/2022,77.2,66.7,72.1,66.7,83.3,1016.6,9.8,0.019,rain
12/11/2022,66.2,60.7,63.3,57.8,82.3,1018.2,9.9,0.02,rain
12/12/2022,70.3,58.6,64.1,62,93.2,1012.9,5.9,0.007,rain
12/13/2022,77.2,62.8,69.6,59.9,73.4,1006,9.6,0.022,rain
12/14/2022,67.1,44.1,59.1,33.7,41.3,1010.5,9.9,0.014,rain
12/15/2022,64,35.5,49,32.7,57.7,1016.9,9.9,0,
12/16/2022,54,40.1,46.4,34.6,63.9,1018.8,9.9,0,
12/17/2022,58.1,37.3,47.5,24.3,42.4,1023,9.9,0,
12/18/2022,54.9,29.8,44.4,23.2,47,1024.7,9.9,0,
12/19/2022,49.9,43.7,46.6,40.9,83.7,1021.7,6.5,1.474,rain
12/20/2022,51.3,44,48.3,45.5,90.2,1027.2,7.4,0.003,rain
12/21/2022,48.5,38.3,43.3,39.8,87.7,1023.4,8.2,0,rain
12/22/2022,57.4,17.9,36,29.3,77.2,1021.6,7.3,0,
12/23/2022,31.6,14.8,22.5,-0.7,36.8,1040.1,9.9,0,
12/24/2022,40.1,18.8,28.3,3.4,36.2,1037.2,9.9,0,
12/25/2022,53.1,23,36.5,12.5,42.3,1030.6,9.8,0,
12/26/2022,63.3,31.5,44.8,18.8,37.3,1024.8,9.9,0,
12/27/2022,57.7,32.9,44.7,26.8,51.3,1025,9.9,0,
12/28/2022,76.6,40,57.8,45.6,65.8,1013.4,9.9,0,
12/29/2022,74.4,59.5,66.9,59,76.7,1012.7,9.6,0.001,rain
12/30/2022,66.1,50.8,57.5,45.3,65.1,1014.9,9.9,0,
12/31/2022,76.7,42.2,58.8,44.9,64.9,1013.6,9.9,0,
1/1/2023,78.1,49.9,63.5,55.6,77,1012.4,8,0,rain
1/2/2023,82,69.7,73.7,66.5,79.2,1007.7,7.3,0,rain
1/3/2023,73.3,53.1,63.9,39.8,44.4,1011.2,9.3,0.07,rain
1/4/2023,73,43,56.8,34.5,47.5,1017.9,9.9,0,
1/5/2023,67.3,41.7,53.1,35.6,53.8,1024.1,9.9,0,
1/6/2023,78.3,43.1,60.7,50.1,69.7,1020.5,9.7,0,
1/7/2023,75.5,61,66.8,58.8,78.1,1020.3,7.9,0.003,rain
1/8/2023,68.5,47.4,56.8,35.7,46.4,1024.5,9.9,0,rain
1/9/2023,73.4,43,56.8,43.8,64.1,1022.2,9.9,0,
1/10/2023,83.1,56.9,67.5,56.6,72.3,1016.5,8.8,0,rain
1/11/2023,76.9,56.5,65.8,59.4,81,1012.3,8.3,0,
1/12/2023,67.9,51.2,59.1,32.2,37.5,1022.8,9.9,0,
1/13/2023,63.4,40.4,50.2,26.8,42,1029.6,9.9,0,rain
1/14/2023,64.8,32.3,49.7,29.7,51.6,1024.2,9.9,0,rain
1/15/2023,72.4,44.3,59.3,49.4,72.3,1013.2,9.8,0,rain
1/16/2023,76.9,59.7,66.7,56.8,72.1,1008.5,9.9,0,rain
1/17/2023,79.6,50.5,64,55.1,75.9,1007.9,9,0,rain
1/18/2023,76.9,58.8,68.2,45.1,53,1008.3,8.3,0,rain
1/19/2023,68.3,47.2,57,27.2,32.8,1018.7,9.9,0,
1/20/2023,57.5,50.7,53.8,34.1,47.5,1021.7,9.9,0,
1/21/2023,63.2,44,52.9,44.6,74,1016,9.6,0.008,rain
1/22/2023,61.5,43,49.3,29.1,48.1,1017.3,9.8,0,
1/23/2023,58.4,32.2,47.5,27.8,48.5,1022.2,9.9,0,
1/24/2023,53.1,43.2,48.4,41.7,78.9,1013.3,7.5,0.886,rain
1/25/2023,55.2,39.6,46.3,32.6,60.5,1021.1,9.9,0,
1/26/2023,57.1,33.9,44.1,30.6,63.3,1029.1,9.9,0,
1/27/2023,55.9,32.4,44.6,33.9,68.6,1026.4,9.9,0,rain
1/28/2023,59.8,47.8,54.3,53.2,96.2,1018,4,0.092,rain
1/29/2023,74.3,42,59.4,55.9,88.9,1016.3,5.8,0.164,rain
1/30/2023,40.8,29.9,33.4,30.8,90.2,1024.1,7.9,0.009,"rain,freezingrain,snow"
1/31/2023,32.3,29.2,30.1,28.8,94.8,1026.7,7.2,0.021,"rain,freezingrain,snow"
2/1/2023,32.1,29.8,31.3,30.3,95.9,1027.3,4.5,0.889,"rain,freezingrain"
2/2/2023,39.4,32,35.4,34.2,95.3,1026.9,7.3,0.175,"rain,snow"
2/3/2023,49.6,34.3,42.4,37.6,83.3,1034,9.3,0,rain
2/4/2023,62.7,33.9,47.3,41.1,81.5,1028.4,6.8,0,rain
2/5/2023,74.3,41.1,55.6,48.4,80.1,1022,7.6,0,rain
2/6/2023,74,55.7,64.7,57.8,80.3,1015.4,9.4,0,rain
2/7/2023,70.2,51.6,65.3,62.8,91.8,1013.7,9,0.222,rain
2/8/2023,58.3,42.7,48.9,45.4,88.3,1017.7,9.3,0.15,rain
2/9/2023,73.9,40.1,56,40.3,63.2,1018.7,9.9,0,rain
2/10/2023,54.8,40.1,49.3,30.8,50.4,1027.3,9.9,0,rain
2/11/2023,59.7,35.9,45.3,24.7,46.3,1027.6,9.9,0,
2/12/2023,64.4,32.6,48.7,31.4,57,1022.1,9.9,0,rain
2/13/2023,69.3,41,55.9,45.4,68.7,1015.7,9.9,0,rain
2/14/2023,80,55.1,67.1,43.6,55.1,1006.3,9.5,0.011,rain
2/15/2023,79.5,47.5,64.4,53.6,69.3,1007.3,8.3,0,rain
2/16/2023,70.8,40.9,51.1,30.8,47.7,1018.7,9.6,0.046,rain
2/17/2023,53.3,33.7,42.5,20.8,43.1,1032.3,9.9,0,
2/18/2023,56.4,29.8,43.7,29.1,59.2,1029.9,9.9,0,
2/19/2023,75.3,46.2,59.3,47.1,67.1,1022.2,9.8,0,
2/20/2023,82.3,55.8,69.4,59.5,72.6,1015.8,9.9,0,
2/21/2023,83.1,60,70.7,62.9,78.4,1007.4,8.6,0,rain
2/22/2023,89.6,68.7,76,52.4,53.4,1002.8,9.8,0,rain
2/23/2023,78.1,57.7,68,50.2,58.9,1013.8,8.3,0,rain
2/24/2023,57.5,49.9,53.7,40.4,61.8,1022.6,9.9,0,rain
2/25/2023,64,46.1,54.4,46.9,76.1,1023.5,8.6,0,rain
2/26/2023,80,53,65.2,58.7,81.2,1013.5,6.8,0.001,rain
2/27/2023,82.4,56.4,70.1,36.2,36.5,1009.7,9.6,0,rain
2/28/2023,82.5,53,67.4,51.7,58.7,1009.8,9.7,0,
3/1/2023,83,69.9,74.7,67.7,80,1006.7,6.8,0,rain
3/2/2023,80.6,57,71.2,66.4,85.7,1000.8,4.9,0.822,rain
3/3/2023,72.7,50.4,60.1,35.1,40.6,1007,9.5,0.013,rain
3/4/2023,79.2,43.8,62.2,45.4,58.7,1013.4,9.9,0,
3/5/2023,78.7,53,65.3,54.2,70.8,1016.1,9.2,0,
3/6/2023,79.6,59.2,69.1,61.6,78.9,1015.2,8.9,0,rain
3/7/2023,80.4,65.2,72.2,67.3,85.3,1014.5,6.6,0,rain
3/8/2023,79.5,64.7,71.7,63.7,77.1,1016.2,8.9,0,rain
3/9/2023,84.3,59.7,70.7,59.6,69.5,1015.5,9.3,0,rain
3/10/2023,73,56.2,64.1,55.5,74.5,1017.5,9.7,0,rain
3/11/2023,87.7,60.2,74.1,63.6,73.1,1007.3,8.6,0,rain
3/12/2023,73.7,61,67.2,54.8,66.2,1009.4,9.5,0,
3/13/2023,68.3,49.9,58.5,37.4,46.4,1020.2,9.9,0,
3/14/2023,66.6,48.3,57,37.7,49.1,1023.1,9.9,0,rain
3/15/2023,73.8,47.8,60.2,47.3,63.8,1020.8,9.8,0,
3/16/2023,80.9,62.1,69.1,64,84.5,1009.7,9.4,0.207,rain
3/17/2023,57.3,40.9,49.8,30.8,51.5,1019.8,9.8,0.151,rain
3/18/2023,53.1,44.9,49.5,28.1,43.9,1027,9.9,0,rain
3/19/2023,59.5,38.7,48.7,29.2,50.7,1031.7,9.9,0,
3/20/2023,56,39.8,49.2,37.9,66.4,1024.7,9.9,0,rain
3/21/2023,69.1,51.1,60.2,59.6,97.9,1016.7,4,0.229,rain
3/22/2023,77.8,67.9,72.2,66.6,83.2,1015.7,8.8,0,rain
3/23/2023,82.2,70.8,75,67.2,77.5,1012.4,9.3,0,rain
3/24/2023,86.6,61,74.2,58,64,1006.5,8.9,0.052,rain
3/25/2023,81.2,53.5,67.3,34.3,32.3,1010.9,9.9,0,
3/26/2023,80.5,51.2,66.5,54.6,66.3,1009.6,9.9,0,rain
3/27/2023,77.8,57.3,68.9,53.2,58.7,1014.4,9.8,0,rain
3/28/2023,70.6,58.5,64.5,38.8,40.5,1022.5,9.9,0.003,rain
3/29/2023,72.8,55,62.5,42.6,48.4,1021.1,9.9,0,
3/30/2023,74.8,60.3,67.8,63,85.2,1014.2,7.9,0.033,rain
3/31/2023,88.2,68.6,75.9,64.3,70.2,1011.5,9.9,0,rain
4/1/2023,81.6,52.5,68,39.7,40.3,1018.7,9.9,0,
4/2/2023,84.3,62.1,72.4,59.3,64.2,1011.8,9.7,0,rain
4/3/2023,90.8,70.6,78.3,69.3,75.7,1005.9,9,0,rain
4/4/2023,86.6,72.8,77.8,69.4,77,1002.5,8.3,0,rain
4/5/2023,76.6,59.4,70,48,51.5,1011.9,8.7,0,rain
4/6/2023,61.3,47,51.5,46.6,84.8,1021,8,1.644,rain
4/7/2023,53.7,49.6,51.5,50,94.6,1022.2,7.4,0.549,rain
4/8/2023,62,53.3,57.2,53.6,87.8,1021,8.9,0,rain
4/9/2023,71.9,54.4,64.2,57.3,79.4,1021.2,9.7,0,rain
4/10/2023,72.2,54.6,63.3,57.2,81.5,1022.9,9.8,0,rain
4/11/2023,75.1,52.4,63.7,53.2,72.5,1022.6,9.5,0,
4/12/2023,77.5,50.8,64.4,51.1,65.9,1017.3,9.9,0,
4/13/2023,78.7,54,66.4,54,67.9,1010.4,9.8,0,
4/14/2023,78.6,60.2,68.7,63.3,83.2,1007,9.8,0,rain
4/15/2023,92,61.6,75.7,58.9,63.3,1010,9.8,0.013,rain
4/16/2023,74.5,55.7,65.4,39,39.3,1022.4,9.9,0,
4/17/2023,78.1,48,64.5,44.5,52,1018.9,9.9,0,
4/18/2023,78.7,61.8,69.2,59.9,73.6,1011.5,9.4,0.008,rain
4/19/2023,80.1,69.6,73.6,66.5,78.8,1010.8,9.8,0,rain
4/20/2023,86,65.6,75.3,69.2,82.3,1011.4,8.8,0.152,rain
4/21/2023,80,64.1,69.8,60,74.6,1013.2,9.6,0.212,rain
4/22/2023,78.6,55.1,67.5,54.7,65.1,1012.9,9.8,0,
4/23/2023,68.2,51.7,58.4,50.5,75.7,1015.8,9.9,0.006,rain
4/24/2023,69.7,53.4,60.5,53.4,77.9,1017.4,9.9,0,rain
4/25/2023,73.9,62.1,66.3,64.1,92.7,1012.2,9.5,0.069,rain
4/26/2023,84.3,67.9,74.5,70.5,88.7,1008.5,7.3,0.049,rain
4/27/2023,80.5,61.1,69.4,57.7,71.1,1010.1,9.3,0.492,rain
4/28/2023,83.5,57.2,67.7,61.8,83,1007.7,8.9,0.525,rain
4/29/2023,75.5,53.9,63.5,43.4,52,1014.8,9.9,0,
4/30/2023,89.4,52,70.7,46.2,46.4,1011.9,9.9,0,
5/1/2023,82.9,57,70.8,52.4,53.8,1010.4,9.9,0,
5/2/2023,79.7,66,72.4,63.5,75,1011.7,9.7,0,rain
5/3/2023,84.3,64,73.6,62,70.1,1012.8,9.5,0,rain
5/4/2023,84,66.9,74.3,68.2,81.8,1011.2,9.2,0,rain
5/5/2023,92.3,67.7,81.3,71.5,74,1010.1,7.2,0.004,rain
5/6/2023,88.7,66.5,77.3,69,76.3,1012,8.9,0,rain
5/7/2023,85.4,73.7,77.6,66.8,72,1013,9,0,rain
5/8/2023,90.7,71.6,78.1,68.8,74.7,1011.6,8.9,0,rain
5/9/2023,75.6,69.5,72.1,67.8,86.7,1012.2,8.5,0.133,rain
5/10/2023,81.6,66.8,73.2,67.8,84.1,1010.8,9.5,0.073,rain
5/11/2023,89.3,72.8,79.6,72.3,79.8,1008.2,7.2,0,rain
5/12/2023,86.7,75.5,79.8,73.1,80.6,1010.6,7.6,0.003,rain
5/13/2023,77.6,65,68.6,65.9,91.4,1014.4,8.4,1.975,rain
5/14/2023,83.7,65.8,72.9,67.5,84.4,1017.4,8.9,0.045,rain
5/15/2023,84.3,67.2,74.3,68.3,82.6,1019.9,9.6,0.747,rain
5/16/2023,82.2,68,73.8,67.3,81.7,1016.7,9.4,0.038,rain
5/17/2023,88.5,64.5,76.3,62.9,67.5,1011.9,9.8,0,rain
5/18/2023,89.4,64.3,77.4,65.1,68.4,1012.1,9.8,0,
5/19/2023,90.5,67.6,79.8,67.9,69.4,1014.1,9.8,0,
5/20/2023,82.4,67.9,74.1,64.8,73.9,1019.1,9.7,0.059,rain
5/21/2023,73.4,66.6,70.1,62.4,77,1018.4,8.1,0.038,rain
5/22/2023,84.3,62.4,73.4,63.6,74.1,1015,8.5,0,rain
5/23/2023,90.1,66.8,78.5,67.1,70,1012.8,9.7,0,rain
5/24/2023,83.3,65,73.3,65.3,77.5,1013.2,9.6,0.853,rain
5/25/2023,83.3,67.2,75,65.4,73.3,1013,9.4,0,
5/26/2023,87.8,65.9,76.7,63.8,66.8,1014.8,9.7,0,
5/27/2023,86.5,67,76,64.5,69.1,1015.3,9.1,0,
5/28/2023,84.5,70.1,76.8,64.7,68,1014,9.7,0,rain
5/29/2023,85,70,76.5,65.9,71.6,1012.7,9.7,0.008,rain
5/30/2023,88.7,66.9,77.8,65.5,68.8,1011.8,9.7,0,
5/31/2023,89.3,69.1,78.9,66.1,67.8,1011.4,9.8,0,
6/1/2023,89.4,70.6,79.6,67.7,69.8,1010.9,9.8,0,
6/2/2023,89.4,69.9,79.9,67.1,68.1,1011.2,9.6,0,
6/3/2023,91.7,69.9,80.1,62.6,56.4,1009.1,9.8,0.154,rain
6/4/2023,80.6,67.3,73.5,64.3,73.8,1010.7,9.9,0.007,rain
6/5/2023,85.5,66.8,75.1,66.4,75.8,1012.2,9.5,0.483,rain
6/6/2023,87.1,66.2,76.6,65.6,71.5,1012.2,9.8,0,rain
6/7/2023,89.4,70.6,79.7,66.3,66.2,1010.4,9.8,0,
6/8/2023,87.5,71.3,79.5,68.1,69.4,1009.6,9.9,0.007,rain
6/9/2023,97.9,69.8,83.6,69.8,66.6,1009.2,9.9,0,
6/10/2023,96.1,66.9,84.3,69.8,65.1,1007.5,9.5,0.223,rain
6/11/2023,97.3,73.1,84.3,69.8,63.7,1008.4,9.9,0,
6/12/2023,95.6,76.2,85.6,72.4,67.4,1008.8,9.8,0,rain
6/13/2023,92.8,77.9,84.8,74,71.2,1007.8,6.1,0,rain
6/14/2023,94.5,80,86,74.2,69.3,1005.4,6.8,0,rain
6/15/2023,98.7,81.6,88,76.5,70.6,1005.7,6.8,0,rain
6/16/2023,101.1,79.9,88.5,75.1,67.1,1007.9,8.6,0.023,rain
6/17/2023,95.4,79.1,87,76.5,72.5,1009.2,8.7,0,rain
6/18/2023,104.1,79.7,89.9,74.3,64.4,1006.2,9.3,0,rain
6/19/2023,101.3,79.7,89.2,75.2,66,1007.1,9.8,0,rain
6/20/2023,103.3,80,89.9,74.6,64.1,1006.5,9.1,0,rain
6/21/2023,101.9,74.3,86.9,75.2,70.8,1006.7,8.9,0.266,rain
6/22/2023,92.3,74.9,82.6,71,69.7,1008.9,9.7,0.076,rain
6/23/2023,97.8,77.7,86.7,74.1,68.9,1011.3,9.2,0,
6/24/2023,100.5,78.2,88.2,73.1,64.2,1012.1,9.9,0,rain
6/25/2023,99.8,79.6,88.7,73.6,63.4,1011.5,9.9,0,
6/26/2023,101.5,77.5,88.8,72.8,62.5,1010.8,9.9,0,rain
6/27/2023,102.6,76.2,88.9,71.9,60.8,1010.5,9.9,0,
6/28/2023,101.3,76.6,88,69.9,59.3,1011.6,9.9,0,
6/29/2023,98.8,78.5,87.9,70.4,59.6,1012.7,9.9,0,
6/30/2023,99.1,77.5,87.4,70.1,59.8,1013,9.9,0,rain
7/1/2023,99.2,77.5,87,71.4,63.3,1013.3,9.9,0,
7/2/2023,96.1,78.5,86.3,68.2,56.5,1012.3,9.9,0,
7/3/2023,96.2,77.1,87.4,69.5,57.2,1012.2,9.9,0,
7/4/2023,95.2,77.1,85.2,71.2,64.7,1013.8,9.9,0,rain
7/5/2023,96.8,78.2,86.5,72.7,65.8,1014.6,9.9,0,
7/6/2023,89.3,77.9,83,73,72.8,1014.7,9.9,0.04,rain
7/7/2023,92.2,74.4,82.6,71.1,70.1,1013,9.9,0,rain
7/8/2023,100.6,76.4,88,70.9,61.1,1011.7,9.9,0,rain
7/9/2023,100.5,78.5,89.3,71.1,58.5,1010.7,9.9,0,
7/10/2023,104,78.5,90.3,71.4,58,1011.8,9.9,0,
7/11/2023,101.6,78.7,89.9,72.4,59.6,1012,9.9,0,
7/12/2023,105.9,79.8,91.2,71.5,56.7,1010.8,9.9,0,
7/13/2023,105.4,79.3,91,71.9,58.4,1010.1,9.9,0,
7/14/2023,104.2,79.6,90.6,70.9,57.5,1010.5,9.9,0,rain
7/15/2023,104.5,78.2,90.8,68.5,54.4,1012.2,9.8,0,rain
7/16/2023,104,78.1,90.3,67.9,53.6,1014.2,9.7,0,
7/17/2023,105.6,76.2,91.2,63.6,45.3,1014.5,9.8,0,
7/18/2023,105.1,77.6,91.4,67.6,51.5,1014.7,9.9,0,
7/19/2023,103.8,77.6,90.7,69.3,54.3,1015.6,9.8,0,
7/20/2023,103.2,79.6,90.4,68.3,53.3,1015.8,9.8,0,rain
7/21/2023,101.6,76.4,89,66,52.9,1013.7,9.8,0,
7/22/2023,103.2,77.6,89.8,67.8,51.6,1012.7,9.9,0.008,rain
7/23/2023,103.2,81.1,91.4,66.9,47.6,1014,9.9,0,
7/24/2023,101.8,74,89.1,66.4,51.7,1016.9,9.9,0,
7/25/2023,102,75.9,89,67.9,55.2,1017.3,9.9,0,
7/26/2023,101.5,78.2,89.3,69.4,56.3,1015.9,9.6,0,
7/27/2023,100.6,76.9,88.5,66.8,53.7,1015.5,9.7,0,
7/28/2023,99.5,76.9,88.6,65.4,51.4,1016.3,9.8,0,
7/29/2023,100.4,74.8,88.6,62.7,47,1017.2,9.8,0,
7/30/2023,101.6,77.1,90,66,49,1016.6,9.9,0,
7/31/2023,104.1,77.8,91.7,66.8,47.5,1015.4,9.9,0,
8/1/2023,103.2,74.2,89.7,67.4,51.8,1015.6,9.9,0,
8/2/2023,103.9,77.6,91.2,65.5,46,1015,9.9,0,
8/3/2023,102.6,77.8,90,69.4,55.2,1013.8,9.9,0,
8/4/2023,104,78.9,90.9,69.1,54.1,1012.2,9.9,0,
8/5/2023,104.6,78.2,91.2,67.2,50.5,1012.6,9.9,0,
8/6/2023,104,77.7,90.3,69.6,55.1,1013.1,9.9,0,
8/7/2023,105.7,78.4,91.2,68.4,53.7,1013.4,9.9,0,
8/8/2023,105,78.4,90.6,69.4,55.7,1012.6,9.9,0,
8/9/2023,107.1,77.1,90.5,70.5,58.1,1009.4,9.9,0,
8/10/2023,106.7,78.9,91.2,70.6,56.2,1008.6,9.9,0,
8/11/2023,105.7,79.2,91.3,70.1,55.6,1010,9.9,0,
8/12/2023,105.1,80.1,91,71.2,57.4,1011.8,9.9,0,
8/13/2023,105.1,79.7,91,70.7,56.6,1012.8,9.9,0,
8/14/2023,105.2,76.5,90.4,66.9,52.4,1014.6,9.9,0,
8/15/2023,100.2,79.8,89.9,60.6,39.8,1016.5,9.9,0,
8/16/2023,102.7,74.6,89,54.6,33,1014.1,9.9,0,
8/17/2023,107.2,76.2,91.8,61.7,41.6,1011,9.9,0,
8/18/2023,104.3,76.6,91.4,62.9,42.8,1012,9.9,0,
8/19/2023,103.5,74.9,89.5,65.5,51.7,1013.1,9.9,0,
8/20/2023,105.2,77.6,91.5,66.1,47.9,1014.2,9.9,0,
8/21/2023,103.4,80.6,92.5,63.7,40.4,1013.8,9.9,0,
8/22/2023,97.9,80.8,86.5,71.1,61.9,1014.2,9.8,0.111,rain
8/23/2023,100.1,78.1,88.1,70.1,60.7,1014.7,9.9,0,
8/24/2023,104.5,78.7,91.1,66.6,48.6,1013.8,9.9,0,
8/25/2023,105.3,79.3,92.5,65,43.3,1012.3,9.9,0,
8/26/2023,105.7,76.2,90.9,64.3,47.6,1012,9.9,0,
8/27/2023,108.1,79.6,90,64.6,47.9,1009.8,9.8,0,
8/28/2023,99.1,75,86.5,65.7,54.7,1010.1,9.9,0,
8/29/2023,98.5,76.4,87.5,63.7,48.2,1011.1,9.9,0,
8/30/2023,100.2,70.2,86.4,57.1,40.9,1010.7,9.9,0,
8/31/2023,101.1,72.3,87.3,55.9,37.5,1010.2,9.9,0,
9/1/2023,98.6,72.3,87.1,60.5,44.8,1013.4,9.9,0,
9/2/2023,99.5,73.8,87.6,60.5,44.1,1014.5,9.9,0,
9/3/2023,100.3,76.6,88.3,63.4,47.6,1012.7,9.9,0,
9/4/2023,101.4,77.6,88.5,69.7,58.4,1009.5,9.8,0,
9/5/2023,102.4,79.3,90,70.5,57.6,1010.2,9.9,0,
9/6/2023,101.4,78.9,89.5,69.4,56.2,1013,9.9,0,
9/7/2023,104.3,78.9,91.6,67.8,50.3,1011.8,9.9,0,
9/8/2023,106.1,78.4,92.8,62.9,41.6,1011.4,9.9,0,
9/9/2023,102.6,78.2,89.8,66,48.7,1013.4,9.9,0,
9/10/2023,98.2,78.8,88.2,61.5,44.1,1015,9.9,0,
9/11/2023,96.6,74.4,85,59.8,44.9,1014.2,9.9,0,
9/12/2023,93,78.2,84.8,64.7,52.1,1013.9,9.9,0,
9/13/2023,88.6,73.3,79,67.7,69.6,1014.2,9.3,0.155,rain
9/14/2023,93,70.9,77.9,71.9,83.9,1012.5,7.9,0.314,rain
9/15/2023,88.3,73.1,78.8,71.8,81.3,1014.1,7.5,0.018,rain
9/16/2023,84.3,68.3,76.6,70.3,82,1015.7,9.4,0.36,rain
9/17/2023,91.9,69.5,80,65.9,67.2,1016.4,9.8,0.023,rain
9/18/2023,94.9,67.1,81.6,59.5,52.5,1015,9.9,0,
9/19/2023,96.3,72.2,83.8,63.5,54.3,1012.1,9.9,0,
9/20/2023,98.1,72.3,84.5,66.9,58.9,1010.7,9.9,0,
9/21/2023,95.6,75.6,85.2,70.7,65.3,1012.9,9.9,0,rain
9/22/2023,98.6,74.4,86.2,70.3,63.1,1012.4,9.9,0,
9/23/2023,100,78.2,87.9,71.7,62.6,1010.5,9.9,0,rain
9/24/2023,101.8,75,88.1,71.5,62.3,1009.2,9.6,0.522,rain
9/25/2023,95.1,77,84.4,73.1,71.5,1013.2,9.9,0.026,rain
9/26/2023,95.3,73,83.5,68.1,63,1015.5,10,0,
