Date,Actual,ARIMA_Prediction,Error,Absolute_Error
2018-01-25,65.5,65.28657178582425,0.21342821417574953,0.21342821417574953
2018-01-26,67.1,65.28657178582425,1.8134282141757438,1.8134282141757438
2018-01-27,68.2,65.28657178582425,2.9134282141757524,2.9134282141757524
2018-01-28,70.0,65.28657178582425,4.7134282141757495,4.7134282141757495
2018-01-29,67.4,65.28657178582425,2.113428214175755,2.113428214175755
2018-01-30,65.1,65.28657178582425,-0.18657178582425615,0.18657178582425615
2018-01-31,71.6,65.28657178582425,6.313428214175744,6.313428214175744
2018-02-01,71.8,71.8558460325279,-0.05584603252789577,0.05584603252789577
2018-02-02,57.4,71.8558460325279,-14.455846032527894,14.455846032527894
2018-02-03,56.0,71.8558460325279,-15.855846032527893,15.855846032527893
2018-02-04,74.2,71.8558460325279,2.34415396747211,2.34415396747211
2018-02-05,54.9,71.8558460325279,-16.955846032527894,16.955846032527894
2018-02-06,54.2,71.8558460325279,-17.65584603252789,17.65584603252789
2018-02-07,47.5,71.8558460325279,-24.355846032527893,24.355846032527893
2018-02-08,58.4,50.85588331698061,7.544116683019389,7.544116683019389
2018-02-09,63.6,50.85588331698061,12.744116683019392,12.744116683019392
2018-02-10,61.7,50.85588331698061,10.844116683019394,10.844116683019394
2018-02-11,41.7,50.85588331698061,-9.155883316980606,9.155883316980606
2018-02-12,42.3,50.85588331698061,-8.555883316980612,8.555883316980612
2018-02-13,46.7,50.85588331698061,-4.155883316980606,4.155883316980606
2018-02-14,70.7,50.85588331698061,19.844116683019394,19.844116683019394
2018-02-15,75.1,69.64824523386197,5.4517547661380235,5.4517547661380235
2018-02-16,70.7,69.64824523386197,1.051754766138032,1.051754766138032
2018-02-17,61.5,69.64824523386197,-8.14824523386197,8.14824523386197
2018-02-18,75.1,69.64824523386197,5.4517547661380235,5.4517547661380235
2018-02-19,80.0,69.64824523386197,10.35175476613803,10.35175476613803
2018-02-20,73.1,69.64824523386197,3.4517547661380235,3.4517547661380235
2018-02-21,70.8,69.64824523386197,1.1517547661380263,1.1517547661380263
2018-02-22,44.0,71.81768042858366,-27.817680428583657,27.817680428583657
2018-02-23,63.2,71.81768042858366,-8.617680428583654,8.617680428583654
2018-02-24,74.2,71.81768042858366,2.382319571416346,2.382319571416346
2018-02-25,65.4,71.81768042858366,-6.417680428583651,6.417680428583651
2018-02-26,67.9,71.81768042858366,-3.917680428583651,3.917680428583651
2018-02-27,79.5,71.81768042858366,7.682319571416343,7.682319571416343
2018-02-28,81.4,71.81768042858366,9.582319571416349,9.582319571416349
2018-03-01,70.8,81.05375169186496,-10.253751691864963,10.253751691864963
2018-03-02,74.0,81.05375169186496,-7.05375169186496,7.05375169186496
2018-03-03,71.2,81.05375169186496,-9.853751691864957,9.853751691864957
2018-03-04,78.7,81.05375169186496,-2.3537516918649573,2.3537516918649573
2018-03-05,81.9,81.05375169186496,0.8462483081350456,0.8462483081350456
2018-03-06,73.0,81.05375169186496,-8.05375169186496,8.05375169186496
2018-03-07,66.5,81.05375169186496,-14.55375169186496,14.55375169186496
2018-03-08,70.0,68.23472980507667,1.7652701949233318,1.7652701949233318
2018-03-09,72.8,68.23472980507667,4.565270194923329,4.565270194923329
2018-03-10,88.7,68.23472980507667,20.465270194923335,20.465270194923335
2018-03-11,70.5,68.23472980507667,2.265270194923332,2.265270194923332
2018-03-12,66.4,68.23472980507667,-1.8347298050766625,1.8347298050766625
2018-03-13,70.3,68.23472980507667,2.065270194923329,2.065270194923329
2018-03-14,70.9,68.23472980507667,2.6652701949233375,2.6652701949233375
2018-03-15,74.4,71.62527913424023,2.7747208657597753,2.7747208657597753
2018-03-16,87.6,71.62527913424023,15.974720865759764,15.974720865759764
2018-03-17,83.4,71.62527913424023,11.774720865759775,11.774720865759775
2018-03-18,81.8,71.62527913424023,10.174720865759767,10.174720865759767
2018-03-19,80.9,71.62527913424023,9.274720865759775,9.274720865759775
2018-03-20,73.8,71.62527913424023,2.1747208657597668,2.1747208657597668
2018-03-21,76.3,71.62527913424023,4.674720865759767,4.674720865759767
2018-03-22,79.8,76.47545716507896,3.324542834921033,3.324542834921033
2018-03-23,79.9,76.47545716507896,3.4245428349210414,3.4245428349210414
2018-03-24,83.5,76.47545716507896,7.024542834921036,7.024542834921036
2018-03-25,76.5,76.47545716507896,0.024542834921035706,0.024542834921035706
2018-03-26,86.3,76.47545716507896,9.824542834921033,9.824542834921033
2018-03-27,80.5,76.47545716507896,4.024542834921036,4.024542834921036
2018-03-28,70.9,76.47545716507896,-5.575457165078959,5.575457165078959
2018-03-29,84.3,72.47392235699326,11.826077643006741,11.826077643006741
2018-03-30,73.0,72.47392235699326,0.5260776430067438,0.5260776430067438
2018-03-31,81.6,72.47392235699326,9.126077643006738,9.126077643006738
2018-04-01,81.2,72.47392235699326,8.726077643006747,8.726077643006747
2018-04-02,83.2,72.47392235699326,10.726077643006747,10.726077643006747
2018-04-03,80.7,72.47392235699326,8.226077643006747,8.226077643006747
2018-04-04,69.3,72.47392235699326,-3.173922356993259,3.173922356993259
2018-04-05,76.2,71.15149862335048,5.048501376649526,5.048501376649526
2018-04-06,83.8,71.15149862335048,12.64850137664952,12.64850137664952
2018-04-07,74.4,71.15149862335048,3.2485013766495285,3.2485013766495285
2018-04-08,64.7,71.15149862335048,-6.451498623350474,6.451498623350474
2018-04-09,65.0,71.15149862335048,-6.151498623350477,6.151498623350477
2018-04-10,75.2,71.15149862335048,4.048501376649526,4.048501376649526
2018-04-11,81.6,71.15149862335048,10.448501376649517,10.448501376649517
2018-04-12,84.7,80.88507546823934,3.814924531760667,3.814924531760667
2018-04-13,86.2,80.88507546823934,5.314924531760667,5.314924531760667
2018-04-14,71.3,80.88507546823934,-9.585075468239339,9.585075468239339
2018-04-15,76.6,80.88507546823934,-4.2850754682393415,4.2850754682393415
2018-04-16,82.7,80.88507546823934,1.814924531760667,1.814924531760667
2018-04-17,86.2,80.88507546823934,5.314924531760667,5.314924531760667
2018-04-18,82.3,80.88507546823934,1.4149245317606614,1.4149245317606614
2018-04-19,75.7,82.37325206548311,-6.673252065483112,6.673252065483112
2018-04-20,69.1,82.37325206548311,-13.27325206548312,13.27325206548312
2018-04-21,72.4,82.37325206548311,-9.97325206548311,9.97325206548311
2018-04-22,78.0,82.37325206548311,-4.373252065483115,4.373252065483115
2018-04-23,85.2,82.37325206548311,2.826747934516888,2.826747934516888
2018-04-24,86.2,82.37325206548311,3.826747934516888,3.826747934516888
2018-04-25,86.8,82.37325206548311,4.426747934516882,4.426747934516882
2018-04-26,77.5,86.1404889539237,-8.640488953923693,8.640488953923693
2018-04-27,78.7,86.1404889539237,-7.4404889539236905,7.4404889539236905
2018-04-28,83.6,86.1404889539237,-2.540488953923699,2.540488953923699
2018-04-29,81.7,86.1404889539237,-4.4404889539236905,4.4404889539236905
2018-04-30,78.3,86.1404889539237,-7.840488953923696,7.840488953923696
2018-05-01,79.9,86.1404889539237,-6.240488953923688,6.240488953923688
2018-05-02,87.2,86.1404889539237,1.0595110460763095,1.0595110460763095
2018-05-03,85.1,85.98621882767583,-0.8862188276758332,0.8862188276758332
2018-05-04,74.9,85.98621882767583,-11.086218827675822,11.086218827675822
2018-05-05,85.0,85.98621882767583,-0.9862188276758275,0.9862188276758275
2018-05-06,89.0,85.98621882767583,3.0137811723241725,3.0137811723241725
2018-05-07,90.6,85.98621882767583,4.613781172324167,4.613781172324167
2018-05-08,87.8,85.98621882767583,1.8137811723241697,1.8137811723241697
2018-05-09,87.8,85.98621882767583,1.8137811723241697,1.8137811723241697
2018-05-10,89.2,87.1276292371595,2.0723707628405066,2.0723707628405066
2018-05-11,89.7,87.1276292371595,2.5723707628405066,2.5723707628405066
2018-05-12,90.2,87.1276292371595,3.0723707628405066,3.0723707628405066
2018-05-13,90.9,87.1276292371595,3.7723707628405094,3.7723707628405094
2018-05-14,89.7,87.1276292371595,2.5723707628405066,2.5723707628405066
2018-05-15,89.1,87.1276292371595,1.972370762840498,1.972370762840498
2018-05-16,95.6,87.1276292371595,8.472370762840498,8.472370762840498
2018-05-17,96.0,93.7225119684342,2.2774880315657953,2.2774880315657953
2018-05-18,94.0,93.7225119684342,0.27748803156579527,0.27748803156579527
2018-05-19,92.4,93.7225119684342,-1.322511968434199,1.322511968434199
2018-05-20,81.6,93.7225119684342,-12.12251196843421,12.12251196843421
2018-05-21,84.6,93.7225119684342,-9.12251196843421,9.12251196843421
2018-05-22,87.4,93.7225119684342,-6.322511968434199,6.322511968434199
2018-05-23,89.1,93.7225119684342,-4.62251196843421,4.62251196843421
2018-05-24,91.6,88.14511470386662,3.4548852961333694,3.4548852961333694
2018-05-25,93.5,88.14511470386662,5.354885296133375,5.354885296133375
2018-05-26,97.4,88.14511470386662,9.25488529613338,9.25488529613338
2018-05-27,95.9,88.14511470386662,7.754885296133381,7.754885296133381
2018-05-28,94.5,88.14511470386662,6.354885296133375,6.354885296133375
2018-05-29,96.4,88.14511470386662,8.25488529613338,8.25488529613338
2018-05-30,96.0,88.14511470386662,7.854885296133375,7.854885296133375
2018-05-31,97.9,94.61198125639221,3.2880187436077932,3.2880187436077932
2018-06-01,97.9,94.61198125639221,3.2880187436077932,3.2880187436077932
2018-06-02,99.6,94.61198125639221,4.988018743607782,4.988018743607782
2018-06-03,97.8,94.61198125639221,3.1880187436077847,3.1880187436077847
2018-06-04,88.9,94.61198125639221,-5.711981256392207,5.711981256392207
2018-06-05,98.3,94.61198125639221,3.6880187436077847,3.6880187436077847
2018-06-06,98.0,94.61198125639221,3.3880187436077875,3.3880187436077875
2018-06-07,97.1,96.38555178079775,0.7144482192022394,0.7144482192022394
2018-06-08,95.2,96.38555178079775,-1.185551780797752,1.185551780797752
2018-06-09,93.6,96.38555178079775,-2.7855517807977606,2.7855517807977606
2018-06-10,98.4,96.38555178079775,2.014448219202251,2.014448219202251
2018-06-11,97.6,96.38555178079775,1.2144482192022394,1.2144482192022394
2018-06-12,97.9,96.38555178079775,1.5144482192022508,1.5144482192022508
2018-06-13,97.6,96.38555178079775,1.2144482192022394,1.2144482192022394
2018-06-14,96.4,96.0796921082311,0.3203078917689055,0.3203078917689055
2018-06-15,94.0,96.0796921082311,-2.0796921082311,2.0796921082311
2018-06-16,91.4,96.0796921082311,-4.6796921082310945,4.6796921082310945
2018-06-17,93.2,96.0796921082311,-2.8796921082310973,2.8796921082310973
2018-06-18,91.3,96.0796921082311,-4.779692108231103,4.779692108231103
2018-06-19,79.4,96.0796921082311,-16.679692108231094,16.679692108231094
2018-06-20,82.8,96.0796921082311,-13.279692108231103,13.279692108231103
2018-06-21,93.4,82.37182934875203,11.028170651247976,11.028170651247976
2018-06-22,99.0,82.37182934875203,16.62817065124797,16.62817065124797
2018-06-23,97.8,82.37182934875203,15.428170651247967,15.428170651247967
2018-06-24,99.3,82.37182934875203,16.928170651247967,16.928170651247967
2018-06-25,94.5,82.37182934875203,12.12817065124797,12.12817065124797
2018-06-26,98.4,82.37182934875203,16.028170651247976,16.028170651247976
2018-06-27,99.3,82.37182934875203,16.928170651247967,16.928170651247967
2018-06-28,99.3,97.51799042017515,1.7820095798248445,1.7820095798248445
2018-06-29,97.8,97.51799042017515,0.28200957982484454,0.28200957982484454
2018-06-30,99.5,97.51799042017515,1.9820095798248474,1.9820095798248474
2018-07-01,102.6,97.51799042017515,5.082009579824842,5.082009579824842
2018-07-02,100.6,97.51799042017515,3.0820095798248417,3.0820095798248417
2018-07-03,101.2,97.51799042017515,3.68200957982485,3.68200957982485
2018-07-04,94.5,97.51799042017515,-3.0179904201751526,3.0179904201751526
2018-07-05,93.3,93.75525123847493,-0.4552512384749292,0.4552512384749292
2018-07-06,95.7,93.75525123847493,1.9447487615250765,1.9447487615250765
2018-07-07,91.9,93.75525123847493,-1.8552512384749207,1.8552512384749207
2018-07-08,91.8,93.75525123847493,-1.9552512384749292,1.9552512384749292
2018-07-09,80.3,93.75525123847493,-13.45525123847493,13.45525123847493
2018-07-10,92.9,93.75525123847493,-0.8552512384749207,0.8552512384749207
2018-07-11,94.3,93.75525123847493,0.5447487615250708,0.5447487615250708
2018-07-12,96.0,92.86517940717648,3.134820592823516,3.134820592823516
2018-07-13,94.9,92.86517940717648,2.0348205928235217,2.0348205928235217
2018-07-14,96.3,92.86517940717648,3.434820592823513,3.434820592823513
2018-07-15,96.2,92.86517940717648,3.334820592823519,3.334820592823519
2018-07-16,98.0,92.86517940717648,5.134820592823516,5.134820592823516
2018-07-17,98.9,92.86517940717648,6.034820592823522,6.034820592823522
2018-07-18,101.6,92.86517940717648,8.73482059282351,8.73482059282351
2018-07-19,102.4,99.49967398162619,2.9003260183738178,2.9003260183738178
2018-07-20,102.8,99.49967398162619,3.3003260183738092,3.3003260183738092
2018-07-21,102.2,99.49967398162619,2.700326018373815,2.700326018373815
2018-07-22,104.6,99.49967398162619,5.100326018373806,5.100326018373806
2018-07-23,108.8,99.49967398162619,9.30032601837381,9.30032601837381
2018-07-24,100.6,99.49967398162619,1.1003260183738064,1.1003260183738064
2018-07-25,100.0,99.49967398162619,0.5003260183738121,0.5003260183738121
2018-07-26,100.3,98.36426410312868,1.9357358968713214,1.9357358968713214
2018-07-27,101.7,98.36426410312868,3.335735896871327,3.335735896871327
2018-07-28,100.0,98.36426410312868,1.6357358968713243,1.6357358968713243
2018-07-29,101.3,98.36426410312868,2.9357358968713214,2.9357358968713214
2018-07-30,99.9,98.36426410312868,1.53573589687133,1.53573589687133
2018-07-31,95.7,98.36426410312868,-2.664264103128673,2.664264103128673
2018-08-01,98.7,98.36426410312868,0.3357358968713271,0.3357358968713271
2018-08-02,98.3,96.87357896403898,1.4264210359610132,1.4264210359610132
2018-08-03,98.5,96.87357896403898,1.626421035961016,1.626421035961016
2018-08-04,96.3,96.87357896403898,-0.5735789640389868,0.5735789640389868
2018-08-05,96.8,96.87357896403898,-0.07357896403898678,0.07357896403898678
2018-08-06,94.8,96.87357896403898,-2.073578964038987,2.073578964038987
2018-08-07,98.5,96.87357896403898,1.626421035961016,1.626421035961016
2018-08-08,100.7,96.87357896403898,3.826421035961019,3.826421035961019
2018-08-09,99.3,98.71249654860178,0.58750345139822,0.58750345139822
2018-08-10,95.1,98.71249654860178,-3.612496548601783,3.612496548601783
2018-08-11,95.6,98.71249654860178,-3.112496548601783,3.112496548601783
2018-08-12,88.5,98.71249654860178,-10.212496548601777,10.212496548601777
2018-08-13,97.1,98.71249654860178,-1.6124965486017828,1.6124965486017828
2018-08-14,97.6,98.71249654860178,-1.1124965486017828,1.1124965486017828
2018-08-15,100.5,98.71249654860178,1.7875034513982229,1.7875034513982229
2018-08-16,100.8,98.49249423829927,2.3075057617007246,2.3075057617007246
2018-08-17,103.2,98.49249423829927,4.70750576170073,4.70750576170073
2018-08-18,102.5,98.49249423829927,4.0075057617007275,4.0075057617007275
2018-08-19,101.6,98.49249423829927,3.107505761700722,3.107505761700722
2018-08-20,100.9,98.49249423829927,2.407505761700733,2.407505761700733
2018-08-21,102.3,98.49249423829927,3.8075057617007246,3.8075057617007246
2018-08-22,102.4,98.49249423829927,3.907505761700733,3.907505761700733
2018-08-23,102.2,100.45414186692375,1.7458581330762541,1.7458581330762541
2018-08-24,101.5,100.45414186692375,1.0458581330762513,1.0458581330762513
2018-08-25,100.5,100.45414186692375,0.045858133076251306,0.045858133076251306
2018-08-26,99.7,100.45414186692375,-0.7541418669237459,0.7541418669237459
2018-08-27,99.9,100.45414186692375,-0.554141866923743,0.554141866923743
2018-08-28,100.9,100.45414186692375,0.445858133076257,0.445858133076257
2018-08-29,100.8,100.45414186692375,0.34585813307624846,0.34585813307624846
2018-08-30,96.7,99.01533096468658,-2.3153309646865807,2.3153309646865807
2018-08-31,99.6,99.01533096468658,0.5846690353134107,0.5846690353134107
2018-09-01,97.8,99.01533096468658,-1.2153309646865864,1.2153309646865864
2018-09-02,96.6,99.01533096468658,-2.4153309646865893,2.4153309646865893
2018-09-03,93.0,99.01533096468658,-6.015330964686584,6.015330964686584
2018-09-04,89.7,99.01533096468658,-9.31533096468658,9.31533096468658
2018-09-05,93.6,99.01533096468658,-5.415330964686589,5.415330964686589
2018-09-06,93.8,92.15383541104336,1.646164588956637,1.646164588956637
2018-09-07,87.9,92.15383541104336,-4.2538354110433545,4.2538354110433545
2018-09-08,89.1,92.15383541104336,-3.053835411043366,3.053835411043366
2018-09-09,78.3,92.15383541104336,-13.853835411043363,13.853835411043363
2018-09-10,76.0,92.15383541104336,-16.15383541104336,16.15383541104336
2018-09-11,82.3,92.15383541104336,-9.853835411043363,9.853835411043363
2018-09-12,86.8,92.15383541104336,-5.353835411043363,5.353835411043363
2018-09-13,89.7,85.82907040132423,3.8709295986757724,3.8709295986757724
2018-09-14,83.3,85.82907040132423,-2.5290704013242333,2.5290704013242333
2018-09-15,84.7,85.82907040132423,-1.1290704013242276,1.1290704013242276
2018-09-16,89.0,85.82907040132423,3.1709295986757695,3.1709295986757695
2018-09-17,90.5,85.82907040132423,4.6709295986757695,4.6709295986757695
2018-09-18,92.7,85.82907040132423,6.870929598675772,6.870929598675772
2018-09-19,92.7,85.82907040132423,6.870929598675772,6.870929598675772
2018-09-20,88.2,91.60111905591087,-3.4011190559108684,3.4011190559108684
2018-09-21,86.7,91.60111905591087,-4.901119055910868,4.901119055910868
2018-09-22,79.0,91.60111905591087,-12.601119055910871,12.601119055910871
2018-09-23,78.3,91.60111905591087,-13.301119055910874,13.301119055910874
2018-09-24,86.8,91.60111905591087,-4.801119055910874,4.801119055910874
2018-09-25,93.2,91.60111905591087,1.5988809440891316,1.5988809440891316
2018-09-26,86.4,91.60111905591087,-5.2011190559108655,5.2011190559108655
2018-09-27,79.9,86.35222893761002,-6.452228937610016,6.452228937610016
2018-09-28,83.1,86.35222893761002,-3.2522289376100275,3.2522289376100275
2018-09-29,77.5,86.35222893761002,-8.852228937610022,8.852228937610022
2018-09-30,86.6,86.35222893761002,0.24777106238997249,0.24777106238997249
2018-10-01,85.0,86.35222893761002,-1.3522289376100218,1.3522289376100218
2018-10-02,87.4,86.35222893761002,1.0477710623899839,1.0477710623899839
2018-10-03,90.6,86.35222893761002,4.2477710623899725,4.2477710623899725
2018-10-04,89.1,89.42946979551222,-0.32946979551222455,0.32946979551222455
2018-10-05,90.4,89.42946979551222,0.9705302044877868,0.9705302044877868
2018-10-06,86.4,89.42946979551222,-3.029469795512213,3.029469795512213
2018-10-07,86.4,89.42946979551222,-3.029469795512213,3.029469795512213
2018-10-08,82.3,89.42946979551222,-7.129469795512222,7.129469795512222
2018-10-09,80.3,89.42946979551222,-9.129469795512222,9.129469795512222
2018-10-10,79.4,89.42946979551222,-10.029469795512213,10.029469795512213
2018-10-11,73.8,79.5586955268738,-5.758695526873808,5.758695526873808
2018-10-12,84.6,79.5586955268738,5.041304473126189,5.041304473126189
2018-10-13,89.1,79.5586955268738,9.54130447312619,9.54130447312619
2018-10-14,89.1,79.5586955268738,9.54130447312619,9.54130447312619
2018-10-15,78.0,79.5586955268738,-1.5586955268738052,1.5586955268738052
2018-10-16,50.4,79.5586955268738,-29.158695526873807,29.158695526873807
2018-10-17,58.3,79.5586955268738,-21.258695526873808,21.258695526873808
2018-10-18,60.3,59.781064127965905,0.518935872034092,0.518935872034092
2018-10-19,64.4,59.781064127965905,4.6189358720341005,4.6189358720341005
2018-10-20,66.3,59.781064127965905,6.518935872034092,6.518935872034092
2018-10-21,73.0,59.781064127965905,13.218935872034095,13.218935872034095
2018-10-22,64.9,59.781064127965905,5.1189358720341005,5.1189358720341005
2018-10-23,68.5,59.781064127965905,8.718935872034095,8.718935872034095
2018-10-24,62.3,59.781064127965905,2.518935872034092,2.518935872034092
2018-10-25,66.7,64.32293143908213,2.377068560917877,2.377068560917877
2018-10-26,79.8,64.32293143908213,15.477068560917871,15.477068560917871
2018-10-27,85.1,64.32293143908213,20.77706856091787,20.77706856091787
2018-10-28,84.0,64.32293143908213,19.677068560917874,19.677068560917874
2018-10-29,82.9,64.32293143908213,18.57706856091788,18.57706856091788
2018-10-30,83.3,64.32293143908213,18.97706856091787,18.97706856091787
2018-10-31,82.4,64.32293143908213,18.07706856091788,18.07706856091788
2018-11-01,69.0,82.27640582671998,-13.27640582671998,13.27640582671998
2018-11-02,76.1,82.27640582671998,-6.176405826719986,6.176405826719986
2018-11-03,78.0,82.27640582671998,-4.27640582671998,4.27640582671998
2018-11-04,72.9,82.27640582671998,-9.376405826719974,9.376405826719974
2018-11-05,79.1,82.27640582671998,-3.1764058267199857,3.1764058267199857
2018-11-06,78.5,82.27640582671998,-3.77640582671998,3.77640582671998
2018-11-07,85.4,82.27640582671998,3.1235941732800256,3.1235941732800256
2018-11-08,63.0,84.40971892595755,-21.40971892595755,21.40971892595755
2018-11-09,59.2,84.40971892595755,-25.209718925957546,25.209718925957546
2018-11-10,52.7,84.40971892595755,-31.709718925957546,31.709718925957546
2018-11-11,54.2,84.40971892595755,-30.209718925957546,30.209718925957546
2018-11-12,49.8,84.40971892595755,-34.60971892595755,34.60971892595755
2018-11-13,46.8,84.40971892595755,-37.60971892595755,37.60971892595755
2018-11-14,55.1,84.40971892595755,-29.309718925957547,29.309718925957547
2018-11-15,64.0,56.659668152476556,7.340331847523444,7.340331847523444
2018-11-16,69.3,56.659668152476556,12.640331847523441,12.640331847523441
2018-11-17,74.1,56.659668152476556,17.44033184752344,17.44033184752344
2018-11-18,63.6,56.659668152476556,6.940331847523446,6.940331847523446
2018-11-19,52.9,56.659668152476556,-3.759668152476557,3.759668152476557
2018-11-20,62.0,56.659668152476556,5.340331847523444,5.340331847523444
2018-11-21,56.0,56.659668152476556,-0.6596681524765557,0.6596681524765557
2018-11-22,62.0,58.51552665360133,3.484473346398673,3.484473346398673
2018-11-23,78.3,58.51552665360133,19.78447334639867,19.78447334639867
2018-11-24,75.1,58.51552665360133,16.584473346398667,16.584473346398667
2018-11-25,67.3,58.51552665360133,8.78447334639867,8.78447334639867
2018-11-26,59.7,58.51552665360133,1.1844733463986756,1.1844733463986756
2018-11-27,64.0,58.51552665360133,5.484473346398673,5.484473346398673
2018-11-28,71.3,58.51552665360133,12.78447334639867,12.78447334639867
2018-11-29,74.8,71.49100345040895,3.3089965495910434,3.3089965495910434
2018-11-30,76.7,71.49100345040895,5.208996549591049,5.208996549591049
2018-12-01,77.4,71.49100345040895,5.908996549591052,5.908996549591052
2018-12-02,69.2,71.49100345040895,-2.291003450408951,2.291003450408951
2018-12-03,63.0,71.49100345040895,-8.491003450408954,8.491003450408954
2018-12-04,57.1,71.49100345040895,-14.391003450408952,14.391003450408952
2018-12-05,55.6,71.49100345040895,-15.891003450408952,15.891003450408952
2018-12-06,56.5,57.89669682076578,-1.3966968207657828,1.3966968207657828
2018-12-07,55.9,57.89669682076578,-1.9966968207657843,1.9966968207657843
2018-12-08,47.2,57.89669682076578,-10.69669682076578,10.69669682076578
2018-12-09,54.7,57.89669682076578,-3.19669682076578,3.19669682076578
2018-12-10,58.9,57.89669682076578,1.0033031792342157,1.0033031792342157
2018-12-11,61.4,57.89669682076578,3.5033031792342157,3.5033031792342157
2018-12-12,65.8,57.89669682076578,7.903303179234214,7.903303179234214
2018-12-13,68.7,66.69717782095928,2.00282217904072,2.00282217904072
2018-12-14,53.3,66.69717782095928,-13.397177820959286,13.397177820959286
2018-12-15,67.2,66.69717782095928,0.5028221790407201,0.5028221790407201
2018-12-16,63.9,66.69717782095928,-2.797177820959284,2.797177820959284
2018-12-17,70.3,66.69717782095928,3.6028221790407144,3.6028221790407144
2018-12-18,63.3,66.69717782095928,-3.3971778209592856,3.3971778209592856
2018-12-19,61.1,66.69717782095928,-5.597177820959281,5.597177820959281
2018-12-20,64.2,62.968180418329254,1.2318195816707487,1.2318195816707487
2018-12-21,65.8,62.968180418329254,2.831819581670743,2.831819581670743
2018-12-22,80.1,62.968180418329254,17.13181958167074,17.13181958167074
2018-12-23,62.8,62.968180418329254,-0.168180418329257,0.168180418329257
2018-12-24,61.1,62.968180418329254,-1.8681804183292527,1.8681804183292527
2018-12-25,73.7,62.968180418329254,10.731819581670749,10.731819581670749
2018-12-26,70.5,62.968180418329254,7.531819581670746,7.531819581670746
2018-12-27,69.2,71.50485857269172,-2.304858572691714,2.304858572691714
2018-12-28,54.6,71.50485857269172,-16.904858572691715,16.904858572691715
2018-12-29,46.9,71.50485857269172,-24.604858572691718,24.604858572691718
2018-12-30,42.3,71.50485857269172,-29.20485857269172,29.20485857269172
2018-12-31,62.3,71.50485857269172,-9.20485857269172,9.20485857269172
2019-01-01,45.1,71.50485857269172,-26.404858572691715,26.404858572691715
2019-01-02,40.3,71.50485857269172,-31.20485857269172,31.20485857269172
2019-01-03,51.8,44.23262713547706,7.5673728645229374,7.5673728645229374
2019-01-04,65.9,44.23262713547706,21.667372864522946,21.667372864522946
2019-01-05,73.7,44.23262713547706,29.467372864522943,29.467372864522943
2019-01-06,71.8,44.23262713547706,27.567372864522937,27.567372864522937
2019-01-07,75.8,44.23262713547706,31.567372864522937,31.567372864522937
2019-01-08,76.1,44.23262713547706,31.867372864522935,31.867372864522935
2019-01-09,61.8,44.23262713547706,17.567372864522937,17.567372864522937
2019-01-10,59.3,64.4985130405849,-5.198513040584899,5.198513040584899
2019-01-11,59.7,64.4985130405849,-4.7985130405848935,4.7985130405848935
2019-01-12,61.2,64.4985130405849,-3.2985130405848935,3.2985130405848935
2019-01-13,52.8,64.4985130405849,-11.6985130405849,11.6985130405849
2019-01-14,51.5,64.4985130405849,-12.998513040584896,12.998513040584896
2019-01-15,51.1,64.4985130405849,-13.398513040584895,13.398513040584895
2019-01-16,57.0,64.4985130405849,-7.498513040584896,7.498513040584896
2019-01-17,76.0,58.553903589417715,17.446096410582285,17.446096410582285
2019-01-18,65.5,58.553903589417715,6.946096410582285,6.946096410582285
2019-01-19,63.0,58.553903589417715,4.446096410582285,4.446096410582285
2019-01-20,53.7,58.553903589417715,-4.853903589417712,4.853903589417712
2019-01-21,66.0,58.553903589417715,7.446096410582285,7.446096410582285
2019-01-22,68.7,58.553903589417715,10.146096410582288,10.146096410582288
2019-01-23,55.9,58.553903589417715,-2.653903589417716,2.653903589417716
2019-01-24,63.1,58.97378593684324,4.126214063156759,4.126214063156759
2019-01-25,59.2,58.97378593684324,0.2262140631567604,0.2262140631567604
2019-01-26,63.0,58.97378593684324,4.026214063156758,4.026214063156758
2019-01-27,65.4,58.97378593684324,6.426214063156763,6.426214063156763
2019-01-28,70.9,58.97378593684324,11.926214063156763,11.926214063156763
2019-01-29,48.7,58.97378593684324,-10.27378593684324,10.27378593684324
2019-01-30,54.2,58.97378593684324,-4.77378593684324,4.77378593684324
2019-01-31,58.1,56.15945332426685,1.9405466757331524,1.9405466757331524
2019-02-01,65.5,56.15945332426685,9.340546675733151,9.340546675733151
2019-02-02,64.6,56.15945332426685,8.440546675733145,8.440546675733145
2019-02-03,75.7,56.15945332426685,19.540546675733154,19.540546675733154
2019-02-04,74.8,56.15945332426685,18.640546675733148,18.640546675733148
2019-02-05,77.2,56.15945332426685,21.040546675733154,21.040546675733154
2019-02-06,75.4,56.15945332426685,19.240546675733157,19.240546675733157
2019-02-07,72.2,75.92764468953068,-3.7276446895306776,3.7276446895306776
2019-02-08,39.0,75.92764468953068,-36.92764468953068,36.92764468953068
2019-02-09,40.8,75.92764468953068,-35.12764468953068,35.12764468953068
2019-02-10,47.1,75.92764468953068,-28.82764468953068,28.82764468953068
2019-02-11,62.3,75.92764468953068,-13.627644689530683,13.627644689530683
2019-02-12,64.8,75.92764468953068,-11.127644689530683,11.127644689530683
2019-02-13,63.9,75.92764468953068,-12.027644689530682,12.027644689530682
2019-02-14,73.3,65.35079261909911,7.949207380900887,7.949207380900887
2019-02-15,88.5,65.35079261909911,23.14920738090089,23.14920738090089
2019-02-16,61.9,65.35079261909911,-3.4507926190991114,3.4507926190991114
2019-02-17,62.4,65.35079261909911,-2.9507926190991114,2.9507926190991114
2019-02-18,59.4,65.35079261909911,-5.950792619099111,5.950792619099111
2019-02-19,45.2,65.35079261909911,-20.150792619099107,20.150792619099107
2019-02-20,63.9,65.35079261909911,-1.4507926190991114,1.4507926190991114
2019-02-21,55.2,63.9399943572786,-8.739994357278597,8.739994357278597
2019-02-22,58.4,63.9399943572786,-5.5399943572786015,5.5399943572786015
2019-02-23,74.7,63.9399943572786,10.760005642721403,10.760005642721403
2019-02-24,64.0,63.9399943572786,0.060005642721399965,0.060005642721399965
2019-02-25,66.9,63.9399943572786,2.9600056427214056,2.9600056427214056
2019-02-26,66.2,63.9399943572786,2.260005642721403,2.260005642721403
2019-02-27,76.8,63.9399943572786,12.860005642721397,12.860005642721397
2019-02-28,52.0,76.23771205798778,-24.23771205798778,24.23771205798778
2019-03-01,54.1,76.23771205798778,-22.137712057987777,22.137712057987777
2019-03-02,53.1,76.23771205798778,-23.137712057987777,23.137712057987777
2019-03-03,45.4,76.23771205798778,-30.83771205798778,30.83771205798778
2019-03-04,38.1,76.23771205798778,-38.13771205798778,38.13771205798778
2019-03-05,46.9,76.23771205798778,-29.33771205798778,29.33771205798778
2019-03-06,59.0,76.23771205798778,-17.23771205798778,17.23771205798778
2019-03-07,72.7,59.80173753007702,12.898262469922983,12.898262469922983
2019-03-08,82.7,59.80173753007702,22.898262469922983,22.898262469922983
2019-03-09,84.7,59.80173753007702,24.898262469922983,24.898262469922983
2019-03-10,77.5,59.80173753007702,17.69826246992298,17.69826246992298
2019-03-11,66.7,59.80173753007702,6.898262469922983,6.898262469922983
2019-03-12,77.5,59.80173753007702,17.69826246992298,17.69826246992298
2019-03-13,81.9,59.80173753007702,22.098262469922986,22.098262469922986
2019-03-14,74.7,81.3196940563944,-6.619694056394394,6.619694056394394
2019-03-15,59.2,81.3196940563944,-22.119694056394394,22.119694056394394
2019-03-16,60.7,81.3196940563944,-20.619694056394394,20.619694056394394
2019-03-17,67.3,81.3196940563944,-14.0196940563944,14.0196940563944
2019-03-18,70.5,81.3196940563944,-10.819694056394397,10.819694056394397
2019-03-19,70.7,81.3196940563944,-10.619694056394394,10.619694056394394
2019-03-20,75.5,81.3196940563944,-5.819694056394397,5.819694056394397
2019-03-21,78.3,75.51393197973265,2.7860680202673507,2.7860680202673507
2019-03-22,79.7,75.51393197973265,4.186068020267356,4.186068020267356
2019-03-23,73.9,75.51393197973265,-1.6139319797326408,1.6139319797326408
2019-03-24,82.0,75.51393197973265,6.4860680202673535,6.4860680202673535
2019-03-25,81.7,75.51393197973265,6.186068020267356,6.186068020267356
2019-03-26,78.0,75.51393197973265,2.4860680202673535,2.4860680202673535
2019-03-27,78.6,75.51393197973265,3.086068020267348,3.086068020267348
2019-03-28,79.5,78.69511972725502,0.8048802727449811,0.8048802727449811
2019-03-29,79.0,78.69511972725502,0.3048802727449811,0.3048802727449811
2019-03-30,70.3,78.69511972725502,-8.395119727255022,8.395119727255022
2019-03-31,58.3,78.69511972725502,-20.39511972725502,20.39511972725502
2019-04-01,62.3,78.69511972725502,-16.39511972725502,16.39511972725502
2019-04-02,73.2,78.69511972725502,-5.495119727255016,5.495119727255016
2019-04-03,69.3,78.69511972725502,-9.395119727255022,9.395119727255022
2019-04-04,91.0,70.46226648965627,20.537733510343728,20.537733510343728
2019-04-05,81.1,70.46226648965627,10.637733510343722,10.637733510343722
2019-04-06,72.6,70.46226648965627,2.137733510343722,2.137733510343722
2019-04-07,69.5,70.46226648965627,-0.9622664896562725,0.9622664896562725
2019-04-08,88.2,70.46226648965627,17.73773351034373,17.73773351034373
2019-04-09,88.9,70.46226648965627,18.437733510343733,18.437733510343733
2019-04-10,92.5,70.46226648965627,22.037733510343728,22.037733510343728
2019-04-11,82.6,91.09944647516687,-8.499446475166877,8.499446475166877
2019-04-12,78.5,91.09944647516687,-12.599446475166872,12.599446475166872
2019-04-13,69.0,91.09944647516687,-22.09944647516687,22.09944647516687
2019-04-14,74.5,91.09944647516687,-16.59944647516687,16.59944647516687
2019-04-15,80.7,91.09944647516687,-10.399446475166869,10.399446475166869
2019-04-16,81.2,91.09944647516687,-9.899446475166869,9.899446475166869
2019-04-17,82.9,91.09944647516687,-8.199446475166866,8.199446475166866
2019-04-18,75.0,82.50010315323439,-7.500103153234392,7.500103153234392
2019-04-19,75.7,82.50010315323439,-6.800103153234389,6.800103153234389
2019-04-20,82.3,82.50010315323439,-0.20010315323439443,0.20010315323439443
2019-04-21,83.7,82.50010315323439,1.1998968467656113,1.1998968467656113
2019-04-22,79.2,82.50010315323439,-3.3001031532343887,3.3001031532343887
2019-04-23,78.5,82.50010315323439,-4.000103153234392,4.000103153234392
2019-04-24,70.2,82.50010315323439,-12.300103153234389,12.300103153234389
2019-04-25,87.0,71.70562226666965,15.29437773333035,15.29437773333035
2019-04-26,82.5,71.70562226666965,10.79437773333035,10.79437773333035
2019-04-27,84.3,71.70562226666965,12.594377733330347,12.594377733330347
2019-04-28,84.7,71.70562226666965,12.994377733330353,12.994377733330353
2019-04-29,82.6,71.70562226666965,10.894377733330344,10.894377733330344
2019-04-30,82.8,71.70562226666965,11.094377733330347,11.094377733330347
2019-05-01,82.0,71.70562226666965,10.29437773333035,10.29437773333035
2019-05-02,78.7,81.879857674621,-3.1798576746209903,3.1798576746209903
2019-05-03,80.7,81.879857674621,-1.1798576746209903,1.1798576746209903
2019-05-04,81.5,81.879857674621,-0.3798576746209932,0.3798576746209932
2019-05-05,84.9,81.879857674621,3.0201423253790125,3.0201423253790125
2019-05-06,75.8,81.879857674621,-6.079857674620996,6.079857674620996
2019-05-07,86.3,81.879857674621,4.420142325379004,4.420142325379004
2019-05-08,78.0,81.879857674621,-3.879857674620993,3.879857674620993
2019-05-09,86.7,78.75737827052718,7.942621729472819,7.942621729472819
2019-05-10,67.0,78.75737827052718,-11.757378270527184,11.757378270527184
2019-05-11,65.4,78.75737827052718,-13.357378270527178,13.357378270527178
2019-05-12,78.8,78.75737827052718,0.042621729472813286,0.042621729472813286
2019-05-13,83.1,78.75737827052718,4.34262172947281,4.34262172947281
2019-05-14,80.6,78.75737827052718,1.8426217294728104,1.8426217294728104
2019-05-15,85.3,78.75737827052718,6.542621729472813,6.542621729472813
2019-05-16,86.4,84.46817539625347,1.9318246037465343,1.9318246037465343
2019-05-17,88.6,84.46817539625347,4.131824603746523,4.131824603746523
2019-05-18,85.5,84.46817539625347,1.0318246037465286,1.0318246037465286
2019-05-19,91.0,84.46817539625347,6.531824603746529,6.531824603746529
2019-05-20,89.5,84.46817539625347,5.031824603746529,5.031824603746529
2019-05-21,87.0,84.46817539625347,2.5318246037465286,2.5318246037465286
2019-05-22,90.4,84.46817539625347,5.931824603746534,5.931824603746534
2019-05-23,91.9,89.22533575076574,2.6746642492342687,2.6746642492342687
2019-05-24,89.6,89.22533575076574,0.37466424923425734,0.37466424923425734
2019-05-25,89.9,89.22533575076574,0.6746642492342687,0.6746642492342687
2019-05-26,89.9,89.22533575076574,0.6746642492342687,0.6746642492342687
2019-05-27,88.9,89.22533575076574,-0.3253357507657313,0.3253357507657313
2019-05-28,86.7,89.22533575076574,-2.525335750765734,2.525335750765734
2019-05-29,90.4,89.22533575076574,1.1746642492342687,1.1746642492342687
2019-05-30,84.4,89.20031619342632,-4.800316193426312,4.800316193426312
2019-05-31,89.8,89.20031619342632,0.5996838065736796,0.5996838065736796
2019-06-01,91.0,89.20031619342632,1.7996838065736824,1.7996838065736824
2019-06-02,92.4,89.20031619342632,3.199683806573688,3.199683806573688
2019-06-03,92.1,89.20031619342632,2.8996838065736767,2.8996838065736767
2019-06-04,83.4,89.20031619342632,-5.800316193426312,5.800316193426312
2019-06-05,89.5,89.20031619342632,0.29968380657368243,0.29968380657368243
2019-06-06,89.7,88.23297581781327,1.4670241821867336,1.4670241821867336
2019-06-07,94.0,88.23297581781327,5.767024182186731,5.767024182186731
2019-06-08,96.2,88.23297581781327,7.967024182186734,7.967024182186734
2019-06-09,97.0,88.23297581781327,8.76702418218673,8.76702418218673
2019-06-10,87.2,88.23297581781327,-1.0329758178132664,1.0329758178132664
2019-06-11,78.9,88.23297581781327,-9.332975817813264,9.332975817813264
2019-06-12,89.3,88.23297581781327,1.067024182186728,1.067024182186728
2019-06-13,90.0,87.71237640449786,2.28762359550214,2.28762359550214
2019-06-14,90.8,87.71237640449786,3.087623595502137,3.087623595502137
2019-06-15,94.1,87.71237640449786,6.387623595502134,6.387623595502134
2019-06-16,95.2,87.71237640449786,7.487623595502143,7.487623595502143
2019-06-17,88.2,87.71237640449786,0.48762359550214285,0.48762359550214285
2019-06-18,93.5,87.71237640449786,5.78762359550214,5.78762359550214
2019-06-19,96.7,87.71237640449786,8.987623595502143,8.987623595502143
2019-06-20,96.0,94.9381625797452,1.061837420254804,1.061837420254804
2019-06-21,94.9,94.9381625797452,-0.03816257974519033,0.03816257974519033
2019-06-22,91.6,94.9381625797452,-3.3381625797452017,3.3381625797452017
2019-06-23,94.9,94.9381625797452,-0.03816257974519033,0.03816257974519033
2019-06-24,83.8,94.9381625797452,-11.138162579745199,11.138162579745199
2019-06-25,92.1,94.9381625797452,-2.8381625797452017,2.8381625797452017
2019-06-26,89.5,94.9381625797452,-5.438162579745196,5.438162579745196
2019-06-27,93.7,88.81754480257949,4.882455197420512,4.882455197420512
2019-06-28,92.8,88.81754480257949,3.9824551974205065,3.9824551974205065
2019-06-29,93.7,88.81754480257949,4.882455197420512,4.882455197420512
2019-06-30,85.3,88.81754480257949,-3.5175448025794935,3.5175448025794935
2019-07-01,91.7,88.81754480257949,2.882455197420512,2.882455197420512
2019-07-02,93.0,88.81754480257949,4.182455197420509,4.182455197420509
2019-07-03,89.9,88.81754480257949,1.082455197420515,1.082455197420515
2019-07-04,91.9,89.26328535290516,2.6367146470948484,2.6367146470948484
2019-07-05,95.6,89.26328535290516,6.336714647094837,6.336714647094837
2019-07-06,93.3,89.26328535290516,4.03671464709484,4.03671464709484
2019-07-07,94.9,89.26328535290516,5.636714647094848,5.636714647094848
2019-07-08,95.4,89.26328535290516,6.136714647094848,6.136714647094848
2019-07-09,95.3,89.26328535290516,6.03671464709484,6.03671464709484
2019-07-10,96.6,89.26328535290516,7.336714647094837,7.336714647094837
2019-07-11,97.0,95.03534918050886,1.9646508194911405,1.9646508194911405
2019-07-12,96.4,95.03534918050886,1.3646508194911462,1.3646508194911462
2019-07-13,96.3,95.03534918050886,1.2646508194911377,1.2646508194911377
2019-07-14,97.4,95.03534918050886,2.364650819491146,2.364650819491146
2019-07-15,95.2,95.03534918050886,0.16465081949114335,0.16465081949114335
2019-07-16,97.9,95.03534918050886,2.864650819491146,2.864650819491146
2019-07-17,99.4,95.03534918050886,4.364650819491146,4.364650819491146
2019-07-18,98.3,97.55816341629867,0.7418365837013283,0.7418365837013283
2019-07-19,98.2,97.55816341629867,0.641836583701334,0.641836583701334
2019-07-20,98.2,97.55816341629867,0.641836583701334,0.641836583701334
2019-07-21,98.2,97.55816341629867,0.641836583701334,0.641836583701334
2019-07-22,97.7,97.55816341629867,0.141836583701334,0.141836583701334
2019-07-23,93.2,97.55816341629867,-4.358163416298666,4.358163416298666
2019-07-24,90.5,97.55816341629867,-7.058163416298669,7.058163416298669
2019-07-25,90.2,89.82993231998586,0.37006768001414514,0.37006768001414514
2019-07-26,91.2,89.82993231998586,1.3700676800141451,1.3700676800141451
2019-07-27,95.0,89.82993231998586,5.170067680014142,5.170067680014142
2019-07-28,99.8,89.82993231998586,9.97006768001414,9.97006768001414
2019-07-29,98.1,89.82993231998586,8.270067680014137,8.270067680014137
2019-07-30,100.5,89.82993231998586,10.670067680014142,10.670067680014142
2019-07-31,101.1,89.82993231998586,11.270067680014137,11.270067680014137
2019-08-01,97.5,99.18898008270156,-1.688980082701562,1.688980082701562
2019-08-02,98.9,99.18898008270156,-0.2889800827015563,0.2889800827015563
2019-08-03,94.2,99.18898008270156,-4.988980082701559,4.988980082701559
2019-08-04,93.8,99.18898008270156,-5.388980082701565,5.388980082701565
2019-08-05,98.9,99.18898008270156,-0.2889800827015563,0.2889800827015563
2019-08-06,99.1,99.18898008270156,-0.08898008270156765,0.08898008270156765
2019-08-07,100.0,99.18898008270156,0.811019917298438,0.811019917298438
2019-08-08,101.7,98.17576258606428,3.5242374139357224,3.5242374139357224
2019-08-09,102.8,98.17576258606428,4.624237413935717,4.624237413935717
2019-08-10,101.7,98.17576258606428,3.5242374139357224,3.5242374139357224
2019-08-11,102.7,98.17576258606428,4.524237413935722,4.524237413935722
2019-08-12,102.9,98.17576258606428,4.724237413935725,4.724237413935725
2019-08-13,102.3,98.17576258606428,4.124237413935717,4.124237413935717
2019-08-14,100.9,98.17576258606428,2.7242374139357253,2.7242374139357253
2019-08-15,98.9,99.19647195627417,-0.2964719562741607,0.2964719562741607
2019-08-16,101.5,99.19647195627417,2.3035280437258336,2.3035280437258336
2019-08-17,101.5,99.19647195627417,2.3035280437258336,2.3035280437258336
2019-08-18,102.2,99.19647195627417,3.0035280437258365,3.0035280437258365
2019-08-19,100.9,99.19647195627417,1.7035280437258393,1.7035280437258393
2019-08-20,100.8,99.19647195627417,1.6035280437258308,1.6035280437258308
2019-08-21,99.4,99.19647195627417,0.20352804372583932,0.20352804372583932
2019-08-22,98.2,97.8291795095907,0.3708204904093009,0.3708204904093009
2019-08-23,98.8,97.8291795095907,0.9708204904092952,0.9708204904092952
2019-08-24,95.7,97.8291795095907,-2.129179509590699,2.129179509590699
2019-08-25,99.8,97.8291795095907,1.9708204904092952,1.9708204904092952
2019-08-26,101.2,97.8291795095907,3.370820490409301,3.370820490409301
2019-08-27,92.5,97.8291795095907,-5.329179509590702,5.329179509590702
2019-08-28,97.5,97.8291795095907,-0.32917950959070197,0.32917950959070197
2019-08-29,100.5,95.6385638706532,4.861436129346799,4.861436129346799
2019-08-30,98.5,95.6385638706532,2.8614361293467994,2.8614361293467994
2019-08-31,97.9,95.6385638706532,2.261436129346805,2.261436129346805
2019-09-01,96.1,95.6385638706532,0.4614361293467937,0.4614361293467937
2019-09-02,98.9,95.6385638706532,3.261436129346805,3.261436129346805
2019-09-03,98.7,95.6385638706532,3.061436129346802,3.061436129346802
2019-09-04,98.5,95.6385638706532,2.8614361293467994,2.8614361293467994
2019-09-05,101.3,96.91523621264166,4.384763787358338,4.384763787358338
2019-09-06,101.3,96.91523621264166,4.384763787358338,4.384763787358338
2019-09-07,100.1,96.91523621264166,3.184763787358335,3.184763787358335
2019-09-08,100.6,96.91523621264166,3.684763787358335,3.684763787358335
2019-09-09,99.1,96.91523621264166,2.184763787358335,2.184763787358335
2019-09-10,97.2,96.91523621264166,0.28476378735834373,0.28476378735834373
2019-09-11,94.6,96.91523621264166,-2.315236212641665,2.315236212641665
2019-09-12,97.6,93.56762506053104,4.032374939468951,4.032374939468951
2019-09-13,97.0,93.56762506053104,3.432374939468957,3.432374939468957
2019-09-14,98.4,93.56762506053104,4.832374939468963,4.832374939468963
2019-09-15,96.7,93.56762506053104,3.13237493946896,3.13237493946896
2019-09-16,97.8,93.56762506053104,4.232374939468954,4.232374939468954
2019-09-17,89.6,93.56762506053104,-3.9676250605310486,3.9676250605310486
2019-09-18,100.2,93.56762506053104,6.63237493946896,6.63237493946896
2019-09-19,96.7,97.64956447058394,-0.9495644705839368,0.9495644705839368
2019-09-20,97.8,97.64956447058394,0.15043552941605753,0.15043552941605753
2019-09-21,96.6,97.64956447058394,-1.0495644705839453,1.0495644705839453
2019-09-22,99.1,97.64956447058394,1.4504355294160547,1.4504355294160547
2019-09-23,96.6,97.64956447058394,-1.0495644705839453,1.0495644705839453
2019-09-24,95.5,97.64956447058394,-2.1495644705839396,2.1495644705839396
2019-09-25,97.4,97.64956447058394,-0.24956447058393394,0.24956447058393394
2019-09-26,96.5,95.75766685160166,0.7423331483983446,0.7423331483983446
2019-09-27,97.1,95.75766685160166,1.342333148398339,1.342333148398339
2019-09-28,93.1,95.75766685160166,-2.657666851601661,2.657666851601661
2019-09-29,96.2,95.75766685160166,0.4423331483983475,0.4423331483983475
2019-09-30,96.6,95.75766685160166,0.842333148398339,0.842333148398339
2019-10-01,97.4,95.75766685160166,1.6423331483983503,1.6423331483983503
2019-10-02,95.8,95.75766685160166,0.04233314839834179,0.04233314839834179
2019-10-03,96.0,94.57022940673008,1.4297705932699216,1.4297705932699216
2019-10-04,93.1,94.57022940673008,-1.470229406730084,1.470229406730084
2019-10-05,94.8,94.57022940673008,0.22977059326991878,0.22977059326991878
2019-10-06,97.4,94.57022940673008,2.8297705932699273,2.8297705932699273
2019-10-07,83.4,94.57022940673008,-11.170229406730073,11.170229406730073
2019-10-08,85.5,94.57022940673008,-9.070229406730078,9.070229406730078
2019-10-09,95.5,94.57022940673008,0.9297705932699216,0.9297705932699216
2019-10-10,97.7,93.34105116758143,4.358948832418577,4.358948832418577
2019-10-11,80.8,93.34105116758143,-12.54105116758143,12.54105116758143
2019-10-12,63.1,93.34105116758143,-30.241051167581425,30.241051167581425
2019-10-13,80.5,93.34105116758143,-12.841051167581426,12.841051167581426
2019-10-14,88.6,93.34105116758143,-4.741051167581432,4.741051167581432
2019-10-15,94.8,93.34105116758143,1.4589488324185709,1.4589488324185709
2019-10-16,74.9,93.34105116758143,-18.44105116758142,18.44105116758142
2019-10-17,75.6,76.93660444305762,-1.3366044430576238,1.3366044430576238
2019-10-18,83.1,76.93660444305762,6.163395556942376,6.163395556942376
2019-10-19,95.3,76.93660444305762,18.36339555694238,18.36339555694238
2019-10-20,94.3,76.93660444305762,17.36339555694238,17.36339555694238
2019-10-21,80.5,76.93660444305762,3.563395556942382,3.563395556942382
2019-10-22,82.0,76.93660444305762,5.063395556942382,5.063395556942382
2019-10-23,86.7,76.93660444305762,9.763395556942385,9.763395556942385
2019-10-24,84.0,85.7477319986826,-1.747731998682596,1.747731998682596
2019-10-25,58.0,85.7477319986826,-27.747731998682596,27.747731998682596
2019-10-26,73.2,85.7477319986826,-12.547731998682593,12.547731998682593
2019-10-27,81.5,85.7477319986826,-4.247731998682596,4.247731998682596
2019-10-28,80.5,85.7477319986826,-5.247731998682596,5.247731998682596
2019-10-29,62.8,85.7477319986826,-22.9477319986826,22.9477319986826
2019-10-30,50.2,85.7477319986826,-35.54773199868259,35.54773199868259
2019-10-31,56.5,53.963919399760506,2.5360806002394938,2.5360806002394938
2019-11-01,62.7,53.963919399760506,8.736080600239497,8.736080600239497
2019-11-02,69.4,53.963919399760506,15.4360806002395,15.4360806002395
2019-11-03,73.0,53.963919399760506,19.036080600239494,19.036080600239494
2019-11-04,82.9,53.963919399760506,28.9360806002395,28.9360806002395
2019-11-05,82.4,53.963919399760506,28.4360806002395,28.4360806002395
2019-11-06,83.0,53.963919399760506,29.036080600239494,29.036080600239494
2019-11-07,66.9,82.70140753505048,-15.801407535050473,15.801407535050473
2019-11-08,50.0,82.70140753505048,-32.70140753505048,32.70140753505048
2019-11-09,69.3,82.70140753505048,-13.401407535050481,13.401407535050481
2019-11-10,74.9,82.70140753505048,-7.801407535050473,7.801407535050473
2019-11-11,73.3,82.70140753505048,-9.401407535050481,9.401407535050481
2019-11-12,45.9,82.70140753505048,-36.80140753505048,36.80140753505048
2019-11-13,42.0,82.70140753505048,-40.70140753505048,40.70140753505048
2019-11-14,44.8,45.83942725609618,-1.0394272560961824,1.0394272560961824
2019-11-15,63.4,45.83942725609618,17.56057274390382,17.56057274390382
2019-11-16,65.1,45.83942725609618,19.260572743903815,19.260572743903815
2019-11-17,70.1,45.83942725609618,24.260572743903815,24.260572743903815
2019-11-18,74.1,45.83942725609618,28.260572743903815,28.260572743903815
2019-11-19,79.9,45.83942725609618,34.060572743903826,34.060572743903826
2019-11-20,82.5,45.83942725609618,36.66057274390382,36.66057274390382
2019-11-21,79.0,82.05035017497099,-3.050350174970987,3.050350174970987
2019-11-22,71.5,82.05035017497099,-10.550350174970987,10.550350174970987
2019-11-23,70.2,82.05035017497099,-11.850350174970984,11.850350174970984
2019-11-24,74.5,82.05035017497099,-7.550350174970987,7.550350174970987
2019-11-25,85.9,82.05035017497099,3.8496498250290188,3.8496498250290188
2019-11-26,73.9,82.05035017497099,-8.150350174970981,8.150350174970981
2019-11-27,68.3,82.05035017497099,-13.75035017497099,13.75035017497099
2019-11-28,55.2,69.85112232323932,-14.65112232323932,14.65112232323932
2019-11-29,73.6,69.85112232323932,3.748877676760671,3.748877676760671
2019-11-30,87.0,69.85112232323932,17.148877676760677,17.148877676760677
2019-12-01,65.7,69.85112232323932,-4.151122323239321,4.151122323239321
2019-12-02,65.5,69.85112232323932,-4.3511223232393235,4.3511223232393235
2019-12-03,74.4,69.85112232323932,4.548877676760682,4.548877676760682
2019-12-04,74.5,69.85112232323932,4.6488776767606765,4.6488776767606765
2019-12-05,73.7,74.93239170812038,-1.2323917081203746,1.2323917081203746
2019-12-06,73.9,74.93239170812038,-1.0323917081203717,1.0323917081203717
2019-12-07,68.3,74.93239170812038,-6.63239170812038,6.63239170812038
2019-12-08,74.5,74.93239170812038,-0.4323917081203774,0.4323917081203774
2019-12-09,80.7,74.93239170812038,5.767608291879625,5.767608291879625
2019-12-10,56.9,74.93239170812038,-18.03239170812038,18.03239170812038
2019-12-11,56.2,74.93239170812038,-18.732391708120375,18.732391708120375
2019-12-12,61.9,58.52551249925611,3.3744875007438893,3.3744875007438893
2019-12-13,77.3,58.52551249925611,18.774487500743888,18.774487500743888
2019-12-14,77.2,58.52551249925611,18.674487500743894,18.674487500743894
2019-12-15,80.9,58.52551249925611,22.374487500743896,22.374487500743896
2019-12-16,70.0,58.52551249925611,11.47448750074389,11.47448750074389
2019-12-17,55.0,58.52551249925611,-3.5255124992561093,3.5255124992561093
2019-12-18,59.7,58.52551249925611,1.1744875007438935,1.1744875007438935
2019-12-19,60.7,61.249827110730465,-0.5498271107304618,0.5498271107304618
2019-12-20,52.0,61.249827110730465,-9.249827110730465,9.249827110730465
2019-12-21,60.5,61.249827110730465,-0.7498271107304646,0.7498271107304646
2019-12-22,59.6,61.249827110730465,-1.6498271107304632,1.6498271107304632
2019-12-23,70.2,61.249827110730465,8.950172889269538,8.950172889269538
2019-12-24,71.6,61.249827110730465,10.35017288926953,10.35017288926953
2019-12-25,69.6,61.249827110730465,8.35017288926953,8.35017288926953
2019-12-26,67.1,70.6708480897917,-3.57084808979171,3.57084808979171
2019-12-27,67.2,70.6708480897917,-3.4708480897917013,3.4708480897917013
2019-12-28,71.6,70.6708480897917,0.9291519102082901,0.9291519102082901
2019-12-29,66.0,70.6708480897917,-4.670848089791704,4.670848089791704
2019-12-30,61.2,70.6708480897917,-9.470848089791701,9.470848089791701
2019-12-31,61.6,70.6708480897917,-9.070848089791703,9.070848089791703
2020-01-01,56.8,70.6708480897917,-13.870848089791707,13.870848089791707
2020-01-02,60.3,59.23289899781868,1.0671010021813174,1.0671010021813174
2020-01-03,64.4,59.23289899781868,5.167101002181326,5.167101002181326
2020-01-04,71.6,59.23289899781868,12.367101002181315,12.367101002181315
2020-01-05,74.6,59.23289899781868,15.367101002181315,15.367101002181315
2020-01-06,74.8,59.23289899781868,15.567101002181317,15.567101002181317
2020-01-07,67.5,59.23289899781868,8.26710100218132,8.26710100218132
2020-01-08,70.2,59.23289899781868,10.967101002181323,10.967101002181323
2020-01-09,77.2,70.91421746047787,6.285782539522131,6.285782539522131
2020-01-10,77.6,70.91421746047787,6.685782539522123,6.685782539522123
2020-01-11,58.8,70.91421746047787,-12.114217460477875,12.114217460477875
2020-01-12,61.5,70.91421746047787,-9.414217460477872,9.414217460477872
2020-01-13,60.3,70.91421746047787,-10.614217460477875,10.614217460477875
2020-01-14,75.7,70.91421746047787,4.785782539522131,4.785782539522131
2020-01-15,81.1,70.91421746047787,10.185782539522123,10.185782539522123
2020-01-16,70.7,80.4950670815014,-9.7950670815014,9.7950670815014
2020-01-17,58.4,80.4950670815014,-22.095067081501405,22.095067081501405
2020-01-18,69.4,80.4950670815014,-11.095067081501398,11.095067081501398
2020-01-19,57.5,80.4950670815014,-22.995067081501404,22.995067081501404
2020-01-20,60.7,80.4950670815014,-19.7950670815014,19.7950670815014
2020-01-21,61.4,80.4950670815014,-19.095067081501405,19.095067081501405
2020-01-22,58.1,80.4950670815014,-22.395067081501402,22.395067081501402
2020-01-23,66.3,60.29557834472052,6.004421655279479,6.004421655279479
2020-01-24,67.4,60.29557834472052,7.104421655279488,7.104421655279488
2020-01-25,66.6,60.29557834472052,6.3044216552794765,6.3044216552794765
2020-01-26,77.7,60.29557834472052,17.404421655279485,17.404421655279485
2020-01-27,69.0,60.29557834472052,8.704421655279482,8.704421655279482
2020-01-28,72.5,60.29557834472052,12.204421655279482,12.204421655279482
2020-01-29,62.0,60.29557834472052,1.7044216552794822,1.7044216552794822
2020-01-30,49.1,64.40334250061902,-15.303342500619017,15.303342500619017
2020-01-31,61.6,64.40334250061902,-2.803342500619017,2.803342500619017
2020-02-01,73.1,64.40334250061902,8.696657499380976,8.696657499380976
2020-02-02,79.1,64.40334250061902,14.696657499380976,14.696657499380976
2020-02-03,72.2,64.40334250061902,7.796657499380984,7.796657499380984
2020-02-04,78.4,64.40334250061902,13.996657499380987,13.996657499380987
2020-02-05,46.6,64.40334250061902,-17.803342500619017,17.803342500619017
2020-02-06,54.2,52.02137376321464,2.1786262367853624,2.1786262367853624
2020-02-07,74.9,52.02137376321464,22.878626236785365,22.878626236785365
2020-02-08,69.1,52.02137376321464,17.078626236785354,17.078626236785354
2020-02-09,72.2,52.02137376321464,20.178626236785362,20.178626236785362
2020-02-10,71.1,52.02137376321464,19.078626236785354,19.078626236785354
2020-02-11,47.7,52.02137376321464,-4.321373763214638,4.321373763214638
2020-02-12,56.4,52.02137376321464,4.378626236785358,4.378626236785358
2020-02-13,53.5,57.971896691579644,-4.471896691579644,4.471896691579644
2020-02-14,58.6,57.971896691579644,0.6281033084203571,0.6281033084203571
2020-02-15,64.3,57.971896691579644,6.328103308420353,6.328103308420353
2020-02-16,76.6,57.971896691579644,18.62810330842035,18.62810330842035
2020-02-17,79.5,57.971896691579644,21.528103308420356,21.528103308420356
2020-02-18,71.3,57.971896691579644,13.328103308420353,13.328103308420353
2020-02-19,51.0,57.971896691579644,-6.971896691579644,6.971896691579644
2020-02-20,51.7,55.21898157228223,-3.518981572282229,3.518981572282229
2020-02-21,54.6,55.21898157228223,-0.6189815722822303,0.6189815722822303
2020-02-22,63.7,55.21898157228223,8.481018427717771,8.481018427717771
2020-02-23,69.2,55.21898157228223,13.981018427717771,13.981018427717771
2020-02-24,70.0,55.21898157228223,14.781018427717768,14.781018427717768
2020-02-25,66.7,55.21898157228223,11.481018427717771,11.481018427717771
2020-02-26,55.0,55.21898157228223,-0.2189815722822317,0.2189815722822317
2020-02-27,63.6,58.15113844004713,5.448861559952874,5.448861559952874
2020-02-28,73.7,58.15113844004713,15.548861559952876,15.548861559952876
2020-02-29,74.6,58.15113844004713,16.448861559952867,16.448861559952867
2020-03-01,76.9,58.15113844004713,18.74886155995288,18.74886155995288
2020-03-02,77.7,58.15113844004713,19.548861559952876,19.548861559952876
2020-03-03,74.2,58.15113844004713,16.048861559952876,16.048861559952876
2020-03-04,68.7,58.15113844004713,10.548861559952876,10.548861559952876
2020-03-05,75.2,70.1536475162884,5.046352483711601,5.046352483711601
2020-03-06,70.5,70.1536475162884,0.3463524837115983,0.3463524837115983
2020-03-07,62.7,70.1536475162884,-7.453647516288399,7.453647516288399
2020-03-08,74.3,70.1536475162884,4.1463524837115955,4.1463524837115955
2020-03-09,67.3,70.1536475162884,-2.8536475162884045,2.8536475162884045
2020-03-10,80.0,70.1536475162884,9.846352483711598,9.846352483711598
2020-03-11,83.3,70.1536475162884,13.146352483711595,13.146352483711595
2020-03-12,85.8,82.66797176920801,3.132028230791988,3.132028230791988
2020-03-13,82.2,82.66797176920801,-0.4679717692080061,0.4679717692080061
2020-03-14,83.6,82.66797176920801,0.9320282307919854,0.9320282307919854
2020-03-15,72.4,82.66797176920801,-10.267971769208003,10.267971769208003
2020-03-16,73.7,82.66797176920801,-8.967971769208006,8.967971769208006
2020-03-17,80.7,82.66797176920801,-1.967971769208006,1.967971769208006
2020-03-18,82.7,82.66797176920801,0.032028230791993906,0.032028230791993906
2020-03-19,82.1,82.25685847564368,-0.1568584756436877,0.1568584756436877
2020-03-20,73.0,82.25685847564368,-9.256858475643682,9.256858475643682
2020-03-21,54.2,82.25685847564368,-28.05685847564368,28.05685847564368
2020-03-22,66.8,82.25685847564368,-15.456858475643685,15.456858475643685
2020-03-23,82.5,82.25685847564368,0.24314152435631797,0.24314152435631797
2020-03-24,90.8,82.25685847564368,8.543141524356315,8.543141524356315
2020-03-25,89.4,82.25685847564368,7.143141524356324,7.143141524356324
2020-03-26,87.1,88.60227888259764,-1.5022788825976505,1.5022788825976505
2020-03-27,88.7,88.60227888259764,0.097721117402358,0.097721117402358
2020-03-28,79.2,88.60227888259764,-9.402278882597642,9.402278882597642
2020-03-29,78.2,88.60227888259764,-10.402278882597642,10.402278882597642
2020-03-30,70.2,88.60227888259764,-18.402278882597642,18.402278882597642
2020-03-31,73.0,88.60227888259764,-15.602278882597645,15.602278882597645
2020-04-01,77.5,88.60227888259764,-11.102278882597645,11.102278882597645
2020-04-02,70.4,77.36860197072848,-6.968601970728471,6.968601970728471
2020-04-03,74.0,77.36860197072848,-3.368601970728477,3.368601970728477
2020-04-04,52.2,77.36860197072848,-25.168601970728474,25.168601970728474
2020-04-05,66.7,77.36860197072848,-10.668601970728474,10.668601970728474
2020-04-06,78.0,77.36860197072848,0.6313980292715229,0.6313980292715229
2020-04-07,87.8,77.36860197072848,10.43139802927152,10.43139802927152
2020-04-08,93.4,77.36860197072848,16.03139802927153,16.03139802927153
2020-04-09,92.1,91.70373356491443,0.3962664350855647,0.3962664350855647
2020-04-10,74.5,91.70373356491443,-17.20373356491443,17.20373356491443
2020-04-11,76.0,91.70373356491443,-15.70373356491443,15.70373356491443
2020-04-12,86.6,91.70373356491443,-5.103733564914435,5.103733564914435
2020-04-13,65.7,91.70373356491443,-26.003733564914427,26.003733564914427
2020-04-14,64.6,91.70373356491443,-27.103733564914435,27.103733564914435
2020-04-15,68.7,91.70373356491443,-23.003733564914427,23.003733564914427
2020-04-16,77.7,69.42048418569556,8.279515814304446,8.279515814304446
2020-04-17,72.2,69.42048418569556,2.779515814304446,2.779515814304446
2020-04-18,62.3,69.42048418569556,-7.12048418569556,7.12048418569556
2020-04-19,92.9,69.42048418569556,23.47951581430445,23.47951581430445
2020-04-20,86.2,69.42048418569556,16.779515814304446,16.779515814304446
2020-04-21,86.4,69.42048418569556,16.97951581430445,16.97951581430445
2020-04-22,80.2,69.42048418569556,10.779515814304446,10.779515814304446
2020-04-23,88.7,80.66249209299254,8.037507907007466,8.037507907007466
2020-04-24,96.3,80.66249209299254,15.63750790700746,15.63750790700746
2020-04-25,79.4,80.66249209299254,-1.262492092992531,1.262492092992531
2020-04-26,85.5,80.66249209299254,4.837507907007463,4.837507907007463
2020-04-27,88.7,80.66249209299254,8.037507907007466,8.037507907007466
2020-04-28,91.7,80.66249209299254,11.037507907007466,11.037507907007466
2020-04-29,84.4,80.66249209299254,3.737507907007469,3.737507907007469
2020-04-30,87.0,84.5520707375487,2.4479292624512965,2.4479292624512965
2020-05-01,88.1,84.5520707375487,3.547929262451291,3.547929262451291
2020-05-02,91.2,84.5520707375487,6.647929262451299,6.647929262451299
2020-05-03,93.4,84.5520707375487,8.847929262451302,8.847929262451302
2020-05-04,96.3,84.5520707375487,11.747929262451294,11.747929262451294
2020-05-05,84.5,84.5520707375487,-0.052070737548703505,0.052070737548703505
2020-05-06,85.5,84.5520707375487,0.9479292624512965,0.9479292624512965
2020-05-07,83.5,85.00389263840104,-1.503892638401041,1.503892638401041
2020-05-08,85.1,85.00389263840104,0.09610736159895339,0.09610736159895339
2020-05-09,77.5,85.00389263840104,-7.503892638401041,7.503892638401041
2020-05-10,81.7,85.00389263840104,-3.303892638401038,3.303892638401038
2020-05-11,83.9,85.00389263840104,-1.1038926384010352,1.1038926384010352
2020-05-12,73.6,85.00389263840104,-11.403892638401047,11.403892638401047
2020-05-13,87.3,85.00389263840104,2.2961073615989562,2.2961073615989562
2020-05-14,91.4,85.62759809513817,5.772401904861837,5.772401904861837
2020-05-15,91.8,85.62759809513817,6.172401904861829,6.172401904861829
2020-05-16,82.6,85.62759809513817,-3.027598095138174,3.027598095138174
2020-05-17,91.1,85.62759809513817,5.472401904861826,5.472401904861826
2020-05-18,93.6,85.62759809513817,7.972401904861826,7.972401904861826
2020-05-19,95.4,85.62759809513817,9.772401904861837,9.772401904861837
2020-05-20,93.7,85.62759809513817,8.072401904861835,8.072401904861835
2020-05-21,91.6,92.58692987784843,-0.9869298778484392,0.9869298778484392
2020-05-22,93.4,92.58692987784843,0.8130701221515721,0.8130701221515721
2020-05-23,91.7,92.58692987784843,-0.8869298778484307,0.8869298778484307
2020-05-24,91.5,92.58692987784843,-1.0869298778484335,1.0869298778484335
2020-05-25,78.5,92.58692987784843,-14.086929877848434,14.086929877848434
2020-05-26,84.7,92.58692987784843,-7.886929877848431,7.886929877848431
2020-05-27,89.3,92.58692987784843,-3.2869298778484364,3.2869298778484364
2020-05-28,89.1,88.06443881095073,1.035561189049261,1.035561189049261
2020-05-29,88.0,88.06443881095073,-0.06443881095073323,0.06443881095073323
2020-05-30,87.7,88.06443881095073,-0.3644388109507304,0.3644388109507304
2020-05-31,83.8,88.06443881095073,-4.264438810950736,4.264438810950736
2020-06-01,83.0,88.06443881095073,-5.064438810950733,5.064438810950733
2020-06-02,88.4,88.06443881095073,0.33556118904927246,0.33556118904927246
2020-06-03,91.2,88.06443881095073,3.1355611890492696,3.1355611890492696
2020-06-04,92.3,89.93501519373152,2.364984806268481,2.364984806268481
2020-06-05,92.6,89.93501519373152,2.6649848062684782,2.6649848062684782
2020-06-06,95.5,89.93501519373152,5.564984806268484,5.564984806268484
2020-06-07,95.4,89.93501519373152,5.46498480626849,5.46498480626849
2020-06-08,98.2,89.93501519373152,8.264984806268487,8.264984806268487
2020-06-09,98.3,89.93501519373152,8.364984806268481,8.364984806268481
2020-06-10,92.3,89.93501519373152,2.364984806268481,2.364984806268481
2020-06-11,94.5,91.66744759181056,2.832552408189443,2.832552408189443
2020-06-12,92.3,91.66744759181056,0.63255240818944,0.63255240818944
2020-06-13,93.3,91.66744759181056,1.63255240818944,1.63255240818944
2020-06-14,92.3,91.66744759181056,0.63255240818944,0.63255240818944
2020-06-15,94.5,91.66744759181056,2.832552408189443,2.832552408189443
2020-06-16,94.1,91.66744759181056,2.432552408189437,2.432552408189437
2020-06-17,93.5,91.66744759181056,1.8325524081894429,1.8325524081894429
2020-06-18,95.4,92.33850591675339,3.0614940832466147,3.0614940832466147
2020-06-19,94.1,92.33850591675339,1.7614940832466033,1.7614940832466033
2020-06-20,92.7,92.33850591675339,0.3614940832466118,0.3614940832466118
2020-06-21,94.6,92.33850591675339,2.2614940832466033,2.2614940832466033
2020-06-22,92.3,92.33850591675339,-0.038505916753393876,0.038505916753393876
2020-06-23,92.3,92.33850591675339,-0.038505916753393876,0.038505916753393876
2020-06-24,84.3,92.33850591675339,-8.038505916753394,8.038505916753394
2020-06-25,91.9,84.5529290385002,7.34707096149981,7.34707096149981
2020-06-26,84.5,84.5529290385002,-0.0529290385001957,0.0529290385001957
2020-06-27,91.4,84.5529290385002,6.84707096149981,6.84707096149981
2020-06-28,86.7,84.5529290385002,2.147070961499807,2.147070961499807
2020-06-29,89.9,84.5529290385002,5.34707096149981,5.34707096149981
2020-06-30,92.4,84.5529290385002,7.84707096149981,7.84707096149981
2020-07-01,93.5,84.5529290385002,8.947070961499804,8.947070961499804
2020-07-02,96.4,92.18513225729495,4.214867742705053,4.214867742705053
2020-07-03,97.1,92.18513225729495,4.914867742705042,4.914867742705042
2020-07-04,99.1,92.18513225729495,6.914867742705042,6.914867742705042
2020-07-05,99.1,92.18513225729495,6.914867742705042,6.914867742705042
2020-07-06,92.0,92.18513225729495,-0.18513225729495275,0.18513225729495275
2020-07-07,96.5,92.18513225729495,4.314867742705047,4.314867742705047
2020-07-08,97.5,92.18513225729495,5.314867742705047,5.314867742705047
2020-07-09,99.1,95.8287061772774,3.2712938227225976,3.2712938227225976
2020-07-10,100.4,95.8287061772774,4.571293822722609,4.571293822722609
2020-07-11,101.7,95.8287061772774,5.871293822722606,5.871293822722606
2020-07-12,103.7,95.8287061772774,7.871293822722606,7.871293822722606
2020-07-13,106.1,95.8287061772774,10.271293822722598,10.271293822722598
2020-07-14,104.2,95.8287061772774,8.371293822722606,8.371293822722606
2020-07-15,100.4,95.8287061772774,4.571293822722609,4.571293822722609
2020-07-16,100.4,98.89696080880539,1.5030391911946168,1.5030391911946168
2020-07-17,99.6,98.89696080880539,0.7030391911946055,0.7030391911946055
2020-07-18,96.4,98.89696080880539,-2.496960808805383,2.496960808805383
2020-07-19,97.7,98.89696080880539,-1.196960808805386,1.196960808805386
2020-07-20,98.5,98.89696080880539,-0.39696080880538887,0.39696080880538887
2020-07-21,92.6,98.89696080880539,-6.2969608088053945,6.2969608088053945
2020-07-22,97.5,98.89696080880539,-1.3969608088053889,1.3969608088053889
2020-07-23,99.7,95.59090845620543,4.109091543794577,4.109091543794577
2020-07-24,97.8,95.59090845620543,2.209091543794571,2.209091543794571
2020-07-25,93.5,95.59090845620543,-2.090908456205426,2.090908456205426
2020-07-26,94.2,95.59090845620543,-1.3909084562054232,1.3909084562054232
2020-07-27,97.1,95.59090845620543,1.5090915437945682,1.5090915437945682
2020-07-28,99.3,95.59090845620543,3.709091543794571,3.709091543794571
2020-07-29,96.1,95.59090845620543,0.5090915437945682,0.5090915437945682
2020-07-30,99.1,94.91031039618161,4.18968960381838,4.18968960381838
2020-07-31,100.1,94.91031039618161,5.18968960381838,5.18968960381838
2020-08-01,96.7,94.91031039618161,1.7896896038183883,1.7896896038183883
2020-08-02,98.0,94.91031039618161,3.0896896038183854,3.0896896038183854
2020-08-03,100.5,94.91031039618161,5.589689603818385,5.589689603818385
2020-08-04,100.5,94.91031039618161,5.589689603818385,5.589689603818385
2020-08-05,101.4,94.91031039618161,6.489689603818391,6.489689603818391
2020-08-06,101.3,99.4278071551318,1.872192844868195,1.872192844868195
2020-08-07,99.8,99.4278071551318,0.37219284486819504,0.37219284486819504
2020-08-08,100.9,99.4278071551318,1.4721928448682036,1.4721928448682036
2020-08-09,102.0,99.4278071551318,2.572192844868198,2.572192844868198
2020-08-10,101.1,99.4278071551318,1.6721928448681922,1.6721928448681922
2020-08-11,102.2,99.4278071551318,2.7721928448682007,2.7721928448682007
2020-08-12,103.1,99.4278071551318,3.672192844868192,3.672192844868192
2020-08-13,102.5,100.97568809647382,1.5243119035261827,1.5243119035261827
2020-08-14,105.7,100.97568809647382,4.724311903526186,4.724311903526186
2020-08-15,105.1,100.97568809647382,4.124311903526177,4.124311903526177
2020-08-16,104.7,100.97568809647382,3.7243119035261856,3.7243119035261856
2020-08-17,96.4,100.97568809647382,-4.575688096473812,4.575688096473812
2020-08-18,101.7,100.97568809647382,0.7243119035261856,0.7243119035261856
2020-08-19,102.9,100.97568809647382,1.9243119035261884,1.9243119035261884
2020-08-20,99.7,100.74881920088626,-1.048819200886257,1.048819200886257
2020-08-21,101.5,100.74881920088626,0.7511807991137402,0.7511807991137402
2020-08-22,92.1,100.74881920088626,-8.648819200886265,8.648819200886265
2020-08-23,96.0,100.74881920088626,-4.74881920088626,4.74881920088626
2020-08-24,98.0,100.74881920088626,-2.7488192008862598,2.7488192008862598
2020-08-25,98.9,100.74881920088626,-1.848819200886254,1.848819200886254
2020-08-26,94.3,100.74881920088626,-6.448819200886263,6.448819200886263
2020-08-27,99.8,93.40958056302115,6.390419436978846,6.390419436978846
2020-08-28,103.9,93.40958056302115,10.490419436978854,10.490419436978854
2020-08-29,102.5,93.40958056302115,9.090419436978848,9.090419436978848
2020-08-30,101.3,93.40958056302115,7.890419436978846,7.890419436978846
2020-08-31,101.9,93.40958056302115,8.490419436978854,8.490419436978854
2020-09-01,100.1,93.40958056302115,6.690419436978843,6.690419436978843
2020-09-02,85.9,93.40958056302115,-7.509580563021146,7.509580563021146
2020-09-03,91.2,86.55544664595072,4.644553354049279,4.644553354049279
2020-09-04,83.0,86.55544664595072,-3.555446645950724,3.555446645950724
2020-09-05,89.4,86.55544664595072,2.844553354049282,2.844553354049282
2020-09-06,93.4,86.55544664595072,6.844553354049282,6.844553354049282
2020-09-07,95.2,86.55544664595072,8.644553354049279,8.644553354049279
2020-09-08,88.1,86.55544664595072,1.5445533540492704,1.5445533540492704
2020-09-09,80.1,86.55544664595072,-6.45544664595073,6.45544664595073
2020-09-10,66.3,80.80812006636201,-14.508120066362011,14.508120066362011
2020-09-11,85.3,80.80812006636201,4.491879933637989,4.491879933637989
2020-09-12,91.7,80.80812006636201,10.891879933637995,10.891879933637995
2020-09-13,92.8,80.80812006636201,11.991879933637989,11.991879933637989
2020-09-14,90.8,80.80812006636201,9.991879933637989,9.991879933637989
2020-09-15,91.4,80.80812006636201,10.591879933637998,10.591879933637998
2020-09-16,92.4,80.80812006636201,11.591879933637998,11.591879933637998
2020-09-17,86.3,91.23055639223027,-4.930556392230272,4.930556392230272
2020-09-18,87.6,91.23055639223027,-3.6305563922302753,3.6305563922302753
2020-09-19,84.5,91.23055639223027,-6.73055639223027,6.73055639223027
2020-09-20,85.5,91.23055639223027,-5.73055639223027,5.73055639223027
2020-09-21,73.0,91.23055639223027,-18.23055639223027,18.23055639223027
2020-09-22,74.7,91.23055639223027,-16.530556392230267,16.530556392230267
2020-09-23,76.6,91.23055639223027,-14.630556392230275,14.630556392230275
2020-09-24,81.1,76.76265446415822,4.337345535841777,4.337345535841777
2020-09-25,86.7,76.76265446415822,9.937345535841786,9.937345535841786
2020-09-26,89.1,76.76265446415822,12.337345535841777,12.337345535841777
2020-09-27,91.9,76.76265446415822,15.137345535841789,15.137345535841789
2020-09-28,80.3,76.76265446415822,3.53734553584178,3.53734553584178
2020-09-29,83.5,76.76265446415822,6.737345535841783,6.737345535841783
2020-09-30,88.1,76.76265446415822,11.337345535841777,11.337345535841777
2020-10-01,90.4,87.00903267122874,3.390967328771268,3.390967328771268
2020-10-02,83.5,87.00903267122874,-3.509032671228738,3.509032671228738
2020-10-03,85.9,87.00903267122874,-1.1090326712287322,1.1090326712287322
2020-10-04,89.9,87.00903267122874,2.890967328771268,2.890967328771268
2020-10-05,86.7,87.00903267122874,-0.309032671228735,0.309032671228735
2020-10-06,87.7,87.00903267122874,0.690967328771265,0.690967328771265
2020-10-07,91.3,87.00903267122874,4.290967328771259,4.290967328771259
2020-10-08,85.9,90.01563315899341,-4.115633158993404,4.115633158993404
2020-10-09,87.7,90.01563315899341,-2.315633158993407,2.315633158993407
2020-10-10,94.5,90.01563315899341,4.48436684100659,4.48436684100659
2020-10-11,97.5,90.01563315899341,7.48436684100659,7.48436684100659
2020-10-12,87.6,90.01563315899341,-2.4156331589934155,2.4156331589934155
2020-10-13,89.3,90.01563315899341,-0.7156331589934126,0.7156331589934126
2020-10-14,92.3,90.01563315899341,2.2843668410065874,2.2843668410065874
2020-10-15,88.4,90.97487440777424,-2.5748744077742316,2.5748744077742316
2020-10-16,76.9,90.97487440777424,-14.074874407774232,14.074874407774232
2020-10-17,78.9,90.97487440777424,-12.074874407774232,12.074874407774232
2020-10-18,92.3,90.97487440777424,1.3251255922257599,1.3251255922257599
2020-10-19,92.5,90.97487440777424,1.5251255922257627,1.5251255922257627
2020-10-20,90.8,90.97487440777424,-0.17487440777424013,0.17487440777424013
2020-10-21,90.0,90.97487440777424,-0.9748744077742373,0.9748744077742373
2020-10-22,89.7,89.20478350420197,0.49521649579803295,0.49521649579803295
2020-10-23,82.0,89.20478350420197,-7.20478350420197,7.20478350420197
2020-10-24,65.8,89.20478350420197,-23.404783504201973,23.404783504201973
2020-10-25,84.8,89.20478350420197,-4.404783504201973,4.404783504201973
2020-10-26,75.8,89.20478350420197,-13.404783504201973,13.404783504201973
2020-10-27,43.5,89.20478350420197,-45.70478350420197,45.70478350420197
2020-10-28,61.2,89.20478350420197,-28.004783504201967,28.004783504201967
2020-10-29,63.8,61.682539017326945,2.1174609826730517,2.1174609826730517
2020-10-30,71.1,61.682539017326945,9.417460982673049,9.417460982673049
2020-10-31,78.4,61.682539017326945,16.71746098267306,16.71746098267306
2020-11-01,78.0,61.682539017326945,16.317460982673055,16.317460982673055
2020-11-02,76.1,61.682539017326945,14.417460982673049,14.417460982673049
2020-11-03,80.0,61.682539017326945,18.317460982673055,18.317460982673055
2020-11-04,80.8,61.682539017326945,19.11746098267305,19.11746098267305
2020-11-05,81.7,80.65460766714128,1.0453923328587251,1.0453923328587251
2020-11-06,79.7,80.65460766714128,-0.9546076671412749,0.9546076671412749
2020-11-07,80.8,80.65460766714128,0.14539233285871944,0.14539233285871944
2020-11-08,83.0,80.65460766714128,2.3453923328587223,2.3453923328587223
2020-11-09,84.7,80.65460766714128,4.045392332858725,4.045392332858725
2020-11-10,79.2,80.65460766714128,-1.4546076671412749,1.4546076671412749
2020-11-11,82.9,80.65460766714128,2.245392332858728,2.245392332858728
2020-11-12,83.0,82.39568551154116,0.6043144884588401,0.6043144884588401
2020-11-13,83.5,82.39568551154116,1.10431448845884,1.10431448845884
2020-11-14,86.5,82.39568551154116,4.10431448845884,4.10431448845884
2020-11-15,73.7,82.39568551154116,-8.695685511541157,8.695685511541157
2020-11-16,74.4,82.39568551154116,-7.995685511541154,7.995685511541154
2020-11-17,76.6,82.39568551154116,-5.795685511541166,5.795685511541166
2020-11-18,80.0,82.39568551154116,-2.39568551154116,2.39568551154116
2020-11-19,82.2,79.72404286101846,2.475957138981542,2.475957138981542
2020-11-20,81.4,79.72404286101846,1.6759571389815449,1.6759571389815449
2020-11-21,80.7,79.72404286101846,0.975957138981542,0.975957138981542
2020-11-22,82.4,79.72404286101846,2.675957138981545,2.675957138981545
2020-11-23,67.0,79.72404286101846,-12.72404286101846,12.72404286101846
2020-11-24,83.3,79.72404286101846,3.5759571389815363,3.5759571389815363
2020-11-25,73.0,79.72404286101846,-6.724042861018461,6.724042861018461
2020-11-26,77.8,74.3922434835605,3.407756516439491,3.407756516439491
2020-11-27,70.2,74.3922434835605,-4.192243483560503,4.192243483560503
2020-11-28,60.3,74.3922434835605,-14.092243483560509,14.092243483560509
2020-11-29,56.0,74.3922434835605,-18.392243483560506,18.392243483560506
2020-11-30,56.7,74.3922434835605,-17.692243483560503,17.692243483560503
2020-12-01,63.9,74.3922434835605,-10.492243483560507,10.492243483560507
2020-12-02,65.1,74.3922434835605,-9.292243483560512,9.292243483560512
2020-12-03,57.5,66.29583601226842,-8.795836012268424,8.795836012268424
2020-12-04,59.6,66.29583601226842,-6.695836012268423,6.695836012268423
2020-12-05,53.3,66.29583601226842,-12.995836012268427,12.995836012268427
2020-12-06,66.7,66.29583601226842,0.4041639877315788,0.4041639877315788
2020-12-07,70.9,66.29583601226842,4.604163987731582,4.604163987731582
2020-12-08,78.3,66.29583601226842,12.004163987731573,12.004163987731573
2020-12-09,81.1,66.29583601226842,14.80416398773157,14.80416398773157
2020-12-10,78.4,80.72704196165928,-2.327041961659276,2.327041961659276
2020-12-11,71.2,80.72704196165928,-9.527041961659279,9.527041961659279
2020-12-12,62.7,80.72704196165928,-18.02704196165928,18.02704196165928
2020-12-13,67.5,80.72704196165928,-13.227041961659282,13.227041961659282
2020-12-14,51.0,80.72704196165928,-29.727041961659282,29.727041961659282
2020-12-15,58.4,80.72704196165928,-22.327041961659283,22.327041961659283
2020-12-16,56.3,80.72704196165928,-24.427041961659285,24.427041961659285
2020-12-17,63.8,58.562694332434155,5.237305667565842,5.237305667565842
2020-12-18,64.3,58.562694332434155,5.737305667565842,5.737305667565842
2020-12-19,67.6,58.562694332434155,9.037305667565839,9.037305667565839
2020-12-20,68.4,58.562694332434155,9.83730566756585,9.83730566756585
2020-12-21,73.9,58.562694332434155,15.33730566756585,15.33730566756585
2020-12-22,73.9,58.562694332434155,15.33730566756585,15.33730566756585
2020-12-23,79.8,58.562694332434155,21.237305667565842,21.237305667565842
2020-12-24,56.0,79.33846672472063,-23.338466724720632,23.338466724720632
2020-12-25,69.2,79.33846672472063,-10.13846672472063,10.13846672472063
2020-12-26,70.1,79.33846672472063,-9.238466724720638,9.238466724720638
2020-12-27,76.1,79.33846672472063,-3.238466724720638,3.238466724720638
2020-12-28,75.1,79.33846672472063,-4.238466724720638,4.238466724720638
2020-12-29,75.3,79.33846672472063,-4.038466724720635,4.038466724720635
2020-12-30,72.6,79.33846672472063,-6.738466724720638,6.738466724720638
2020-12-31,44.3,73.50380149708934,-29.203801497089344,29.203801497089344
2021-01-01,53.0,73.50380149708934,-20.50380149708934,20.50380149708934
2021-01-02,63.1,73.50380149708934,-10.40380149708934,10.40380149708934
2021-01-03,70.5,73.50380149708934,-3.0038014970893414,3.0038014970893414
2021-01-04,76.9,73.50380149708934,3.3961985029106643,3.3961985029106643
2021-01-05,71.5,73.50380149708934,-2.0038014970893414,2.0038014970893414
2021-01-06,66.6,73.50380149708934,-6.903801497089347,6.903801497089347
2021-01-07,62.2,68.26232593382271,-6.062325933822706,6.062325933822706
2021-01-08,52.7,68.26232593382271,-15.562325933822706,15.562325933822706
2021-01-09,53.2,68.26232593382271,-15.062325933822706,15.062325933822706
2021-01-10,45.2,68.26232593382271,-23.062325933822706,23.062325933822706
2021-01-11,48.1,68.26232593382271,-20.162325933822707,20.162325933822707
2021-01-12,50.8,68.26232593382271,-17.46232593382271,17.46232593382271
2021-01-13,65.6,68.26232593382271,-2.6623259338227143,2.6623259338227143
2021-01-14,68.9,65.6474144148805,3.2525855851195047,3.2525855851195047
2021-01-15,59.4,65.6474144148805,-6.247414414880502,6.247414414880502
2021-01-16,62.9,65.6474144148805,-2.7474144148805024,2.7474144148805024
2021-01-17,68.8,65.6474144148805,3.152585585119496,3.152585585119496
2021-01-18,74.7,65.6474144148805,9.052585585119502,9.052585585119502
2021-01-19,68.2,65.6474144148805,2.552585585119502,2.552585585119502
2021-01-20,54.4,65.6474144148805,-11.247414414880502,11.247414414880502
2021-01-21,65.9,57.89232874540268,8.007671254597327,8.007671254597327
2021-01-22,77.4,57.89232874540268,19.507671254597327,19.507671254597327
2021-01-23,61.8,57.89232874540268,3.907671254597318,3.907671254597318
2021-01-24,69.8,57.89232874540268,11.907671254597318,11.907671254597318
2021-01-25,75.8,57.89232874540268,17.907671254597318,17.907671254597318
2021-01-26,72.4,57.89232874540268,14.507671254597327,14.507671254597327
2021-01-27,66.2,57.89232874540268,8.307671254597324,8.307671254597324
2021-01-28,54.2,67.98901447774725,-13.789014477747244,13.789014477747244
2021-01-29,68.2,67.98901447774725,0.2109855222527557,0.2109855222527557
2021-01-30,79.3,67.98901447774725,11.31098552225275,11.31098552225275
2021-01-31,69.1,67.98901447774725,1.1109855222527472,1.1109855222527472
2021-02-01,65.6,67.98901447774725,-2.389014477747253,2.389014477747253
2021-02-02,68.0,67.98901447774725,0.010985522252752844,0.010985522252752844
2021-02-03,75.8,67.98901447774725,7.81098552225275,7.81098552225275
2021-02-04,84.1,75.51702101224629,8.582978987753705,8.582978987753705
2021-02-05,58.7,75.51702101224629,-16.817021012246286,16.817021012246286
2021-02-06,75.1,75.51702101224629,-0.41702101224629473,0.41702101224629473
2021-02-07,70.0,75.51702101224629,-5.517021012246289,5.517021012246289
2021-02-08,74.4,75.51702101224629,-1.1170210122462834,1.1170210122462834
2021-02-09,64.1,75.51702101224629,-11.417021012246295,11.417021012246295
2021-02-10,46.6,75.51702101224629,-28.917021012246288,28.917021012246288
2021-02-11,37.3,51.1758728735028,-13.8758728735028,13.8758728735028
2021-02-12,32.3,51.1758728735028,-18.8758728735028,18.8758728735028
2021-02-13,31.1,51.1758728735028,-20.075872873502796,20.075872873502796
2021-02-14,30.1,51.1758728735028,-21.075872873502796,21.075872873502796
2021-02-15,22.6,51.1758728735028,-28.575872873502796,28.575872873502796
2021-02-16,24.7,51.1758728735028,-26.475872873502798,26.475872873502798
2021-02-17,31.2,51.1758728735028,-19.975872873502798,19.975872873502798
2021-02-18,32.6,34.97107225745433,-2.3710722574543297,2.3710722574543297
2021-02-19,42.6,34.97107225745433,7.62892774254567,7.62892774254567
2021-02-20,61.2,34.97107225745433,26.22892774254567,26.22892774254567
2021-02-21,74.8,34.97107225745433,39.828927742545666,39.828927742545666
2021-02-22,74.4,34.97107225745433,39.428927742545675,39.428927742545675
2021-02-23,78.7,34.97107225745433,43.72892774254567,43.72892774254567
2021-02-24,83.6,34.97107225745433,48.62892774254566,48.62892774254566
2021-02-25,65.7,82.85002881773367,-17.15002881773367,17.15002881773367
2021-02-26,60.1,82.85002881773367,-22.75002881773367,22.75002881773367
2021-02-27,78.3,82.85002881773367,-4.550028817733676,4.550028817733676
2021-02-28,74.8,82.85002881773367,-8.050028817733676,8.050028817733676
2021-03-01,58.3,82.85002881773367,-24.550028817733676,24.550028817733676
2021-03-02,66.5,82.85002881773367,-16.350028817733673,16.350028817733673
2021-03-03,71.9,82.85002881773367,-10.950028817733667,10.950028817733667
2021-03-04,76.0,72.13428869137057,3.865711308629429,3.865711308629429
2021-03-05,79.3,72.13428869137057,7.165711308629426,7.165711308629426
2021-03-06,67.9,72.13428869137057,-4.2342886913705655,4.2342886913705655
2021-03-07,70.0,72.13428869137057,-2.134288691370571,2.134288691370571
2021-03-08,71.7,72.13428869137057,-0.43428869137056836,0.43428869137056836
2021-03-09,76.7,72.13428869137057,4.565711308629432,4.565711308629432
2021-03-10,81.6,72.13428869137057,9.465711308629423,9.465711308629423
2021-03-11,80.2,81.01908044992489,-0.8190804499248827,0.8190804499248827
2021-03-12,80.5,81.01908044992489,-0.5190804499248856,0.5190804499248856
2021-03-13,77.1,81.01908044992489,-3.9190804499248912,3.9190804499248912
2021-03-14,76.1,81.01908044992489,-4.919080449924891,4.919080449924891
2021-03-15,85.3,81.01908044992489,4.280919550075112,4.280919550075112
2021-03-16,80.1,81.01908044992489,-0.9190804499248912,0.9190804499248912
2021-03-17,77.4,81.01908044992489,-3.61908044992488,3.61908044992488
2021-03-18,73.1,77.8909547598053,-4.790954759805302,4.790954759805302
2021-03-19,70.3,77.8909547598053,-7.5909547598052995,7.5909547598052995
2021-03-20,71.8,77.8909547598053,-6.0909547598052995,6.0909547598052995
2021-03-21,73.6,77.8909547598053,-4.290954759805302,4.290954759805302
2021-03-22,71.2,77.8909547598053,-6.690954759805294,6.690954759805294
2021-03-23,80.8,77.8909547598053,2.9090452401947005,2.9090452401947005
2021-03-24,71.1,77.8909547598053,-6.790954759805302,6.790954759805302
2021-03-25,74.2,72.63076513457295,1.569234865427049,1.569234865427049
2021-03-26,83.0,72.63076513457295,10.369234865427046,10.369234865427046
2021-03-27,85.0,72.63076513457295,12.369234865427046,12.369234865427046
2021-03-28,74.1,72.63076513457295,1.4692348654270404,1.4692348654270404
2021-03-29,77.1,72.63076513457295,4.46923486542704,4.46923486542704
2021-03-30,79.8,72.63076513457295,7.169234865427043,7.169234865427043
2021-03-31,72.6,72.63076513457295,-0.030765134572959596,0.030765134572959596
2021-04-01,70.0,73.83979380107014,-3.839793801070144,3.839793801070144
2021-04-02,71.2,73.83979380107014,-2.639793801070141,2.639793801070141
2021-04-03,65.9,73.83979380107014,-7.939793801070138,7.939793801070138
2021-04-04,74.2,73.83979380107014,0.36020619892985906,0.36020619892985906
2021-04-05,79.5,73.83979380107014,5.660206198929856,5.660206198929856
2021-04-06,86.1,73.83979380107014,12.26020619892985,12.26020619892985
2021-04-07,87.4,73.83979380107014,13.560206198929862,13.560206198929862
2021-04-08,91.0,86.57853037109076,4.421469628909236,4.421469628909236
2021-04-09,90.3,86.57853037109076,3.721469628909233,3.721469628909233
2021-04-10,80.2,86.57853037109076,-6.378530371090761,6.378530371090761
2021-04-11,87.5,86.57853037109076,0.9214696289092359,0.9214696289092359
2021-04-12,87.5,86.57853037109076,0.9214696289092359,0.9214696289092359
2021-04-13,82.5,86.57853037109076,-4.078530371090764,4.078530371090764
2021-04-14,81.8,86.57853037109076,-4.778530371090767,4.778530371090767
2021-04-15,72.6,81.73595314499632,-9.135953144996321,9.135953144996321
2021-04-16,68.0,81.73595314499632,-13.735953144996316,13.735953144996316
2021-04-17,64.8,81.73595314499632,-16.93595314499632,16.93595314499632
2021-04-18,67.9,81.73595314499632,-13.83595314499631,13.83595314499631
2021-04-19,74.5,81.73595314499632,-7.235953144996316,7.235953144996316
2021-04-20,83.1,81.73595314499632,1.3640468550036786,1.3640468550036786
2021-04-21,65.9,81.73595314499632,-15.83595314499631,15.83595314499631
2021-04-22,66.4,68.51587989818383,-2.1158798981838203,2.1158798981838203
2021-04-23,71.9,68.51587989818383,3.3841201018161797,3.3841201018161797
2021-04-24,83.1,68.51587989818383,14.584120101816168,14.584120101816168
2021-04-25,87.3,68.51587989818383,18.78412010181617,18.78412010181617
2021-04-26,85.5,68.51587989818383,16.984120101816174,16.984120101816174
2021-04-27,78.9,68.51587989818383,10.38412010181618,10.38412010181618
2021-04-28,83.7,68.51587989818383,15.184120101816177,15.184120101816177
2021-04-29,74.9,83.02630960351422,-8.126309603514215,8.126309603514215
2021-04-30,73.3,83.02630960351422,-9.726309603514224,9.726309603514224
2021-05-01,74.0,83.02630960351422,-9.026309603514221,9.026309603514221
2021-05-02,88.3,83.02630960351422,5.273690396485776,5.273690396485776
2021-05-03,92.8,83.02630960351422,9.773690396485776,9.773690396485776
2021-05-04,82.0,83.02630960351422,-1.0263096035142212,1.0263096035142212
2021-05-05,80.8,83.02630960351422,-2.226309603514224,2.226309603514224
2021-05-06,87.0,80.90309705512408,6.0969029448759215,6.0969029448759215
2021-05-07,85.1,80.90309705512408,4.196902944875916,4.196902944875916
2021-05-08,89.2,80.90309705512408,8.296902944875924,8.296902944875924
2021-05-09,88.3,80.90309705512408,7.396902944875919,7.396902944875919
2021-05-10,79.2,80.90309705512408,-1.7030970551240756,1.7030970551240756
2021-05-11,75.6,80.90309705512408,-5.303097055124084,5.303097055124084
2021-05-12,74.1,80.90309705512408,-6.803097055124084,6.803097055124084
2021-05-13,73.8,74.78787012194016,-0.987870121940162,0.987870121940162
2021-05-14,81.7,74.78787012194016,6.912129878059844,6.912129878059844
2021-05-15,78.9,74.78787012194016,4.1121298780598465,4.1121298780598465
2021-05-16,81.3,74.78787012194016,6.512129878059838,6.512129878059838
2021-05-17,79.6,74.78787012194016,4.812129878059835,4.812129878059835
2021-05-18,77.8,74.78787012194016,3.012129878059838,3.012129878059838
2021-05-19,71.5,74.78787012194016,-3.287870121940159,3.287870121940159
2021-05-20,84.3,72.79465017548857,11.505349824511427,11.505349824511427
2021-05-21,85.4,72.79465017548857,12.605349824511435,12.605349824511435
2021-05-22,80.1,72.79465017548857,7.305349824511424,7.305349824511424
2021-05-23,73.5,72.79465017548857,0.7053498245114298,0.7053498245114298
2021-05-24,85.6,72.79465017548857,12.805349824511424,12.805349824511424
2021-05-25,87.5,72.79465017548857,14.70534982451143,14.70534982451143
2021-05-26,88.6,72.79465017548857,15.805349824511424,15.805349824511424
2021-05-27,89.2,87.71628675012137,1.4837132498786332,1.4837132498786332
2021-05-28,87.1,87.71628675012137,-0.6162867501213753,0.6162867501213753
2021-05-29,86.3,87.71628675012137,-1.4162867501213725,1.4162867501213725
2021-05-30,86.9,87.71628675012137,-0.816286750121364,0.816286750121364
2021-05-31,83.7,87.71628675012137,-4.016286750121367,4.016286750121367
2021-06-01,83.1,87.71628675012137,-4.616286750121375,4.616286750121375
2021-06-02,88.3,87.71628675012137,0.5837132498786275,0.5837132498786275
2021-06-03,70.9,87.13691286579763,-16.23691286579762,16.23691286579762
2021-06-04,82.4,87.13691286579763,-4.7369128657976205,4.7369128657976205
2021-06-05,80.0,87.13691286579763,-7.136912865797626,7.136912865797626
2021-06-06,89.4,87.13691286579763,2.2630871342023795,2.2630871342023795
2021-06-07,88.9,87.13691286579763,1.7630871342023795,1.7630871342023795
2021-06-08,91.3,87.13691286579763,4.163087134202371,4.163087134202371
2021-06-09,92.5,87.13691286579763,5.363087134202374,5.363087134202374
2021-06-10,92.6,91.25989374477493,1.3401062552250664,1.3401062552250664
2021-06-11,91.5,91.25989374477493,0.24010625522507212,0.24010625522507212
2021-06-12,93.1,91.25989374477493,1.8401062552250664,1.8401062552250664
2021-06-13,97.0,91.25989374477493,5.740106255225072,5.740106255225072
2021-06-14,98.2,91.25989374477493,6.940106255225075,6.940106255225075
2021-06-15,97.2,91.25989374477493,5.940106255225075,5.940106255225075
2021-06-16,95.1,91.25989374477493,3.8401062552250664,3.8401062552250664
2021-06-17,95.6,93.92506824435675,1.674931755643243,1.674931755643243
2021-06-18,93.1,93.92506824435675,-0.825068244356757,0.825068244356757
2021-06-19,94.3,93.92506824435675,0.3749317556432459,0.3749317556432459
2021-06-20,93.7,93.92506824435675,-0.22506824435674844,0.22506824435674844
2021-06-21,93.3,93.92506824435675,-0.6250682443567541,0.6250682443567541
2021-06-22,87.3,93.92506824435675,-6.625068244356754,6.625068244356754
2021-06-23,97.0,93.92506824435675,3.0749317556432487,3.0749317556432487
2021-06-24,96.3,94.71759876156347,1.5824012384365318,1.5824012384365318
2021-06-25,94.9,94.71759876156347,0.18240123843654032,0.18240123843654032
2021-06-26,95.8,94.71759876156347,1.0824012384365318,1.0824012384365318
2021-06-27,90.4,94.71759876156347,-4.31759876156346,4.31759876156346
2021-06-28,87.5,94.71759876156347,-7.217598761563465,7.217598761563465
2021-06-29,85.7,94.71759876156347,-9.017598761563463,9.017598761563463
2021-06-30,91.0,94.71759876156347,-3.7175987615634654,3.7175987615634654
2021-07-01,92.9,89.59325603307661,3.306743966923392,3.306743966923392
2021-07-02,95.4,89.59325603307661,5.806743966923392,5.806743966923392
2021-07-03,89.5,89.59325603307661,-0.09325603307661368,0.09325603307661368
2021-07-04,82.6,89.59325603307661,-6.993256033076619,6.993256033076619
2021-07-05,82.9,89.59325603307661,-6.693256033076608,6.693256033076608
2021-07-06,87.3,89.59325603307661,-2.2932560330766165,2.2932560330766165
2021-07-07,86.8,89.59325603307661,-2.7932560330766165,2.7932560330766165
2021-07-08,88.1,86.20309989738682,1.8969001026131735,1.8969001026131735
2021-07-09,79.8,86.20309989738682,-6.403099897386824,6.403099897386824
2021-07-10,90.9,86.20309989738682,4.696900102613185,4.696900102613185
2021-07-11,90.5,86.20309989738682,4.296900102613179,4.296900102613179
2021-07-12,86.5,86.20309989738682,0.29690010261317923,0.29690010261317923
2021-07-13,89.6,86.20309989738682,3.3969001026131735,3.3969001026131735
2021-07-14,90.7,86.20309989738682,4.496900102613182,4.496900102613182
2021-07-15,91.5,89.63238199968512,1.8676180003148772,1.8676180003148772
2021-07-16,91.8,89.63238199968512,2.1676180003148744,2.1676180003148744
2021-07-17,92.0,89.63238199968512,2.3676180003148772,2.3676180003148772
2021-07-18,94.3,89.63238199968512,4.667618000314874,4.667618000314874
2021-07-19,95.3,89.63238199968512,5.667618000314874,5.667618000314874
2021-07-20,91.3,89.63238199968512,1.6676180003148744,1.6676180003148744
2021-07-21,90.3,89.63238199968512,0.6676180003148744,0.6676180003148744
2021-07-22,92.2,89.49413705317887,2.705862946821128,2.705862946821128
2021-07-23,93.1,89.49413705317887,3.6058629468211194,3.6058629468211194
2021-07-24,96.0,89.49413705317887,6.505862946821125,6.505862946821125
2021-07-25,97.4,89.49413705317887,7.905862946821131,7.905862946821131
2021-07-26,97.3,89.49413705317887,7.805862946821122,7.805862946821122
2021-07-27,96.0,89.49413705317887,6.505862946821125,6.505862946821125
2021-07-28,95.1,89.49413705317887,5.605862946821119,5.605862946821119
2021-07-29,96.9,93.8371105983152,3.0628894016847994,3.0628894016847994
2021-07-30,96.0,93.8371105983152,2.1628894016847937,2.1628894016847937
2021-07-31,93.7,93.8371105983152,-0.13711059831520345,0.13711059831520345
2021-08-01,99.1,93.8371105983152,5.262889401684788,5.262889401684788
2021-08-02,85.0,93.8371105983152,-8.837110598315206,8.837110598315206
2021-08-03,90.6,93.8371105983152,-3.237110598315212,3.237110598315212
2021-08-04,90.8,93.8371105983152,-3.037110598315209,3.037110598315209
2021-08-05,83.2,89.78984621294676,-6.589846212946753,6.589846212946753
2021-08-06,89.9,89.78984621294676,0.11015378705324963,0.11015378705324963
2021-08-07,94.0,89.78984621294676,4.210153787053244,4.210153787053244
2021-08-08,95.1,89.78984621294676,5.310153787053238,5.310153787053238
2021-08-09,96.2,89.78984621294676,6.410153787053247,6.410153787053247
2021-08-10,96.7,89.78984621294676,6.910153787053247,6.910153787053247
2021-08-11,96.2,89.78984621294676,6.410153787053247,6.410153787053247
2021-08-12,96.0,94.7942528860798,1.2057471139201965,1.2057471139201965
2021-08-13,96.7,94.7942528860798,1.9057471139201994,1.9057471139201994
2021-08-14,96.8,94.7942528860798,2.0057471139201937,2.0057471139201937
2021-08-15,91.9,94.7942528860798,-2.894252886079798,2.894252886079798
2021-08-16,92.6,94.7942528860798,-2.194252886079809,2.194252886079809
2021-08-17,90.9,94.7942528860798,-3.894252886079798,3.894252886079798
2021-08-18,92.5,94.7942528860798,-2.2942528860798035,2.2942528860798035
2021-08-19,95.4,91.2693322297386,4.130667770261411,4.130667770261411
2021-08-20,94.3,91.2693322297386,3.0306677702614024,3.0306677702614024
2021-08-21,95.6,91.2693322297386,4.3306677702614,4.3306677702614
2021-08-22,95.6,91.2693322297386,4.3306677702614,4.3306677702614
2021-08-23,95.5,91.2693322297386,4.230667770261405,4.230667770261405
2021-08-24,97.0,91.2693322297386,5.730667770261405,5.730667770261405
2021-08-25,95.9,91.2693322297386,4.630667770261411,4.630667770261411
2021-08-26,98.1,94.56876444237804,3.5312355576219545,3.5312355576219545
2021-08-27,88.7,94.56876444237804,-5.868764442378037,5.868764442378037
2021-08-28,92.5,94.56876444237804,-2.06876444237804,2.06876444237804
2021-08-29,93.2,94.56876444237804,-1.368764442378037,1.368764442378037
2021-08-30,92.8,94.56876444237804,-1.7687644423780426,1.7687644423780426
2021-08-31,98.4,94.56876444237804,3.831235557621966,3.831235557621966
2021-09-01,97.7,94.56876444237804,3.131235557621963,3.131235557621963
2021-09-02,97.2,96.14466539692097,1.0553346030790323,1.0553346030790323
2021-09-03,98.1,96.14466539692097,1.9553346030790237,1.9553346030790237
2021-09-04,97.9,96.14466539692097,1.755334603079035,1.755334603079035
2021-09-05,100.9,96.14466539692097,4.755334603079035,4.755334603079035
2021-09-06,96.9,96.14466539692097,0.7553346030790351,0.7553346030790351
2021-09-07,95.5,96.14466539692097,-0.6446653969209706,0.6446653969209706
2021-09-08,99.7,96.14466539692097,3.5553346030790323,3.5553346030790323
2021-09-09,95.5,97.61348413616624,-2.1134841361662353,2.1134841361662353
2021-09-10,94.2,97.61348413616624,-3.4134841361662325,3.4134841361662325
2021-09-11,91.5,97.61348413616624,-6.113484136166235,6.113484136166235
2021-09-12,91.5,97.61348413616624,-6.113484136166235,6.113484136166235
2021-09-13,87.3,97.61348413616624,-10.313484136166238,10.313484136166238
2021-09-14,84.5,97.61348413616624,-13.113484136166235,13.113484136166235
2021-09-15,90.5,97.61348413616624,-7.113484136166235,7.113484136166235
2021-09-16,92.8,89.09566200406266,3.704337995937337,3.704337995937337
2021-09-17,95.5,89.09566200406266,6.40433799593734,6.40433799593734
2021-09-18,96.6,89.09566200406266,7.504337995937334,7.504337995937334
2021-09-19,97.9,89.09566200406266,8.804337995937345,8.804337995937345
2021-09-20,100.0,89.09566200406266,10.90433799593734,10.90433799593734
2021-09-21,93.1,89.09566200406266,4.004337995937334,4.004337995937334
2021-09-22,85.0,89.09566200406266,-4.09566200406266,4.09566200406266
2021-09-23,86.6,85.29971664616617,1.3002833538338194,1.3002833538338194
2021-09-24,87.5,85.29971664616617,2.200283353833825,2.200283353833825
2021-09-25,89.4,85.29971664616617,4.100283353833831,4.100283353833831
2021-09-26,90.3,85.29971664616617,5.000283353833822,5.000283353833822
2021-09-27,91.7,85.29971664616617,6.400283353833828,6.400283353833828
2021-09-28,95.5,85.29971664616617,10.200283353833825,10.200283353833825
2021-09-29,88.3,85.29971664616617,3.0002833538338223,3.0002833538338223
2021-09-30,93.1,88.1485442130612,4.951455786938794,4.951455786938794
2021-10-01,85.5,88.1485442130612,-2.6485442130612,2.6485442130612
2021-10-02,87.2,88.1485442130612,-0.9485442130611972,0.9485442130611972
2021-10-03,88.5,88.1485442130612,0.3514557869388,0.3514557869388
2021-10-04,90.5,88.1485442130612,2.3514557869388,2.3514557869388
2021-10-05,89.4,88.1485442130612,1.2514557869388057,1.2514557869388057
2021-10-06,88.5,88.1485442130612,0.3514557869388,0.3514557869388
2021-10-07,89.7,87.8403520062087,1.8596479937912989,1.8596479937912989
2021-10-08,90.6,87.8403520062087,2.7596479937912903,2.7596479937912903
2021-10-09,88.5,87.8403520062087,0.659647993791296,0.659647993791296
2021-10-10,90.6,87.8403520062087,2.7596479937912903,2.7596479937912903
2021-10-11,82.5,87.8403520062087,-5.340352006208704,5.340352006208704
2021-10-12,87.3,87.8403520062087,-0.5403520062087068,0.5403520062087068
2021-10-13,87.6,87.8403520062087,-0.24035200620870967,0.24035200620870967
2021-10-14,78.3,86.88146325894512,-8.58146325894512,8.58146325894512
2021-10-15,88.0,86.88146325894512,1.118536741054882,1.118536741054882
2021-10-16,74.6,86.88146325894512,-12.281463258945124,12.281463258945124
2021-10-17,73.8,86.88146325894512,-13.08146325894512,13.08146325894512
2021-10-18,77.5,86.88146325894512,-9.381463258945118,9.381463258945118
2021-10-19,82.8,86.88146325894512,-4.081463258945121,4.081463258945121
2021-10-20,81.2,86.88146325894512,-5.681463258945115,5.681463258945115
2021-10-21,84.6,81.20172430627902,3.3982756937209757,3.3982756937209757
2021-10-22,85.5,81.20172430627902,4.298275693720981,4.298275693720981
2021-10-23,88.5,81.20172430627902,7.298275693720981,7.298275693720981
2021-10-24,86.5,81.20172430627902,5.298275693720981,5.298275693720981
2021-10-25,88.7,81.20172430627902,7.498275693720984,7.498275693720984
2021-10-26,85.7,81.20172430627902,4.498275693720984,4.498275693720984
2021-10-27,78.1,81.20172430627902,-3.1017243062790243,3.1017243062790243
2021-10-28,78.1,78.95537553648931,-0.8553755364893192,0.8553755364893192
2021-10-29,74.7,78.95537553648931,-4.255375536489311,4.255375536489311
2021-10-30,80.4,78.95537553648931,1.4446244635106922,1.4446244635106922
2021-10-31,81.8,78.95537553648931,2.8446244635106837,2.8446244635106837
2021-11-01,80.7,78.95537553648931,1.7446244635106893,1.7446244635106893
2021-11-02,77.8,78.95537553648931,-1.1553755364893163,1.1553755364893163
2021-11-03,66.3,78.95537553648931,-12.655375536489316,12.655375536489316
2021-11-04,61.5,68.54082296860936,-7.040822968609362,7.040822968609362
2021-11-05,64.4,68.54082296860936,-4.140822968609356,4.140822968609356
2021-11-06,69.5,68.54082296860936,0.959177031390638,0.959177031390638
2021-11-07,73.8,68.54082296860936,5.259177031390635,5.259177031390635
2021-11-08,77.0,68.54082296860936,8.459177031390638,8.459177031390638
2021-11-09,75.6,68.54082296860936,7.059177031390632,7.059177031390632
2021-11-10,79.8,68.54082296860936,11.259177031390635,11.259177031390635
2021-11-11,74.6,79.48974325521804,-4.88974325521805,4.88974325521805
2021-11-12,77.5,79.48974325521804,-1.9897432552180447,1.9897432552180447
2021-11-13,69.6,79.48974325521804,-9.88974325521805,9.88974325521805
2021-11-14,78.6,79.48974325521804,-0.8897432552180504,0.8897432552180504
2021-11-15,80.9,79.48974325521804,1.410256744781961,1.410256744781961
2021-11-16,80.9,79.48974325521804,1.410256744781961,1.410256744781961
2021-11-17,82.8,79.48974325521804,3.3102567447819524,3.3102567447819524
2021-11-18,66.8,82.40370070835942,-15.603700708359426,15.603700708359426
2021-11-19,65.9,82.40370070835942,-16.503700708359418,16.503700708359418
2021-11-20,72.8,82.40370070835942,-9.603700708359426,9.603700708359426
2021-11-21,77.2,82.40370070835942,-5.2037007083594204,5.2037007083594204
2021-11-22,70.5,82.40370070835942,-11.903700708359423,11.903700708359423
2021-11-23,70.7,82.40370070835942,-11.70370070835942,11.70370070835942
2021-11-24,77.0,82.40370070835942,-5.403700708359423,5.403700708359423
2021-11-25,68.0,76.75602807505979,-8.756028075059788,8.756028075059788
2021-11-26,55.8,76.75602807505979,-20.95602807505979,20.95602807505979
2021-11-27,51.8,76.75602807505979,-24.95602807505979,24.95602807505979
2021-11-28,70.7,76.75602807505979,-6.0560280750597855,6.0560280750597855
2021-11-29,71.7,76.75602807505979,-5.0560280750597855,5.0560280750597855
2021-11-30,73.8,76.75602807505979,-2.956028075059791,2.956028075059791
2021-12-01,75.1,76.75602807505979,-1.656028075059794,1.656028075059794
2021-12-02,79.5,75.42762171658771,4.0723782834122915,4.0723782834122915
2021-12-03,74.5,75.42762171658771,-0.9276217165877085,0.9276217165877085
2021-12-04,77.3,75.42762171658771,1.8723782834122886,1.8723782834122886
2021-12-05,77.3,75.42762171658771,1.8723782834122886,1.8723782834122886
2021-12-06,72.8,75.42762171658771,-2.6276217165877114,2.6276217165877114
2021-12-07,68.8,75.42762171658771,-6.627621716587711,6.627621716587711
2021-12-08,77.2,75.42762171658771,1.7723782834122943,1.7723782834122943
2021-12-09,77.6,76.79394901781207,0.8060509821879265,0.8060509821879265
2021-12-10,84.1,76.79394901781207,7.3060509821879265,7.3060509821879265
2021-12-11,72.4,76.79394901781207,-4.393949017812062,4.393949017812062
2021-12-12,60.8,76.79394901781207,-15.99394901781207,15.99394901781207
2021-12-13,63.8,76.79394901781207,-12.99394901781207,12.99394901781207
2021-12-14,75.3,76.79394901781207,-1.4939490178120707,1.4939490178120707
2021-12-15,79.8,76.79394901781207,3.0060509821879293,3.0060509821879293
2021-12-16,78.6,79.3681048250052,-0.76810482500521,0.76810482500521
2021-12-17,78.1,79.3681048250052,-1.26810482500521,1.26810482500521
2021-12-18,71.9,79.3681048250052,-7.468104825005199,7.468104825005199
2021-12-19,54.4,79.3681048250052,-24.968104825005206,24.968104825005206
2021-12-20,59.0,79.3681048250052,-20.368104825005204,20.368104825005204
2021-12-21,66.6,79.3681048250052,-12.76810482500521,12.76810482500521
2021-12-22,74.0,79.3681048250052,-5.368104825005204,5.368104825005204
2021-12-23,70.3,73.88282294702485,-3.5828229470248516,3.5828229470248516
2021-12-24,77.5,73.88282294702485,3.6171770529751512,3.6171770529751512
2021-12-25,78.1,73.88282294702485,4.217177052975146,4.217177052975146
2021-12-26,75.4,73.88282294702485,1.517177052975157,1.517177052975157
2021-12-27,79.2,73.88282294702485,5.317177052975154,5.317177052975154
2021-12-28,72.9,73.88282294702485,-0.9828229470248431,0.9828229470248431
2021-12-29,80.5,73.88282294702485,6.617177052975151,6.617177052975151
2021-12-30,81.7,79.88268425575384,1.8173157442461587,1.8173157442461587
2021-12-31,81.4,79.88268425575384,1.5173157442461616,1.5173157442461616
2022-01-01,77.0,79.88268425575384,-2.882684255753844,2.882684255753844
2022-01-02,46.7,79.88268425575384,-33.18268425575384,33.18268425575384
2022-01-03,56.0,79.88268425575384,-23.882684255753844,23.882684255753844
2022-01-04,66.1,79.88268425575384,-13.78268425575385,13.78268425575385
2022-01-05,73.5,79.88268425575384,-6.382684255753844,6.382684255753844
2022-01-06,55.2,73.41029472207288,-18.210294722072874,18.210294722072874
2022-01-07,40.7,73.41029472207288,-32.710294722072874,32.710294722072874
2022-01-08,63.3,73.41029472207288,-10.11029472207288,10.11029472207288
2022-01-09,62.4,73.41029472207288,-11.010294722072878,11.010294722072878
2022-01-10,58.3,73.41029472207288,-15.11029472207288,15.11029472207288
2022-01-11,50.0,73.41029472207288,-23.410294722072877,23.410294722072877
2022-01-12,64.3,73.41029472207288,-9.11029472207288,9.11029472207288
2022-01-13,74.2,64.59939418682248,9.600605813177523,9.600605813177523
2022-01-14,77.5,64.59939418682248,12.90060581317752,12.90060581317752
2022-01-15,63.7,64.59939418682248,-0.8993941868224766,0.8993941868224766
2022-01-16,62.3,64.59939418682248,-2.2993941868224823,2.2993941868224823
2022-01-17,68.2,64.59939418682248,3.6006058131775234,3.6006058131775234
2022-01-18,74.2,64.59939418682248,9.600605813177523,9.600605813177523
2022-01-19,80.1,64.59939418682248,15.500605813177515,15.500605813177515
2022-01-20,43.0,79.56669764226365,-36.56669764226365,36.56669764226365
2022-01-21,49.3,79.56669764226365,-30.26669764226365,30.26669764226365
2022-01-22,53.8,79.56669764226365,-25.76669764226365,25.76669764226365
2022-01-23,57.8,79.56669764226365,-21.76669764226365,21.76669764226365
2022-01-24,52.8,79.56669764226365,-26.76669764226365,26.76669764226365
2022-01-25,52.9,79.56669764226365,-26.66669764226365,26.66669764226365
2022-01-26,53.6,79.56669764226365,-25.966697642263647,25.966697642263647
2022-01-27,59.8,55.93289664401823,3.8671033559817687,3.8671033559817687
2022-01-28,59.5,55.93289664401823,3.5671033559817715,3.5671033559817715
2022-01-29,66.5,55.93289664401823,10.567103355981772,10.567103355981772
2022-01-30,69.7,55.93289664401823,13.767103355981774,13.767103355981774
2022-01-31,58.1,55.93289664401823,2.167103355981773,2.167103355981773
2022-02-01,65.5,55.93289664401823,9.567103355981772,9.567103355981772
2022-02-02,58.3,55.93289664401823,2.3671033559817687,2.3671033559817687
2022-02-03,37.2,60.820783214939176,-23.620783214939173,23.620783214939173
2022-02-04,40.8,60.820783214939176,-20.02078321493918,20.02078321493918
2022-02-05,50.7,60.820783214939176,-10.120783214939173,10.120783214939173
2022-02-06,57.5,60.820783214939176,-3.3207832149391763,3.3207832149391763
2022-02-07,61.4,60.820783214939176,0.5792167850608223,0.5792167850608223
2022-02-08,67.3,60.820783214939176,6.479216785060821,6.479216785060821
2022-02-09,73.7,60.820783214939176,12.879216785060827,12.879216785060827
2022-02-10,73.2,73.69729269266467,-0.49729269266467213,0.49729269266467213
2022-02-11,75.5,73.69729269266467,1.802707307335325,1.802707307335325
2022-02-12,57.5,73.69729269266467,-16.197292692664675,16.197292692664675
2022-02-13,66.3,73.69729269266467,-7.397292692664678,7.397292692664678
2022-02-14,69.5,73.69729269266467,-4.197292692664675,4.197292692664675
2022-02-15,73.9,73.69729269266467,0.2027073073353307,0.2027073073353307
2022-02-16,75.4,73.69729269266467,1.7027073073353307,1.7027073073353307
2022-02-17,70.4,75.66029229830677,-5.260292298306766,5.260292298306766
2022-02-18,59.4,75.66029229830677,-16.260292298306773,16.260292298306773
2022-02-19,64.8,75.66029229830677,-10.860292298306774,10.860292298306774
2022-02-20,70.7,75.66029229830677,-4.9602922983067685,4.9602922983067685
2022-02-21,84.1,75.66029229830677,8.439707701693223,8.439707701693223
2022-02-22,85.2,75.66029229830677,9.539707701693231,9.539707701693231
2022-02-23,47.8,75.66029229830677,-27.860292298306774,27.860292298306774
2022-02-24,35.8,53.80560511052963,-18.005605110529636,18.005605110529636
2022-02-25,38.6,53.80560511052963,-15.205605110529632,15.205605110529632
2022-02-26,40.9,53.80560511052963,-12.905605110529635,12.905605110529635
2022-02-27,60.4,53.80560511052963,6.594394889470365,6.594394889470365
2022-02-28,65.6,53.80560511052963,11.794394889470361,11.794394889470361
2022-03-01,73.1,53.80560511052963,19.29439488947036,19.29439488947036
2022-03-02,75.1,53.80560511052963,21.29439488947036,21.29439488947036
2022-03-03,78.1,75.33551927578068,2.764480724219311,2.764480724219311
2022-03-04,77.0,75.33551927578068,1.6644807242193167,1.6644807242193167
2022-03-05,79.5,75.33551927578068,4.164480724219317,4.164480724219317
2022-03-06,80.5,75.33551927578068,5.164480724219317,5.164480724219317
2022-03-07,71.2,75.33551927578068,-4.1355192757806805,4.1355192757806805
2022-03-08,54.1,75.33551927578068,-21.235519275780682,21.235519275780682
2022-03-09,60.1,75.33551927578068,-15.235519275780682,15.235519275780682
2022-03-10,73.4,61.562959585820195,11.83704041417981,11.83704041417981
2022-03-11,62.4,61.562959585820195,0.8370404141798033,0.8370404141798033
2022-03-12,56.6,61.562959585820195,-4.962959585820194,4.962959585820194
2022-03-13,66.5,61.562959585820195,4.937040414179805,4.937040414179805
2022-03-14,80.9,61.562959585820195,19.33704041417981,19.33704041417981
2022-03-15,76.4,61.562959585820195,14.83704041417981,14.83704041417981
2022-03-16,81.7,61.562959585820195,20.137040414179808,20.137040414179808
2022-03-17,70.7,81.15309107226491,-10.453091072264911,10.453091072264911
2022-03-18,73.7,81.15309107226491,-7.453091072264911,7.453091072264911
2022-03-19,78.9,81.15309107226491,-2.2530910722649082,2.2530910722649082
2022-03-20,78.4,81.15309107226491,-2.7530910722649082,2.7530910722649082
2022-03-21,79.2,81.15309107226491,-1.953091072264911,1.953091072264911
2022-03-22,65.9,81.15309107226491,-15.253091072264908,15.253091072264908
2022-03-23,69.7,81.15309107226491,-11.453091072264911,11.453091072264911
2022-03-24,76.1,70.4316720118053,5.66832798819469,5.66832798819469
2022-03-25,84.3,70.4316720118053,13.868327988194693,13.868327988194693
2022-03-26,90.1,70.4316720118053,19.66832798819469,19.66832798819469
2022-03-27,86.5,70.4316720118053,16.068327988194696,16.068327988194696
2022-03-28,85.4,70.4316720118053,14.968327988194702,14.968327988194702
2022-03-29,79.0,70.4316720118053,8.568327988194696,8.568327988194696
2022-03-30,79.0,70.4316720118053,8.568327988194696,8.568327988194696
2022-03-31,75.9,79.13761009135442,-3.237610091354412,3.237610091354412
2022-04-01,81.7,79.13761009135442,2.562389908645585,2.562389908645585
2022-04-02,85.7,79.13761009135442,6.562389908645585,6.562389908645585
2022-04-03,85.3,79.13761009135442,6.162389908645579,6.162389908645579
2022-04-04,79.0,79.13761009135442,-0.13761009135441782,0.13761009135441782
2022-04-05,95.0,79.13761009135442,15.862389908645582,15.862389908645582
2022-04-06,79.1,79.13761009135442,-0.0376100913544235,0.0376100913544235
2022-04-07,77.2,80.33953865274859,-3.139538652748584,3.139538652748584
2022-04-08,78.4,80.33953865274859,-1.9395386527485812,1.9395386527485812
2022-04-09,87.4,80.33953865274859,7.060461347251419,7.060461347251419
2022-04-10,85.3,80.33953865274859,4.96046134725141,4.96046134725141
2022-04-11,81.7,80.33953865274859,1.360461347251416,1.360461347251416
2022-04-12,91.4,80.33953865274859,11.060461347251419,11.060461347251419
2022-04-13,92.8,80.33953865274859,12.46046134725141,12.46046134725141
2022-04-14,82.0,91.45909853534086,-9.459098535340857,9.459098535340857
2022-04-15,82.7,91.45909853534086,-8.759098535340854,8.759098535340854
2022-04-16,81.8,91.45909853534086,-9.65909853534086,9.65909853534086
2022-04-17,85.9,91.45909853534086,-5.559098535340851,5.559098535340851
2022-04-18,77.4,91.45909853534086,-14.059098535340851,14.059098535340851
2022-04-19,70.1,91.45909853534086,-21.359098535340863,21.359098535340863
2022-04-20,83.2,91.45909853534086,-8.259098535340854,8.259098535340854
2022-04-21,80.0,81.92448531705483,-1.924485317054831,1.924485317054831
2022-04-22,89.9,81.92448531705483,7.975514682945175,7.975514682945175
2022-04-23,86.5,81.92448531705483,4.575514682945169,4.575514682945169
2022-04-24,90.1,81.92448531705483,8.175514682945163,8.175514682945163
2022-04-25,74.2,81.92448531705483,-7.724485317054828,7.724485317054828
2022-04-26,76.3,81.92448531705483,-5.624485317054834,5.624485317054834
2022-04-27,78.1,81.92448531705483,-3.8244853170548367,3.8244853170548367
2022-04-28,86.4,78.12771757673076,8.272282423269246,8.272282423269246
2022-04-29,84.8,78.12771757673076,6.6722824232692375,6.6722824232692375
2022-04-30,89.0,78.12771757673076,10.87228242326924,10.87228242326924
2022-05-01,86.0,78.12771757673076,7.87228242326924,7.87228242326924
2022-05-02,82.4,78.12771757673076,4.272282423269246,4.272282423269246
2022-05-03,91.7,78.12771757673076,13.572282423269243,13.572282423269243
2022-05-04,88.7,78.12771757673076,10.572282423269243,10.572282423269243
2022-05-05,85.5,88.08558490971328,-2.585584909713276,2.585584909713276
2022-05-06,92.8,88.08558490971328,4.714415090286721,4.714415090286721
2022-05-07,95.7,88.08558490971328,7.614415090286727,7.614415090286727
2022-05-08,96.4,88.08558490971328,8.31441509028673,8.31441509028673
2022-05-09,94.4,88.08558490971328,6.3144150902867295,6.3144150902867295
2022-05-10,92.4,88.08558490971328,4.3144150902867295,4.3144150902867295
2022-05-11,92.5,88.08558490971328,4.414415090286724,4.414415090286724
2022-05-12,93.1,91.37012748478844,1.7298725152115537,1.7298725152115537
2022-05-13,90.2,91.37012748478844,-1.1701274847884378,1.1701274847884378
2022-05-14,94.1,91.37012748478844,2.7298725152115537,2.7298725152115537
2022-05-15,95.3,91.37012748478844,3.9298725152115566,3.9298725152115566
2022-05-16,97.5,91.37012748478844,6.129872515211559,6.129872515211559
2022-05-17,97.1,91.37012748478844,5.729872515211554,5.729872515211554
2022-05-18,97.0,91.37012748478844,5.629872515211559,5.629872515211559
2022-05-19,96.4,95.46387904885509,0.9361209511449147,0.9361209511449147
2022-05-20,95.4,95.46387904885509,-0.06387904885508533,0.06387904885508533
2022-05-21,98.5,95.46387904885509,3.036120951144909,3.036120951144909
2022-05-22,82.4,95.46387904885509,-13.063879048855085,13.063879048855085
2022-05-23,87.1,95.46387904885509,-8.363879048855097,8.363879048855097
2022-05-24,87.1,95.46387904885509,-8.363879048855097,8.363879048855097
2022-05-25,83.3,95.46387904885509,-12.163879048855094,12.163879048855094
2022-05-26,96.4,83.30847920378692,13.09152079621309,13.09152079621309
2022-05-27,96.4,83.30847920378692,13.09152079621309,13.09152079621309
2022-05-28,96.4,83.30847920378692,13.09152079621309,13.09152079621309
2022-05-29,96.8,83.30847920378692,13.49152079621308,13.49152079621308
2022-05-30,95.2,83.30847920378692,11.891520796213086,11.891520796213086
2022-05-31,96.4,83.30847920378692,13.09152079621309,13.09152079621309
2022-06-01,94.7,83.30847920378692,11.391520796213086,11.391520796213086
2022-06-02,90.4,93.49623576265073,-3.0962357626507213,3.0962357626507213
2022-06-03,91.8,93.49623576265073,-1.6962357626507298,1.6962357626507298
2022-06-04,92.0,93.49623576265073,-1.496235762650727,1.496235762650727
2022-06-05,98.2,93.49623576265073,4.703764237349276,4.703764237349276
2022-06-06,101.5,93.49623576265073,8.003764237349273,8.003764237349273
2022-06-07,101.0,93.49623576265073,7.503764237349273,7.503764237349273
2022-06-08,98.5,93.49623576265073,5.003764237349273,5.003764237349273
2022-06-09,98.5,97.02544705398277,1.4745529460172264,1.4745529460172264
2022-06-10,101.0,97.02544705398277,3.9745529460172264,3.9745529460172264
2022-06-11,102.2,97.02544705398277,5.174552946017229,5.174552946017229
2022-06-12,104.2,97.02544705398277,7.174552946017229,7.174552946017229
2022-06-13,101.1,97.02544705398277,4.074552946017221,4.074552946017221
2022-06-14,99.8,97.02544705398277,2.7745529460172236,2.7745529460172236
2022-06-15,95.6,97.02544705398277,-1.4254470539827793,1.4254470539827793
2022-06-16,102.0,94.53961695228185,7.460383047718153,7.460383047718153
2022-06-17,97.8,94.53961695228185,3.2603830477181504,3.2603830477181504
2022-06-18,99.2,94.53961695228185,4.660383047718156,4.660383047718156
2022-06-19,100.2,94.53961695228185,5.660383047718156,5.660383047718156
2022-06-20,101.1,94.53961695228185,6.5603830477181475,6.5603830477181475
2022-06-21,100.1,94.53961695228185,5.5603830477181475,5.5603830477181475
2022-06-22,99.0,94.53961695228185,4.460383047718153,4.460383047718153
2022-06-23,102.2,97.38047554379219,4.819524456207816,4.819524456207816
2022-06-24,101.4,97.38047554379219,4.019524456207819,4.019524456207819
2022-06-25,101.1,97.38047554379219,3.7195244562078074,3.7195244562078074
2022-06-26,100.9,97.38047554379219,3.5195244562078187,3.5195244562078187
2022-06-27,100.3,97.38047554379219,2.91952445620781,2.91952445620781
2022-06-28,91.2,97.38047554379219,-6.180475543792184,6.180475543792184
2022-06-29,97.5,97.38047554379219,0.11952445620781305,0.11952445620781305
2022-06-30,97.2,95.47881490422206,1.7211850957779404,1.7211850957779404
2022-07-01,95.0,95.47881490422206,-0.4788149042220624,0.4788149042220624
2022-07-02,99.8,95.47881490422206,4.321185095777935,4.321185095777935
2022-07-03,99.6,95.47881490422206,4.121185095777932,4.121185095777932
2022-07-04,98.9,95.47881490422206,3.4211850957779433,3.4211850957779433
2022-07-05,98.9,95.47881490422206,3.4211850957779433,3.4211850957779433
2022-07-06,101.4,95.47881490422206,5.921185095777943,5.921185095777943
2022-07-07,101.1,99.271586524581,1.8284134754189978,1.8284134754189978
2022-07-08,102.3,99.271586524581,3.0284134754190006,3.0284134754190006
2022-07-09,103.6,99.271586524581,4.328413475418998,4.328413475418998
2022-07-10,107.9,99.271586524581,8.62841347541901,8.62841347541901
2022-07-11,103.6,99.271586524581,4.328413475418998,4.328413475418998
2022-07-12,106.5,99.271586524581,7.2284134754190035,7.2284134754190035
2022-07-13,105.5,99.271586524581,6.2284134754190035,6.2284134754190035
2022-07-14,101.1,103.27339573914422,-2.173395739144226,2.173395739144226
2022-07-15,98.1,103.27339573914422,-5.173395739144226,5.173395739144226
2022-07-16,98.9,103.27339573914422,-4.373395739144215,4.373395739144215
2022-07-17,102.9,103.27339573914422,-0.37339573914421464,0.37339573914421464
2022-07-18,103.8,103.27339573914422,0.5266042608557768,0.5266042608557768
2022-07-19,105.1,103.27339573914422,1.826604260855774,1.826604260855774
2022-07-20,104.5,103.27339573914422,1.2266042608557797,1.2266042608557797
2022-07-21,101.6,102.34388295260042,-0.7438829526004298,0.7438829526004298
2022-07-22,101.5,102.34388295260042,-0.8438829526004241,0.8438829526004241
2022-07-23,102.0,102.34388295260042,-0.3438829526004241,0.3438829526004241
2022-07-24,101.9,102.34388295260042,-0.44388295260041843,0.44388295260041843
2022-07-25,102.0,102.34388295260042,-0.3438829526004241,0.3438829526004241
2022-07-26,102.3,102.34388295260042,-0.04388295260042696,0.04388295260042696
2022-07-27,101.3,102.34388295260042,-1.043882952600427,1.043882952600427
2022-07-28,101.3,99.47730253340896,1.8226974665910376,1.8226974665910376
2022-07-29,101.5,99.47730253340896,2.0226974665910404,2.0226974665910404
2022-07-30,102.2,99.47730253340896,2.7226974665910433,2.7226974665910433
2022-07-31,102.2,99.47730253340896,2.7226974665910433,2.7226974665910433
2022-08-01,100.3,99.47730253340896,0.8226974665910376,0.8226974665910376
2022-08-02,103.3,99.47730253340896,3.8226974665910376,3.8226974665910376
2022-08-03,103.7,99.47730253340896,4.222697466591043,4.222697466591043
2022-08-04,103.3,101.53356594098977,1.7664340590102228,1.7664340590102228
2022-08-05,101.8,101.53356594098977,0.26643405901022277,0.26643405901022277
2022-08-06,95.4,101.53356594098977,-6.133565940989769,6.133565940989769
2022-08-07,98.9,101.53356594098977,-2.6335659409897687,2.6335659409897687
2022-08-08,100.9,101.53356594098977,-0.6335659409897687,0.6335659409897687
2022-08-09,99.7,101.53356594098977,-1.8335659409897715,1.8335659409897715
2022-08-10,102.5,101.53356594098977,0.9664340590102256,0.9664340590102256
2022-08-11,99.6,100.27650189023541,-0.6765018902354143,0.6765018902354143
2022-08-12,100.6,100.27650189023541,0.3234981097645857,0.3234981097645857
2022-08-13,100.7,100.27650189023541,0.42349810976459423,0.42349810976459423
2022-08-14,91.8,100.27650189023541,-8.476501890235411,8.476501890235411
2022-08-15,100.1,100.27650189023541,-0.1765018902354143,0.1765018902354143
2022-08-16,99.0,100.27650189023541,-1.2765018902354086,1.2765018902354086
2022-08-17,101.0,100.27650189023541,0.7234981097645914,0.7234981097645914
2022-08-18,99.8,98.97508812206229,0.8249118779377085,0.8249118779377085
2022-08-19,92.1,98.97508812206229,-6.875088122062294,6.875088122062294
2022-08-20,98.0,98.97508812206229,-0.9750881220622887,0.9750881220622887
2022-08-21,92.1,98.97508812206229,-6.875088122062294,6.875088122062294
2022-08-22,96.4,98.97508812206229,-2.575088122062283,2.575088122062283
2022-08-23,90.4,98.97508812206229,-8.575088122062283,8.575088122062283
2022-08-24,93.2,98.97508812206229,-5.775088122062286,5.775088122062286
2022-08-25,95.1,91.84837265765593,3.251627342344065,3.251627342344065
2022-08-26,96.6,91.84837265765593,4.751627342344065,4.751627342344065
2022-08-27,97.1,91.84837265765593,5.251627342344065,5.251627342344065
2022-08-28,95.9,91.84837265765593,4.0516273423440765,4.0516273423440765
2022-08-29,97.3,91.84837265765593,5.451627342344068,5.451627342344068
2022-08-30,83.3,91.84837265765593,-8.548372657655932,8.548372657655932
2022-08-31,90.6,91.84837265765593,-1.2483726576559349,1.2483726576559349
2022-09-01,92.6,89.17033277545924,3.4296672245407507,3.4296672245407507
2022-09-02,93.3,89.17033277545924,4.1296672245407535,4.1296672245407535
2022-09-03,88.1,89.17033277545924,-1.0703327754592493,1.0703327754592493
2022-09-04,89.9,89.17033277545924,0.729667224540762,0.729667224540762
2022-09-05,92.2,89.17033277545924,3.029667224540759,3.029667224540759
2022-09-06,94.1,89.17033277545924,4.929667224540751,4.929667224540751
2022-09-07,93.8,89.17033277545924,4.6296672245407535,4.6296672245407535
2022-09-08,93.3,92.59529805782176,0.7047019421782323,0.7047019421782323
2022-09-09,92.8,92.59529805782176,0.20470194217823234,0.20470194217823234
2022-09-10,92.8,92.59529805782176,0.20470194217823234,0.20470194217823234
2022-09-11,91.7,92.59529805782176,-0.895298057821762,0.895298057821762
2022-09-12,91.6,92.59529805782176,-0.9952980578217705,0.9952980578217705
2022-09-13,93.3,92.59529805782176,0.7047019421782323,0.7047019421782323
2022-09-14,91.0,92.59529805782176,-1.5952980578217648,1.5952980578217648
2022-09-15,90.2,90.2171122013207,-0.017112201320699683,0.017112201320699683
2022-09-16,95.3,90.2171122013207,5.082887798679295,5.082887798679295
2022-09-17,96.7,90.2171122013207,6.4828877986793,6.4828877986793
2022-09-18,96.7,90.2171122013207,6.4828877986793,6.4828877986793
2022-09-19,96.6,90.2171122013207,6.382887798679292,6.382887798679292
2022-09-20,96.1,90.2171122013207,5.882887798679292,5.882887798679292
2022-09-21,96.5,90.2171122013207,6.2828877986792975,6.2828877986792975
2022-09-22,97.7,95.01880767581966,2.681192324180344,2.681192324180344
2022-09-23,96.9,95.01880767581966,1.881192324180347,1.881192324180347
2022-09-24,93.1,95.01880767581966,-1.9188076758196644,1.9188076758196644
2022-09-25,95.8,95.01880767581966,0.7811923241803385,0.7811923241803385
2022-09-26,91.4,95.01880767581966,-3.618807675819653,3.618807675819653
2022-09-27,90.7,95.01880767581966,-4.318807675819656,4.318807675819656
2022-09-28,90.8,95.01880767581966,-4.2188076758196615,4.2188076758196615
2022-09-29,91.7,89.85944955272868,1.840550447271326,1.840550447271326
2022-09-30,87.5,89.85944955272868,-2.3594495527286767,2.3594495527286767
2022-10-01,87.7,89.85944955272868,-2.159449552728674,2.159449552728674
2022-10-02,84.5,89.85944955272868,-5.359449552728677,5.359449552728677
2022-10-03,87.5,89.85944955272868,-2.3594495527286767,2.3594495527286767
2022-10-04,90.9,89.85944955272868,1.040550447271329,1.040550447271329
2022-10-05,88.8,89.85944955272868,-1.0594495527286796,1.0594495527286796
2022-10-06,90.8,88.18624609163219,2.613753908367812,2.613753908367812
2022-10-07,85.6,88.18624609163219,-2.5862460916321908,2.5862460916321908
2022-10-08,88.5,88.18624609163219,0.3137539083678149,0.3137539083678149
2022-10-09,87.5,88.18624609163219,-0.6862460916321851,0.6862460916321851
2022-10-10,87.9,88.18624609163219,-0.2862460916321794,0.2862460916321794
2022-10-11,89.4,88.18624609163219,1.2137539083678206,1.2137539083678206
2022-10-12,95.3,88.18624609163219,7.113753908367812,7.113753908367812
2022-10-13,89.4,93.454654842041,-4.054654842040989,4.054654842040989
2022-10-14,89.5,93.454654842041,-3.954654842040995,3.954654842040995
2022-10-15,92.3,93.454654842041,-1.1546548420409977,1.1546548420409977
2022-10-16,91.5,93.454654842041,-1.9546548420409948,1.9546548420409948
2022-10-17,74.7,93.454654842041,-18.754654842040992,18.754654842040992
2022-10-18,69.1,93.454654842041,-24.354654842041,24.354654842041
2022-10-19,74.1,93.454654842041,-19.354654842041,19.354654842041
2022-10-20,85.3,74.29444713500986,11.005552864990136,11.005552864990136
2022-10-21,87.4,74.29444713500986,13.105552864990145,13.105552864990145
2022-10-22,88.0,74.29444713500986,13.705552864990139,13.705552864990139
2022-10-23,87.1,74.29444713500986,12.805552864990133,12.805552864990133
2022-10-24,84.8,74.29444713500986,10.505552864990136,10.505552864990136
2022-10-25,75.6,74.29444713500986,1.3055528649901333,1.3055528649901333
2022-10-26,75.4,74.29444713500986,1.1055528649901447,1.1055528649901447
2022-10-27,80.6,75.92679318925309,4.673206810746905,4.673206810746905
2022-10-28,65.8,75.92679318925309,-10.126793189253092,10.126793189253092
2022-10-29,70.4,75.92679318925309,-5.526793189253084,5.526793189253084
2022-10-30,76.5,75.92679318925309,0.5732068107469104,0.5732068107469104
2022-10-31,78.4,75.92679318925309,2.473206810746916,2.473206810746916
2022-11-01,68.5,75.92679318925309,-7.42679318925309,7.42679318925309
2022-11-02,76.6,75.92679318925309,0.6732068107469047,0.6732068107469047
2022-11-03,82.5,76.33193093864665,6.16806906135335,6.16806906135335
2022-11-04,85.6,76.33193093864665,9.268069061353344,9.268069061353344
2022-11-05,70.9,76.33193093864665,-5.431930938646644,5.431930938646644
2022-11-06,82.5,76.33193093864665,6.16806906135335,6.16806906135335
2022-11-07,83.7,76.33193093864665,7.368069061353353,7.368069061353353
2022-11-08,77.2,76.33193093864665,0.8680690613533528,0.8680690613533528
2022-11-09,81.7,76.33193093864665,5.368069061353353,5.368069061353353
2022-11-10,81.7,81.24652636727365,0.4534736327263573,0.4534736327263573
2022-11-11,76.7,81.24652636727365,-4.546526367273643,4.546526367273643
2022-11-12,56.9,81.24652636727365,-24.346526367273647,24.346526367273647
2022-11-13,57.3,81.24652636727365,-23.94652636727365,23.94652636727365
2022-11-14,53.3,81.24652636727365,-27.94652636727365,27.94652636727365
2022-11-15,50.7,81.24652636727365,-30.546526367273643,30.546526367273643
2022-11-16,56.3,81.24652636727365,-24.94652636727365,24.94652636727365
2022-11-17,57.4,58.00786632233272,-0.6078663223327183,0.6078663223327183
2022-11-18,55.8,58.00786632233272,-2.2078663223327197,2.2078663223327197
2022-11-19,48.0,58.00786632233272,-10.007866322332717,10.007866322332717
2022-11-20,46.9,58.00786632233272,-11.107866322332718,11.107866322332718
2022-11-21,45.6,58.00786632233272,-12.407866322332715,12.407866322332715
2022-11-22,54.8,58.00786632233272,-3.2078663223327197,3.2078663223327197
2022-11-23,63.5,58.00786632233272,5.492133677667283,5.492133677667283
2022-11-24,66.8,64.21459925272983,2.585400747270171,2.585400747270171
2022-11-25,61.7,64.21459925272983,-2.5145992527298233,2.5145992527298233
2022-11-26,60.1,64.21459925272983,-4.114599252729825,4.114599252729825
2022-11-27,71.4,64.21459925272983,7.1854007472701795,7.1854007472701795
2022-11-28,75.6,64.21459925272983,11.385400747270168,11.385400747270168
2022-11-29,82.8,64.21459925272983,18.58540074727017,18.58540074727017
2022-11-30,61.8,64.21459925272983,-2.414599252729829,2.414599252729829
2022-12-01,53.1,65.13758619045203,-12.037586190452025,12.037586190452025
2022-12-02,67.1,65.13758619045203,1.962413809547968,1.962413809547968
2022-12-03,65.9,65.13758619045203,0.7624138095479793,0.7624138095479793
2022-12-04,57.5,65.13758619045203,-7.637586190452026,7.637586190452026
2022-12-05,77.2,65.13758619045203,12.062413809547976,12.062413809547976
2022-12-06,79.2,65.13758619045203,14.062413809547976,14.062413809547976
2022-12-07,81.2,65.13758619045203,16.062413809547976,16.062413809547976
2022-12-08,80.6,80.92161695537119,-0.32161695537119783,0.32161695537119783
2022-12-09,79.0,80.92161695537119,-1.9216169553711921,1.9216169553711921
2022-12-10,77.2,80.92161695537119,-3.7216169553711893,3.7216169553711893
2022-12-11,66.2,80.92161695537119,-14.72161695537119,14.72161695537119
2022-12-12,70.3,80.92161695537119,-10.621616955371195,10.621616955371195
2022-12-13,77.2,80.92161695537119,-3.7216169553711893,3.7216169553711893
2022-12-14,67.1,80.92161695537119,-13.821616955371198,13.821616955371198
2022-12-15,64.0,69.06385056001419,-5.063850560014188,5.063850560014188
2022-12-16,54.0,69.06385056001419,-15.063850560014188,15.063850560014188
2022-12-17,58.1,69.06385056001419,-10.963850560014187,10.963850560014187
2022-12-18,54.9,69.06385056001419,-14.16385056001419,14.16385056001419
2022-12-19,49.9,69.06385056001419,-19.16385056001419,19.16385056001419
2022-12-20,51.3,69.06385056001419,-17.76385056001419,17.76385056001419
2022-12-21,48.5,69.06385056001419,-20.56385056001419,20.56385056001419
2022-12-22,57.4,51.56294738449789,5.83705261550211,5.83705261550211
2022-12-23,31.6,51.56294738449789,-19.962947384497888,19.962947384497888
2022-12-24,40.1,51.56294738449789,-11.462947384497888,11.462947384497888
2022-12-25,53.1,51.56294738449789,1.5370526155021125,1.5370526155021125
2022-12-26,63.3,51.56294738449789,11.737052615502108,11.737052615502108
2022-12-27,57.7,51.56294738449789,6.137052615502114,6.137052615502114
2022-12-28,76.6,51.56294738449789,25.037052615502105,25.037052615502105
2022-12-29,74.4,75.37739743161414,-0.9773974316141363,0.9773974316141363
2022-12-30,66.1,75.37739743161414,-9.277397431614148,9.277397431614148
2022-12-31,76.7,75.37739743161414,1.3226025683858609,1.3226025683858609
2023-01-01,78.1,75.37739743161414,2.7226025683858524,2.7226025683858524
2023-01-02,82.0,75.37739743161414,6.622602568385858,6.622602568385858
2023-01-03,73.3,75.37739743161414,-2.077397431614145,2.077397431614145
2023-01-04,73.0,75.37739743161414,-2.377397431614142,2.377397431614142
2023-01-05,67.3,73.73579250434555,-6.435792504345557,6.435792504345557
2023-01-06,78.3,73.73579250434555,4.564207495654443,4.564207495654443
2023-01-07,75.5,73.73579250434555,1.7642074956544462,1.7642074956544462
2023-01-08,68.5,73.73579250434555,-5.235792504345554,5.235792504345554
2023-01-09,73.4,73.73579250434555,-0.3357925043455481,0.3357925043455481
2023-01-10,83.1,73.73579250434555,9.36420749565444,9.36420749565444
2023-01-11,76.9,73.73579250434555,3.164207495654452,3.164207495654452
2023-01-12,67.9,77.64051813183747,-9.740518131837462,9.740518131837462
2023-01-13,63.4,77.64051813183747,-14.240518131837469,14.240518131837469
2023-01-14,64.8,77.64051813183747,-12.84051813183747,12.84051813183747
2023-01-15,72.4,77.64051813183747,-5.240518131837462,5.240518131837462
2023-01-16,76.9,77.64051813183747,-0.7405181318374616,0.7405181318374616
2023-01-17,79.6,77.64051813183747,1.959481868162527,1.959481868162527
2023-01-18,76.9,77.64051813183747,-0.7405181318374616,0.7405181318374616
2023-01-19,68.3,77.39766342781657,-9.09766342781657,9.09766342781657
2023-01-20,57.5,77.39766342781657,-19.897663427816568,19.897663427816568
2023-01-21,63.2,77.39766342781657,-14.197663427816565,14.197663427816565
2023-01-22,61.5,77.39766342781657,-15.897663427816568,15.897663427816568
2023-01-23,58.4,77.39766342781657,-18.99766342781657,18.99766342781657
2023-01-24,53.1,77.39766342781657,-24.297663427816566,24.297663427816566
2023-01-25,55.2,77.39766342781657,-22.197663427816565,22.197663427816565
2023-01-26,57.1,57.30512221055757,-0.20512221055756896,0.20512221055756896
2023-01-27,55.9,57.30512221055757,-1.4051222105575718,1.4051222105575718
2023-01-28,59.8,57.30512221055757,2.4948777894424268,2.4948777894424268
2023-01-29,74.3,57.30512221055757,16.994877789442427,16.994877789442427
2023-01-30,40.8,57.30512221055757,-16.505122210557573,16.505122210557573
2023-01-31,32.3,57.30512221055757,-25.005122210557573,25.005122210557573
2023-02-01,32.1,57.30512221055757,-25.20512221055757,25.20512221055757
2023-02-02,39.4,36.49081891822948,2.9091810817705195,2.9091810817705195
2023-02-03,49.6,36.49081891822948,13.109181081770522,13.109181081770522
2023-02-04,62.7,36.49081891822948,26.209181081770524,26.209181081770524
2023-02-05,74.3,36.49081891822948,37.80918108177052,37.80918108177052
2023-02-06,74.0,36.49081891822948,37.50918108177052,37.50918108177052
2023-02-07,70.2,36.49081891822948,33.709181081770524,33.709181081770524
2023-02-08,58.3,36.49081891822948,21.809181081770518,21.809181081770518
2023-02-09,73.9,61.259085137063146,12.64091486293686,12.64091486293686
2023-02-10,54.8,61.259085137063146,-6.459085137063148,6.459085137063148
2023-02-11,59.7,61.259085137063146,-1.5590851370631427,1.5590851370631427
2023-02-12,64.4,61.259085137063146,3.14091486293686,3.14091486293686
2023-02-13,69.3,61.259085137063146,8.040914862936852,8.040914862936852
2023-02-14,80.0,61.259085137063146,18.740914862936854,18.740914862936854
2023-02-15,79.5,61.259085137063146,18.240914862936854,18.240914862936854
2023-02-16,70.8,79.5151041709743,-8.7151041709743,8.7151041709743
2023-02-17,53.3,79.5151041709743,-26.2151041709743,26.2151041709743
2023-02-18,56.4,79.5151041709743,-23.1151041709743,23.1151041709743
2023-02-19,75.3,79.5151041709743,-4.2151041709743,4.2151041709743
2023-02-20,82.3,79.5151041709743,2.7848958290257,2.7848958290257
2023-02-21,83.1,79.5151041709743,3.5848958290256974,3.5848958290256974
2023-02-22,89.6,79.5151041709743,10.084895829025697,10.084895829025697
2023-02-23,78.1,88.2084097221435,-10.108409722143506,10.108409722143506
2023-02-24,57.5,88.2084097221435,-30.7084097221435,30.7084097221435
2023-02-25,64.0,88.2084097221435,-24.2084097221435,24.2084097221435
2023-02-26,80.0,88.2084097221435,-8.2084097221435,8.2084097221435
2023-02-27,82.4,88.2084097221435,-5.8084097221434945,5.8084097221434945
2023-02-28,82.5,88.2084097221435,-5.7084097221435,5.7084097221435
2023-03-01,83.0,88.2084097221435,-5.2084097221435,5.2084097221435
2023-03-02,80.6,82.69799563698452,-2.097995636984521,2.097995636984521
2023-03-03,72.7,82.69799563698452,-9.997995636984513,9.997995636984513
2023-03-04,79.2,82.69799563698452,-3.4979956369845127,3.4979956369845127
2023-03-05,78.7,82.69799563698452,-3.9979956369845127,3.9979956369845127
2023-03-06,79.6,82.69799563698452,-3.097995636984521,3.097995636984521
2023-03-07,80.4,82.69799563698452,-2.29799563698451,2.29799563698451
2023-03-08,79.5,82.69799563698452,-3.1979956369845155,3.1979956369845155
2023-03-09,84.3,79.62343769577946,4.676562304220539,4.676562304220539
2023-03-10,73.0,79.62343769577946,-6.623437695779458,6.623437695779458
2023-03-11,87.7,79.62343769577946,8.076562304220545,8.076562304220545
2023-03-12,73.7,79.62343769577946,-5.923437695779455,5.923437695779455
2023-03-13,68.3,79.62343769577946,-11.323437695779461,11.323437695779461
2023-03-14,66.6,79.62343769577946,-13.023437695779464,13.023437695779464
2023-03-15,73.8,79.62343769577946,-5.823437695779461,5.823437695779461
2023-03-16,80.9,73.80344411099212,7.096555889007888,7.096555889007888
2023-03-17,57.3,73.80344411099212,-16.50344411099212,16.50344411099212
2023-03-18,53.1,73.80344411099212,-20.703444110992116,20.703444110992116
2023-03-19,59.5,73.80344411099212,-14.303444110992118,14.303444110992118
2023-03-20,56.0,73.80344411099212,-17.803444110992118,17.803444110992118
2023-03-21,69.1,73.80344411099212,-4.703444110992123,4.703444110992123
2023-03-22,77.8,73.80344411099212,3.9965558890078796,3.9965558890078796
2023-03-23,82.2,77.21366821987039,4.986331780129618,4.986331780129618
2023-03-24,86.6,77.21366821987039,9.38633178012961,9.38633178012961
2023-03-25,81.2,77.21366821987039,3.9863317801296176,3.9863317801296176
2023-03-26,80.5,77.21366821987039,3.286331780129615,3.286331780129615
2023-03-27,77.8,77.21366821987039,0.586331780129612,0.586331780129612
2023-03-28,70.6,77.21366821987039,-6.613668219870391,6.613668219870391
2023-03-29,72.8,77.21366821987039,-4.413668219870388,4.413668219870388
2023-03-30,74.8,73.33878104381989,1.4612189561801046,1.4612189561801046
2023-03-31,88.2,73.33878104381989,14.86121895618011,14.86121895618011
2023-04-01,81.6,73.33878104381989,8.261218956180102,8.261218956180102
2023-04-02,84.3,73.33878104381989,10.961218956180105,10.961218956180105
2023-04-03,90.8,73.33878104381989,17.461218956180105,17.461218956180105
2023-04-04,86.6,73.33878104381989,13.261218956180102,13.261218956180102
2023-04-05,76.6,73.33878104381989,3.2612189561801017,3.2612189561801017
2023-04-06,61.3,77.75064570858505,-16.450645708585057,16.450645708585057
2023-04-07,53.7,77.75064570858505,-24.05064570858505,24.05064570858505
2023-04-08,62.0,77.75064570858505,-15.750645708585054,15.750645708585054
2023-04-09,71.9,77.75064570858505,-5.8506457085850485,5.8506457085850485
2023-04-10,72.2,77.75064570858505,-5.550645708585051,5.550645708585051
2023-04-11,75.1,77.75064570858505,-2.65064570858506,2.65064570858506
2023-04-12,77.5,77.75064570858505,-0.2506457085850542,0.2506457085850542
2023-04-13,78.7,77.52716629807398,1.1728337019260238,1.1728337019260238
2023-04-14,78.6,77.52716629807398,1.0728337019260152,1.0728337019260152
2023-04-15,92.0,77.52716629807398,14.472833701926021,14.472833701926021
2023-04-16,74.5,77.52716629807398,-3.027166298073979,3.027166298073979
2023-04-17,78.1,77.52716629807398,0.5728337019260152,0.5728337019260152
2023-04-18,78.7,77.52716629807398,1.1728337019260238,1.1728337019260238
2023-04-19,80.1,77.52716629807398,2.5728337019260152,2.5728337019260152
2023-04-20,86.0,79.98396858594491,6.016031414055092,6.016031414055092
2023-04-21,80.0,79.98396858594491,0.01603141405509234,0.01603141405509234
2023-04-22,78.6,79.98396858594491,-1.3839685859449133,1.3839685859449133
2023-04-23,68.2,79.98396858594491,-11.783968585944905,11.783968585944905
2023-04-24,69.7,79.98396858594491,-10.283968585944905,10.283968585944905
2023-04-25,73.9,79.98396858594491,-6.083968585944902,6.083968585944902
2023-04-26,84.3,79.98396858594491,4.3160314140550895,4.3160314140550895
2023-04-27,80.5,83.06245761826659,-2.562457618266592,2.562457618266592
2023-04-28,83.5,83.06245761826659,0.4375423817334081,0.4375423817334081
2023-04-29,75.5,83.06245761826659,-7.562457618266592,7.562457618266592
2023-04-30,89.4,83.06245761826659,6.337542381733414,6.337542381733414
2023-05-01,82.9,83.06245761826659,-0.16245761826658622,0.16245761826658622
2023-05-02,79.7,83.06245761826659,-3.362457618266589,3.362457618266589
2023-05-03,84.3,83.06245761826659,1.2375423817334053,1.2375423817334053
2023-05-04,84.0,83.57600967217134,0.42399032782866186,0.42399032782866186
2023-05-05,92.3,83.57600967217134,8.723990327828659,8.723990327828659
2023-05-06,88.7,83.57600967217134,5.123990327828665,5.123990327828665
2023-05-07,85.4,83.57600967217134,1.8239903278286675,1.8239903278286675
2023-05-08,90.7,83.57600967217134,7.123990327828665,7.123990327828665
2023-05-09,75.6,83.57600967217134,-7.976009672171344,7.976009672171344
2023-05-10,81.6,83.57600967217134,-1.9760096721713438,1.9760096721713438
2023-05-11,89.3,81.08536706643001,8.214632933569987,8.214632933569987
2023-05-12,86.7,81.08536706643001,5.614632933569993,5.614632933569993
2023-05-13,77.6,81.08536706643001,-3.4853670664300154,3.4853670664300154
2023-05-14,83.7,81.08536706643001,2.614632933569993,2.614632933569993
2023-05-15,84.3,81.08536706643001,3.2146329335699875,3.2146329335699875
2023-05-16,82.2,81.08536706643001,1.1146329335699932,1.1146329335699932
2023-05-17,88.5,81.08536706643001,7.41463293356999,7.41463293356999
2023-05-18,89.4,87.24242155133207,2.157578448667934,2.157578448667934
2023-05-19,90.5,87.24242155133207,3.2575784486679282,3.2575784486679282
2023-05-20,82.4,87.24242155133207,-4.842421551332066,4.842421551332066
2023-05-21,73.4,87.24242155133207,-13.842421551332066,13.842421551332066
2023-05-22,84.3,87.24242155133207,-2.9424215513320746,2.9424215513320746
2023-05-23,90.1,87.24242155133207,2.8575784486679225,2.8575784486679225
2023-05-24,83.3,87.24242155133207,-3.9424215513320746,3.9424215513320746
2023-05-25,83.3,83.51269673784755,-0.21269673784755128,0.21269673784755128
2023-05-26,87.8,83.51269673784755,4.287303262152449,4.287303262152449
2023-05-27,86.5,83.51269673784755,2.9873032621524516,2.9873032621524516
2023-05-28,84.5,83.51269673784755,0.9873032621524516,0.9873032621524516
2023-05-29,85.0,83.51269673784755,1.4873032621524516,1.4873032621524516
2023-05-30,88.7,83.51269673784755,5.187303262152454,5.187303262152454
2023-05-31,89.3,83.51269673784755,5.787303262152449,5.787303262152449
2023-06-01,89.4,88.39009316668465,1.0099068333153554,1.0099068333153554
2023-06-02,89.4,88.39009316668465,1.0099068333153554,1.0099068333153554
2023-06-03,91.7,88.39009316668465,3.3099068333153525,3.3099068333153525
2023-06-04,80.6,88.39009316668465,-7.790093166684656,7.790093166684656
2023-06-05,85.5,88.39009316668465,-2.8900931666846503,2.8900931666846503
2023-06-06,87.1,88.39009316668465,-1.290093166684656,1.290093166684656
2023-06-07,89.4,88.39009316668465,1.0099068333153554,1.0099068333153554
2023-06-08,87.5,88.35630166653483,-0.8563016665348329,0.8563016665348329
2023-06-09,97.9,88.35630166653483,9.543698333465173,9.543698333465173
2023-06-10,96.1,88.35630166653483,7.7436983334651615,7.7436983334651615
2023-06-11,97.3,88.35630166653483,8.943698333465164,8.943698333465164
2023-06-12,95.6,88.35630166653483,7.2436983334651615,7.2436983334651615
2023-06-13,92.8,88.35630166653483,4.443698333465164,4.443698333465164
2023-06-14,94.5,88.35630166653483,6.143698333465167,6.143698333465167
2023-06-15,98.7,93.07816392778462,5.6218360722153875,5.6218360722153875
2023-06-16,101.1,93.07816392778462,8.021836072215379,8.021836072215379
2023-06-17,95.4,93.07816392778462,2.3218360722153903,2.3218360722153903
2023-06-18,104.1,93.07816392778462,11.021836072215379,11.021836072215379
2023-06-19,101.3,93.07816392778462,8.221836072215382,8.221836072215382
2023-06-20,103.3,93.07816392778462,10.221836072215382,10.221836072215382
2023-06-21,101.9,93.07816392778462,8.82183607221539,8.82183607221539
2023-06-22,92.3,100.02831434242299,-7.7283143424229905,7.7283143424229905
2023-06-23,97.8,100.02831434242299,-2.2283143424229905,2.2283143424229905
2023-06-24,100.5,100.02831434242299,0.4716856575770123,0.4716856575770123
2023-06-25,99.8,100.02831434242299,-0.22831434242299053,0.22831434242299053
2023-06-26,101.5,100.02831434242299,1.4716856575770123,1.4716856575770123
2023-06-27,102.6,100.02831434242299,2.5716856575770066,2.5716856575770066
2023-06-28,101.3,100.02831434242299,1.2716856575770095,1.2716856575770095
2023-06-29,98.8,99.48202445686596,-0.6820244568659604,0.6820244568659604
2023-06-30,99.1,99.48202445686596,-0.3820244568659632,0.3820244568659632
2023-07-01,99.2,99.48202445686596,-0.2820244568659547,0.2820244568659547
2023-07-02,96.1,99.48202445686596,-3.382024456865963,3.382024456865963
2023-07-03,96.2,99.48202445686596,-3.2820244568659547,3.2820244568659547
2023-07-04,95.2,99.48202445686596,-4.282024456865955,4.282024456865955
2023-07-05,96.8,99.48202445686596,-2.6820244568659604,2.6820244568659604
2023-07-06,89.3,95.17146806293536,-5.871468062935364,5.871468062935364
2023-07-07,92.2,95.17146806293536,-2.971468062935358,2.971468062935358
2023-07-08,100.6,95.17146806293536,5.428531937064633,5.428531937064633
2023-07-09,100.5,95.17146806293536,5.328531937064639,5.328531937064639
2023-07-10,104.0,95.17146806293536,8.82853193706464,8.82853193706464
2023-07-11,101.6,95.17146806293536,6.428531937064633,6.428531937064633
2023-07-12,105.9,95.17146806293536,10.728531937064645,10.728531937064645
2023-07-13,105.4,103.23925426462718,2.160745735372828,2.160745735372828
2023-07-14,104.2,103.23925426462718,0.960745735372825,0.960745735372825
2023-07-15,104.5,103.23925426462718,1.2607457353728222,1.2607457353728222
2023-07-16,104.0,103.23925426462718,0.7607457353728222,0.7607457353728222
2023-07-17,105.6,103.23925426462718,2.3607457353728165,2.3607457353728165
2023-07-18,105.1,103.23925426462718,1.8607457353728165,1.8607457353728165
2023-07-19,103.8,103.23925426462718,0.5607457353728194,0.5607457353728194
2023-07-20,103.2,101.78055017912597,1.4194498208740356,1.4194498208740356
2023-07-21,101.6,101.78055017912597,-0.18055017912597293,0.18055017912597293
2023-07-22,103.2,101.78055017912597,1.4194498208740356,1.4194498208740356
2023-07-23,103.2,101.78055017912597,1.4194498208740356,1.4194498208740356
2023-07-24,101.8,101.78055017912597,0.01944982087402991,0.01944982087402991
2023-07-25,102.0,101.78055017912597,0.21944982087403275,0.21944982087403275
2023-07-26,101.5,101.78055017912597,-0.28055017912596725,0.28055017912596725
2023-07-27,100.6,99.62350109909241,0.9764989009075862,0.9764989009075862
2023-07-28,99.5,99.62350109909241,-0.12350109909240814,0.12350109909240814
2023-07-29,100.4,99.62350109909241,0.7764989009075975,0.7764989009075975
2023-07-30,101.6,99.62350109909241,1.9764989009075862,1.9764989009075862
2023-07-31,104.1,99.62350109909241,4.476498900907586,4.476498900907586
2023-08-01,103.2,99.62350109909241,3.5764989009075947,3.5764989009075947
2023-08-02,103.9,99.62350109909241,4.2764989009075975,4.2764989009075975
2023-08-03,102.6,101.719283977545,0.8807160224549904,0.8807160224549904
2023-08-04,104.0,101.719283977545,2.280716022454996,2.280716022454996
2023-08-05,104.6,101.719283977545,2.8807160224549904,2.8807160224549904
2023-08-06,104.0,101.719283977545,2.280716022454996,2.280716022454996
2023-08-07,105.7,101.719283977545,3.980716022454999,3.980716022454999
2023-08-08,105.0,101.719283977545,3.280716022454996,3.280716022454996
2023-08-09,107.1,101.719283977545,5.38071602245499,5.38071602245499
2023-08-10,106.7,104.52239533889613,2.177604661103871,2.177604661103871
2023-08-11,105.7,104.52239533889613,1.1776046611038709,1.1776046611038709
2023-08-12,105.1,104.52239533889613,0.5776046611038623,0.5776046611038623
2023-08-13,105.1,104.52239533889613,0.5776046611038623,0.5776046611038623
2023-08-14,105.2,104.52239533889613,0.6776046611038709,0.6776046611038709
2023-08-15,100.2,104.52239533889613,-4.322395338896129,4.322395338896129
2023-08-16,102.7,104.52239533889613,-1.8223953388961291,1.8223953388961291
2023-08-17,107.2,100.52155008716335,6.678449912836655,6.678449912836655
2023-08-18,104.3,100.52155008716335,3.778449912836649,3.778449912836649
2023-08-19,103.5,100.52155008716335,2.978449912836652,2.978449912836652
2023-08-20,105.2,100.52155008716335,4.678449912836655,4.678449912836655
2023-08-21,103.4,100.52155008716335,2.8784499128366576,2.8784499128366576
2023-08-22,97.9,100.52155008716335,-2.6215500871633424,2.6215500871633424
2023-08-23,100.1,100.52155008716335,-0.42155008716335374,0.42155008716335374
2023-08-24,104.5,98.18795124950915,6.312048750490845,6.312048750490845
2023-08-25,105.3,98.18795124950915,7.1120487504908425,7.1120487504908425
2023-08-26,105.7,98.18795124950915,7.512048750490848,7.512048750490848
2023-08-27,108.1,98.18795124950915,9.91204875049084,9.91204875049084
2023-08-28,99.1,98.18795124950915,0.9120487504908397,0.9120487504908397
2023-08-29,98.5,98.18795124950915,0.31204875049084535,0.31204875049084535
2023-08-30,100.2,98.18795124950915,2.012048750490848,2.012048750490848
2023-08-31,101.1,98.29234717634246,2.807652823657534,2.807652823657534
2023-09-01,98.6,98.29234717634246,0.3076528236575342,0.3076528236575342
2023-09-02,99.5,98.29234717634246,1.20765282365754,1.20765282365754
2023-09-03,100.3,98.29234717634246,2.007652823657537,2.007652823657537
2023-09-04,101.4,98.29234717634246,3.1076528236575456,3.1076528236575456
2023-09-05,102.4,98.29234717634246,4.107652823657546,4.107652823657546
2023-09-06,101.4,98.29234717634246,3.1076528236575456,3.1076528236575456
2023-09-07,104.3,99.5941841538052,4.705815846194795,4.705815846194795
2023-09-08,106.1,99.5941841538052,6.505815846194793,6.505815846194793
2023-09-09,102.6,99.5941841538052,3.0058158461947926,3.0058158461947926
2023-09-10,98.2,99.5941841538052,-1.394184153805199,1.394184153805199
2023-09-11,96.6,99.5941841538052,-2.9941841538052074,2.9941841538052074
2023-09-12,93.0,99.5941841538052,-6.594184153805202,6.594184153805202
2023-09-13,88.6,99.5941841538052,-10.994184153805207,10.994184153805207
2023-09-14,93.0,88.25540373078415,4.744596269215847,4.744596269215847
2023-09-15,88.3,88.25540373078415,0.044596269215844586,0.044596269215844586
2023-09-16,84.3,88.25540373078415,-3.9554037307841554,3.9554037307841554
2023-09-17,91.9,88.25540373078415,3.644596269215853,3.644596269215853
2023-09-18,94.9,88.25540373078415,6.644596269215853,6.644596269215853
2023-09-19,96.3,88.25540373078415,8.044596269215845,8.044596269215845
2023-09-20,98.1,88.25540373078415,9.844596269215842,9.844596269215842
2023-09-21,95.6,96.35465665359669,-0.7546566535966974,0.7546566535966974
2023-09-22,98.6,96.35465665359669,2.2453433464033026,2.2453433464033026
2023-09-23,100.0,96.35465665359669,3.6453433464033083,3.6453433464033083
2023-09-24,101.8,96.35465665359669,5.445343346403305,5.445343346403305
2023-09-25,95.1,96.35465665359669,-1.2546566535966974,1.2546566535966974
2023-09-26,95.3,96.35465665359669,-1.0546566535966946,1.0546566535966946
