Date,Actual_Temp,Hybrid_Prediction,Actual_HeatWave,Predicted_HeatWave,Actual_Risk,Predicted_Risk
2018-01-25,65.5,65.09668908365158,0,0,Normal,Normal
2018-01-26,67.1,66.98707036665732,0,0,Normal,Normal
2018-01-27,68.2,68.45954004995014,0,0,Normal,Normal
2018-01-28,70.0,70.10034152503134,0,0,Normal,Normal
2018-01-29,67.4,66.49133444607831,0,0,Normal,Normal
2018-01-30,65.1,64.48020092482281,0,0,Normal,Normal
2018-01-31,71.6,70.93462109428435,0,0,Normal,Normal
2018-02-01,71.8,71.69086086405541,0,0,Normal,Normal
2018-02-02,57.4,57.99859573520611,0,0,Normal,Normal
2018-02-03,56.0,56.16992325901532,0,0,Normal,Normal
2018-02-04,74.2,71.52398680461498,0,0,Normal,Normal
2018-02-05,54.9,55.19620455640702,0,0,Normal,Normal
2018-02-06,54.2,53.54629112471502,0,0,Normal,Normal
2018-02-07,47.5,46.18732788872617,0,0,Normal,Normal
2018-02-08,58.4,58.4627552127165,0,0,Normal,Normal
2018-02-09,63.6,63.79053473006103,0,0,Normal,Normal
2018-02-10,61.7,61.69027854780472,0,0,Normal,Normal
2018-02-11,41.7,42.07033374898167,0,0,Normal,Normal
2018-02-12,42.3,42.56663723808526,0,0,Normal,Normal
2018-02-13,46.7,46.39537034370732,0,0,Normal,Normal
2018-02-14,70.7,68.74953639033943,0,0,Normal,Normal
2018-02-15,75.1,74.8936876475345,0,0,Normal,Normal
2018-02-16,70.7,72.2207702119933,0,0,Normal,Normal
2018-02-17,61.5,61.75139839875224,0,0,Normal,Normal
2018-02-18,75.1,73.60844366548666,0,0,Normal,Normal
2018-02-19,80.0,80.30833548470694,0,0,Normal,Normal
2018-02-20,73.1,74.83418528965511,0,0,Normal,Normal
2018-02-21,70.8,66.00699871017308,0,0,Normal,Normal
2018-02-22,44.0,43.063457300392834,0,0,Normal,Normal
2018-02-23,63.2,61.793640426564366,0,0,Normal,Normal
2018-02-24,74.2,74.53420118308607,0,0,Normal,Normal
2018-02-25,65.4,66.40103043837806,0,0,Normal,Normal
2018-02-26,67.9,68.05784760651343,0,0,Normal,Normal
2018-02-27,79.5,78.52513084618715,0,0,Normal,Normal
2018-02-28,81.4,81.26669329437767,0,0,Normal,Normal
2018-03-01,70.8,71.16447344901138,0,0,Normal,Normal
2018-03-02,74.0,73.80007908153155,0,0,Normal,Normal
2018-03-03,71.2,70.55782246825825,0,0,Normal,Normal
2018-03-04,78.7,78.34467963786435,0,0,Normal,Normal
2018-03-05,81.9,82.46572703510122,0,0,Normal,Normal
2018-03-06,73.0,72.86340327512505,0,0,Normal,Normal
2018-03-07,66.5,65.81576952790678,0,0,Normal,Normal
2018-03-08,70.0,69.63592653625385,0,0,Normal,Normal
2018-03-09,72.8,73.34306228031899,0,0,Normal,Normal
2018-03-10,88.7,88.52036066983648,0,0,Normal,Normal
2018-03-11,70.5,72.50054776451796,0,0,Normal,Normal
2018-03-12,66.4,66.24075748243986,0,0,Normal,Normal
2018-03-13,70.3,70.10775961886166,0,0,Normal,Normal
2018-03-14,70.9,71.22382849274945,0,0,Normal,Normal
2018-03-15,74.4,74.63603755749922,0,0,Normal,Normal
2018-03-16,87.6,87.371574899194,0,0,Normal,Normal
2018-03-17,83.4,83.37521881397349,0,0,Normal,Normal
2018-03-18,81.8,81.34643402872057,0,0,Normal,Normal
2018-03-19,80.9,81.55200460852627,0,0,Normal,Normal
2018-03-20,73.8,73.99041976929271,0,0,Normal,Normal
2018-03-21,76.3,76.1321841683432,0,0,Normal,Normal
2018-03-22,79.8,79.61493974138294,0,0,Normal,Normal
2018-03-23,79.9,79.75576926907367,0,0,Normal,Normal
2018-03-24,83.5,83.4730580822942,0,0,Normal,Normal
2018-03-25,76.5,77.00101980763885,0,0,Normal,Normal
2018-03-26,86.3,86.35129151458369,0,0,Normal,Normal
2018-03-27,80.5,80.74521264498804,0,0,Normal,Normal
2018-03-28,70.9,70.63923226012196,0,0,Normal,Normal
2018-03-29,84.3,82.71859265468703,0,0,Normal,Normal
2018-03-30,73.0,73.5270093047628,0,0,Normal,Normal
2018-03-31,81.6,81.6805704608946,0,0,Normal,Normal
2018-04-01,81.2,81.16850456505077,0,0,Normal,Normal
2018-04-02,83.2,82.97491941384762,0,0,Normal,Normal
2018-04-03,80.7,81.07422513146606,0,0,Normal,Normal
2018-04-04,69.3,69.47661883844617,0,0,Normal,Normal
2018-04-05,76.2,76.39147279865031,0,0,Normal,Normal
2018-04-06,83.8,84.0216933345887,0,0,Normal,Normal
2018-04-07,74.4,68.83804497706065,0,0,Normal,Normal
2018-04-08,64.7,63.98232439007357,0,0,Normal,Normal
2018-04-09,65.0,65.68341804878312,0,0,Normal,Normal
2018-04-10,75.2,75.12267808188948,0,0,Normal,Normal
2018-04-11,81.6,81.79727870065604,0,0,Normal,Normal
2018-04-12,84.7,84.25149544041003,0,0,Normal,Normal
2018-04-13,86.2,85.82843491686518,0,0,Normal,Normal
2018-04-14,71.3,71.47659163935396,0,0,Normal,Normal
2018-04-15,76.6,75.64604417141317,0,0,Normal,Normal
2018-04-16,82.7,82.447488525454,0,0,Normal,Normal
2018-04-17,86.2,85.965187227601,0,0,Normal,Normal
2018-04-18,82.3,82.58490113684945,0,0,Normal,Normal
2018-04-19,75.7,75.53311105463463,0,0,Normal,Normal
2018-04-20,69.1,69.07891900391438,0,0,Normal,Normal
2018-04-21,72.4,71.64309290127912,0,0,Normal,Normal
2018-04-22,78.0,77.99668814717583,0,0,Normal,Normal
2018-04-23,85.2,84.95718872380397,0,0,Normal,Normal
2018-04-24,86.2,86.13611294700117,0,0,Normal,Normal
2018-04-25,86.8,84.33280914081101,0,0,Normal,Normal
2018-04-26,77.5,77.49764218432982,0,0,Normal,Normal
2018-04-27,78.7,79.01388432261173,0,0,Normal,Normal
2018-04-28,83.6,83.96016041086592,0,0,Normal,Normal
2018-04-29,81.7,82.09254581070014,0,0,Normal,Normal
2018-04-30,78.3,78.22051634896219,0,0,Normal,Normal
2018-05-01,79.9,80.1003610167182,0,0,Normal,Normal
2018-05-02,87.2,87.0309140489188,0,0,Normal,Normal
2018-05-03,85.1,85.80446964782227,0,0,Normal,Normal
2018-05-04,74.9,74.75957230281008,0,0,Normal,Normal
2018-05-05,85.0,84.39696956473173,0,0,Normal,Normal
2018-05-06,89.0,88.19397381033446,0,0,Normal,Normal
2018-05-07,90.6,89.89973975173903,0,0,Normal,Normal
2018-05-08,87.8,88.24272609317337,1,1,Normal,Normal
2018-05-09,87.8,87.76559294391087,1,1,Normal,Normal
2018-05-10,89.2,88.97011470170753,1,1,Normal,Normal
2018-05-11,89.7,89.83593031620154,1,1,Normal,Normal
2018-05-12,90.2,90.50010575174612,1,1,Normal,Normal
2018-05-13,90.9,91.0252884782042,1,1,Normal,Normal
2018-05-14,89.7,90.07519350711216,1,1,Normal,Normal
2018-05-15,89.1,89.53798028708209,1,1,Normal,Normal
2018-05-16,95.6,94.78241241560475,1,1,Moderate,Normal
2018-05-17,96.0,96.14295893403052,1,1,Moderate,Moderate
2018-05-18,94.0,94.16331316790811,1,1,Normal,Normal
2018-05-19,92.4,92.68109617138178,1,1,Normal,Normal
2018-05-20,81.6,81.79605725369765,0,0,Normal,Normal
2018-05-21,84.6,84.14556536674849,0,0,Normal,Normal
2018-05-22,87.4,87.54918307308154,0,0,Normal,Normal
2018-05-23,89.1,88.932328938782,0,0,Normal,Normal
2018-05-24,91.6,91.6093356780132,1,1,Normal,Normal
2018-05-25,93.5,93.54454997328024,1,1,Normal,Normal
2018-05-26,97.4,97.658544466274,1,1,Moderate,Moderate
2018-05-27,95.9,96.3698503090271,1,1,Moderate,Moderate
2018-05-28,94.5,95.2583473378616,1,1,Normal,Moderate
2018-05-29,96.4,96.77473330201532,1,1,Moderate,Moderate
2018-05-30,96.0,96.19754562519422,1,1,Moderate,Moderate
2018-05-31,97.9,97.68054733828497,1,1,Moderate,Moderate
2018-06-01,97.9,97.89844134656757,1,1,Moderate,Moderate
2018-06-02,99.6,99.38276799991372,1,1,Moderate,Moderate
2018-06-03,97.8,97.79462826802822,1,1,Moderate,Moderate
2018-06-04,88.9,89.2547765808616,1,1,Normal,Normal
2018-06-05,98.3,98.06018829127596,1,1,Moderate,Moderate
2018-06-06,98.0,98.0700715279707,1,1,Moderate,Moderate
2018-06-07,97.1,97.09901721675764,1,1,Moderate,Moderate
2018-06-08,95.2,95.3631019245607,1,1,Moderate,Moderate
2018-06-09,93.6,93.32884440893088,1,1,Normal,Normal
2018-06-10,98.4,98.20763372056878,1,1,Moderate,Moderate
2018-06-11,97.6,97.97812890188848,1,1,Moderate,Moderate
2018-06-12,97.9,98.29867236620724,1,1,Moderate,Moderate
2018-06-13,97.6,97.9594744069954,1,1,Moderate,Moderate
2018-06-14,96.4,96.49903854897056,1,1,Moderate,Moderate
2018-06-15,94.0,94.2152618166245,1,1,Normal,Normal
2018-06-16,91.4,91.61376759309212,1,1,Normal,Normal
2018-06-17,93.2,92.91548399048264,1,1,Normal,Normal
2018-06-18,91.3,91.01376828215338,1,1,Normal,Normal
2018-06-19,79.4,79.97695065708093,0,0,Normal,Normal
2018-06-20,82.8,83.56131194527707,0,0,Normal,Normal
2018-06-21,93.4,93.24757066573336,0,0,Normal,Normal
2018-06-22,99.0,98.80992581477834,0,0,Moderate,Moderate
2018-06-23,97.8,98.21328500883108,1,1,Moderate,Moderate
2018-06-24,99.3,99.5303353911104,1,1,Moderate,Moderate
2018-06-25,94.5,95.1288716694328,1,1,Normal,Moderate
2018-06-26,98.4,98.8102931950787,1,1,Moderate,Moderate
2018-06-27,99.3,99.62334420557455,1,1,Moderate,Moderate
2018-06-28,99.3,99.29566551646504,1,1,Moderate,Moderate
2018-06-29,97.8,98.07516289113411,1,1,Moderate,Moderate
2018-06-30,99.5,99.62501191236196,1,1,Moderate,Moderate
2018-07-01,102.6,101.74287425551394,1,1,High,High
2018-07-02,100.6,100.57635269359857,1,1,High,High
2018-07-03,101.2,101.14701285553444,1,1,High,High
2018-07-04,94.5,93.34941089268828,1,1,Normal,Normal
2018-07-05,93.3,93.16836263215176,1,1,Normal,Normal
2018-07-06,95.7,96.20739993586407,1,1,Moderate,Moderate
2018-07-07,91.9,91.83862921302875,1,1,Normal,Normal
2018-07-08,91.8,91.62099665080645,1,1,Normal,Normal
2018-07-09,80.3,80.33091985603977,0,0,Normal,Normal
2018-07-10,92.9,93.04670215513477,0,0,Normal,Normal
2018-07-11,94.3,94.73179961518058,0,0,Normal,Normal
2018-07-12,96.0,96.4306410622876,1,1,Moderate,Moderate
2018-07-13,94.9,95.5896697945912,1,1,Normal,Moderate
2018-07-14,96.3,96.69556860671176,1,1,Moderate,Moderate
2018-07-15,96.2,96.64211013539824,1,1,Moderate,Moderate
2018-07-16,98.0,98.33568866172531,1,1,Moderate,Moderate
2018-07-17,98.9,98.98819108762692,1,1,Moderate,Moderate
2018-07-18,101.6,101.67831724142854,1,1,High,High
2018-07-19,102.4,102.1522607289772,1,1,High,High
2018-07-20,102.8,102.67459181242792,1,1,High,High
2018-07-21,102.2,101.81355985591358,1,1,High,High
2018-07-22,104.6,103.98889762418196,1,1,High,High
2018-07-23,108.8,106.16275662622212,1,1,Extreme,Extreme
2018-07-24,100.6,102.34440336127166,1,1,High,High
2018-07-25,100.0,100.75690020849856,1,1,High,High
2018-07-26,100.3,100.69174924566538,1,1,High,High
2018-07-27,101.7,101.86600184287929,1,1,High,High
2018-07-28,100.0,100.43747576638526,1,1,High,High
2018-07-29,101.3,101.68915665990644,1,1,High,High
2018-07-30,99.9,100.70207798092449,1,1,Moderate,High
2018-07-31,95.7,96.82510410343664,1,1,Moderate,Moderate
2018-08-01,98.7,98.57479675257795,1,1,Moderate,Moderate
2018-08-02,98.3,98.42159431476075,1,1,Moderate,Moderate
2018-08-03,98.5,98.6810556056445,1,1,Moderate,Moderate
2018-08-04,96.3,96.49759184436428,1,1,Moderate,Moderate
2018-08-05,96.8,97.04263148747212,1,1,Moderate,Moderate
2018-08-06,94.8,95.24597658248088,1,1,Normal,Moderate
2018-08-07,98.5,98.64178904502896,1,1,Moderate,Moderate
2018-08-08,100.7,100.8197612019471,1,1,High,High
2018-08-09,99.3,99.38369580209464,1,1,Moderate,Moderate
2018-08-10,95.1,95.61950583571836,1,1,Moderate,Moderate
2018-08-11,95.6,94.87555666242712,1,1,Moderate,Normal
2018-08-12,88.5,88.23458155391344,1,1,Normal,Normal
2018-08-13,97.1,97.18696903482454,1,1,Moderate,Moderate
2018-08-14,97.6,97.83622132807726,1,1,Moderate,Moderate
2018-08-15,100.5,100.51407639283832,1,1,High,High
2018-08-16,100.8,101.17681836008008,1,1,High,High
2018-08-17,103.2,102.61568471812626,1,1,High,High
2018-08-18,102.5,102.28268769107888,1,1,High,High
2018-08-19,101.6,101.5620926668957,1,1,High,High
2018-08-20,100.9,101.32829884643128,1,1,High,High
2018-08-21,102.3,102.48456312622692,1,1,High,High
2018-08-22,102.4,102.57726478573603,1,1,High,High
2018-08-23,102.2,102.54116543443388,1,1,High,High
2018-08-24,101.5,101.85153994221793,1,1,High,High
2018-08-25,100.5,100.5430468437911,1,1,High,High
2018-08-26,99.7,100.02708914277429,1,1,Moderate,High
2018-08-27,99.9,100.26219640447698,1,1,Moderate,High
2018-08-28,100.9,101.12076798801178,1,1,High,High
2018-08-29,100.8,100.23490368760868,1,1,High,High
2018-08-30,96.7,96.80374859243578,1,1,Moderate,Moderate
2018-08-31,99.6,99.61348468112028,1,1,Moderate,Moderate
2018-09-01,97.8,98.0462199658729,1,1,Moderate,Moderate
2018-09-02,96.6,96.69527166379088,1,1,Moderate,Moderate
2018-09-03,93.0,92.3289689301708,1,1,Normal,Normal
2018-09-04,89.7,89.47806201977959,1,1,Normal,Normal
2018-09-05,93.6,93.25380486030332,1,1,Normal,Normal
2018-09-06,93.8,93.70447752480452,1,1,Normal,Normal
2018-09-07,87.9,87.94522035127531,1,1,Normal,Normal
2018-09-08,89.1,89.10661480626493,1,1,Normal,Normal
2018-09-09,78.3,79.06251389984507,0,0,Normal,Normal
2018-09-10,76.0,78.04180592949827,0,0,Normal,Normal
2018-09-11,82.3,81.90536160651318,0,0,Normal,Normal
2018-09-12,86.8,86.94918300781767,0,0,Normal,Normal
2018-09-13,89.7,89.73929754850751,0,0,Normal,Normal
2018-09-14,83.3,83.52022657452439,0,0,Normal,Normal
2018-09-15,84.7,84.6533835179798,0,0,Normal,Normal
2018-09-16,89.0,88.77192398276024,0,0,Normal,Normal
2018-09-17,90.5,90.83355029582596,0,0,Normal,Normal
2018-09-18,92.7,93.14672098142998,1,1,Normal,Normal
2018-09-19,92.7,93.00904904180112,1,1,Normal,Normal
2018-09-20,88.2,87.79230646111252,1,1,Normal,Normal
2018-09-21,86.7,87.75520122583076,0,1,Normal,Normal
2018-09-22,79.0,79.7268626585222,0,0,Normal,Normal
2018-09-23,78.3,78.80542314736205,0,0,Normal,Normal
2018-09-24,86.8,86.87698353496144,0,0,Normal,Normal
2018-09-25,93.2,93.20686980713997,0,0,Normal,Normal
2018-09-26,86.4,87.15341642894326,0,0,Normal,Normal
2018-09-27,79.9,80.07096922902866,0,0,Normal,Normal
2018-09-28,83.1,82.88409109983749,0,0,Normal,Normal
2018-09-29,77.5,78.98223142890185,0,0,Normal,Normal
2018-09-30,86.6,86.16666381011235,0,0,Normal,Normal
2018-10-01,85.0,84.732638599873,0,0,Normal,Normal
2018-10-02,87.4,87.657855021426,0,0,Normal,Normal
2018-10-03,90.6,90.94160063809692,0,0,Normal,Normal
2018-10-04,89.1,89.49644003241603,1,1,Normal,Normal
2018-10-05,90.4,90.71072791407384,1,1,Normal,Normal
2018-10-06,86.4,86.8884458327151,0,0,Normal,Normal
2018-10-07,86.4,86.40724702446926,0,0,Normal,Normal
2018-10-08,82.3,82.15183947738943,0,0,Normal,Normal
2018-10-09,80.3,80.53971497540564,0,0,Normal,Normal
2018-10-10,79.4,78.81680930837192,0,0,Normal,Normal
2018-10-11,73.8,74.87035560913797,0,0,Normal,Normal
2018-10-12,84.6,84.72167896115792,0,0,Normal,Normal
2018-10-13,89.1,89.32710275911768,0,0,Normal,Normal
2018-10-14,89.1,88.84574106181778,0,0,Normal,Normal
2018-10-15,78.0,70.79264999053873,0,0,Normal,Normal
2018-10-16,50.4,51.42973217656919,0,0,Normal,Normal
2018-10-17,58.3,57.589117455103306,0,0,Normal,Normal
2018-10-18,60.3,61.22429655753707,0,0,Normal,Normal
2018-10-19,64.4,65.6428800419813,0,0,Normal,Normal
2018-10-20,66.3,68.81868865485951,0,0,Normal,Normal
2018-10-21,73.0,73.52519593646228,0,0,Normal,Normal
2018-10-22,64.9,65.76256045417585,0,0,Normal,Normal
2018-10-23,68.5,68.56546286610289,0,0,Normal,Normal
2018-10-24,62.3,63.37395242524544,0,0,Normal,Normal
2018-10-25,66.7,67.14968240694061,0,0,Normal,Normal
2018-10-26,79.8,79.73554698179319,0,0,Normal,Normal
2018-10-27,85.1,84.6638516483007,0,0,Normal,Normal
2018-10-28,84.0,83.9812793122219,0,0,Normal,Normal
2018-10-29,82.9,82.9575280494885,0,0,Normal,Normal
2018-10-30,83.3,83.59458632050205,0,0,Normal,Normal
2018-10-31,82.4,81.91486842574812,0,0,Normal,Normal
2018-11-01,69.0,69.54516640324623,0,0,Normal,Normal
2018-11-02,76.1,75.64434910724906,0,0,Normal,Normal
2018-11-03,78.0,78.13064077395072,0,0,Normal,Normal
2018-11-04,72.9,72.91670145192633,0,0,Normal,Normal
2018-11-05,79.1,79.01678194572025,0,0,Normal,Normal
2018-11-06,78.5,77.82660967223401,0,0,Normal,Normal
2018-11-07,85.4,85.1557868213272,0,0,Normal,Normal
2018-11-08,63.0,63.3864411559573,0,0,Normal,Normal
2018-11-09,59.2,59.34744684544655,0,0,Normal,Normal
2018-11-10,52.7,54.10746207540693,0,0,Normal,Normal
2018-11-11,54.2,53.982871590728685,0,0,Normal,Normal
2018-11-12,49.8,50.58369865776299,0,0,Normal,Normal
2018-11-13,46.8,46.11107261458291,0,0,Normal,Normal
2018-11-14,55.1,54.05484421319039,0,0,Normal,Normal
2018-11-15,64.0,63.21614011838774,0,0,Normal,Normal
2018-11-16,69.3,69.1443326990875,0,0,Normal,Normal
2018-11-17,74.1,74.3718762659269,0,0,Normal,Normal
2018-11-18,63.6,63.45389813616272,0,0,Normal,Normal
2018-11-19,52.9,53.53835821391357,0,0,Normal,Normal
2018-11-20,62.0,62.02553157158911,0,0,Normal,Normal
2018-11-21,56.0,55.86529935652084,0,0,Normal,Normal
2018-11-22,62.0,62.7386398608534,0,0,Normal,Normal
2018-11-23,78.3,78.23179707940466,0,0,Normal,Normal
2018-11-24,75.1,75.43165756912043,0,0,Normal,Normal
2018-11-25,67.3,68.56903191419349,0,0,Normal,Normal
2018-11-26,59.7,59.77929237894928,0,0,Normal,Normal
2018-11-27,64.0,63.72566220576809,0,0,Normal,Normal
2018-11-28,71.3,71.6261178493527,0,0,Normal,Normal
2018-11-29,74.8,74.73701285171794,0,0,Normal,Normal
2018-11-30,76.7,76.34030720058642,0,0,Normal,Normal
2018-12-01,77.4,77.25364133706081,0,0,Normal,Normal
2018-12-02,69.2,69.01758712784705,0,0,Normal,Normal
2018-12-03,63.0,62.8937678510144,0,0,Normal,Normal
2018-12-04,57.1,56.96637917866756,0,0,Normal,Normal
2018-12-05,55.6,55.50994098682548,0,0,Normal,Normal
2018-12-06,56.5,57.444508602902616,0,0,Normal,Normal
2018-12-07,55.9,55.50806564336116,0,0,Normal,Normal
2018-12-08,47.2,47.91394775259424,0,0,Normal,Normal
2018-12-09,54.7,54.08334024582383,0,0,Normal,Normal
2018-12-10,58.9,58.09546130668073,0,0,Normal,Normal
2018-12-11,61.4,60.93053842924875,0,0,Normal,Normal
2018-12-12,65.8,66.29690454827953,0,0,Normal,Normal
2018-12-13,68.7,69.64693049495783,0,0,Normal,Normal
2018-12-14,53.3,54.13967932819245,0,0,Normal,Normal
2018-12-15,67.2,66.16459654151454,0,0,Normal,Normal
2018-12-16,63.9,63.93400675430823,0,0,Normal,Normal
2018-12-17,70.3,69.82698821567912,0,0,Normal,Normal
2018-12-18,63.3,62.93987962449667,0,0,Normal,Normal
2018-12-19,61.1,61.52964723140788,0,0,Normal,Normal
2018-12-20,64.2,64.46753408602302,0,0,Normal,Normal
2018-12-21,65.8,65.43453529193813,0,0,Normal,Normal
2018-12-22,80.1,79.10249367309169,0,0,Normal,Normal
2018-12-23,62.8,62.61666297758088,0,0,Normal,Normal
2018-12-24,61.1,60.83166880701601,0,0,Normal,Normal
2018-12-25,73.7,73.7914475261174,0,0,Normal,Normal
2018-12-26,70.5,71.29145826679444,0,0,Normal,Normal
2018-12-27,69.2,69.09300909469829,0,0,Normal,Normal
2018-12-28,54.6,55.30210519993917,0,0,Normal,Normal
2018-12-29,46.9,48.56971206458713,0,0,Normal,Normal
2018-12-30,42.3,43.59893224641096,0,0,Normal,Normal
2018-12-31,62.3,61.74765412139723,0,0,Normal,Normal
2019-01-01,45.1,45.90454711091361,0,0,Normal,Normal
2019-01-02,40.3,39.84984063836504,0,0,Normal,Normal
2019-01-03,51.8,49.78533094337936,0,0,Normal,Normal
2019-01-04,65.9,64.84039709594441,0,0,Normal,Normal
2019-01-05,73.7,71.8983040906663,0,0,Normal,Normal
2019-01-06,71.8,71.65600176292745,0,0,Normal,Normal
2019-01-07,75.8,76.11159351875762,0,0,Normal,Normal
2019-01-08,76.1,75.85990613425234,0,0,Normal,Normal
2019-01-09,61.8,62.99356615433464,0,0,Normal,Normal
2019-01-10,59.3,59.78409194832688,0,0,Normal,Normal
2019-01-11,59.7,60.03932952881055,0,0,Normal,Normal
2019-01-12,61.2,62.10855507612362,0,0,Normal,Normal
2019-01-13,52.8,52.58979302243697,0,0,Normal,Normal
2019-01-14,51.5,51.389153680390166,0,0,Normal,Normal
2019-01-15,51.1,52.22213138929296,0,0,Normal,Normal
2019-01-16,57.0,57.19697418778711,0,0,Normal,Normal
2019-01-17,76.0,75.49229826034605,0,0,Normal,Normal
2019-01-18,65.5,66.58020098608097,0,0,Normal,Normal
2019-01-19,63.0,62.80231506048087,0,0,Normal,Normal
2019-01-20,53.7,53.16108298013676,0,0,Normal,Normal
2019-01-21,66.0,65.80130717997552,0,0,Normal,Normal
2019-01-22,68.7,69.48501701186495,0,0,Normal,Normal
2019-01-23,55.9,55.061087879841246,0,0,Normal,Normal
2019-01-24,63.1,62.74952139128128,0,0,Normal,Normal
2019-01-25,59.2,59.09766696413159,0,0,Normal,Normal
2019-01-26,63.0,62.98834157213786,0,0,Normal,Normal
2019-01-27,65.4,65.28464154765499,0,0,Normal,Normal
2019-01-28,70.9,70.84429900136739,0,0,Normal,Normal
2019-01-29,48.7,49.963479791952615,0,0,Normal,Normal
2019-01-30,54.2,54.87032950805576,0,0,Normal,Normal
2019-01-31,58.1,58.19145089537684,0,0,Normal,Normal
2019-02-01,65.5,66.32115383079785,0,0,Normal,Normal
2019-02-02,64.6,66.58418768545475,0,0,Normal,Normal
2019-02-03,75.7,75.23111118866902,0,0,Normal,Normal
2019-02-04,74.8,75.20734590659364,0,0,Normal,Normal
2019-02-05,77.2,77.5481037541624,0,0,Normal,Normal
2019-02-06,75.4,76.25897912641553,0,0,Normal,Normal
2019-02-07,72.2,71.89716831587317,0,0,Normal,Normal
2019-02-08,39.0,39.59393109239378,0,0,Normal,Normal
2019-02-09,40.8,39.81948892118872,0,0,Normal,Normal
2019-02-10,47.1,45.71142786689251,0,0,Normal,Normal
2019-02-11,62.3,62.32883127299583,0,0,Normal,Normal
2019-02-12,64.8,65.25348398350188,0,0,Normal,Normal
2019-02-13,63.9,64.17150645261515,0,0,Normal,Normal
2019-02-14,73.3,73.40534703173516,0,0,Normal,Normal
2019-02-15,88.5,86.8594681896833,0,0,Normal,Normal
2019-02-16,61.9,61.346886412485865,0,0,Normal,Normal
2019-02-17,62.4,63.05757014872705,0,0,Normal,Normal
2019-02-18,59.4,59.48579959481659,0,0,Normal,Normal
2019-02-19,45.2,46.3078715981334,0,0,Normal,Normal
2019-02-20,63.9,63.38418370894775,0,0,Normal,Normal
2019-02-21,55.2,57.182804894427605,0,0,Normal,Normal
2019-02-22,58.4,58.96110058261392,0,0,Normal,Normal
2019-02-23,74.7,73.75578273127019,0,0,Normal,Normal
2019-02-24,64.0,64.26018631778126,0,0,Normal,Normal
2019-02-25,66.9,66.807986766043,0,0,Normal,Normal
2019-02-26,66.2,66.28814345936311,0,0,Normal,Normal
2019-02-27,76.8,76.26787464424447,0,0,Normal,Normal
2019-02-28,52.0,50.117285699217135,0,0,Normal,Normal
2019-03-01,54.1,53.94923653772365,0,0,Normal,Normal
2019-03-02,53.1,52.9592812918307,0,0,Normal,Normal
2019-03-03,45.4,47.77953118608332,0,0,Normal,Normal
2019-03-04,38.1,38.73135010466324,0,0,Normal,Normal
2019-03-05,46.9,45.85221872270683,0,0,Normal,Normal
2019-03-06,59.0,58.630096469495896,0,0,Normal,Normal
2019-03-07,72.7,72.95991434382125,0,0,Normal,Normal
2019-03-08,82.7,82.55322069532923,0,0,Normal,Normal
2019-03-09,84.7,85.00587818948966,0,0,Normal,Normal
2019-03-10,77.5,78.20181459633201,0,0,Normal,Normal
2019-03-11,66.7,67.8976724017003,0,0,Normal,Normal
2019-03-12,77.5,77.47858718619865,0,0,Normal,Normal
2019-03-13,81.9,82.08757623791973,0,0,Normal,Normal
2019-03-14,74.7,75.52028214033143,0,0,Normal,Normal
2019-03-15,59.2,60.919254751904255,0,0,Normal,Normal
2019-03-16,60.7,61.56428781477039,0,0,Normal,Normal
2019-03-17,67.3,67.38212933553129,0,0,Normal,Normal
2019-03-18,70.5,70.09431955147792,0,0,Normal,Normal
2019-03-19,70.7,70.54168361955766,0,0,Normal,Normal
2019-03-20,75.5,74.99949187718829,0,0,Normal,Normal
2019-03-21,78.3,78.31569195669597,0,0,Normal,Normal
2019-03-22,79.7,80.05539777674686,0,0,Normal,Normal
2019-03-23,73.9,75.1426615129457,0,0,Normal,Normal
2019-03-24,82.0,81.88488168893686,0,0,Normal,Normal
2019-03-25,81.7,82.22133759753714,0,0,Normal,Normal
2019-03-26,78.0,78.07589664688506,0,0,Normal,Normal
2019-03-27,78.6,78.49272511984434,0,0,Normal,Normal
2019-03-28,79.5,79.33626378206293,0,0,Normal,Normal
2019-03-29,79.0,78.84579349906579,0,0,Normal,Normal
2019-03-30,70.3,70.69958402626945,0,0,Normal,Normal
2019-03-31,58.3,58.32670874636763,0,0,Normal,Normal
2019-04-01,62.3,62.0394601931131,0,0,Normal,Normal
2019-04-02,73.2,72.72935061077072,0,0,Normal,Normal
2019-04-03,69.3,69.54000483586826,0,0,Normal,Normal
2019-04-04,91.0,89.72852005618468,0,0,Normal,Normal
2019-04-05,81.1,81.22034576413587,0,0,Normal,Normal
2019-04-06,72.6,73.9244192322501,0,0,Normal,Normal
2019-04-07,69.5,70.76484819976244,0,0,Normal,Normal
2019-04-08,88.2,87.5190543220877,0,0,Normal,Normal
2019-04-09,88.9,88.74684860707494,0,0,Normal,Normal
2019-04-10,92.5,92.03680033254597,1,1,Normal,Normal
2019-04-11,82.6,82.88515293932112,0,0,Normal,Normal
2019-04-12,78.5,78.39908280681941,0,0,Normal,Normal
2019-04-13,69.0,69.78231769516576,0,0,Normal,Normal
2019-04-14,74.5,74.03290728821399,0,0,Normal,Normal
2019-04-15,80.7,80.50839745068,0,0,Normal,Normal
2019-04-16,81.2,80.7628532355303,0,0,Normal,Normal
2019-04-17,82.9,82.33874601978768,0,0,Normal,Normal
2019-04-18,75.0,75.40594784043836,0,0,Normal,Normal
2019-04-19,75.7,75.46328659099493,0,0,Normal,Normal
2019-04-20,82.3,82.31340318997567,0,0,Normal,Normal
2019-04-21,83.7,83.55430457492561,0,0,Normal,Normal
2019-04-22,79.2,79.73328474410695,0,0,Normal,Normal
2019-04-23,78.5,78.81534072768159,0,0,Normal,Normal
2019-04-24,70.2,70.00053606508027,0,0,Normal,Normal
2019-04-25,87.0,86.79209722390566,0,0,Normal,Normal
2019-04-26,82.5,82.68235669420966,0,0,Normal,Normal
2019-04-27,84.3,84.64516432868382,0,0,Normal,Normal
2019-04-28,84.7,84.87588571735643,0,0,Normal,Normal
2019-04-29,82.6,83.39058853576314,0,0,Normal,Normal
2019-04-30,82.8,83.97260781510231,0,0,Normal,Normal
2019-05-01,82.0,83.43259907782195,0,0,Normal,Normal
2019-05-02,78.7,78.36187282538542,0,0,Normal,Normal
2019-05-03,80.7,79.64397449190048,0,0,Normal,Normal
2019-05-04,81.5,81.6529399816568,0,0,Normal,Normal
2019-05-05,84.9,85.11673229868632,0,0,Normal,Normal
2019-05-06,75.8,76.55839142182057,0,0,Normal,Normal
2019-05-07,86.3,85.988703768769,0,0,Normal,Normal
2019-05-08,78.0,78.33004574555804,0,0,Normal,Normal
2019-05-09,86.7,86.92470886299222,0,0,Normal,Normal
2019-05-10,67.0,67.35834422783192,0,0,Normal,Normal
2019-05-11,65.4,65.71965458988966,0,0,Normal,Normal
2019-05-12,78.8,78.91766956778025,0,0,Normal,Normal
2019-05-13,83.1,83.34276991569325,0,0,Normal,Normal
2019-05-14,80.6,81.33196948764338,0,0,Normal,Normal
2019-05-15,85.3,85.54922273769024,0,0,Normal,Normal
2019-05-16,86.4,86.53075654509503,0,0,Normal,Normal
2019-05-17,88.6,88.83027931768378,0,0,Normal,Normal
2019-05-18,85.5,85.93731092109311,0,0,Normal,Normal
2019-05-19,91.0,91.55347452398748,0,0,Normal,Normal
2019-05-20,89.5,89.89636695236103,0,0,Normal,Normal
2019-05-21,87.0,87.92930531438559,1,1,Normal,Normal
2019-05-22,90.4,91.33367807998422,1,1,Normal,Normal
2019-05-23,91.9,91.92733084977532,1,1,Normal,Normal
2019-05-24,89.6,90.35418349199996,1,1,Normal,Normal
2019-05-25,89.9,90.23475487562092,1,1,Normal,Normal
2019-05-26,89.9,90.29047635648033,1,1,Normal,Normal
2019-05-27,88.9,89.15304650679938,1,1,Normal,Normal
2019-05-28,86.7,87.69056898276327,0,1,Normal,Normal
2019-05-29,90.4,90.71872871713124,0,1,Normal,Normal
2019-05-30,84.4,84.61253210580888,0,0,Normal,Normal
2019-05-31,89.8,90.05360764193803,0,0,Normal,Normal
2019-06-01,91.0,91.40380105039937,0,0,Normal,Normal
2019-06-02,92.4,92.84083178704974,1,1,Normal,Normal
2019-06-03,92.1,92.33608115515864,1,1,Normal,Normal
2019-06-04,83.4,84.049028854015,0,0,Normal,Normal
2019-06-05,89.5,89.33641446848182,0,0,Normal,Normal
2019-06-06,89.7,89.33406936844312,0,0,Normal,Normal
2019-06-07,94.0,94.19949361009066,1,1,Normal,Normal
2019-06-08,96.2,96.23317344882464,1,1,Moderate,Moderate
2019-06-09,97.0,96.62880665319813,1,1,Moderate,Moderate
2019-06-10,87.2,88.39008099520838,1,1,Normal,Normal
2019-06-11,78.9,80.64038214147988,0,0,Normal,Normal
2019-06-12,89.3,89.22384313479529,0,0,Normal,Normal
2019-06-13,90.0,90.36333926027176,0,0,Normal,Normal
2019-06-14,90.8,91.31914938948464,1,1,Normal,Normal
2019-06-15,94.1,94.27270733780485,1,1,Normal,Normal
2019-06-16,95.2,95.35810301555485,1,1,Moderate,Moderate
2019-06-17,88.2,88.08778833172157,1,1,Normal,Normal
2019-06-18,93.5,93.51907578208898,1,1,Normal,Normal
2019-06-19,96.7,96.92401642616488,1,1,Moderate,Moderate
2019-06-20,96.0,96.14811411015768,1,1,Moderate,Moderate
2019-06-21,94.9,95.21610078108048,1,1,Normal,Moderate
2019-06-22,91.6,91.89448194306638,1,1,Normal,Normal
2019-06-23,94.9,95.05704998595508,1,1,Normal,Moderate
2019-06-24,83.8,83.43689112433727,0,0,Normal,Normal
2019-06-25,92.1,91.1508142598474,0,0,Normal,Normal
2019-06-26,89.5,89.43614274776635,0,0,Normal,Normal
2019-06-27,93.7,92.91117507209805,1,1,Normal,Normal
2019-06-28,92.8,92.98171484187309,1,1,Normal,Normal
2019-06-29,93.7,94.0402357533522,1,1,Normal,Normal
2019-06-30,85.3,85.19082978775819,0,0,Normal,Normal
2019-07-01,91.7,91.92402703105718,0,0,Normal,Normal
2019-07-02,93.0,92.85638574382564,0,0,Normal,Normal
2019-07-03,89.9,89.73762656379839,1,1,Normal,Normal
2019-07-04,91.9,91.96411449809013,1,1,Normal,Normal
2019-07-05,95.6,95.9659266986823,1,1,Moderate,Moderate
2019-07-06,93.3,93.7111655890621,1,1,Normal,Normal
2019-07-07,94.9,95.5808983033537,1,1,Normal,Moderate
2019-07-08,95.4,95.17143044016632,1,1,Moderate,Moderate
2019-07-09,95.3,95.51527671698234,1,1,Moderate,Moderate
2019-07-10,96.6,97.22802900782064,1,1,Moderate,Moderate
2019-07-11,97.0,97.12554834013932,1,1,Moderate,Moderate
2019-07-12,96.4,97.10559073693663,1,1,Moderate,Moderate
2019-07-13,96.3,96.76063083811836,1,1,Moderate,Moderate
2019-07-14,97.4,98.09598800284554,1,1,Moderate,Moderate
2019-07-15,95.2,95.60397462806706,1,1,Moderate,Moderate
2019-07-16,97.9,98.3416955907333,1,1,Moderate,Moderate
2019-07-17,99.4,99.37619728855891,1,1,Moderate,Moderate
2019-07-18,98.3,98.50238007956432,1,1,Moderate,Moderate
2019-07-19,98.2,98.38918153998512,1,1,Moderate,Moderate
2019-07-20,98.2,98.48001086027683,1,1,Moderate,Moderate
2019-07-21,98.2,98.40238461939336,1,1,Moderate,Moderate
2019-07-22,97.7,98.14718505462582,1,1,Moderate,Moderate
2019-07-23,93.2,94.67834918334522,1,1,Normal,Normal
2019-07-24,90.5,90.90174786027907,1,1,Normal,Normal
2019-07-25,90.2,90.2024863627057,1,1,Normal,Normal
2019-07-26,91.2,91.57530333794222,1,1,Normal,Normal
2019-07-27,95.0,95.31084350285424,1,1,Moderate,Moderate
2019-07-28,99.8,99.93742338573352,1,1,Moderate,Moderate
2019-07-29,98.1,98.44828127093488,1,1,Moderate,Moderate
2019-07-30,100.5,100.74061923186262,1,1,High,High
2019-07-31,101.1,101.26695709438548,1,1,High,High
2019-08-01,97.5,98.08694396387644,1,1,Moderate,Moderate
2019-08-02,98.9,99.15426630259157,1,1,Moderate,Moderate
2019-08-03,94.2,95.04166479878045,1,1,Normal,Moderate
2019-08-04,93.8,94.01631618436514,1,1,Normal,Normal
2019-08-05,98.9,98.9283162620124,1,1,Moderate,Moderate
2019-08-06,99.1,99.19058272537194,1,1,Moderate,Moderate
2019-08-07,100.0,100.23589004051178,1,1,High,High
2019-08-08,101.7,101.78176517574428,1,1,High,High
2019-08-09,102.8,102.67370210964653,1,1,High,High
2019-08-10,101.7,101.80177336228236,1,1,High,High
2019-08-11,102.7,102.54191703109716,1,1,High,High
2019-08-12,102.9,103.0964295626002,1,1,High,High
2019-08-13,102.3,102.4446401020751,1,1,High,High
2019-08-14,100.9,101.37142766846866,1,1,High,High
2019-08-15,98.9,99.18208766282024,1,1,Moderate,Moderate
2019-08-16,101.5,102.22777888164876,1,1,High,High
2019-08-17,101.5,102.02374308563044,1,1,High,High
2019-08-18,102.2,102.2897180052711,1,1,High,High
2019-08-19,100.9,101.4049693028234,1,1,High,High
2019-08-20,100.8,101.1462108710091,1,1,High,High
2019-08-21,99.4,99.69751753056735,1,1,Moderate,Moderate
2019-08-22,98.2,98.57037984040328,1,1,Moderate,Moderate
2019-08-23,98.8,98.79401777146629,1,1,Moderate,Moderate
2019-08-24,95.7,95.49094900582524,1,1,Moderate,Moderate
2019-08-25,99.8,98.76960577642076,1,1,Moderate,Moderate
2019-08-26,101.2,101.06060328906727,1,1,High,High
2019-08-27,92.5,93.52127903738004,1,1,Normal,Normal
2019-08-28,97.5,97.81523578077442,1,1,Moderate,Moderate
2019-08-29,100.5,100.62409779589086,1,1,High,High
2019-08-30,98.5,98.6313708663502,1,1,Moderate,Moderate
2019-08-31,97.9,98.14554461805623,1,1,Moderate,Moderate
2019-09-01,96.1,96.30966599363474,1,1,Moderate,Moderate
2019-09-02,98.9,99.49094662607386,1,1,Moderate,Moderate
2019-09-03,98.7,99.05576911733976,1,1,Moderate,Moderate
2019-09-04,98.5,99.10212564512906,1,1,Moderate,Moderate
2019-09-05,101.3,101.3996378706975,1,1,High,High
2019-09-06,101.3,101.8698921040551,1,1,High,High
2019-09-07,100.1,100.62006206440184,1,1,High,High
2019-09-08,100.6,100.59195264346296,1,1,High,High
2019-09-09,99.1,98.8020548361642,1,1,Moderate,Moderate
2019-09-10,97.2,96.6476624381379,1,1,Moderate,Moderate
2019-09-11,94.6,94.19097036319252,1,1,Normal,Normal
2019-09-12,97.6,97.492398959641,1,1,Moderate,Moderate
2019-09-13,97.0,96.99516221226546,1,1,Moderate,Moderate
2019-09-14,98.4,98.64011413172808,1,1,Moderate,Moderate
2019-09-15,96.7,97.08224295688078,1,1,Moderate,Moderate
2019-09-16,97.8,98.35423565739517,1,1,Moderate,Moderate
2019-09-17,89.6,90.96164522478624,1,1,Normal,Normal
2019-09-18,100.2,99.53256069874148,1,1,High,Moderate
2019-09-19,96.7,96.27039857040248,1,1,Moderate,Moderate
2019-09-20,97.8,97.89586176541108,1,1,Moderate,Moderate
2019-09-21,96.6,96.63698995498932,1,1,Moderate,Moderate
2019-09-22,99.1,98.70950802209188,1,1,Moderate,Moderate
2019-09-23,96.6,97.05456106921524,1,1,Moderate,Moderate
2019-09-24,95.5,95.96025949403408,1,1,Moderate,Moderate
2019-09-25,97.4,97.28167061350796,1,1,Moderate,Moderate
2019-09-26,96.5,96.7760867566061,1,1,Moderate,Moderate
2019-09-27,97.1,97.01053963253317,1,1,Moderate,Moderate
2019-09-28,93.1,93.6361501820663,1,1,Normal,Normal
2019-09-29,96.2,96.54892220344118,1,1,Moderate,Moderate
2019-09-30,96.6,96.4633726327816,1,1,Moderate,Moderate
2019-10-01,97.4,97.42592604387792,1,1,Moderate,Moderate
2019-10-02,95.8,95.93578653405416,1,1,Moderate,Moderate
2019-10-03,96.0,96.03088935210832,1,1,Moderate,Moderate
2019-10-04,93.1,93.39059013799452,1,1,Normal,Normal
2019-10-05,94.8,95.02833499479053,1,1,Normal,Moderate
2019-10-06,97.4,97.19981686523474,1,1,Moderate,Moderate
2019-10-07,83.4,84.77031530097798,0,0,Normal,Normal
2019-10-08,85.5,85.44852724925076,0,0,Normal,Normal
2019-10-09,95.5,94.3463833952896,0,0,Moderate,Normal
2019-10-10,97.7,97.6875280044609,0,0,Moderate,Moderate
2019-10-11,80.8,78.15158567144783,0,0,Normal,Normal
2019-10-12,63.1,63.77150818370836,0,0,Normal,Normal
2019-10-13,80.5,79.975984454778,0,0,Normal,Normal
2019-10-14,88.6,88.58907779708174,0,0,Normal,Normal
2019-10-15,94.8,94.70450198857384,0,0,Normal,Normal
2019-10-16,74.9,75.42304265138957,0,0,Normal,Normal
2019-10-17,75.6,75.14239955174786,0,0,Normal,Normal
2019-10-18,83.1,83.01625271217308,0,0,Normal,Normal
2019-10-19,95.3,93.87803534824909,0,0,Moderate,Normal
2019-10-20,94.3,93.05137876907123,0,0,Normal,Normal
2019-10-21,80.5,81.06943343280253,0,0,Normal,Normal
2019-10-22,82.0,81.72321286876462,0,0,Normal,Normal
2019-10-23,86.7,86.45736983625139,0,0,Normal,Normal
2019-10-24,84.0,83.13922761485378,0,0,Normal,Normal
2019-10-25,58.0,57.41930552599282,0,0,Normal,Normal
2019-10-26,73.2,72.26104696004701,0,0,Normal,Normal
2019-10-27,81.5,81.0117513944866,0,0,Normal,Normal
2019-10-28,80.5,80.21881151613292,0,0,Normal,Normal
2019-10-29,62.8,61.43330832797564,0,0,Normal,Normal
2019-10-30,50.2,51.17327546199997,0,0,Normal,Normal
2019-10-31,56.5,55.85439052505039,0,0,Normal,Normal
2019-11-01,62.7,61.781861350779096,0,0,Normal,Normal
2019-11-02,69.4,68.85288123013142,0,0,Normal,Normal
2019-11-03,73.0,73.05890722751123,0,0,Normal,Normal
2019-11-04,82.9,82.25343779396145,0,0,Normal,Normal
2019-11-05,82.4,82.85976677376097,0,0,Normal,Normal
2019-11-06,83.0,83.68051513626553,0,0,Normal,Normal
2019-11-07,66.9,66.57581379387506,0,0,Normal,Normal
2019-11-08,50.0,50.35024666064572,0,0,Normal,Normal
2019-11-09,69.3,68.7985082429329,0,0,Normal,Normal
2019-11-10,74.9,75.02111042976327,0,0,Normal,Normal
2019-11-11,73.3,71.93908423227614,0,0,Normal,Normal
2019-11-12,45.9,43.6537476993521,0,0,Normal,Normal
2019-11-13,42.0,42.94222125027737,0,0,Normal,Normal
2019-11-14,44.8,44.96782094765196,0,0,Normal,Normal
2019-11-15,63.4,62.986678745750986,0,0,Normal,Normal
2019-11-16,65.1,65.10299795523478,0,0,Normal,Normal
2019-11-17,70.1,70.00931001637831,0,0,Normal,Normal
2019-11-18,74.1,74.34793625196814,0,0,Normal,Normal
2019-11-19,79.9,80.18726132911411,0,0,Normal,Normal
2019-11-20,82.5,82.9591968397715,0,0,Normal,Normal
2019-11-21,79.0,80.08657041268366,0,0,Normal,Normal
2019-11-22,71.5,71.069588761322,0,0,Normal,Normal
2019-11-23,70.2,69.16171694088492,0,0,Normal,Normal
2019-11-24,74.5,73.55924864303118,0,0,Normal,Normal
2019-11-25,85.9,84.51588642961926,0,0,Normal,Normal
2019-11-26,73.9,74.4545034831648,0,0,Normal,Normal
2019-11-27,68.3,67.75948558857019,0,0,Normal,Normal
2019-11-28,55.2,56.63756383259683,0,0,Normal,Normal
2019-11-29,73.6,71.8785139955149,0,0,Normal,Normal
2019-11-30,87.0,86.92493892970461,0,0,Normal,Normal
2019-12-01,65.7,65.80487342500884,0,0,Normal,Normal
2019-12-02,65.5,64.87957424898092,0,0,Normal,Normal
2019-12-03,74.4,73.81509171479473,0,0,Normal,Normal
2019-12-04,74.5,74.15609641724825,0,0,Normal,Normal
2019-12-05,73.7,73.84828959797122,0,0,Normal,Normal
2019-12-06,73.9,73.6455212202549,0,0,Normal,Normal
2019-12-07,68.3,67.95750409522617,0,0,Normal,Normal
2019-12-08,74.5,74.59749146754888,0,0,Normal,Normal
2019-12-09,80.7,80.81331471013443,0,0,Normal,Normal
2019-12-10,56.9,55.169425253269125,0,0,Normal,Normal
2019-12-11,56.2,55.305162552460175,0,0,Normal,Normal
2019-12-12,61.9,61.76879861130284,0,0,Normal,Normal
2019-12-13,77.3,76.06318284854916,0,0,Normal,Normal
2019-12-14,77.2,76.8713118159034,0,0,Normal,Normal
2019-12-15,80.9,79.82219514427435,0,0,Normal,Normal
2019-12-16,70.0,69.46406250735085,0,0,Normal,Normal
2019-12-17,55.0,54.61252477678626,0,0,Normal,Normal
2019-12-18,59.7,58.6033111335416,0,0,Normal,Normal
2019-12-19,60.7,59.69971908205706,0,0,Normal,Normal
2019-12-20,52.0,52.796224241072935,0,0,Normal,Normal
2019-12-21,60.5,59.53913387918526,0,0,Normal,Normal
2019-12-22,59.6,57.50452709129127,0,0,Normal,Normal
2019-12-23,70.2,68.19656010430134,0,0,Normal,Normal
2019-12-24,71.6,71.12256253123182,0,0,Normal,Normal
2019-12-25,69.6,69.61677777667113,0,0,Normal,Normal
2019-12-26,67.1,67.65611042054032,0,0,Normal,Normal
2019-12-27,67.2,67.44431503453856,0,0,Normal,Normal
2019-12-28,71.6,71.58518146043522,0,0,Normal,Normal
2019-12-29,66.0,65.82247538398484,0,0,Normal,Normal
2019-12-30,61.2,60.70514597766989,0,0,Normal,Normal
2019-12-31,61.6,61.7171119097936,0,0,Normal,Normal
2020-01-01,56.8,59.45195840609061,0,0,Normal,Normal
2020-01-02,60.3,61.16472257322992,0,0,Normal,Normal
2020-01-03,64.4,64.61818225654487,0,0,Normal,Normal
2020-01-04,71.6,70.89845231708622,0,0,Normal,Normal
2020-01-05,74.6,74.18263785731452,0,0,Normal,Normal
2020-01-06,74.8,74.88359639839396,0,0,Normal,Normal
2020-01-07,67.5,67.3408925032539,0,0,Normal,Normal
2020-01-08,70.2,69.89341341042622,0,0,Normal,Normal
2020-01-09,77.2,77.39294918605032,0,0,Normal,Normal
2020-01-10,77.6,78.21260066742046,0,0,Normal,Normal
2020-01-11,58.8,58.91422970136996,0,0,Normal,Normal
2020-01-12,61.5,61.29210940026802,0,0,Normal,Normal
2020-01-13,60.3,60.48700530428658,0,0,Normal,Normal
2020-01-14,75.7,74.53262600609388,0,0,Normal,Normal
2020-01-15,81.1,80.75506278287907,0,0,Normal,Normal
2020-01-16,70.7,70.09882348165621,0,0,Normal,Normal
2020-01-17,58.4,59.07324929806632,0,0,Normal,Normal
2020-01-18,69.4,70.14303869225225,0,0,Normal,Normal
2020-01-19,57.5,57.18001148152969,0,0,Normal,Normal
2020-01-20,60.7,59.08691826398796,0,0,Normal,Normal
2020-01-21,61.4,61.27730471951964,0,0,Normal,Normal
2020-01-22,58.1,57.400608992457045,0,0,Normal,Normal
2020-01-23,66.3,66.0939745855396,0,0,Normal,Normal
2020-01-24,67.4,67.31375619317443,0,0,Normal,Normal
2020-01-25,66.6,66.75453904464631,0,0,Normal,Normal
2020-01-26,77.7,77.66001606344783,0,0,Normal,Normal
2020-01-27,69.0,68.76129448429934,0,0,Normal,Normal
2020-01-28,72.5,72.03355924511254,0,0,Normal,Normal
2020-01-29,62.0,61.9575451709034,0,0,Normal,Normal
2020-01-30,49.1,50.52351445602044,0,0,Normal,Normal
2020-01-31,61.6,61.17659604151056,0,0,Normal,Normal
2020-02-01,73.1,72.01819059146766,0,0,Normal,Normal
2020-02-02,79.1,78.77052863204023,0,0,Normal,Normal
2020-02-03,72.2,72.78586832964055,0,0,Normal,Normal
2020-02-04,78.4,78.32843129025767,0,0,Normal,Normal
2020-02-05,46.6,47.3854941089603,0,0,Normal,Normal
2020-02-06,54.2,53.55039392386331,0,0,Normal,Normal
2020-02-07,74.9,73.81929935276881,0,0,Normal,Normal
2020-02-08,69.1,69.6063702053379,0,0,Normal,Normal
2020-02-09,72.2,72.7273178102965,0,0,Normal,Normal
2020-02-10,71.1,70.84198314880562,0,0,Normal,Normal
2020-02-11,47.7,48.98249727618317,0,0,Normal,Normal
2020-02-12,56.4,56.07755367658455,0,0,Normal,Normal
2020-02-13,53.5,53.49330513918079,0,0,Normal,Normal
2020-02-14,58.6,57.98141034652811,0,0,Normal,Normal
2020-02-15,64.3,64.3302316174218,0,0,Normal,Normal
2020-02-16,76.6,76.06773773291374,0,0,Normal,Normal
2020-02-17,79.5,79.55525867610314,0,0,Normal,Normal
2020-02-18,71.3,71.58867338126268,0,0,Normal,Normal
2020-02-19,51.0,52.11958040267888,0,0,Normal,Normal
2020-02-20,51.7,51.8880045382233,0,0,Normal,Normal
2020-02-21,54.6,54.52071540233439,0,0,Normal,Normal
2020-02-22,63.7,63.87094216434309,0,0,Normal,Normal
2020-02-23,69.2,69.8900363436173,0,0,Normal,Normal
2020-02-24,70.0,71.34118488538387,0,0,Normal,Normal
2020-02-25,66.7,66.53657694588841,0,0,Normal,Normal
2020-02-26,55.0,55.88432692941776,0,0,Normal,Normal
2020-02-27,63.6,63.28059401924005,0,0,Normal,Normal
2020-02-28,73.7,72.67073142997577,0,0,Normal,Normal
2020-02-29,74.6,74.95123040643864,0,0,Normal,Normal
2020-03-01,76.9,76.86182430492498,0,0,Normal,Normal
2020-03-02,77.7,78.22862591357043,0,0,Normal,Normal
2020-03-03,74.2,75.57219816545137,0,0,Normal,Normal
2020-03-04,68.7,69.31789072726109,0,0,Normal,Normal
2020-03-05,75.2,74.8395227860936,0,0,Normal,Normal
2020-03-06,70.5,70.4983540027957,0,0,Normal,Normal
2020-03-07,62.7,62.38079713325094,0,0,Normal,Normal
2020-03-08,74.3,74.22832851544247,0,0,Normal,Normal
2020-03-09,67.3,69.0520072471108,0,0,Normal,Normal
2020-03-10,80.0,79.54520887398552,0,0,Normal,Normal
2020-03-11,83.3,83.39965237976895,0,0,Normal,Normal
2020-03-12,85.8,85.9352309913361,0,0,Normal,Normal
2020-03-13,82.2,82.3354793873023,0,0,Normal,Normal
2020-03-14,83.6,83.81646656947699,0,0,Normal,Normal
2020-03-15,72.4,71.18441878165608,0,0,Normal,Normal
2020-03-16,73.7,73.70313537229369,0,0,Normal,Normal
2020-03-17,80.7,80.28022277448888,0,0,Normal,Normal
2020-03-18,82.7,82.96824763876349,0,0,Normal,Normal
2020-03-19,82.1,82.34607429369296,0,0,Normal,Normal
2020-03-20,73.0,71.66201173644687,0,0,Normal,Normal
2020-03-21,54.2,55.04926717484047,0,0,Normal,Normal
2020-03-22,66.8,66.37798322945756,0,0,Normal,Normal
2020-03-23,82.5,81.85114985186978,0,0,Normal,Normal
2020-03-24,90.8,89.79336261723648,0,0,Normal,Normal
2020-03-25,89.4,87.6140712610544,0,0,Normal,Normal
2020-03-26,87.1,86.54123573664569,1,0,Normal,Normal
2020-03-27,88.7,88.06420141751653,1,0,Normal,Normal
2020-03-28,79.2,79.90905676915169,0,0,Normal,Normal
2020-03-29,78.2,78.31614929396093,0,0,Normal,Normal
2020-03-30,70.2,71.46247289544851,0,0,Normal,Normal
2020-03-31,73.0,73.12906803802797,0,0,Normal,Normal
2020-04-01,77.5,77.3582040866405,0,0,Normal,Normal
2020-04-02,70.4,70.90441940115194,0,0,Normal,Normal
2020-04-03,74.0,73.16509198078317,0,0,Normal,Normal
2020-04-04,52.2,52.20661783934711,0,0,Normal,Normal
2020-04-05,66.7,66.27697061735091,0,0,Normal,Normal
2020-04-06,78.0,78.1508179795914,0,0,Normal,Normal
2020-04-07,87.8,87.2614912570724,0,0,Normal,Normal
2020-04-08,93.4,92.88112502089216,0,0,Normal,Normal
2020-04-09,92.1,88.73911306049898,1,1,Normal,Normal
2020-04-10,74.5,74.79643933119027,0,0,Normal,Normal
2020-04-11,76.0,75.99834526348982,0,0,Normal,Normal
2020-04-12,86.6,86.98704939183493,0,0,Normal,Normal
2020-04-13,65.7,65.31736141211013,0,0,Normal,Normal
2020-04-14,64.6,64.16392884403021,0,0,Normal,Normal
2020-04-15,68.7,68.44262471752513,0,0,Normal,Normal
2020-04-16,77.7,78.071860958035,0,0,Normal,Normal
2020-04-17,72.2,71.97826322461748,0,0,Normal,Normal
2020-04-18,62.3,63.554740902232254,0,0,Normal,Normal
2020-04-19,92.9,89.33571136127695,0,0,Normal,Normal
2020-04-20,86.2,86.19396847826174,0,0,Normal,Normal
2020-04-21,86.4,86.7113045852923,0,0,Normal,Normal
2020-04-22,80.2,80.65728694965054,0,0,Normal,Normal
2020-04-23,88.7,89.03523564278986,0,0,Normal,Normal
2020-04-24,96.3,94.24339708437276,0,0,Moderate,Normal
2020-04-25,79.4,79.88215094190431,0,0,Normal,Normal
2020-04-26,85.5,85.48227034877338,0,0,Normal,Normal
2020-04-27,88.7,88.73895120269493,0,0,Normal,Normal
2020-04-28,91.7,91.89611860204089,0,0,Normal,Normal
2020-04-29,84.4,85.08109040268637,0,0,Normal,Normal
2020-04-30,87.0,86.98621695162123,0,0,Normal,Normal
2020-05-01,88.1,88.19982164845867,0,0,Normal,Normal
2020-05-02,91.2,90.56615936371186,1,0,Normal,Normal
2020-05-03,93.4,93.24148596531498,1,1,Normal,Normal
2020-05-04,96.3,95.87117409630604,1,1,Moderate,Moderate
2020-05-05,84.5,85.65305281041876,0,0,Normal,Normal
2020-05-06,85.5,85.87447438050847,0,0,Normal,Normal
2020-05-07,83.5,83.9782335184269,0,0,Normal,Normal
2020-05-08,85.1,85.87626149949355,0,0,Normal,Normal
2020-05-09,77.5,77.91033960631293,0,0,Normal,Normal
2020-05-10,81.7,81.76878350106368,0,0,Normal,Normal
2020-05-11,83.9,84.23608130150782,0,0,Normal,Normal
2020-05-12,73.6,73.5795410390397,0,0,Normal,Normal
2020-05-13,87.3,86.72176999549605,0,0,Normal,Normal
2020-05-14,91.4,91.29558494853455,0,0,Normal,Normal
2020-05-15,91.8,91.69949222757832,1,0,Normal,Normal
2020-05-16,82.6,82.48237335168727,0,0,Normal,Normal
2020-05-17,91.1,90.80068535104526,0,0,Normal,Normal
2020-05-18,93.6,93.5307991792717,0,0,Normal,Normal
2020-05-19,95.4,95.37427691313592,1,1,Moderate,Moderate
2020-05-20,93.7,93.65786361682925,1,1,Normal,Normal
2020-05-21,91.6,91.82167595490832,1,1,Normal,Normal
2020-05-22,93.4,93.2370608656207,1,1,Normal,Normal
2020-05-23,91.7,92.27019014151492,1,1,Normal,Normal
2020-05-24,91.5,91.39440604956862,1,1,Normal,Normal
2020-05-25,78.5,78.4168628396093,0,0,Normal,Normal
2020-05-26,84.7,84.86399072079867,0,0,Normal,Normal
2020-05-27,89.3,87.90564402920943,0,0,Normal,Normal
2020-05-28,89.1,88.59167281244171,0,0,Normal,Normal
2020-05-29,88.0,88.24901068439316,1,1,Normal,Normal
2020-05-30,87.7,88.13986128056732,1,1,Normal,Normal
2020-05-31,83.8,85.43534720161173,0,0,Normal,Normal
2020-06-01,83.0,83.96254895018541,0,0,Normal,Normal
2020-06-02,88.4,88.56637170767277,0,0,Normal,Normal
2020-06-03,91.2,91.23278415647692,0,0,Normal,Normal
2020-06-04,92.3,92.37428792771554,1,1,Normal,Normal
2020-06-05,92.6,93.03044175940845,1,1,Normal,Normal
2020-06-06,95.5,95.98186376659736,1,1,Moderate,Moderate
2020-06-07,95.4,96.0143348486878,1,1,Moderate,Moderate
2020-06-08,98.2,98.43886833883406,1,1,Moderate,Moderate
2020-06-09,98.3,98.60848464255744,1,1,Moderate,Moderate
2020-06-10,92.3,92.92148049969016,1,1,Normal,Normal
2020-06-11,94.5,93.31287897212856,1,1,Normal,Normal
2020-06-12,92.3,91.94941425513689,1,1,Normal,Normal
2020-06-13,93.3,93.21870234830192,1,1,Normal,Normal
2020-06-14,92.3,92.7244969140973,1,1,Normal,Normal
2020-06-15,94.5,94.42690053225276,1,1,Normal,Normal
2020-06-16,94.1,94.06432967838082,1,1,Normal,Normal
2020-06-17,93.5,93.68050576918463,1,1,Normal,Normal
2020-06-18,95.4,95.21128237465471,1,1,Moderate,Moderate
2020-06-19,94.1,94.3396231345452,1,1,Normal,Normal
2020-06-20,92.7,92.89939820619684,1,1,Normal,Normal
2020-06-21,94.6,94.8590385769576,1,1,Normal,Normal
2020-06-22,92.3,92.7492811972256,1,1,Normal,Normal
2020-06-23,92.3,92.50222779620336,1,1,Normal,Normal
2020-06-24,84.3,85.12956769703092,0,0,Normal,Normal
2020-06-25,91.9,92.1396086247775,0,0,Normal,Normal
2020-06-26,84.5,84.84469572328884,0,0,Normal,Normal
2020-06-27,91.4,91.65923252403412,0,0,Normal,Normal
2020-06-28,86.7,88.15753487807012,0,0,Normal,Normal
2020-06-29,89.9,90.79372776596288,0,1,Normal,Normal
2020-06-30,92.4,93.0212642078109,0,1,Normal,Normal
2020-07-01,93.5,94.33804535248689,1,1,Normal,Normal
2020-07-02,96.4,96.92581490925627,1,1,Moderate,Moderate
2020-07-03,97.1,97.16620471570192,1,1,Moderate,Moderate
2020-07-04,99.1,99.09415948674932,1,1,Moderate,Moderate
2020-07-05,99.1,99.21726575213977,1,1,Moderate,Moderate
2020-07-06,92.0,94.13491900048734,1,1,Normal,Normal
2020-07-07,96.5,96.99361974534644,1,1,Moderate,Moderate
2020-07-08,97.5,98.08846807364088,1,1,Moderate,Moderate
2020-07-09,99.1,99.27937527411945,1,1,Moderate,Moderate
2020-07-10,100.4,100.3478601145698,1,1,High,High
2020-07-11,101.7,101.65842429541706,1,1,High,High
2020-07-12,103.7,103.0267545231341,1,1,High,High
2020-07-13,106.1,105.29495798583858,1,1,Extreme,Extreme
2020-07-14,104.2,103.85418414084032,1,1,High,High
2020-07-15,100.4,100.63660937179482,1,1,High,High
2020-07-16,100.4,100.49264356284904,1,1,High,High
2020-07-17,99.6,99.78045175759183,1,1,Moderate,Moderate
2020-07-18,96.4,96.72622155338108,1,1,Moderate,Moderate
2020-07-19,97.7,98.04710542853071,1,1,Moderate,Moderate
2020-07-20,98.5,98.71555060490394,1,1,Moderate,Moderate
2020-07-21,92.6,93.88764051110886,1,1,Normal,Normal
2020-07-22,97.5,97.90608000165756,1,1,Moderate,Moderate
2020-07-23,99.7,100.06078992605237,1,1,Moderate,High
2020-07-24,97.8,99.14167798207204,1,1,Moderate,Moderate
2020-07-25,93.5,93.31653586719176,1,1,Normal,Normal
2020-07-26,94.2,93.84532040171906,1,1,Normal,Normal
2020-07-27,97.1,96.9769206791424,1,1,Moderate,Moderate
2020-07-28,99.3,98.68836957074537,1,1,Moderate,Moderate
2020-07-29,96.1,95.8280966532503,1,1,Moderate,Moderate
2020-07-30,99.1,99.02450125199798,1,1,Moderate,Moderate
2020-07-31,100.1,97.39897802212448,1,1,High,Moderate
2020-08-01,96.7,96.81505408476684,1,1,Moderate,Moderate
2020-08-02,98.0,97.9202755304923,1,1,Moderate,Moderate
2020-08-03,100.5,98.9264011925106,1,1,High,Moderate
2020-08-04,100.5,100.39745155316938,1,1,High,High
2020-08-05,101.4,101.64031400949295,1,1,High,High
2020-08-06,101.3,101.30489728248185,1,1,High,High
2020-08-07,99.8,100.00039337970728,1,1,Moderate,High
2020-08-08,100.9,100.9993177840065,1,1,High,High
2020-08-09,102.0,101.946509607593,1,1,High,High
2020-08-10,101.1,101.22828616418953,1,1,High,High
2020-08-11,102.2,102.10627405045258,1,1,High,High
2020-08-12,103.1,103.25225607008323,1,1,High,High
2020-08-13,102.5,102.6119374072296,1,1,High,High
2020-08-14,105.7,105.23899238300804,1,1,Extreme,Extreme
2020-08-15,105.1,105.19898157344711,1,1,Extreme,Extreme
2020-08-16,104.7,104.67103108895704,1,1,High,High
2020-08-17,96.4,97.28641634868636,1,1,Moderate,Moderate
2020-08-18,101.7,102.17723152306904,1,1,High,High
2020-08-19,102.9,102.35541038307946,1,1,High,High
2020-08-20,99.7,99.50833806399756,1,1,Moderate,Moderate
2020-08-21,101.5,101.47781635711002,1,1,High,High
2020-08-22,92.1,92.1418609694654,1,1,Normal,Normal
2020-08-23,96.0,95.98292488929472,1,1,Moderate,Moderate
2020-08-24,98.0,98.19097246508738,1,1,Moderate,Moderate
2020-08-25,98.9,99.0269753972322,1,1,Moderate,Moderate
2020-08-26,94.3,95.41306314883414,1,1,Normal,Moderate
2020-08-27,99.8,100.12906802518354,1,1,Moderate,High
2020-08-28,103.9,103.69741734961669,1,1,High,High
2020-08-29,102.5,102.67633579439702,1,1,High,High
2020-08-30,101.3,101.68411662474696,1,1,High,High
2020-08-31,101.9,101.97288116303967,1,1,High,High
2020-09-01,100.1,100.65091881292965,1,1,High,High
2020-09-02,85.9,87.17431027680891,0,1,Normal,Normal
2020-09-03,91.2,91.1566364192358,0,1,Normal,Normal
2020-09-04,83.0,82.4324323871959,0,0,Normal,Normal
2020-09-05,89.4,89.55139990492029,0,0,Normal,Normal
2020-09-06,93.4,93.73161162325398,0,0,Normal,Normal
2020-09-07,95.2,95.40518580456435,1,1,Moderate,Moderate
2020-09-08,88.1,88.36722539425182,1,1,Normal,Normal
2020-09-09,80.1,80.82712014742101,0,0,Normal,Normal
2020-09-10,66.3,66.5268928120834,0,0,Normal,Normal
2020-09-11,85.3,84.39088910701597,0,0,Normal,Normal
2020-09-12,91.7,91.90768768837164,0,0,Normal,Normal
2020-09-13,92.8,93.50859778265033,0,0,Normal,Normal
2020-09-14,90.8,92.0594180172925,1,1,Normal,Normal
2020-09-15,91.4,91.89962726002648,1,1,Normal,Normal
2020-09-16,92.4,93.13459086769548,1,1,Normal,Normal
2020-09-17,86.3,88.05159184269552,0,1,Normal,Normal
2020-09-18,87.6,88.46457288162452,0,1,Normal,Normal
2020-09-19,84.5,84.67564870402153,0,0,Normal,Normal
2020-09-20,85.5,84.98807389072299,0,0,Normal,Normal
2020-09-21,73.0,73.60738717712768,0,0,Normal,Normal
2020-09-22,74.7,75.18376538996375,0,0,Normal,Normal
2020-09-23,76.6,77.37450668481826,0,0,Normal,Normal
2020-09-24,81.1,81.37665881396839,0,0,Normal,Normal
2020-09-25,86.7,86.2767045127665,0,0,Normal,Normal
2020-09-26,89.1,89.13437947926488,0,0,Normal,Normal
2020-09-27,91.9,92.26983753281372,0,0,Normal,Normal
2020-09-28,80.3,81.9120880252587,0,0,Normal,Normal
2020-09-29,83.5,83.27188191283601,0,0,Normal,Normal
2020-09-30,88.1,87.29977558869112,0,0,Normal,Normal
2020-10-01,90.4,89.14813298193826,0,0,Normal,Normal
2020-10-02,83.5,83.72543712331002,0,0,Normal,Normal
2020-10-03,85.9,85.78339470398518,0,0,Normal,Normal
2020-10-04,89.9,89.22267238698672,0,0,Normal,Normal
2020-10-05,86.7,86.55729308253852,0,0,Normal,Normal
2020-10-06,87.7,87.61703703550518,0,0,Normal,Normal
2020-10-07,91.3,90.87615494121889,0,0,Normal,Normal
2020-10-08,85.9,86.30796742664167,0,0,Normal,Normal
2020-10-09,87.7,87.89824192800398,0,0,Normal,Normal
2020-10-10,94.5,93.1744760351868,0,0,Normal,Normal
2020-10-11,97.5,96.48312948140872,1,1,Moderate,Moderate
2020-10-12,87.6,88.35257823482736,1,1,Normal,Normal
2020-10-13,89.3,88.26294049915747,1,1,Normal,Normal
2020-10-14,92.3,91.78576420697893,1,1,Normal,Normal
2020-10-15,88.4,88.61360336918551,1,1,Normal,Normal
2020-10-16,76.9,77.01027613509319,0,0,Normal,Normal
2020-10-17,78.9,78.82043879212254,0,0,Normal,Normal
2020-10-18,92.3,91.95323536784242,0,0,Normal,Normal
2020-10-19,92.5,92.40716336479063,0,0,Normal,Normal
2020-10-20,90.8,91.27245063995493,1,1,Normal,Normal
2020-10-21,90.0,89.75454096892497,1,1,Normal,Normal
2020-10-22,89.7,89.60421919192471,1,1,Normal,Normal
2020-10-23,82.0,81.88322045167834,0,0,Normal,Normal
2020-10-24,65.8,65.99302259399613,0,0,Normal,Normal
2020-10-25,84.8,84.16599024491236,0,0,Normal,Normal
2020-10-26,75.8,74.43181213478013,0,0,Normal,Normal
2020-10-27,43.5,44.88340089253159,0,0,Normal,Normal
2020-10-28,61.2,60.00477730115675,0,0,Normal,Normal
2020-10-29,63.8,64.19069316354496,0,0,Normal,Normal
2020-10-30,71.1,71.03732523074957,0,0,Normal,Normal
2020-10-31,78.4,77.20834683213316,0,0,Normal,Normal
2020-11-01,78.0,77.87416778629975,0,0,Normal,Normal
2020-11-02,76.1,75.06695690590723,0,0,Normal,Normal
2020-11-03,80.0,78.46454113942814,0,0,Normal,Normal
2020-11-04,80.8,80.48820271143909,0,0,Normal,Normal
2020-11-05,81.7,81.18696257608515,0,0,Normal,Normal
2020-11-06,79.7,79.64493542996728,0,0,Normal,Normal
2020-11-07,80.8,80.5588289013638,0,0,Normal,Normal
2020-11-08,83.0,82.99090325857051,0,0,Normal,Normal
2020-11-09,84.7,84.73237610186527,0,0,Normal,Normal
2020-11-10,79.2,79.72399214278731,0,0,Normal,Normal
2020-11-11,82.9,82.56751371643873,0,0,Normal,Normal
2020-11-12,83.0,83.00979750268803,0,0,Normal,Normal
2020-11-13,83.5,83.4178676323328,0,0,Normal,Normal
2020-11-14,86.5,86.4308013759391,0,0,Normal,Normal
2020-11-15,73.7,73.949872749943,0,0,Normal,Normal
2020-11-16,74.4,72.96890299180596,0,0,Normal,Normal
2020-11-17,76.6,74.11334022584926,0,0,Normal,Normal
2020-11-18,80.0,77.99726577711975,0,0,Normal,Normal
2020-11-19,82.2,81.40480612859743,0,0,Normal,Normal
2020-11-20,81.4,80.94170439508113,0,0,Normal,Normal
2020-11-21,80.7,80.29137501264071,0,0,Normal,Normal
2020-11-22,82.4,81.42038238151929,0,0,Normal,Normal
2020-11-23,67.0,66.41312235625904,0,0,Normal,Normal
2020-11-24,83.3,82.46357899988698,0,0,Normal,Normal
2020-11-25,73.0,73.34668934821349,0,0,Normal,Normal
2020-11-26,77.8,77.57098472090331,0,0,Normal,Normal
2020-11-27,70.2,71.19613521261705,0,0,Normal,Normal
2020-11-28,60.3,60.98825167034175,0,0,Normal,Normal
2020-11-29,56.0,55.7740763734381,0,0,Normal,Normal
2020-11-30,56.7,56.26000124456672,0,0,Normal,Normal
2020-12-01,63.9,62.88516834875245,0,0,Normal,Normal
2020-12-02,65.1,64.14408274278205,0,0,Normal,Normal
2020-12-03,57.5,57.34940466231542,0,0,Normal,Normal
2020-12-04,59.6,58.90985978638067,0,0,Normal,Normal
2020-12-05,53.3,52.47572353242699,0,0,Normal,Normal
2020-12-06,66.7,65.98459482899574,0,0,Normal,Normal
2020-12-07,70.9,69.96558502088031,0,0,Normal,Normal
2020-12-08,78.3,76.3719591284029,0,0,Normal,Normal
2020-12-09,81.1,79.0607666472954,0,0,Normal,Normal
2020-12-10,78.4,78.29263579343358,0,0,Normal,Normal
2020-12-11,71.2,71.49247289574207,0,0,Normal,Normal
2020-12-12,62.7,62.55982298184376,0,0,Normal,Normal
2020-12-13,67.5,66.87764179820526,0,0,Normal,Normal
2020-12-14,51.0,50.18180296163018,0,0,Normal,Normal
2020-12-15,58.4,57.75428042581442,0,0,Normal,Normal
2020-12-16,56.3,55.74492673750044,0,0,Normal,Normal
2020-12-17,63.8,62.57097988921443,0,0,Normal,Normal
2020-12-18,64.3,64.46822270348294,0,0,Normal,Normal
2020-12-19,67.6,68.09155729180735,0,0,Normal,Normal
2020-12-20,68.4,67.4733032037033,0,0,Normal,Normal
2020-12-21,73.9,71.94203486726819,0,0,Normal,Normal
2020-12-22,73.9,74.19601802487801,0,0,Normal,Normal
2020-12-23,79.8,79.91641582601018,0,0,Normal,Normal
2020-12-24,56.0,55.38206448652155,0,0,Normal,Normal
2020-12-25,69.2,67.34449035623753,0,0,Normal,Normal
2020-12-26,70.1,69.62492693956254,0,0,Normal,Normal
2020-12-27,76.1,75.58207568564193,0,0,Normal,Normal
2020-12-28,75.1,74.84005460752066,0,0,Normal,Normal
2020-12-29,75.3,75.28404008348485,0,0,Normal,Normal
2020-12-30,72.6,72.24481946568433,0,0,Normal,Normal
2020-12-31,44.3,44.38255975934936,0,0,Normal,Normal
2021-01-01,53.0,51.80453861221241,0,0,Normal,Normal
2021-01-02,63.1,62.40113479930474,0,0,Normal,Normal
2021-01-03,70.5,69.81518322532582,0,0,Normal,Normal
2021-01-04,76.9,75.40579855494292,0,0,Normal,Normal
2021-01-05,71.5,71.70701568567995,0,0,Normal,Normal
2021-01-06,66.6,67.60421728734475,0,0,Normal,Normal
2021-01-07,62.2,61.75642365351755,0,0,Normal,Normal
2021-01-08,52.7,52.377750204412266,0,0,Normal,Normal
2021-01-09,53.2,52.10636119306899,0,0,Normal,Normal
2021-01-10,45.2,42.79603961806528,0,0,Normal,Normal
2021-01-11,48.1,47.07178582122314,0,0,Normal,Normal
2021-01-12,50.8,49.38294626082865,0,0,Normal,Normal
2021-01-13,65.6,64.45847697916221,0,0,Normal,Normal
2021-01-14,68.9,68.82972019527126,0,0,Normal,Normal
2021-01-15,59.4,59.16017731546242,0,0,Normal,Normal
2021-01-16,62.9,62.37587978752388,0,0,Normal,Normal
2021-01-17,68.8,68.57767482454689,0,0,Normal,Normal
2021-01-18,74.7,74.66233481345785,0,0,Normal,Normal
2021-01-19,68.2,68.18994030872588,0,0,Normal,Normal
2021-01-20,54.4,54.75771715819948,0,0,Normal,Normal
2021-01-21,65.9,66.32284065739779,0,0,Normal,Normal
2021-01-22,77.4,76.35825170995572,0,0,Normal,Normal
2021-01-23,61.8,62.72930927053061,0,0,Normal,Normal
2021-01-24,69.8,69.89964966254033,0,0,Normal,Normal
2021-01-25,75.8,76.65929543408264,0,0,Normal,Normal
2021-01-26,72.4,72.38497320911922,0,0,Normal,Normal
2021-01-27,66.2,65.95642721778536,0,0,Normal,Normal
2021-01-28,54.2,54.01979078537965,0,0,Normal,Normal
2021-01-29,68.2,68.02171099496401,0,0,Normal,Normal
2021-01-30,79.3,79.31884881933453,0,0,Normal,Normal
2021-01-31,69.1,69.48381536755198,0,0,Normal,Normal
2021-02-01,65.6,64.97436871651507,0,0,Normal,Normal
2021-02-02,68.0,67.78220020967332,0,0,Normal,Normal
2021-02-03,75.8,75.75714157210804,0,0,Normal,Normal
2021-02-04,84.1,83.66788282817932,0,0,Normal,Normal
2021-02-05,58.7,59.163953272972975,0,0,Normal,Normal
2021-02-06,75.1,73.24864706685652,0,0,Normal,Normal
2021-02-07,70.0,70.0392565897416,0,0,Normal,Normal
2021-02-08,74.4,74.16022303080476,0,0,Normal,Normal
2021-02-09,64.1,64.39650271146456,0,0,Normal,Normal
2021-02-10,46.6,45.18343546323143,0,0,Normal,Normal
2021-02-11,37.3,37.68791000342674,0,0,Normal,Normal
2021-02-12,32.3,35.89848680515139,0,0,Normal,Normal
2021-02-13,31.1,35.690714781307,0,0,Normal,Normal
2021-02-14,30.1,35.99207448298985,0,0,Normal,Normal
2021-02-15,22.6,34.167416760443,0,0,Normal,Normal
2021-02-16,24.7,35.14429513685656,0,0,Normal,Normal
2021-02-17,31.2,37.16563658214847,0,0,Normal,Normal
2021-02-18,32.6,34.489238106704214,0,0,Normal,Normal
2021-02-19,42.6,40.39241309116599,0,0,Normal,Normal
2021-02-20,61.2,59.55869654618719,0,0,Normal,Normal
2021-02-21,74.8,75.4517334286944,0,0,Normal,Normal
2021-02-22,74.4,75.18454409393155,0,0,Normal,Normal
2021-02-23,78.7,79.73285424580303,0,0,Normal,Normal
2021-02-24,83.6,84.48942321347694,0,0,Normal,Normal
2021-02-25,65.7,64.94152584953316,0,0,Normal,Normal
2021-02-26,60.1,60.04025228270221,0,0,Normal,Normal
2021-02-27,78.3,77.95160252890294,0,0,Normal,Normal
2021-02-28,74.8,75.99127068168495,0,0,Normal,Normal
2021-03-01,58.3,58.76508684333743,0,0,Normal,Normal
2021-03-02,66.5,65.61859433276747,0,0,Normal,Normal
2021-03-03,71.9,71.40325635762001,0,0,Normal,Normal
2021-03-04,76.0,76.001362409274,0,0,Normal,Normal
2021-03-05,79.3,79.2543020988244,0,0,Normal,Normal
2021-03-06,67.9,68.2760178067537,0,0,Normal,Normal
2021-03-07,70.0,69.98344794607324,0,0,Normal,Normal
2021-03-08,71.7,71.74274419699195,0,0,Normal,Normal
2021-03-09,76.7,76.66679607001461,0,0,Normal,Normal
2021-03-10,81.6,81.94135370512122,0,0,Normal,Normal
2021-03-11,80.2,80.91828346465284,0,0,Normal,Normal
2021-03-12,80.5,81.21985204944485,0,0,Normal,Normal
2021-03-13,77.1,77.04455182174395,0,0,Normal,Normal
2021-03-14,76.1,75.15337247702169,0,0,Normal,Normal
2021-03-15,85.3,84.23629305533184,0,0,Normal,Normal
2021-03-16,80.1,80.14512596224552,0,0,Normal,Normal
2021-03-17,77.4,78.12025082323508,0,0,Normal,Normal
2021-03-18,73.1,72.74959200794281,0,0,Normal,Normal
2021-03-19,70.3,70.01262869478859,0,0,Normal,Normal
2021-03-20,71.8,71.4381369486935,0,0,Normal,Normal
2021-03-21,73.6,73.65581770679498,0,0,Normal,Normal
2021-03-22,71.2,71.40898719426914,0,0,Normal,Normal
2021-03-23,80.8,80.23226118784541,0,0,Normal,Normal
2021-03-24,71.1,71.66849607336476,0,0,Normal,Normal
2021-03-25,74.2,74.38903522520228,0,0,Normal,Normal
2021-03-26,83.0,83.08732545059448,0,0,Normal,Normal
2021-03-27,85.0,85.19179524983782,0,0,Normal,Normal
2021-03-28,74.1,74.67497520976745,0,0,Normal,Normal
2021-03-29,77.1,76.751611138418,0,0,Normal,Normal
2021-03-30,79.8,79.8325447185903,0,0,Normal,Normal
2021-03-31,72.6,73.43679771913645,0,0,Normal,Normal
2021-04-01,70.0,70.03568444444579,0,0,Normal,Normal
2021-04-02,71.2,71.25800738799349,0,0,Normal,Normal
2021-04-03,65.9,65.44345007380807,0,0,Normal,Normal
2021-04-04,74.2,74.11359979241415,0,0,Normal,Normal
2021-04-05,79.5,79.40289270564297,0,0,Normal,Normal
2021-04-06,86.1,86.01387292064501,0,0,Normal,Normal
2021-04-07,87.4,87.66168845341723,0,0,Normal,Normal
2021-04-08,91.0,89.47254144098954,0,0,Normal,Normal
2021-04-09,90.3,89.83492630587516,1,1,Normal,Normal
2021-04-10,80.2,80.3330184057901,0,0,Normal,Normal
2021-04-11,87.5,87.13319041578305,0,0,Normal,Normal
2021-04-12,87.5,87.3313584136946,0,0,Normal,Normal
2021-04-13,82.5,84.12735002106308,0,0,Normal,Normal
2021-04-14,81.8,83.03883471345635,0,0,Normal,Normal
2021-04-15,72.6,72.14479344014741,0,0,Normal,Normal
2021-04-16,68.0,68.31321079343931,0,0,Normal,Normal
2021-04-17,64.8,64.74252564658622,0,0,Normal,Normal
2021-04-18,67.9,67.54110632149508,0,0,Normal,Normal
2021-04-19,74.5,74.86368409439743,0,0,Normal,Normal
2021-04-20,83.1,82.4431207447327,0,0,Normal,Normal
2021-04-21,65.9,65.56429191806583,0,0,Normal,Normal
2021-04-22,66.4,67.15222663480397,0,0,Normal,Normal
2021-04-23,71.9,71.81992704063869,0,0,Normal,Normal
2021-04-24,83.1,83.28453187738597,0,0,Normal,Normal
2021-04-25,87.3,87.41739493106564,0,0,Normal,Normal
2021-04-26,85.5,85.80700661531694,0,0,Normal,Normal
2021-04-27,78.9,79.66478822745442,0,0,Normal,Normal
2021-04-28,83.7,84.80146053117753,0,0,Normal,Normal
2021-04-29,74.9,75.56369288572573,0,0,Normal,Normal
2021-04-30,73.3,73.0559548956338,0,0,Normal,Normal
2021-05-01,74.0,73.57888539721667,0,0,Normal,Normal
2021-05-02,88.3,87.99030338200463,0,0,Normal,Normal
2021-05-03,92.8,92.770700622146,0,0,Normal,Normal
2021-05-04,82.0,83.34511298642082,0,0,Normal,Normal
2021-05-05,80.8,80.87982770950664,0,0,Normal,Normal
2021-05-06,87.0,86.28160555141345,0,0,Normal,Normal
2021-05-07,85.1,85.38012981295707,0,0,Normal,Normal
2021-05-08,89.2,88.90818735640653,0,0,Normal,Normal
2021-05-09,88.3,88.63992489185497,0,0,Normal,Normal
2021-05-10,79.2,79.87139207587036,0,0,Normal,Normal
2021-05-11,75.6,74.46326069215652,0,0,Normal,Normal
2021-05-12,74.1,73.49384744595912,0,0,Normal,Normal
2021-05-13,73.8,74.3920961091487,0,0,Normal,Normal
2021-05-14,81.7,82.18440765317793,0,0,Normal,Normal
2021-05-15,78.9,79.49136275844691,0,0,Normal,Normal
2021-05-16,81.3,81.01214504391638,0,0,Normal,Normal
2021-05-17,79.6,79.92396651165494,0,0,Normal,Normal
2021-05-18,77.8,78.03305615541456,0,0,Normal,Normal
2021-05-19,71.5,72.68719652507191,0,0,Normal,Normal
2021-05-20,84.3,84.42563072932714,0,0,Normal,Normal
2021-05-21,85.4,85.54883842983216,0,0,Normal,Normal
2021-05-22,80.1,80.70261210472745,0,0,Normal,Normal
2021-05-23,73.5,75.30798641457997,0,0,Normal,Normal
2021-05-24,85.6,85.43486083169623,0,0,Normal,Normal
2021-05-25,87.5,87.84950361702201,0,0,Normal,Normal
2021-05-26,88.6,89.13386091649457,0,0,Normal,Normal
2021-05-27,89.2,89.3893183024841,1,1,Normal,Normal
2021-05-28,87.1,87.26780434933043,1,1,Normal,Normal
2021-05-29,86.3,86.09472776662884,0,0,Normal,Normal
2021-05-30,86.9,86.62601365693128,0,0,Normal,Normal
2021-05-31,83.7,83.77419090260781,0,0,Normal,Normal
2021-06-01,83.1,83.10842717036414,0,0,Normal,Normal
2021-06-02,88.3,88.26962987957891,0,0,Normal,Normal
2021-06-03,70.9,70.71229752185221,0,0,Normal,Normal
2021-06-04,82.4,82.1222851065224,0,0,Normal,Normal
2021-06-05,80.0,80.28448947467118,0,0,Normal,Normal
2021-06-06,89.4,89.21306232149286,0,0,Normal,Normal
2021-06-07,88.9,89.31094567883905,0,0,Normal,Normal
2021-06-08,91.3,91.3106479740958,1,1,Normal,Normal
2021-06-09,92.5,92.57135136066653,1,1,Normal,Normal
2021-06-10,92.6,92.70098088188276,1,1,Normal,Normal
2021-06-11,91.5,91.8546763182621,1,1,Normal,Normal
2021-06-12,93.1,92.95907081800608,1,1,Normal,Normal
2021-06-13,97.0,96.93403475096638,1,1,Moderate,Moderate
2021-06-14,98.2,98.32759718328238,1,1,Moderate,Moderate
2021-06-15,97.2,97.41543247323273,1,1,Moderate,Moderate
2021-06-16,95.1,95.51003028543322,1,1,Moderate,Moderate
2021-06-17,95.6,96.23203236481386,1,1,Moderate,Moderate
2021-06-18,93.1,93.9071109834616,1,1,Normal,Normal
2021-06-19,94.3,94.34784099118174,1,1,Normal,Normal
2021-06-20,93.7,93.73251221547744,1,1,Normal,Normal
2021-06-21,93.3,94.33246104087894,1,1,Normal,Normal
2021-06-22,87.3,87.80510636666286,1,1,Normal,Normal
2021-06-23,97.0,96.62009174670514,1,1,Moderate,Moderate
2021-06-24,96.3,96.47488299588936,1,1,Moderate,Moderate
2021-06-25,94.9,95.28870181579904,1,1,Normal,Moderate
2021-06-26,95.8,96.10184821087238,1,1,Moderate,Moderate
2021-06-27,90.4,90.41018790263416,1,1,Normal,Normal
2021-06-28,87.5,87.32690053365354,1,1,Normal,Normal
2021-06-29,85.7,85.47859386599585,0,0,Normal,Normal
2021-06-30,91.0,90.99971795188506,0,0,Normal,Normal
2021-07-01,92.9,93.11161149415416,0,0,Normal,Normal
2021-07-02,95.4,95.73263959085644,1,1,Moderate,Moderate
2021-07-03,89.5,89.86183838450317,1,1,Normal,Normal
2021-07-04,82.6,83.2798732134525,0,0,Normal,Normal
2021-07-05,82.9,83.27749051988992,0,0,Normal,Normal
2021-07-06,87.3,87.34672749653943,0,0,Normal,Normal
2021-07-07,86.8,87.08906895096942,0,0,Normal,Normal
2021-07-08,88.1,88.17638149818755,0,1,Normal,Normal
2021-07-09,79.8,80.884960361094,0,0,Normal,Normal
2021-07-10,90.9,91.0670183139973,0,0,Normal,Normal
2021-07-11,90.5,90.84158434625544,0,0,Normal,Normal
2021-07-12,86.5,87.6271324136927,0,1,Normal,Normal
2021-07-13,89.6,89.01302928576197,0,1,Normal,Normal
2021-07-14,90.7,90.55270727900108,0,1,Normal,Normal
2021-07-15,91.5,91.78840504338396,1,1,Normal,Normal
2021-07-16,91.8,92.1655017712571,1,1,Normal,Normal
2021-07-17,92.0,92.52053839221936,1,1,Normal,Normal
2021-07-18,94.3,94.5216324026018,1,1,Normal,Normal
2021-07-19,95.3,94.5415463803609,1,1,Moderate,Normal
2021-07-20,91.3,91.32575009942008,1,1,Normal,Normal
2021-07-21,90.3,90.55548899532428,1,1,Normal,Normal
2021-07-22,92.2,91.43877816835654,1,1,Normal,Normal
2021-07-23,93.1,93.2405500441136,1,1,Normal,Normal
2021-07-24,96.0,96.35619566223843,1,1,Moderate,Moderate
2021-07-25,97.4,97.53213571415782,1,1,Moderate,Moderate
2021-07-26,97.3,97.41795341461278,1,1,Moderate,Moderate
2021-07-27,96.0,96.55670028789412,1,1,Moderate,Moderate
2021-07-28,95.1,95.82958661484184,1,1,Moderate,Moderate
2021-07-29,96.9,96.64724452691354,1,1,Moderate,Moderate
2021-07-30,96.0,96.2987709615831,1,1,Moderate,Moderate
2021-07-31,93.7,94.36169666080112,1,1,Normal,Normal
2021-08-01,99.1,98.6422803155415,1,1,Moderate,Moderate
2021-08-02,85.0,84.35723605492814,0,0,Normal,Normal
2021-08-03,90.6,90.893787905354,0,0,Normal,Normal
2021-08-04,90.8,91.43822698119412,0,0,Normal,Normal
2021-08-05,83.2,84.85801328049972,0,0,Normal,Normal
2021-08-06,89.9,90.16603564701396,0,0,Normal,Normal
2021-08-07,94.0,94.17967603968968,0,0,Normal,Normal
2021-08-08,95.1,95.48647880050528,1,1,Moderate,Moderate
2021-08-09,96.2,96.56420616713982,1,1,Moderate,Moderate
2021-08-10,96.7,96.94685297716838,1,1,Moderate,Moderate
2021-08-11,96.2,96.42524900214816,1,1,Moderate,Moderate
2021-08-12,96.0,96.31224415236954,1,1,Moderate,Moderate
2021-08-13,96.7,96.7608528348088,1,1,Moderate,Moderate
2021-08-14,96.8,96.90603937713183,1,1,Moderate,Moderate
2021-08-15,91.9,90.50303856590212,1,1,Normal,Normal
2021-08-16,92.6,92.69151557801486,1,1,Normal,Normal
2021-08-17,90.9,91.21878147239474,1,1,Normal,Normal
2021-08-18,92.5,92.56198212520282,1,1,Normal,Normal
2021-08-19,95.4,96.25684024087536,1,1,Moderate,Moderate
2021-08-20,94.3,94.77994782764088,1,1,Normal,Normal
2021-08-21,95.6,96.06251222950355,1,1,Moderate,Moderate
2021-08-22,95.6,95.93069232813475,1,1,Moderate,Moderate
2021-08-23,95.5,95.86566824239566,1,1,Moderate,Moderate
2021-08-24,97.0,97.213395794202,1,1,Moderate,Moderate
2021-08-25,95.9,96.70333223516516,1,1,Moderate,Moderate
2021-08-26,98.1,98.26151774860494,1,1,Moderate,Moderate
2021-08-27,88.7,88.9202517236307,1,1,Normal,Normal
2021-08-28,92.5,92.48026777794492,1,1,Normal,Normal
2021-08-29,93.2,93.24179855837728,1,1,Normal,Normal
2021-08-30,92.8,93.33127019547904,1,1,Normal,Normal
2021-08-31,98.4,98.53262758239984,1,1,Moderate,Moderate
2021-09-01,97.7,98.11510259608676,1,1,Moderate,Moderate
2021-09-02,97.2,97.38978977965655,1,1,Moderate,Moderate
2021-09-03,98.1,98.20504308028362,1,1,Moderate,Moderate
2021-09-04,97.9,98.05227248744328,1,1,Moderate,Moderate
2021-09-05,100.9,100.82870625020306,1,1,High,High
2021-09-06,96.9,96.62330019814102,1,1,Moderate,Moderate
2021-09-07,95.5,95.5022897141412,1,1,Moderate,Moderate
2021-09-08,99.7,98.94082636125044,1,1,Moderate,Moderate
2021-09-09,95.5,95.53716550986036,1,1,Moderate,Moderate
2021-09-10,94.2,93.86270759825788,1,1,Normal,Normal
2021-09-11,91.5,91.35702295600085,1,1,Normal,Normal
2021-09-12,91.5,91.47895325490975,1,1,Normal,Normal
2021-09-13,87.3,88.23965124661399,1,1,Normal,Normal
2021-09-14,84.5,85.75727293091794,0,0,Normal,Normal
2021-09-15,90.5,90.50519432077182,0,0,Normal,Normal
2021-09-16,92.8,92.85309629719316,0,0,Normal,Normal
2021-09-17,95.5,95.37652648405276,1,1,Moderate,Moderate
2021-09-18,96.6,96.6190666665376,1,1,Moderate,Moderate
2021-09-19,97.9,98.0300667930818,1,1,Moderate,Moderate
2021-09-20,100.0,100.12630596866023,1,1,High,High
2021-09-21,93.1,93.74290196078144,1,1,Normal,Normal
2021-09-22,85.0,85.58331533621133,0,0,Normal,Normal
2021-09-23,86.6,86.57985531902472,0,0,Normal,Normal
2021-09-24,87.5,87.27634217926207,0,0,Normal,Normal
2021-09-25,89.4,89.15834222442189,0,0,Normal,Normal
2021-09-26,90.3,90.19280516721538,1,1,Normal,Normal
2021-09-27,91.7,91.7054920585584,1,1,Normal,Normal
2021-09-28,95.5,95.0270088844786,1,1,Moderate,Moderate
2021-09-29,88.3,87.64958105321888,1,1,Normal,Normal
2021-09-30,93.1,92.49235386279626,1,1,Normal,Normal
2021-10-01,85.5,85.30951417328475,0,0,Normal,Normal
2021-10-02,87.2,87.12227884317491,0,0,Normal,Normal
2021-10-03,88.5,88.95643614709668,0,0,Normal,Normal
2021-10-04,90.5,90.48404164841816,1,1,Normal,Normal
2021-10-05,89.4,88.94283967399463,1,1,Normal,Normal
2021-10-06,88.5,88.23286477462312,1,1,Normal,Normal
2021-10-07,89.7,89.67400116335465,1,1,Normal,Normal
2021-10-08,90.6,90.62002763060522,1,1,Normal,Normal
2021-10-09,88.5,88.58016458763726,1,1,Normal,Normal
2021-10-10,90.6,90.8097306256361,1,1,Normal,Normal
2021-10-11,82.5,82.47231041125225,0,0,Normal,Normal
2021-10-12,87.3,87.40692553863497,0,0,Normal,Normal
2021-10-13,87.6,88.75794334389616,0,0,Normal,Normal
2021-10-14,78.3,78.57688652891525,0,0,Normal,Normal
2021-10-15,88.0,87.50366254317254,0,0,Normal,Normal
2021-10-16,74.6,74.80399538049684,0,0,Normal,Normal
2021-10-17,73.8,73.87068131628392,0,0,Normal,Normal
2021-10-18,77.5,77.6728815988259,0,0,Normal,Normal
2021-10-19,82.8,82.68423530931673,0,0,Normal,Normal
2021-10-20,81.2,81.11917690525438,0,0,Normal,Normal
2021-10-21,84.6,84.47420133279685,0,0,Normal,Normal
2021-10-22,85.5,85.63265418197153,0,0,Normal,Normal
2021-10-23,88.5,88.207865625927,0,0,Normal,Normal
2021-10-24,86.5,86.24462126487346,0,0,Normal,Normal
2021-10-25,88.7,88.09194374918431,0,0,Normal,Normal
2021-10-26,85.7,86.16331574869683,0,0,Normal,Normal
2021-10-27,78.1,78.936623685547,0,0,Normal,Normal
2021-10-28,78.1,78.3268120470507,0,0,Normal,Normal
2021-10-29,74.7,74.57241540275929,0,0,Normal,Normal
2021-10-30,80.4,80.05527374492351,0,0,Normal,Normal
2021-10-31,81.8,81.80574550467047,0,0,Normal,Normal
2021-11-01,80.7,80.6260049164216,0,0,Normal,Normal
2021-11-02,77.8,77.89764375672395,0,0,Normal,Normal
2021-11-03,66.3,64.66432309038053,0,0,Normal,Normal
2021-11-04,61.5,60.68166367288799,0,0,Normal,Normal
2021-11-05,64.4,64.00063070772408,0,0,Normal,Normal
2021-11-06,69.5,69.2604475529678,0,0,Normal,Normal
2021-11-07,73.8,73.7682400750904,0,0,Normal,Normal
2021-11-08,77.0,76.71890152610797,0,0,Normal,Normal
2021-11-09,75.6,75.56055092170881,0,0,Normal,Normal
2021-11-10,79.8,80.03840404634191,0,0,Normal,Normal
2021-11-11,74.6,75.3628480421045,0,0,Normal,Normal
2021-11-12,77.5,77.09619222466715,0,0,Normal,Normal
2021-11-13,69.6,69.33624315645709,0,0,Normal,Normal
2021-11-14,78.6,78.38838855935137,0,0,Normal,Normal
2021-11-15,80.9,80.33046595316603,0,0,Normal,Normal
2021-11-16,80.9,80.72355188148173,0,0,Normal,Normal
2021-11-17,82.8,82.78864906490345,0,0,Normal,Normal
2021-11-18,66.8,66.5555535559536,0,0,Normal,Normal
2021-11-19,65.9,65.56582082462073,0,0,Normal,Normal
2021-11-20,72.8,72.72291182323464,0,0,Normal,Normal
2021-11-21,77.2,77.20587374124497,0,0,Normal,Normal
2021-11-22,70.5,69.9790886893572,0,0,Normal,Normal
2021-11-23,70.7,70.37832551223063,0,0,Normal,Normal
2021-11-24,77.0,76.51620776951913,0,0,Normal,Normal
2021-11-25,68.0,68.32928071799276,0,0,Normal,Normal
2021-11-26,55.8,56.29026143083344,0,0,Normal,Normal
2021-11-27,51.8,52.14398107540827,0,0,Normal,Normal
2021-11-28,70.7,69.6957832753411,0,0,Normal,Normal
2021-11-29,71.7,71.10571096633313,0,0,Normal,Normal
2021-11-30,73.8,73.85600965946534,0,0,Normal,Normal
2021-12-01,75.1,74.4315379204442,0,0,Normal,Normal
2021-12-02,79.5,77.73861386257906,0,0,Normal,Normal
2021-12-03,74.5,74.40652816133284,0,0,Normal,Normal
2021-12-04,77.3,77.395571014563,0,0,Normal,Normal
2021-12-05,77.3,78.01602452483544,0,0,Normal,Normal
2021-12-06,72.8,73.55262277489604,0,0,Normal,Normal
2021-12-07,68.8,68.41783054939019,0,0,Normal,Normal
2021-12-08,77.2,76.93503035401477,0,0,Normal,Normal
2021-12-09,77.6,77.78746033932643,0,0,Normal,Normal
2021-12-10,84.1,83.449092789315,0,0,Normal,Normal
2021-12-11,72.4,71.88821529874666,0,0,Normal,Normal
2021-12-12,60.8,60.11780295105711,0,0,Normal,Normal
2021-12-13,63.8,64.18383399932975,0,0,Normal,Normal
2021-12-14,75.3,73.8139934002726,0,0,Normal,Normal
2021-12-15,79.8,80.0647338079238,0,0,Normal,Normal
2021-12-16,78.6,79.28630014056186,0,0,Normal,Normal
2021-12-17,78.1,79.07693044516832,0,0,Normal,Normal
2021-12-18,71.9,71.55559010097504,0,0,Normal,Normal
2021-12-19,54.4,54.42763067308052,0,0,Normal,Normal
2021-12-20,59.0,58.67985983784608,0,0,Normal,Normal
2021-12-21,66.6,65.38279170469772,0,0,Normal,Normal
2021-12-22,74.0,73.79067368931929,0,0,Normal,Normal
2021-12-23,70.3,70.27856777285574,0,0,Normal,Normal
2021-12-24,77.5,77.39151192519323,0,0,Normal,Normal
2021-12-25,78.1,78.02641371049852,0,0,Normal,Normal
2021-12-26,75.4,75.1006483073778,0,0,Normal,Normal
2021-12-27,79.2,79.09734168721876,0,0,Normal,Normal
2021-12-28,72.9,74.1413397613489,0,0,Normal,Normal
2021-12-29,80.5,79.87631599480802,0,0,Normal,Normal
2021-12-30,81.7,80.4503841321949,0,0,Normal,Normal
2021-12-31,81.4,80.59348464521389,0,0,Normal,Normal
2022-01-01,77.0,77.49792532596852,0,0,Normal,Normal
2022-01-02,46.7,44.90052707577475,0,0,Normal,Normal
2022-01-03,56.0,54.04977621551056,0,0,Normal,Normal
2022-01-04,66.1,65.35435700449143,0,0,Normal,Normal
2022-01-05,73.5,72.68439320110978,0,0,Normal,Normal
2022-01-06,55.2,55.17357896449032,0,0,Normal,Normal
2022-01-07,40.7,41.89724986123925,0,0,Normal,Normal
2022-01-08,63.3,62.1583449594654,0,0,Normal,Normal
2022-01-09,62.4,63.06087559491357,0,0,Normal,Normal
2022-01-10,58.3,57.639634096035294,0,0,Normal,Normal
2022-01-11,50.0,50.440686258028585,0,0,Normal,Normal
2022-01-12,64.3,63.1075644704296,0,0,Normal,Normal
2022-01-13,74.2,72.51204164586973,0,0,Normal,Normal
2022-01-14,77.5,77.36266781807372,0,0,Normal,Normal
2022-01-15,63.7,62.95458690100008,0,0,Normal,Normal
2022-01-16,62.3,61.47735252875309,0,0,Normal,Normal
2022-01-17,68.2,67.29351183121553,0,0,Normal,Normal
2022-01-18,74.2,73.86397755606102,0,0,Normal,Normal
2022-01-19,80.1,80.13061144834413,0,0,Normal,Normal
2022-01-20,43.0,42.67161567317244,0,0,Normal,Normal
2022-01-21,49.3,47.84252417174267,0,0,Normal,Normal
2022-01-22,53.8,52.65907350477501,0,0,Normal,Normal
2022-01-23,57.8,57.85711335968466,0,0,Normal,Normal
2022-01-24,52.8,53.47730927532815,0,0,Normal,Normal
2022-01-25,52.9,53.12212481618827,0,0,Normal,Normal
2022-01-26,53.6,53.68924721092615,0,0,Normal,Normal
2022-01-27,59.8,60.68533985538373,0,0,Normal,Normal
2022-01-28,59.5,59.37976617581954,0,0,Normal,Normal
2022-01-29,66.5,65.71210408304292,0,0,Normal,Normal
2022-01-30,69.7,69.91985045926185,0,0,Normal,Normal
2022-01-31,58.1,58.90178695743338,0,0,Normal,Normal
2022-02-01,65.5,66.16689938026825,0,0,Normal,Normal
2022-02-02,58.3,58.218930783055214,0,0,Normal,Normal
2022-02-03,37.2,37.118505508634605,0,0,Normal,Normal
2022-02-04,40.8,39.22021588989007,0,0,Normal,Normal
2022-02-05,50.7,49.17159452808066,0,0,Normal,Normal
2022-02-06,57.5,55.87509858961295,0,0,Normal,Normal
2022-02-07,61.4,60.99259611312214,0,0,Normal,Normal
2022-02-08,67.3,66.98677795683925,0,0,Normal,Normal
2022-02-09,73.7,73.29588637080491,0,0,Normal,Normal
2022-02-10,73.2,72.73224375825748,0,0,Normal,Normal
2022-02-11,75.5,75.48260063926226,0,0,Normal,Normal
2022-02-12,57.5,57.597872916737714,0,0,Normal,Normal
2022-02-13,66.3,64.48938883482339,0,0,Normal,Normal
2022-02-14,69.5,69.03469173526189,0,0,Normal,Normal
2022-02-15,73.9,73.58534460376015,0,0,Normal,Normal
2022-02-16,75.4,75.42814830198107,0,0,Normal,Normal
2022-02-17,70.4,70.59768861726722,0,0,Normal,Normal
2022-02-18,59.4,58.212730850805805,0,0,Normal,Normal
2022-02-19,64.8,64.01661220013662,0,0,Normal,Normal
2022-02-20,70.7,70.78756729449576,0,0,Normal,Normal
2022-02-21,84.1,83.43259648859083,0,0,Normal,Normal
2022-02-22,85.2,85.2109096493813,0,0,Normal,Normal
2022-02-23,47.8,45.56299834793983,0,0,Normal,Normal
2022-02-24,35.8,36.10199124587097,0,0,Normal,Normal
2022-02-25,38.6,39.74607320165951,0,0,Normal,Normal
2022-02-26,40.9,40.66875594533875,0,0,Normal,Normal
2022-02-27,60.4,59.55874625667759,0,0,Normal,Normal
2022-02-28,65.6,65.44588533742052,0,0,Normal,Normal
2022-03-01,73.1,72.69167553820353,0,0,Normal,Normal
2022-03-02,75.1,75.38469759889722,0,0,Normal,Normal
2022-03-03,78.1,78.35389657435704,0,0,Normal,Normal
2022-03-04,77.0,77.04722205883938,0,0,Normal,Normal
2022-03-05,79.5,79.63343280603134,0,0,Normal,Normal
2022-03-06,80.5,80.93802359516229,0,0,Normal,Normal
2022-03-07,71.2,67.09102216897382,0,0,Normal,Normal
2022-03-08,54.1,53.68239978424511,0,0,Normal,Normal
2022-03-09,60.1,60.00797867866176,0,0,Normal,Normal
2022-03-10,73.4,73.37577250504872,0,0,Normal,Normal
2022-03-11,62.4,61.0710867681452,0,0,Normal,Normal
2022-03-12,56.6,55.43689618459249,0,0,Normal,Normal
2022-03-13,66.5,66.36321808960716,0,0,Normal,Normal
2022-03-14,80.9,80.71932141787572,0,0,Normal,Normal
2022-03-15,76.4,76.26108667586959,0,0,Normal,Normal
2022-03-16,81.7,81.86451017205198,0,0,Normal,Normal
2022-03-17,70.7,71.01019107659657,0,0,Normal,Normal
2022-03-18,73.7,73.66859792029287,0,0,Normal,Normal
2022-03-19,78.9,77.75912144232441,0,0,Normal,Normal
2022-03-20,78.4,78.72038821133228,0,0,Normal,Normal
2022-03-21,79.2,78.27467450976687,0,0,Normal,Normal
2022-03-22,65.9,66.81699167740855,0,0,Normal,Normal
2022-03-23,69.7,69.33619852423767,0,0,Normal,Normal
2022-03-24,76.1,75.21671527403619,0,0,Normal,Normal
2022-03-25,84.3,82.49437617489986,0,0,Normal,Normal
2022-03-26,90.1,88.50076303989343,0,0,Normal,Normal
2022-03-27,86.5,86.07368054743282,0,0,Normal,Normal
2022-03-28,85.4,85.52016474626045,0,0,Normal,Normal
2022-03-29,79.0,80.17170758060087,0,0,Normal,Normal
2022-03-30,79.0,79.95779602135052,0,0,Normal,Normal
2022-03-31,75.9,75.69609858826047,0,0,Normal,Normal
2022-04-01,81.7,81.9204639307485,0,0,Normal,Normal
2022-04-02,85.7,85.6753353265439,0,0,Normal,Normal
2022-04-03,85.3,85.39632257429862,0,0,Normal,Normal
2022-04-04,79.0,79.10044429435271,0,0,Normal,Normal
2022-04-05,95.0,94.49575065771236,0,0,Moderate,Normal
2022-04-06,79.1,79.61950489069334,0,0,Normal,Normal
2022-04-07,77.2,76.38229113292788,0,0,Normal,Normal
2022-04-08,78.4,77.7845895619014,0,0,Normal,Normal
2022-04-09,87.4,84.27740795017968,0,0,Normal,Normal
2022-04-10,85.3,85.45013524163073,0,0,Normal,Normal
2022-04-11,81.7,82.07658615939626,0,0,Normal,Normal
2022-04-12,91.4,90.4432289204046,0,0,Normal,Normal
2022-04-13,92.8,92.82100992921276,0,0,Normal,Normal
2022-04-14,82.0,82.11981349576565,0,0,Normal,Normal
2022-04-15,82.7,82.44066871023263,0,0,Normal,Normal
2022-04-16,81.8,82.25800705188836,0,0,Normal,Normal
2022-04-17,85.9,85.87996382871154,0,0,Normal,Normal
2022-04-18,77.4,77.94494478883445,0,0,Normal,Normal
2022-04-19,70.1,70.81074025364393,0,0,Normal,Normal
2022-04-20,83.2,83.2160441148632,0,0,Normal,Normal
2022-04-21,80.0,81.74488455978131,0,0,Normal,Normal
2022-04-22,89.9,89.30896230719496,0,0,Normal,Normal
2022-04-23,86.5,86.94763774692218,0,0,Normal,Normal
2022-04-24,90.1,89.788757311935,0,0,Normal,Normal
2022-04-25,74.2,73.63520558935006,0,0,Normal,Normal
2022-04-26,76.3,75.70131036271442,0,0,Normal,Normal
2022-04-27,78.1,78.59173169207102,0,0,Normal,Normal
2022-04-28,86.4,86.47753916538457,0,0,Normal,Normal
2022-04-29,84.8,85.14881650584978,0,0,Normal,Normal
2022-04-30,89.0,89.29168159758966,0,0,Normal,Normal
2022-05-01,86.0,86.4081330799777,0,0,Normal,Normal
2022-05-02,82.4,84.44201740754868,0,0,Normal,Normal
2022-05-03,91.7,91.77969763997014,0,0,Normal,Normal
2022-05-04,88.7,89.08916550417831,0,0,Normal,Normal
2022-05-05,85.5,85.23379467117903,0,0,Normal,Normal
2022-05-06,92.8,91.39202748906992,0,0,Normal,Normal
2022-05-07,95.7,95.61842891055636,0,0,Moderate,Moderate
2022-05-08,96.4,96.02940493292444,1,1,Moderate,Moderate
2022-05-09,94.4,94.56392816488484,1,1,Normal,Normal
2022-05-10,92.4,92.81631032092552,1,1,Normal,Normal
2022-05-11,92.5,92.5743177783481,1,1,Normal,Normal
2022-05-12,93.1,92.81494238330748,1,1,Normal,Normal
2022-05-13,90.2,90.3957019238819,1,1,Normal,Normal
2022-05-14,94.1,94.01483000424597,1,1,Normal,Normal
2022-05-15,95.3,95.05679116538415,1,1,Moderate,Moderate
2022-05-16,97.5,97.01278164208225,1,1,Moderate,Moderate
2022-05-17,97.1,96.21902878114292,1,1,Moderate,Moderate
2022-05-18,97.0,96.42270707972452,1,1,Moderate,Moderate
2022-05-19,96.4,96.33264898639462,1,1,Moderate,Moderate
2022-05-20,95.4,95.30006711585575,1,1,Moderate,Moderate
2022-05-21,98.5,97.86703556701173,1,1,Moderate,Moderate
2022-05-22,82.4,82.12127501426195,0,0,Normal,Normal
2022-05-23,87.1,86.71617342984172,0,0,Normal,Normal
2022-05-24,87.1,87.9842536862401,0,0,Normal,Normal
2022-05-25,83.3,82.82561455646037,0,0,Normal,Normal
2022-05-26,96.4,94.57109508935004,0,0,Moderate,Normal
2022-05-27,96.4,96.200540363984,0,0,Moderate,Moderate
2022-05-28,96.4,96.50171608059398,1,1,Moderate,Moderate
2022-05-29,96.8,96.8294879904634,1,1,Moderate,Moderate
2022-05-30,95.2,95.52708642001453,1,1,Moderate,Moderate
2022-05-31,96.4,96.6363315125234,1,1,Moderate,Moderate
2022-06-01,94.7,94.96963628485182,1,1,Normal,Normal
2022-06-02,90.4,90.79310607305428,1,1,Normal,Normal
2022-06-03,91.8,92.14113245298827,1,1,Normal,Normal
2022-06-04,92.0,92.07176661369806,1,1,Normal,Normal
2022-06-05,98.2,97.31296383607057,1,1,Moderate,Moderate
2022-06-06,101.5,100.12805431941882,1,1,High,High
2022-06-07,101.0,100.05452852310673,1,1,High,High
2022-06-08,98.5,98.37669281242798,1,1,Moderate,Moderate
2022-06-09,98.5,98.39011263993255,1,1,Moderate,Moderate
2022-06-10,101.0,100.65884581726148,1,1,High,High
2022-06-11,102.2,101.98194510273372,1,1,High,High
2022-06-12,104.2,102.44932748036835,1,1,High,High
2022-06-13,101.1,100.5365339821781,1,1,High,High
2022-06-14,99.8,99.47411564569016,1,1,Moderate,Moderate
2022-06-15,95.6,96.37728680364778,1,1,Moderate,Moderate
2022-06-16,102.0,101.37408149276143,1,1,High,High
2022-06-17,97.8,98.5335240946997,1,1,Moderate,Moderate
2022-06-18,99.2,99.46225553725898,1,1,Moderate,Moderate
2022-06-19,100.2,100.24582025386914,1,1,High,High
2022-06-20,101.1,100.94234178866904,1,1,High,High
2022-06-21,100.1,100.4754907841098,1,1,High,High
2022-06-22,99.0,99.25687350016253,1,1,Moderate,Moderate
2022-06-23,102.2,102.35598158440426,1,1,High,High
2022-06-24,101.4,101.54693851360572,1,1,High,High
2022-06-25,101.1,101.07404915971188,1,1,High,High
2022-06-26,100.9,100.90399325326344,1,1,High,High
2022-06-27,100.3,98.0739390456481,1,1,High,Moderate
2022-06-28,91.2,91.09705582542976,1,1,Normal,Normal
2022-06-29,97.5,97.50995018311478,1,1,Moderate,Moderate
2022-06-30,97.2,97.23318690130286,1,1,Moderate,Moderate
2022-07-01,95.0,95.52895954999362,1,1,Moderate,Moderate
2022-07-02,99.8,100.05554020151222,1,1,Moderate,High
2022-07-03,99.6,99.85234822370738,1,1,Moderate,Moderate
2022-07-04,98.9,99.21772765298384,1,1,Moderate,Moderate
2022-07-05,98.9,99.29525149254738,1,1,Moderate,Moderate
2022-07-06,101.4,101.46179051683846,1,1,High,High
2022-07-07,101.1,101.18101388103162,1,1,High,High
2022-07-08,102.3,102.22310972541491,1,1,High,High
2022-07-09,103.6,104.0251400138307,1,1,High,High
2022-07-10,107.9,105.82123973169584,1,1,Extreme,Extreme
2022-07-11,103.6,104.379068031103,1,1,High,High
2022-07-12,106.5,105.40416856907169,1,1,Extreme,Extreme
2022-07-13,105.5,105.03761337932508,1,1,Extreme,Extreme
2022-07-14,101.1,100.7962745272116,1,1,High,High
2022-07-15,98.1,97.65939638515464,1,1,Moderate,Moderate
2022-07-16,98.9,98.92016021623262,1,1,Moderate,Moderate
2022-07-17,102.9,103.04586339619593,1,1,High,High
2022-07-18,103.8,103.9278490361663,1,1,High,High
2022-07-19,105.1,104.22729875755456,1,1,Extreme,High
2022-07-20,104.5,103.40631467175297,1,1,High,High
2022-07-21,101.6,101.65147287785022,1,1,High,High
2022-07-22,101.5,101.3783445691634,1,1,High,High
2022-07-23,102.0,101.746911131544,1,1,High,High
2022-07-24,101.9,102.04173936787927,1,1,High,High
2022-07-25,102.0,101.93509266447712,1,1,High,High
2022-07-26,102.3,102.08301426176487,1,1,High,High
2022-07-27,101.3,101.16326884038408,1,1,High,High
2022-07-28,101.3,101.47257500994309,1,1,High,High
2022-07-29,101.5,101.1675664256871,1,1,High,High
2022-07-30,102.2,102.37271559984544,1,1,High,High
2022-07-31,102.2,102.1761991247621,1,1,High,High
2022-08-01,100.3,100.43333070112077,1,1,High,High
2022-08-02,103.3,103.44123559247618,1,1,High,High
2022-08-03,103.7,103.6483045744417,1,1,High,High
2022-08-04,103.3,103.39010176151382,1,1,High,High
2022-08-05,101.8,101.74158850047442,1,1,High,High
2022-08-06,95.4,95.7653541296117,1,1,Moderate,Moderate
2022-08-07,98.9,98.94596306710083,1,1,Moderate,Moderate
2022-08-08,100.9,100.496025302734,1,1,High,High
2022-08-09,99.7,100.01209309682088,1,1,Moderate,High
2022-08-10,102.5,101.85599364616849,1,1,High,High
2022-08-11,99.6,99.83058862399098,1,1,Moderate,Moderate
2022-08-12,100.6,100.4406507989894,1,1,High,High
2022-08-13,100.7,100.98509359434718,1,1,High,High
2022-08-14,91.8,92.91748527419372,1,1,Normal,Normal
2022-08-15,100.1,99.64401228472592,1,1,High,Moderate
2022-08-16,99.0,99.04764366698004,1,1,Moderate,Moderate
2022-08-17,101.0,101.47067555501708,1,1,High,High
2022-08-18,99.8,97.5382760659006,1,1,Moderate,Moderate
2022-08-19,92.1,89.68009600846352,1,1,Normal,Normal
2022-08-20,98.0,97.477680582649,1,1,Moderate,Moderate
2022-08-21,92.1,92.13982296294354,1,1,Normal,Normal
2022-08-22,96.4,94.71884262310785,1,1,Moderate,Normal
2022-08-23,90.4,90.14656720754176,1,1,Normal,Normal
2022-08-24,93.2,93.05541096244124,1,1,Normal,Normal
2022-08-25,95.1,95.3018823650184,1,1,Moderate,Moderate
2022-08-26,96.6,96.87170503641212,1,1,Moderate,Moderate
2022-08-27,97.1,97.21067422711924,1,1,Moderate,Moderate
2022-08-28,95.9,96.43911806831086,1,1,Moderate,Moderate
2022-08-29,97.3,96.64341861341134,1,1,Moderate,Moderate
2022-08-30,83.3,83.35665610929799,0,0,Normal,Normal
2022-08-31,90.6,90.33796279471387,0,0,Normal,Normal
2022-09-01,92.6,92.5035965945362,0,0,Normal,Normal
2022-09-02,93.3,93.39541918379304,1,1,Normal,Normal
2022-09-03,88.1,88.25004316673794,1,1,Normal,Normal
2022-09-04,89.9,89.64138100140197,1,1,Normal,Normal
2022-09-05,92.2,92.01704029343084,1,1,Normal,Normal
2022-09-06,94.1,94.34365400975705,1,1,Normal,Normal
2022-09-07,93.8,93.95928714950666,1,1,Normal,Normal
2022-09-08,93.3,93.28830529488675,1,1,Normal,Normal
2022-09-09,92.8,93.08853693144302,1,1,Normal,Normal
2022-09-10,92.8,93.23662764770386,1,1,Normal,Normal
2022-09-11,91.7,92.09901352118744,1,1,Normal,Normal
2022-09-12,91.6,91.85242769415476,1,1,Normal,Normal
2022-09-13,93.3,93.28795360886416,1,1,Normal,Normal
2022-09-14,91.0,91.25639824208923,1,1,Normal,Normal
2022-09-15,90.2,90.18634907389416,1,1,Normal,Normal
2022-09-16,95.3,95.31609151788744,1,1,Moderate,Moderate
2022-09-17,96.7,96.52756247747804,1,1,Moderate,Moderate
2022-09-18,96.7,96.54284925830552,1,1,Moderate,Moderate
2022-09-19,96.6,96.64984717347212,1,1,Moderate,Moderate
2022-09-20,96.1,96.27379048878696,1,1,Moderate,Moderate
2022-09-21,96.5,96.61320317178016,1,1,Moderate,Moderate
2022-09-22,97.7,97.52438226710068,1,1,Moderate,Moderate
2022-09-23,96.9,97.205554011013,1,1,Moderate,Moderate
2022-09-24,93.1,93.49156622718792,1,1,Normal,Normal
2022-09-25,95.8,95.91326897253064,1,1,Moderate,Moderate
2022-09-26,91.4,91.89734790631806,1,1,Normal,Normal
2022-09-27,90.7,90.534512115306,1,1,Normal,Normal
2022-09-28,90.8,90.1806351158213,1,1,Normal,Normal
2022-09-29,91.7,91.13676458549529,1,1,Normal,Normal
2022-09-30,87.5,87.51412255164907,1,1,Normal,Normal
2022-10-01,87.7,87.55048293843132,1,1,Normal,Normal
2022-10-02,84.5,84.44220980298019,0,0,Normal,Normal
2022-10-03,87.5,87.03943316030214,0,0,Normal,Normal
2022-10-04,90.9,90.80629777722504,0,0,Normal,Normal
2022-10-05,88.8,88.87879331297503,1,1,Normal,Normal
2022-10-06,90.8,90.689302790169,1,1,Normal,Normal
2022-10-07,85.6,86.0124943963936,0,0,Normal,Normal
2022-10-08,88.5,88.47328667042018,0,0,Normal,Normal
2022-10-09,87.5,87.54365710474352,0,0,Normal,Normal
2022-10-10,87.9,88.16515473988727,1,1,Normal,Normal
2022-10-11,89.4,89.47585987830873,1,1,Normal,Normal
2022-10-12,95.3,94.50609187657903,1,1,Moderate,Normal
2022-10-13,89.4,89.62675337369774,1,1,Normal,Normal
2022-10-14,89.5,89.41034095300067,1,1,Normal,Normal
2022-10-15,92.3,92.10733996301978,1,1,Normal,Normal
2022-10-16,91.5,91.28079558590238,1,1,Normal,Normal
2022-10-17,74.7,74.7072981897843,0,0,Normal,Normal
2022-10-18,69.1,68.76005442168238,0,0,Normal,Normal
2022-10-19,74.1,73.07834870053686,0,0,Normal,Normal
2022-10-20,85.3,84.54650264768604,0,0,Normal,Normal
2022-10-21,87.4,87.4515914860695,0,0,Normal,Normal
2022-10-22,88.0,88.13657219538035,0,0,Normal,Normal
2022-10-23,87.1,87.40748547046017,1,1,Normal,Normal
2022-10-24,84.8,85.01090105861776,0,0,Normal,Normal
2022-10-25,75.6,75.25955119069033,0,0,Normal,Normal
2022-10-26,75.4,75.36124883033708,0,0,Normal,Normal
2022-10-27,80.6,80.70939914110758,0,0,Normal,Normal
2022-10-28,65.8,66.94243700472798,0,0,Normal,Normal
2022-10-29,70.4,70.34497920190356,0,0,Normal,Normal
2022-10-30,76.5,76.13949644509734,0,0,Normal,Normal
2022-10-31,78.4,78.40528492308248,0,0,Normal,Normal
2022-11-01,68.5,68.37595397610511,0,0,Normal,Normal
2022-11-02,76.6,75.91086674036848,0,0,Normal,Normal
2022-11-03,82.5,82.79678983486144,0,0,Normal,Normal
2022-11-04,85.6,85.26638967657433,0,0,Normal,Normal
2022-11-05,70.9,71.15853500141883,0,0,Normal,Normal
2022-11-06,82.5,81.44141837640112,0,0,Normal,Normal
2022-11-07,83.7,83.63513698909512,0,0,Normal,Normal
2022-11-08,77.2,76.97012922795564,0,0,Normal,Normal
2022-11-09,81.7,81.38198918079834,0,0,Normal,Normal
2022-11-10,81.7,81.59921955796571,0,0,Normal,Normal
2022-11-11,76.7,74.64133655966175,0,0,Normal,Normal
2022-11-12,56.9,56.27742724554807,0,0,Normal,Normal
2022-11-13,57.3,56.86708425586862,0,0,Normal,Normal
2022-11-14,53.3,53.50159081883936,0,0,Normal,Normal
2022-11-15,50.7,50.2889389123446,0,0,Normal,Normal
2022-11-16,56.3,55.467561029236606,0,0,Normal,Normal
2022-11-17,57.4,58.091075668432765,0,0,Normal,Normal
2022-11-18,55.8,56.5302977839856,0,0,Normal,Normal
2022-11-19,48.0,46.91620764557776,0,0,Normal,Normal
2022-11-20,46.9,46.9393109679798,0,0,Normal,Normal
2022-11-21,45.6,46.36872246811129,0,0,Normal,Normal
2022-11-22,54.8,54.71353726246434,0,0,Normal,Normal
2022-11-23,63.5,64.09543586584682,0,0,Normal,Normal
2022-11-24,66.8,66.73356125255253,0,0,Normal,Normal
2022-11-25,61.7,62.13837933808976,0,0,Normal,Normal
2022-11-26,60.1,59.789902256883884,0,0,Normal,Normal
2022-11-27,71.4,71.21150397638358,0,0,Normal,Normal
2022-11-28,75.6,74.99618893442025,0,0,Normal,Normal
2022-11-29,82.8,82.80338818241826,0,0,Normal,Normal
2022-11-30,61.8,61.53317027977735,0,0,Normal,Normal
2022-12-01,53.1,53.24169039168024,0,0,Normal,Normal
2022-12-02,67.1,66.7271129757516,0,0,Normal,Normal
2022-12-03,65.9,66.51539475328201,0,0,Normal,Normal
2022-12-04,57.5,59.607310408031765,0,0,Normal,Normal
2022-12-05,77.2,76.76655829271003,0,0,Normal,Normal
2022-12-06,79.2,78.95380044637528,0,0,Normal,Normal
2022-12-07,81.2,81.17603990921674,0,0,Normal,Normal
2022-12-08,80.6,80.40557507689923,0,0,Normal,Normal
2022-12-09,79.0,79.08017524465387,0,0,Normal,Normal
2022-12-10,77.2,77.43544783960463,0,0,Normal,Normal
2022-12-11,66.2,67.66698584765457,0,0,Normal,Normal
2022-12-12,70.3,69.93864514856726,0,0,Normal,Normal
2022-12-13,77.2,77.1602018477911,0,0,Normal,Normal
2022-12-14,67.1,67.41922131497076,0,0,Normal,Normal
2022-12-15,64.0,63.96865130236717,0,0,Normal,Normal
2022-12-16,54.0,54.17545643299829,0,0,Normal,Normal
2022-12-17,58.1,57.730397114364656,0,0,Normal,Normal
2022-12-18,54.9,55.79447182263344,0,0,Normal,Normal
2022-12-19,49.9,49.928374804545456,0,0,Normal,Normal
2022-12-20,51.3,52.45126509216945,0,0,Normal,Normal
2022-12-21,48.5,48.36605040329434,0,0,Normal,Normal
2022-12-22,57.4,52.49634410325673,0,0,Normal,Normal
2022-12-23,31.6,35.40852790861224,0,0,Normal,Normal
2022-12-24,40.1,38.69623010101675,0,0,Normal,Normal
2022-12-25,53.1,49.45147887544766,0,0,Normal,Normal
2022-12-26,63.3,62.287364546312666,0,0,Normal,Normal
2022-12-27,57.7,57.79962894397358,0,0,Normal,Normal
2022-12-28,76.6,76.30044288274475,0,0,Normal,Normal
2022-12-29,74.4,74.64241934908894,0,0,Normal,Normal
2022-12-30,66.1,66.25393802435968,0,0,Normal,Normal
2022-12-31,76.7,76.14394370119071,0,0,Normal,Normal
2023-01-01,78.1,77.5897369689249,0,0,Normal,Normal
2023-01-02,82.0,81.7048205633908,0,0,Normal,Normal
2023-01-03,73.3,73.34901070430095,0,0,Normal,Normal
2023-01-04,73.0,72.61115363543882,0,0,Normal,Normal
2023-01-05,67.3,66.7646938223228,0,0,Normal,Normal
2023-01-06,78.3,77.72484781805424,0,0,Normal,Normal
2023-01-07,75.5,75.40030493378234,0,0,Normal,Normal
2023-01-08,68.5,68.28365744244617,0,0,Normal,Normal
2023-01-09,73.4,72.63881557380914,0,0,Normal,Normal
2023-01-10,83.1,81.68113972027152,0,0,Normal,Normal
2023-01-11,76.9,76.3319428689141,0,0,Normal,Normal
2023-01-12,67.9,68.43158953801112,0,0,Normal,Normal
2023-01-13,63.4,62.8794307234085,0,0,Normal,Normal
2023-01-14,64.8,64.79844845289199,0,0,Normal,Normal
2023-01-15,72.4,72.227351507101,0,0,Normal,Normal
2023-01-16,76.9,76.7803263269174,0,0,Normal,Normal
2023-01-17,79.6,78.93075826887879,0,0,Normal,Normal
2023-01-18,76.9,77.44085019954916,0,0,Normal,Normal
2023-01-19,68.3,68.09339801078823,0,0,Normal,Normal
2023-01-20,57.5,59.40999243137226,0,0,Normal,Normal
2023-01-21,63.2,62.94861068000014,0,0,Normal,Normal
2023-01-22,61.5,61.078398556279176,0,0,Normal,Normal
2023-01-23,58.4,58.43538507762316,0,0,Normal,Normal
2023-01-24,53.1,53.60054188438274,0,0,Normal,Normal
2023-01-25,55.2,54.88972841472712,0,0,Normal,Normal
2023-01-26,57.1,56.20165069669682,0,0,Normal,Normal
2023-01-27,55.9,55.738083037196255,0,0,Normal,Normal
2023-01-28,59.8,59.96426366692644,0,0,Normal,Normal
2023-01-29,74.3,72.83784115869568,0,0,Normal,Normal
2023-01-30,40.8,38.64754842500225,0,0,Normal,Normal
2023-01-31,32.3,34.1769343647509,0,0,Normal,Normal
2023-02-01,32.1,34.66292434514481,0,0,Normal,Normal
2023-02-02,39.4,39.52098383502965,0,0,Normal,Normal
2023-02-03,49.6,49.343183889972586,0,0,Normal,Normal
2023-02-04,62.7,61.62688004034045,0,0,Normal,Normal
2023-02-05,74.3,73.00741470636976,0,0,Normal,Normal
2023-02-06,74.0,74.6662069444342,0,0,Normal,Normal
2023-02-07,70.2,71.33130163621854,0,0,Normal,Normal
2023-02-08,58.3,57.83085175917395,0,0,Normal,Normal
2023-02-09,73.9,73.33388034827226,0,0,Normal,Normal
2023-02-10,54.8,55.88595365649478,0,0,Normal,Normal
2023-02-11,59.7,59.23671502351363,0,0,Normal,Normal
2023-02-12,64.4,64.5852223075428,0,0,Normal,Normal
2023-02-13,69.3,69.68489807926055,0,0,Normal,Normal
2023-02-14,80.0,80.0761848238299,0,0,Normal,Normal
2023-02-15,79.5,79.63512705219108,0,0,Normal,Normal
2023-02-16,70.8,68.33911345109951,0,0,Normal,Normal
2023-02-17,53.3,52.4803257745498,0,0,Normal,Normal
2023-02-18,56.4,55.71000184495908,0,0,Normal,Normal
2023-02-19,75.3,74.89524371887381,0,0,Normal,Normal
2023-02-20,82.3,81.53054610522457,0,0,Normal,Normal
2023-02-21,83.1,82.19448481483306,0,0,Normal,Normal
2023-02-22,89.6,89.17983162120616,0,0,Normal,Normal
2023-02-23,78.1,78.3841721999774,0,0,Normal,Normal
2023-02-24,57.5,58.73727708204143,0,0,Normal,Normal
2023-02-25,64.0,63.712250158481794,0,0,Normal,Normal
2023-02-26,80.0,78.48216664827527,0,0,Normal,Normal
2023-02-27,82.4,82.68609528645727,0,0,Normal,Normal
2023-02-28,82.5,82.56520867338406,0,0,Normal,Normal
2023-03-01,83.0,82.39022855992476,0,0,Normal,Normal
2023-03-02,80.6,79.59071926618505,0,0,Normal,Normal
2023-03-03,72.7,72.38243005189706,0,0,Normal,Normal
2023-03-04,79.2,79.15797442956045,0,0,Normal,Normal
2023-03-05,78.7,78.52537204371349,0,0,Normal,Normal
2023-03-06,79.6,79.16207214954933,0,0,Normal,Normal
2023-03-07,80.4,80.00716269752854,0,0,Normal,Normal
2023-03-08,79.5,79.46860774341032,0,0,Normal,Normal
2023-03-09,84.3,83.87292103450012,0,0,Normal,Normal
2023-03-10,73.0,73.28297893093456,0,0,Normal,Normal
2023-03-11,87.7,86.83683329457178,0,0,Normal,Normal
2023-03-12,73.7,74.89661419634338,0,0,Normal,Normal
2023-03-13,68.3,68.32158925819814,0,0,Normal,Normal
2023-03-14,66.6,66.02305172205145,0,0,Normal,Normal
2023-03-15,73.8,73.92572064660035,0,0,Normal,Normal
2023-03-16,80.9,79.80174092270921,0,0,Normal,Normal
2023-03-17,57.3,57.009331331223045,0,0,Normal,Normal
2023-03-18,53.1,54.37913312553197,0,0,Normal,Normal
2023-03-19,59.5,59.29335014961973,0,0,Normal,Normal
2023-03-20,56.0,56.475609687533485,0,0,Normal,Normal
2023-03-21,69.1,68.79119239551387,0,0,Normal,Normal
2023-03-22,77.8,78.31925260648411,0,0,Normal,Normal
2023-03-23,82.2,82.21493054084536,0,0,Normal,Normal
2023-03-24,86.6,86.53006538168475,0,0,Normal,Normal
2023-03-25,81.2,81.25562872439069,0,0,Normal,Normal
2023-03-26,80.5,80.67831940691333,0,0,Normal,Normal
2023-03-27,77.8,78.64779149268581,0,0,Normal,Normal
2023-03-28,70.6,71.21304556245312,0,0,Normal,Normal
2023-03-29,72.8,72.82880061370498,0,0,Normal,Normal
2023-03-30,74.8,74.81547224836328,0,0,Normal,Normal
2023-03-31,88.2,87.61743127790938,0,0,Normal,Normal
2023-04-01,81.6,82.00785055147838,0,0,Normal,Normal
2023-04-02,84.3,84.50675765123184,0,0,Normal,Normal
2023-04-03,90.8,89.8397301295567,0,0,Normal,Normal
2023-04-04,86.6,86.57463677417607,0,0,Normal,Normal
2023-04-05,76.6,77.49608175262665,0,0,Normal,Normal
2023-04-06,61.3,60.05231416638169,0,0,Normal,Normal
2023-04-07,53.7,54.17167311542138,0,0,Normal,Normal
2023-04-08,62.0,62.159631670869054,0,0,Normal,Normal
2023-04-09,71.9,72.03749097695983,0,0,Normal,Normal
2023-04-10,72.2,72.14532208137948,0,0,Normal,Normal
2023-04-11,75.1,75.05113437828352,0,0,Normal,Normal
2023-04-12,77.5,77.60305053341133,0,0,Normal,Normal
2023-04-13,78.7,78.75748878389874,0,0,Normal,Normal
2023-04-14,78.6,78.18206647197722,0,0,Normal,Normal
2023-04-15,92.0,90.66783564961432,0,0,Normal,Normal
2023-04-16,74.5,74.84662782243454,0,0,Normal,Normal
2023-04-17,78.1,78.53254199981056,0,0,Normal,Normal
2023-04-18,78.7,78.69351599815941,0,0,Normal,Normal
2023-04-19,80.1,80.3178988824535,0,0,Normal,Normal
2023-04-20,86.0,85.30949153414366,0,0,Normal,Normal
2023-04-21,80.0,79.82435860146526,0,0,Normal,Normal
2023-04-22,78.6,78.94860533878432,0,0,Normal,Normal
2023-04-23,68.2,67.66061752809534,0,0,Normal,Normal
2023-04-24,69.7,69.32386993743808,0,0,Normal,Normal
2023-04-25,73.9,73.22370191105726,0,0,Normal,Normal
2023-04-26,84.3,83.97347010824886,0,0,Normal,Normal
2023-04-27,80.5,80.40117187213195,0,0,Normal,Normal
2023-04-28,83.5,81.600159040687,0,0,Normal,Normal
2023-04-29,75.5,75.24940342019711,0,0,Normal,Normal
2023-04-30,89.4,89.21193914534854,0,0,Normal,Normal
2023-05-01,82.9,83.37377657685522,0,0,Normal,Normal
2023-05-02,79.7,80.09180423584478,0,0,Normal,Normal
2023-05-03,84.3,84.2989961833824,0,0,Normal,Normal
2023-05-04,84.0,83.89503090570896,0,0,Normal,Normal
2023-05-05,92.3,92.14833012797926,0,0,Normal,Normal
2023-05-06,88.7,88.512449432205,0,0,Normal,Normal
2023-05-07,85.4,85.61669284392573,0,0,Normal,Normal
2023-05-08,90.7,89.7971609658143,0,0,Normal,Normal
2023-05-09,75.6,76.14246540386483,0,0,Normal,Normal
2023-05-10,81.6,81.4164767168154,0,0,Normal,Normal
2023-05-11,89.3,89.22435740822452,0,0,Normal,Normal
2023-05-12,86.7,87.0071645869475,0,0,Normal,Normal
2023-05-13,77.6,76.77841302688293,0,0,Normal,Normal
2023-05-14,83.7,83.1164643248882,0,0,Normal,Normal
2023-05-15,84.3,84.0618464412088,0,0,Normal,Normal
2023-05-16,82.2,81.99149324730325,0,0,Normal,Normal
2023-05-17,88.5,88.67668574202284,0,0,Normal,Normal
2023-05-18,89.4,89.3723290809963,0,0,Normal,Normal
2023-05-19,90.5,90.65825178754471,1,1,Normal,Normal
2023-05-20,82.4,82.53028501763924,0,0,Normal,Normal
2023-05-21,73.4,74.47255233793103,0,0,Normal,Normal
2023-05-22,84.3,84.16187273980836,0,0,Normal,Normal
2023-05-23,90.1,89.91506809248739,0,0,Normal,Normal
2023-05-24,83.3,83.16683534829191,0,0,Normal,Normal
2023-05-25,83.3,83.60643333381634,0,0,Normal,Normal
2023-05-26,87.8,88.09884190806383,0,0,Normal,Normal
2023-05-27,86.5,86.45518803473291,0,0,Normal,Normal
2023-05-28,84.5,85.28639020660961,0,0,Normal,Normal
2023-05-29,85.0,85.13759727922194,0,0,Normal,Normal
2023-05-30,88.7,88.81405243940925,0,0,Normal,Normal
2023-05-31,89.3,89.46668915818772,0,0,Normal,Normal
2023-06-01,89.4,89.56120380598517,1,1,Normal,Normal
2023-06-02,89.4,89.66573224939071,1,1,Normal,Normal
2023-06-03,91.7,91.80919555827576,1,1,Normal,Normal
2023-06-04,80.6,81.06890576090589,0,0,Normal,Normal
2023-06-05,85.5,85.34011918255781,0,0,Normal,Normal
2023-06-06,87.1,87.23284418913849,0,0,Normal,Normal
2023-06-07,89.4,89.73437213227422,0,0,Normal,Normal
2023-06-08,87.5,88.17094599899286,1,1,Normal,Normal
2023-06-09,97.9,96.97550636716824,1,1,Moderate,Moderate
2023-06-10,96.1,96.12467818308532,1,1,Moderate,Moderate
2023-06-11,97.3,97.1263290511647,1,1,Moderate,Moderate
2023-06-12,95.6,96.10377882797312,1,1,Moderate,Moderate
2023-06-13,92.8,93.39837027658449,1,1,Normal,Normal
2023-06-14,94.5,95.23975174101255,1,1,Normal,Moderate
2023-06-15,98.7,98.02593092691322,1,1,Moderate,Moderate
2023-06-16,101.1,100.1686390056073,1,1,High,High
2023-06-17,95.4,95.79400518423812,1,1,Moderate,Moderate
2023-06-18,104.1,102.31890523029482,1,1,High,High
2023-06-19,101.3,100.79772487811684,1,1,High,High
2023-06-20,103.3,102.13636035471048,1,1,High,High
2023-06-21,101.9,99.16776414968642,1,1,High,Moderate
2023-06-22,92.3,92.25929311704157,1,1,Normal,Normal
2023-06-23,97.8,97.39112994411208,1,1,Moderate,Moderate
2023-06-24,100.5,100.01163019452716,1,1,High,High
2023-06-25,99.8,99.79677694117169,1,1,Moderate,Moderate
2023-06-26,101.5,101.13920954234996,1,1,High,High
2023-06-27,102.6,101.87717054559872,1,1,High,High
2023-06-28,101.3,101.01367522859944,1,1,High,High
2023-06-29,98.8,99.12127432870064,1,1,Moderate,Moderate
2023-06-30,99.1,99.10396337055208,1,1,Moderate,Moderate
2023-07-01,99.2,99.04456989136862,1,1,Moderate,Moderate
2023-07-02,96.1,96.81835715869347,1,1,Moderate,Moderate
2023-07-03,96.2,97.3115146099212,1,1,Moderate,Moderate
2023-07-04,95.2,95.39361368313568,1,1,Moderate,Moderate
2023-07-05,96.8,97.07173976641536,1,1,Moderate,Moderate
2023-07-06,89.3,89.86585789084401,1,1,Normal,Normal
2023-07-07,92.2,92.16183034437464,1,1,Normal,Normal
2023-07-08,100.6,100.52120598307218,1,1,High,High
2023-07-09,100.5,100.92563184830551,1,1,High,High
2023-07-10,104.0,103.32264531950976,1,1,High,High
2023-07-11,101.6,101.69990127404192,1,1,High,High
2023-07-12,105.9,104.32538795456496,1,1,Extreme,High
2023-07-13,105.4,103.8368296251812,1,1,Extreme,High
2023-07-14,104.2,103.55420071952548,1,1,High,High
2023-07-15,104.5,104.1732779403342,1,1,High,High
2023-07-16,104.0,103.55991984675606,1,1,High,High
2023-07-17,105.6,104.76822507569992,1,1,Extreme,High
2023-07-18,105.1,104.4305549134398,1,1,Extreme,High
2023-07-19,103.8,103.57759533066822,1,1,High,High
2023-07-20,103.2,103.13144222085108,1,1,High,High
2023-07-21,101.6,101.70865311941688,1,1,High,High
2023-07-22,103.2,103.35375609772588,1,1,High,High
2023-07-23,103.2,103.87079150770327,1,1,High,High
2023-07-24,101.8,102.03375964233264,1,1,High,High
2023-07-25,102.0,102.04505082306711,1,1,High,High
2023-07-26,101.5,101.75092181583622,1,1,High,High
2023-07-27,100.6,100.88039124723734,1,1,High,High
2023-07-28,99.5,100.43561609618752,1,1,Moderate,High
2023-07-29,100.4,101.04334286787778,1,1,High,High
2023-07-30,101.6,102.13314156729054,1,1,High,High
2023-07-31,104.1,104.45869500657572,1,1,High,High
2023-08-01,103.2,103.21192625512516,1,1,High,High
2023-08-02,103.9,104.31823722001138,1,1,High,High
2023-08-03,102.6,102.55750524495112,1,1,High,High
2023-08-04,104.0,104.1099591878965,1,1,High,High
2023-08-05,104.6,104.8179153190018,1,1,High,High
2023-08-06,104.0,103.71955874184184,1,1,High,High
2023-08-07,105.7,104.73586138622484,1,1,Extreme,High
2023-08-08,105.0,104.2688068835132,1,1,Extreme,High
2023-08-09,107.1,104.15771225235724,1,1,Extreme,High
2023-08-10,106.7,104.62749011646588,1,1,Extreme,High
2023-08-11,105.7,104.46237979172948,1,1,Extreme,High
2023-08-12,105.1,103.85591534882832,1,1,Extreme,High
2023-08-13,105.1,104.01638056298384,1,1,Extreme,High
2023-08-14,105.2,104.17170374193572,1,1,Extreme,High
2023-08-15,100.2,101.5038446832563,1,1,High,High
2023-08-16,102.7,102.61085974751173,1,1,High,High
2023-08-17,107.2,105.99215217725816,1,1,Extreme,Extreme
2023-08-18,104.3,104.94778464807828,1,1,High,High
2023-08-19,103.5,103.48684594064532,1,1,High,High
2023-08-20,105.2,104.92307710095044,1,1,Extreme,High
2023-08-21,103.4,104.68387735139666,1,1,High,High
2023-08-22,97.9,98.12191886897702,1,1,Moderate,Moderate
2023-08-23,100.1,100.0785557658778,1,1,High,High
2023-08-24,104.5,104.86543281205532,1,1,High,High
2023-08-25,105.3,105.76144069075976,1,1,Extreme,Extreme
2023-08-26,105.7,105.3020388067482,1,1,Extreme,Extreme
2023-08-27,108.1,105.225498765912,1,1,Extreme,Extreme
2023-08-28,99.1,99.04851582556996,1,1,Moderate,Moderate
2023-08-29,98.5,99.04036014108502,1,1,Moderate,Moderate
2023-08-30,100.2,100.3751474880097,1,1,High,High
2023-08-31,101.1,101.19310342189834,1,1,High,High
2023-09-01,98.6,98.93696212237089,1,1,Moderate,Moderate
2023-09-02,99.5,99.99046687022611,1,1,Moderate,Moderate
2023-09-03,100.3,100.7028617815427,1,1,High,High
2023-09-04,101.4,101.54861494846033,1,1,High,High
2023-09-05,102.4,102.3664237155512,1,1,High,High
2023-09-06,101.4,101.89803859161772,1,1,High,High
2023-09-07,104.3,104.85514878535724,1,1,High,High
2023-09-08,106.1,106.15525870412104,1,1,Extreme,Extreme
2023-09-09,102.6,102.80082304207122,1,1,High,High
2023-09-10,98.2,99.00739861632108,1,1,Moderate,Moderate
2023-09-11,96.6,96.92068562682168,1,1,Moderate,Moderate
2023-09-12,93.0,93.73617618349827,1,1,Normal,Normal
2023-09-13,88.6,88.76678247189227,1,1,Normal,Normal
2023-09-14,93.0,90.95779718376218,1,1,Normal,Normal
2023-09-15,88.3,88.15657457437061,1,1,Normal,Normal
2023-09-16,84.3,84.2340567453965,0,0,Normal,Normal
2023-09-17,91.9,91.93204644311348,0,0,Normal,Normal
2023-09-18,94.9,94.95169721520296,0,0,Normal,Normal
2023-09-19,96.3,96.54552931164775,1,1,Moderate,Moderate
2023-09-20,98.1,98.21585500313682,1,1,Moderate,Moderate
2023-09-21,95.6,95.85443809710652,1,1,Moderate,Moderate
2023-09-22,98.6,98.628457101406,1,1,Moderate,Moderate
2023-09-23,100.0,100.07357629992788,1,1,High,High
2023-09-24,101.8,101.4283033862159,1,1,High,High
2023-09-25,95.1,95.00682993430108,1,1,Moderate,Moderate
2023-09-26,95.3,95.28630525005084,1,1,Moderate,Moderate
