Date,Actual,ARIMA_Prediction,RF_Prediction,Hybrid_Prediction,Hybrid_Error,Hybrid_Absolute_Error
2018-01-25,65.5,65.28657178582425,65.2211363227051,65.09668908365158,0.403310916348417,0.403310916348417
2018-01-26,67.1,65.28657178582425,67.06419116410544,66.98707036665732,0.1129296333426737,0.1129296333426737
2018-01-27,68.2,65.28657178582425,68.49979698765283,68.45954004995014,-0.25954004995013236,0.25954004995013236
2018-01-28,70.0,65.28657178582425,70.099520350136,70.10034152503134,-0.10034152503133953,0.10034152503133953
2018-01-29,67.4,65.28657178582425,66.5808661879787,66.49133444607831,0.9086655539216935,0.9086655539216935
2018-01-30,65.1,65.28657178582425,64.62008218827741,64.48020092482281,0.619799075177184,0.619799075177184
2018-01-31,71.6,65.28657178582425,70.91291340105974,70.93462109428435,0.6653789057156416,0.6653789057156416
2018-02-01,71.8,71.8558460325279,71.76266581149646,71.69086086405541,0.1091391359445879,0.1091391359445879
2018-02-02,57.4,71.8558460325279,58.41319194486066,57.99859573520611,-0.5985957352061106,0.5985957352061106
2018-02-03,56.0,71.8558460325279,56.630301005938506,56.16992325901532,-0.16992325901532013,0.16992325901532013
2018-02-04,74.2,71.8558460325279,71.59996951000389,71.52398680461498,2.676013195385025,2.676013195385025
2018-02-05,54.9,71.8558460325279,55.68095973540349,55.19620455640702,-0.2962045564070195,0.2962045564070195
2018-02-06,54.2,71.8558460325279,54.07235253774001,53.54629112471502,0.653708875284984,0.653708875284984
2018-02-07,47.5,71.8558460325279,46.89762385114886,46.18732788872617,1.3126721112738267,1.3126721112738267
2018-02-08,58.4,50.85588331698061,58.50627741147739,58.4627552127165,-0.0627552127165032,0.0627552127165032
2018-02-09,63.6,50.85588331698061,63.70067386558442,63.790534730061026,-0.1905347300610245,0.1905347300610245
2018-02-10,61.7,50.85588331698061,61.65299842587966,61.69027854780472,0.009721452195279312,0.009721452195279312
2018-02-11,41.7,50.85588331698061,42.52424668962571,42.07033374898167,-0.3703337489816647,0.3703337489816647
2018-02-12,42.3,50.85588331698061,43.00812502497499,42.56663723808526,-0.2666372380852593,0.2666372380852593
2018-02-13,46.7,50.85588331698061,46.741004285991785,46.39537034370732,0.3046296562926827,0.3046296562926827
2018-02-14,70.7,50.85588331698061,68.53552496184372,68.74953639033943,1.9504636096605736,1.9504636096605736
2018-02-15,75.1,69.64824523386197,74.84752135017757,74.8936876475345,0.2063123524654884,0.2063123524654884
2018-02-16,70.7,69.64824523386197,72.241521457709,72.2207702119933,-1.5207702119932947,1.5207702119932947
2018-02-17,61.5,69.64824523386197,62.03425450036077,61.75139839875224,-0.2513983987522366,0.2513983987522366
2018-02-18,75.1,69.64824523386197,73.59445395854137,73.60844366548666,1.4915563345133336,1.4915563345133336
2018-02-19,80.0,69.64824523386197,80.12661134143633,80.30833548470694,-0.3083354847069444,0.3083354847069444
2018-02-20,73.1,69.64824523386197,74.78950865731491,74.83418528965511,-1.734185289655116,1.734185289655116
2018-02-21,70.8,69.64824523386197,66.18331417818297,66.00699871017308,4.793001289826918,4.793001289826918
2018-02-22,44.0,71.81768042858366,43.8513073204573,43.063457300392834,0.9365426996071662,0.9365426996071662
2018-02-23,63.2,71.81768042858366,62.1125729187479,61.793640426564366,1.406359573435637,1.406359573435637
2018-02-24,74.2,71.81768042858366,74.53416870768116,74.53420118308607,-0.3342011830860656,0.3342011830860656
2018-02-25,65.4,71.81768042858366,66.60461510295258,66.40103043837806,-1.0010304383780522,1.0010304383780522
2018-02-26,67.9,71.81768042858366,68.21995319929249,68.05784760651343,-0.15784760651342822,0.15784760651342822
2018-02-27,79.5,71.81768042858366,78.42518387133705,78.52513084618715,0.9748691538128469,0.9748691538128469
2018-02-28,81.4,71.81768042858366,81.09811022146721,81.26669329437767,0.13330670562233138,0.13330670562233138
2018-03-01,70.8,81.05375169186496,71.40689605255855,71.16447344901138,-0.3644734490113848,0.3644734490113848
2018-03-02,74.0,81.05375169186496,73.97651825772272,73.80007908153155,0.19992091846845028,0.19992091846845028
2018-03-03,71.2,81.05375169186496,70.81543281857036,70.55782246825825,0.6421775317417513,0.6421775317417513
2018-03-04,78.7,81.05375169186496,78.40734294524917,78.34467963786435,0.3553203621356573,0.3553203621356573
2018-03-05,81.9,81.05375169186496,82.42521829420573,82.46572703510122,-0.5657270351012187,0.5657270351012187
2018-03-06,73.0,81.05375169186496,73.06329249986125,72.86340327512505,0.13659672487494845,0.13659672487494845
2018-03-07,66.5,81.05375169186496,66.192099045399,65.81576952790678,0.6842304720932191,0.6842304720932191
2018-03-08,70.0,68.23472980507667,69.69719540632977,69.63592653625385,0.364073463746152,0.364073463746152
2018-03-09,72.8,68.23472980507667,73.31152154373405,73.34306228031899,-0.543062280318992,0.543062280318992
2018-03-10,88.7,68.23472980507667,88.10885027717383,88.52036066983648,0.17963933016352485,0.17963933016352485
2018-03-11,70.5,68.23472980507667,72.4900997113997,72.50054776451796,-2.000547764517961,2.000547764517961
2018-03-12,66.4,68.23472980507667,66.38702574994441,66.24075748243986,0.15924251756014485,0.15924251756014485
2018-03-13,70.3,68.23472980507667,70.15721596146903,70.10775961886166,0.1922403811383333,0.1922403811383333
2018-03-14,70.9,68.23472980507667,71.24534361055603,71.22382849274945,-0.3238284927494419,0.3238284927494419
2018-03-15,74.4,71.62527913424023,74.63016226065594,74.63603755749922,-0.23603755749921618,0.23603755749921618
2018-03-16,87.6,71.62527913424023,87.04686039793535,87.371574899194,0.22842510080599254,0.22842510080599254
2018-03-17,83.4,71.62527913424023,83.15055466477973,83.37521881397349,0.02478118602651591,0.02478118602651591
2018-03-18,81.8,71.62527913424023,81.17256130744263,81.34643402872057,0.4535659712794313,0.4535659712794313
2018-03-19,80.9,71.62527913424023,81.37298534663856,81.55200460852627,-0.6520046085262692,0.6520046085262692
2018-03-20,73.8,71.62527913424023,74.00070776862023,73.99041976929271,-0.19041976929271698,0.19041976929271698
2018-03-21,76.3,71.62527913424023,76.08885225052731,76.1321841683432,0.16781583165679592,0.16781583165679592
2018-03-22,79.8,76.47545716507896,79.567435521423,79.61493974138294,0.18506025861705666,0.18506025861705666
2018-03-23,79.9,76.47545716507896,79.70473932629871,79.75576926907367,0.14423073092633842,0.14423073092633842
2018-03-24,83.5,76.47545716507896,83.32896434676437,83.4730580822942,0.026941917705798346,0.026941917705798346
2018-03-25,76.5,76.47545716507896,77.01895610500611,77.00101980763885,-0.5010198076388548,0.5010198076388548
2018-03-26,86.3,76.47545716507896,86.13514006895878,86.35129151458369,-0.05129151458369563,0.05129151458369563
2018-03-27,80.5,76.47545716507896,80.66941159673662,80.74521264498804,-0.24521264498804385,0.24521264498804385
2018-03-28,70.9,76.47545716507896,70.81643841991341,70.63923226012196,0.26076773987804813,0.26076773987804813
2018-03-29,84.3,72.47392235699326,82.52489351481856,82.71859265468703,1.581407345312968,1.581407345312968
2018-03-30,73.0,72.47392235699326,73.56342508222984,73.5270093047628,-0.5270093047627995,0.5270093047627995
2018-03-31,81.6,72.47392235699326,81.51285861638357,81.6805704608946,-0.08057046089460584,0.08057046089460584
2018-04-01,81.2,72.47392235699326,81.01361249236865,81.16850456505077,0.031495434949235346,0.031495434949235346
2018-04-02,83.2,72.47392235699326,82.77480303238436,82.97491941384762,0.22508058615238724,0.22508058615238724
2018-04-03,80.7,72.47392235699326,80.92169338161841,81.07422513146606,-0.37422513146606207,0.37422513146606207
2018-04-04,69.3,72.47392235699326,69.61443774003772,69.47661883844617,-0.1766188384461742,0.1766188384461742
2018-04-05,76.2,71.15149862335048,76.33353984903977,76.39147279865031,-0.19147279865030953,0.19147279865030953
2018-04-06,83.8,71.15149862335048,83.77273480200353,84.0216933345887,-0.2216933345887071,0.2216933345887071
2018-04-07,74.4,71.15149862335048,68.96921507450882,68.83804497706065,5.561955022939358,5.561955022939358
2018-04-08,64.7,71.15149862335048,64.23505936910313,63.98232439007357,0.717675609926431,0.717675609926431
2018-04-09,65.0,71.15149862335048,65.89356547659854,65.68341804878312,-0.6834180487831247,0.6834180487831247
2018-04-10,75.2,71.15149862335048,75.09650990884113,75.12267808188948,0.07732191811052758,0.07732191811052758
2018-04-11,81.6,71.15149862335048,81.60400926646885,81.79727870065604,-0.19727870065604236,0.19727870065604236
2018-04-12,84.7,80.88507546823934,84.16339207389832,84.25149544041003,0.4485045595899777,0.4485045595899777
2018-04-13,86.2,80.88507546823934,85.70085224809914,85.82843491686518,0.3715650831348256,0.3715650831348256
2018-04-14,71.3,80.88507546823934,71.70831303210676,71.47659163935396,-0.17659163935395839,0.17659163935395839
2018-04-15,76.6,80.88507546823934,75.77338167422855,75.64604417141317,0.9539558285868281,0.9539558285868281
2018-04-16,82.7,80.88507546823934,82.40454918414926,82.447488525454,0.2525114745459973,0.2525114745459973
2018-04-17,86.2,80.88507546823934,85.8341809107558,85.965187227601,0.23481277239899612,0.23481277239899612
2018-04-18,82.3,80.88507546823934,82.5385216165779,82.58490113684945,-0.28490113684945584,0.28490113684945584
2018-04-19,75.7,82.37325206548311,75.68874880536126,75.53311105463463,0.1668889453653719,0.1668889453653719
2018-04-20,69.1,82.37325206548311,69.3961400002775,69.07891900391438,0.02108099608561531,0.02108099608561531
2018-04-21,72.4,82.37325206548311,71.8961187919719,71.64309290127912,0.7569070987208875,0.7569070987208875
2018-04-22,78.0,82.37325206548311,78.09064927294921,77.99668814717583,0.0033118528241686818,0.0033118528241686818
2018-04-23,85.2,82.37325206548311,84.87689097014089,84.95718872380397,0.24281127619603637,0.24281127619603637
2018-04-24,86.2,82.37325206548311,86.02630036005661,86.13611294700117,0.06388705299883668,0.06388705299883668
2018-04-25,86.8,82.37325206548311,84.26814297646791,84.33280914081101,2.467190859188989,2.467190859188989
2018-04-26,77.5,86.1404889539237,77.66858042027425,77.49764218432982,0.00235781567018023,0.00235781567018023
2018-04-27,78.7,86.1404889539237,79.14686283812189,79.01388432261173,-0.3138843226117274,0.3138843226117274
2018-04-28,83.6,86.1404889539237,83.96930695207575,83.96016041086592,-0.3601604108659302,0.3601604108659302
2018-04-29,81.7,86.1404889539237,82.14844882062384,82.09254581070014,-0.39254581070014183,0.39254581070014183
2018-04-30,78.3,86.1404889539237,78.37335714485677,78.22051634896219,0.07948365103780475,0.07948365103780475
2018-05-01,79.9,86.1404889539237,80.20613915932923,80.1003610167182,-0.2003610167181904,0.2003610167181904
2018-05-02,87.2,86.1404889539237,86.96318306068923,87.0309140489188,0.1690859510812004,0.1690859510812004
2018-05-03,85.1,85.98621882767583,85.7648025578588,85.80446964782227,-0.7044696478222789,0.7044696478222789
2018-05-04,74.9,85.98621882767583,74.99641857760304,74.75957230281008,0.14042769718992076,0.14042769718992076
2018-05-05,85.0,85.98621882767583,84.39253979492733,84.39696956473173,0.6030304352682663,0.6030304352682663
2018-05-06,89.0,85.98621882767583,88.09448454045963,88.19397381033446,0.8060261896655447,0.8060261896655447
2018-05-07,90.6,85.98621882767583,89.75754595820852,89.89973975173903,0.7002602482609603,0.7002602482609603
2018-05-08,87.8,85.98621882767583,88.14201629065381,88.24272609317337,-0.44272609317337697,0.44272609317337697
2018-05-09,87.8,85.98621882767583,87.67682835812064,87.76559294391087,0.034407056089122534,0.034407056089122534
2018-05-10,89.2,87.1276292371595,88.87073180985685,88.97011470170753,0.22988529829247284,0.22988529829247284
2018-05-11,89.7,87.1276292371595,89.71487138868082,89.83593031620154,-0.13593031620153795,0.13593031620153795
2018-05-12,90.2,87.1276292371595,90.36241893002828,90.50010575174613,-0.3001057517461305,0.3001057517461305
2018-05-13,90.9,87.1276292371595,90.87445349962545,91.0252884782042,-0.12528847820419742,0.12528847820419742
2018-05-14,89.7,87.1276292371595,89.94814453116327,90.07519350711217,-0.37519350711217214,0.37519350711217214
2018-05-15,89.1,87.1276292371595,89.42438065614944,89.53798028708209,-0.43798028708209813,0.43798028708209813
2018-05-16,95.6,87.1276292371595,94.53751635621327,94.78241241560477,0.8175875843952269,0.8175875843952269
2018-05-17,96.0,93.7225119684342,95.97688479437228,96.14295893403053,-0.14295893403053128,0.14295893403053128
2018-05-18,94.0,93.7225119684342,94.04680024142525,94.16331316790811,-0.16331316790811456,0.16331316790811456
2018-05-19,92.4,93.7225119684342,92.60169113247866,92.68109617138178,-0.2810961713817761,0.2810961713817761
2018-05-20,81.6,93.7225119684342,81.9891634607223,81.79605725369765,-0.19605725369765992,0.19605725369765992
2018-05-21,84.6,93.7225119684342,84.27985071074758,84.14556536674849,0.454434633251509,0.454434633251509
2018-05-22,87.4,93.7225119684342,87.59825750430129,87.54918307308154,-0.1491830730815309,0.1491830730815309
2018-05-23,89.1,93.7225119684342,88.94677576728832,88.932328938782,0.16767106121798747,0.16767106121798747
2018-05-24,91.6,88.14511470386662,91.46129501193258,91.60933567801321,-0.009335678013215443,0.009335678013215443
2018-05-25,93.5,88.14511470386662,93.34806045343544,93.54454997328025,-0.04454997328025456,0.04454997328025456
2018-05-26,97.4,88.14511470386662,97.35905947039056,97.658544466274,-0.25854446627398886,0.25854446627398886
2018-05-27,95.9,88.14511470386662,96.10262828005328,96.3698503090271,-0.4698503090270947,0.4698503090270947
2018-05-28,94.5,88.14511470386662,95.01895222451164,95.2583473378616,-0.7583473378615935,0.7583473378615935
2018-05-29,96.4,88.14511470386662,96.49737486749363,96.77473330201533,-0.3747333020153292,0.3747333020153292
2018-05-30,96.0,88.14511470386662,95.93463731199355,96.19754562519422,-0.19754562519422336,0.19754562519422336
2018-05-31,97.9,94.6119812563922,97.49120399461653,97.68054733828495,0.21945266171505295,0.21945266171505295
2018-06-01,97.9,94.6119812563922,97.70364294039304,97.89844134656757,0.0015586534324398826,0.0015586534324398826
2018-06-02,99.6,94.6119812563922,99.15080889006822,99.38276799991372,0.21723200008626975,0.21723200008626975
2018-06-03,97.8,94.6119812563922,97.6024288632528,97.79462826802822,0.005371731971777649,0.005371731971777649
2018-06-04,88.9,94.6119812563922,89.27637573398819,89.2547765808616,-0.35477658086159636,0.35477658086159636
2018-06-05,98.3,94.6119812563922,97.86134048649468,98.06018829127595,0.2398117087240479,0.2398117087240479
2018-06-06,98.0,94.6119812563922,97.8709762924576,98.0700715279707,-0.07007152797069693,0.07007152797069693
2018-06-07,97.1,96.38555178079775,96.9545906822344,97.09901721675764,0.000982783242349683,0.000982783242349683
2018-06-08,95.2,96.38555178079775,95.262134714591,95.3631019245607,-0.16310192456069217,0.16310192456069217
2018-06-09,93.6,96.38555178079775,93.27880563884224,93.32884440893089,0.27115559106910325,0.27115559106910325
2018-06-10,98.4,96.38555178079775,98.03545253427126,98.20763372056878,0.19236627943122642,0.19236627943122642
2018-06-11,97.6,96.38555178079775,97.81169345931846,97.97812890188847,-0.3781289018884735,0.3781289018884735
2018-06-12,97.9,96.38555178079775,98.12421199148072,98.29867236620724,-0.39867236620723645,0.39867236620723645
2018-06-13,97.6,96.38555178079775,97.7935059870685,97.95947440699541,-0.35947440699541744,0.35947440699541744
2018-06-14,96.4,96.0796921082311,96.36439735750362,96.49903854897055,-0.09903854897054032,0.09903854897054032
2018-06-15,94.0,96.0796921082311,94.1377958771212,94.2152618166245,-0.21526181662450483,0.21526181662450483
2018-06-16,91.4,96.0796921082311,91.60143108835612,91.61376759309213,-0.213767593092129,0.213767593092129
2018-06-17,93.2,96.0796921082311,92.87055850191476,92.91548399048263,0.2845160095173753,0.2845160095173753
2018-06-18,91.3,96.0796921082311,91.0164529970029,91.01376828215338,0.2862317178466185,0.2862317178466185
2018-06-19,79.4,96.0796921082311,80.2559464577089,79.97695065708093,-0.5769506570809284,0.5769506570809284
2018-06-20,82.8,96.0796921082311,83.7505718462093,83.56131194527707,-0.7613119452770718,0.7613119452770718
2018-06-21,93.4,82.37182934875203,92.959695575258,93.24757066573335,0.15242933426665672,0.15242933426665672
2018-06-22,99.0,82.37182934875203,98.38279496753243,98.80992581477834,0.1900741852216612,0.1900741852216612
2018-06-23,97.8,82.37182934875203,97.80109129967256,98.21328500883108,-0.41328500883108177,0.41328500883108177
2018-06-24,99.3,82.37182934875203,99.0851688057556,99.5303353911104,-0.23033539111040113,0.23033539111040113
2018-06-25,94.5,82.37182934875203,94.79389746572872,95.12887166943281,-0.6288716694328116,0.6288716694328116
2018-06-26,98.4,82.37182934875203,98.38315315032196,98.8102931950787,-0.4102931950786939,0.4102931950786939
2018-06-27,99.3,82.37182934875203,99.17584910783653,99.62334420557457,-0.3233442055745712,0.3233442055745712
2018-06-28,99.3,97.51799042017517,99.11562882767812,99.29566551646505,0.004334483534947253,0.004334483534947253
2018-06-29,97.8,97.51799042017517,97.92568196733824,98.07516289113413,-0.27516289113412995,0.27516289113412995
2018-06-30,99.5,97.51799042017517,99.4367299065517,99.62501191236197,-0.12501191236196973,0.12501191236196973
2018-07-01,102.6,97.51799042017517,101.50157072996448,101.74287425551394,0.8571257444860549,0.8571257444860549
2018-07-02,100.6,97.51799042017517,100.36425349580972,100.57635269359855,0.023647306401443302,0.023647306401443302
2018-07-03,101.2,97.51799042017517,100.92062695533632,101.14701285553444,0.05298714446556119,0.05298714446556119
2018-07-04,94.5,97.51799042017517,93.31824103555748,93.34941089268828,1.150589107311717,1.150589107311717
2018-07-05,93.3,93.75525123847493,93.07731907883787,93.16836263215177,0.13163736784822788,0.13163736784822788
2018-07-06,95.7,93.75525123847493,96.04027288406034,96.20739993586409,-0.5073999358640862,0.5073999358640862
2018-07-07,91.9,93.75525123847493,91.78087606074487,91.83862921302875,0.061370786971252755,0.061370786971252755
2018-07-08,91.8,93.75525123847493,91.56869201562333,91.62099665080643,0.17900334919356453,0.17900334919356453
2018-07-09,80.3,93.75525123847493,80.56126674991675,80.33091985603977,-0.030919856039773208,0.030919856039773208
2018-07-10,92.9,93.75525123847493,92.95870441988572,93.04670215513477,-0.14670215513476137,0.14670215513476137
2018-07-11,94.3,93.75525123847493,94.60161479986508,94.73179961518058,-0.4317996151805801,0.4317996151805801
2018-07-12,96.0,92.86517940717648,96.2426898384908,96.43064106228759,-0.4306410622875916,0.4306410622875916
2018-07-13,94.9,92.86517940717648,95.42277261843562,95.58966979459119,-0.6896697945911825,0.6896697945911825
2018-07-14,96.3,92.86517940717648,96.50098481726614,96.69556860671176,-0.3955686067117625,0.3955686067117625
2018-07-15,96.2,92.86517940717648,96.44886469988349,96.64211013539824,-0.44211013539823796,0.44211013539823796
2018-07-16,98.0,92.86517940717648,98.10004381930204,98.33568866172531,-0.33568866172531386,0.33568866172531386
2018-07-17,98.9,92.86517940717648,98.7362105894106,98.98819108762693,-0.08819108762692451,0.08819108762692451
2018-07-18,101.6,92.86517940717648,101.35898837308518,101.67831724142854,-0.07831724142855023,0.07831724142855023
2018-07-19,102.4,99.4996739816262,101.9346282679126,102.15226072897721,0.24773927102279458,0.24773927102279458
2018-07-20,102.8,99.4996739816262,102.44388258651072,102.67459181242793,0.12540818757206296,0.12540818757206296
2018-07-21,102.2,99.4996739816262,101.60440690490064,101.81355985591358,0.38644014408642136,0.38644014408642136
2018-07-22,104.6,99.4996739816262,103.72528423347492,103.98889762418196,0.6111023758180352,0.6111023758180352
2018-07-23,108.8,99.4996739816262,105.8447198173172,106.16275662622212,2.6372433737778778,2.6372433737778778
2018-07-24,100.6,99.4996739816262,102.12196053356358,102.34440336127166,-1.7444033612716652,1.7444033612716652
2018-07-25,100.0,99.4996739816262,100.5742011488512,100.75690020849855,-0.7569002084985499,0.7569002084985499
2018-07-26,100.3,98.36426410312868,100.491246604784,100.69174924566538,-0.3917492456653804,0.3917492456653804
2018-07-27,101.7,98.36426410312868,101.63610132471692,101.86600184287927,-0.16600184287926822,0.16600184287926822
2018-07-28,100.0,98.36426410312868,100.24333896242636,100.43747576638526,-0.437475766385262,0.437475766385262
2018-07-29,101.3,98.36426410312868,101.46368353070544,101.68915665990643,-0.38915665990643333,0.38915665990643333
2018-07-30,99.9,98.36426410312868,100.50131675607884,100.70207798092447,-0.8020779809244658,0.8020779809244658
2018-07-31,95.7,98.36426410312868,96.72140444996188,96.82510410343663,-1.1251041034366267,1.1251041034366267
2018-08-01,98.7,98.36426410312868,98.42729285298024,98.57479675257795,0.1252032474220499,0.1252032474220499
2018-08-02,98.3,96.87357896403898,98.25241003753185,98.42159431476077,-0.12159431476077032,0.12159431476077032
2018-08-03,98.5,96.87357896403898,98.50537561258182,98.6810556056445,-0.1810556056445023,0.1810556056445023
2018-08-04,96.3,96.87357896403898,96.3765757284383,96.49759184436428,-0.19759184436428257,0.19759184436428257
2018-08-05,96.8,96.87357896403898,96.90797008893884,97.04263148747212,-0.24263148747212426,0.24263148747212426
2018-08-06,94.8,96.87357896403898,95.15629514868306,95.24597658248089,-0.44597658248089544,0.44597658248089544
2018-08-07,98.5,96.87357896403898,98.46709210581088,98.64178904502897,-0.14178904502897183,0.14178904502897183
2018-08-08,100.7,96.87357896403898,100.5905378700752,100.8197612019471,-0.1197612019470995,0.1197612019470995
2018-08-09,99.3,98.71249654860178,99.22190144438883,99.38369580209464,-0.08369580209463834,0.08369580209463834
2018-08-10,95.1,98.71249654860178,95.55194945964986,95.61950583571837,-0.5195058357183768,0.5195058357183768
2018-08-11,95.6,98.71249654860178,94.82662534756912,94.87555666242713,0.7244433375728647,0.7244433375728647
2018-08-12,88.5,98.71249654860178,88.35190967227217,88.23458155391344,0.2654184460865565,0.2654184460865565
2018-08-13,97.1,98.71249654860178,97.08017059884568,97.18696903482454,-0.08696903482454843,0.08696903482454843
2018-08-14,97.6,98.71249654860178,97.71316860465912,97.83622132807726,-0.2362213280772636,0.2362213280772636
2018-08-15,100.5,98.71249654860178,100.32398251085102,100.51407639283833,-0.014076392838333618,0.014076392838333618
2018-08-16,100.8,98.49249423829929,100.96636672077926,101.17681836008009,-0.37681836008009384,0.37681836008009384
2018-08-17,103.2,98.49249423829929,102.36921049159172,102.61568471812626,0.5843152818737423,0.5843152818737423
2018-08-18,102.5,98.49249423829929,102.04455017655954,102.28268769107889,0.21731230892110887,0.21731230892110887
2018-08-19,101.6,98.49249423829929,101.3419955332454,101.5620926668957,0.03790733310430028,0.03790733310430028
2018-08-20,100.9,98.49249423829929,101.11405483336114,101.32829884643128,-0.42829884643127514,0.42829884643127514
2018-08-21,102.3,98.49249423829929,102.24137158050286,102.48456312622692,-0.1845631262269194,0.1845631262269194
2018-08-22,102.4,98.49249423829929,102.33175241737428,102.57726478573603,-0.17726478573602833,0.17726478573602833
2018-08-23,102.2,100.45414186692376,102.33013409160289,102.54116543443389,-0.3411654344338899,0.3411654344338899
2018-08-24,101.5,100.45414186692376,101.65777364579864,101.85153994221791,-0.3515399422179115,0.3515399422179115
2018-08-25,100.5,100.45414186692376,100.38203918858908,100.5430468437911,-0.04304684379110313,0.04304684379110313
2018-08-26,99.7,100.45414186692376,99.87899869227988,100.02708914277429,-0.3270891427742839,0.3270891427742839
2018-08-27,99.9,100.45414186692376,100.10821995088256,100.26219640447698,-0.36219640447697543,0.36219640447697543
2018-08-28,100.9,100.45414186692376,100.9452968559218,101.12076798801178,-0.22076798801177233,0.22076798801177233
2018-08-29,100.8,100.45414186692376,100.08161051795425,100.23490368760869,0.5650963123913044,0.5650963123913044
2018-08-30,96.7,99.01533096468658,96.7117278083029,96.80374859243578,-0.10374859243577816,0.10374859243577816
2018-08-31,99.6,99.01533096468658,99.45112104492723,99.61348468112027,-0.0134846811202749,0.0134846811202749
2018-09-01,97.8,99.01533096468658,97.92309342046846,98.0462199658729,-0.2462199658728963,0.2462199658728963
2018-09-02,96.6,99.01533096468658,96.60596664238544,96.69527166379088,-0.09527166379088214,0.09527166379088214
2018-09-03,93.0,99.01533096468658,92.34897602120104,92.3289689301708,0.6710310698291977,0.6710310698291977
2018-09-04,89.7,99.01533096468658,89.56944269064266,89.47806201977959,0.22193798022041733,0.22193798022041733
2018-09-05,93.6,99.01533096468658,93.25065831876456,93.25380486030332,0.34619513969667537,0.34619513969667537
2018-09-06,93.8,92.15383541104336,93.57260089979452,93.70447752480453,0.09552247519546597,0.09552247519546597
2018-09-07,87.9,92.15383541104336,87.95752900294144,87.94522035127531,-0.04522035127530444,0.04522035127530444
2018-09-08,89.1,92.15383541104336,89.08984748931614,89.10661480626493,-0.006614806264934714,0.006614806264934714
2018-09-09,78.3,92.15383541104336,79.29720461377073,79.06251389984507,-0.7625138998450751,0.7625138998450751
2018-09-10,76.0,92.15383541104336,78.302050470363,78.04180592949827,-2.041805929498267,2.041805929498267
2018-09-11,82.3,92.15383541104336,82.06888050595241,81.90536160651318,0.3946383934868152,0.3946383934868152
2018-09-12,86.8,92.15383541104336,86.98642784754053,86.94918300781767,-0.14918300781766902,0.14918300781766902
2018-09-13,89.7,85.82907040132423,89.59843059995552,89.73929754850751,-0.03929754850750555,0.03929754850750555
2018-09-14,83.3,85.82907040132423,83.53505652264403,83.52022657452439,-0.2202265745243892,0.2202265745243892
2018-09-15,84.7,85.82907040132423,84.6398444347319,84.6533835179798,0.04661648202019819,0.04661648202019819
2018-09-16,89.0,85.82907040132423,88.65527561327562,88.77192398276024,0.2280760172397578,0.2280760172397578
2018-09-17,90.5,85.82907040132423,90.66528829781328,90.83355029582597,-0.3335502958259724,0.3335502958259724
2018-09-18,92.7,85.82907040132423,92.92054784223124,93.14672098142998,-0.4467209814299764,0.4467209814299764
2018-09-19,92.7,85.82907040132423,92.7863225739539,93.00904904180113,-0.30904904180113135,0.30904904180113135
2018-09-20,88.2,91.60111905591089,87.79898259934512,87.79230646111252,0.40769353888748583,0.40769353888748583
2018-09-21,86.7,91.60111905591089,87.7628063082751,87.75520122583076,-1.055201225830757,1.055201225830757
2018-09-22,79.0,91.60111905591089,79.93546036600463,79.7268626585222,-0.7268626585221938,0.7268626585221938
2018-09-23,78.3,91.60111905591089,79.03708945672382,78.80542314736205,-0.5054231473620518,0.5054231473620518
2018-09-24,86.8,91.60111905591089,86.9065751439533,86.87698353496144,-0.0769835349614425,0.0769835349614425
2018-09-25,93.2,91.60111905591089,93.07799021472805,93.20686980713997,-0.006869807139963768,0.006869807139963768
2018-09-26,86.4,91.60111905591089,87.17608743131865,87.15341642894326,-0.7534164289432539,0.7534164289432539
2018-09-27,79.9,86.35222893761002,80.18110753205129,80.07096922902866,-0.17096922902865686,0.17096922902865686
2018-09-28,83.1,86.35222893761002,82.92380178640802,82.88409109983749,0.21590890016250341,0.21590890016250341
2018-09-29,77.5,86.35222893761002,79.11962671250534,78.98223142890185,-1.482231428901855,1.482231428901855
2018-09-30,86.6,86.35222893761002,86.12419399315964,86.16666381011235,0.43333618988764044,0.43333618988764044
2018-10-01,85.0,86.35222893761002,84.72607017010772,84.732638599873,0.26736140012700105,0.26736140012700105
2018-10-02,87.4,86.35222893761002,87.57805264388395,87.657855021426,-0.25785502142599626,0.25785502142599626
2018-10-03,90.6,86.35222893761002,90.77958839285702,90.94160063809693,-0.34160063809693497,0.34160063809693497
2018-10-04,89.1,89.42946979551222,89.42328067973689,89.49644003241603,-0.396440032416038,0.396440032416038
2018-10-05,90.4,89.42946979551222,90.60716838496464,90.71072791407383,-0.31072791407382283,0.31072791407382283
2018-10-06,86.4,89.42946979551222,86.88057864427236,86.8884458327151,-0.4884458327151009,0.4884458327151009
2018-10-07,86.4,89.42946979551222,86.41142683813331,86.40724702446926,-0.007247024469251073,0.007247024469251073
2018-10-08,82.3,89.42946979551222,82.26255509872075,82.15183947738943,0.1481605226105671,0.1481605226105671
2018-10-09,80.3,89.42946979551222,80.69079076999391,80.53971497540564,-0.23971497540564712,0.23971497540564712
2018-10-10,79.4,89.42946979551222,79.01101872641252,78.81680930837192,0.58319069162809,0.58319069162809
2018-10-11,73.8,79.5586955268738,74.99440931058331,74.87035560913797,-1.0703556091379767,1.0703556091379767
2018-10-12,84.6,79.5586955268738,84.5991008938978,84.72167896115792,-0.12167896115792587,0.12167896115792587
2018-10-13,89.1,79.5586955268738,89.08922608918849,89.32710275911768,-0.22710275911768463,0.22710275911768463
2018-10-14,89.1,79.5586955268738,88.61991547198716,88.84574106181778,0.25425893818221823,0.25425893818221823
2018-10-15,78.0,79.5586955268738,71.018790661728,70.79264999053873,7.2073500094612655,7.2073500094612655
2018-10-16,50.4,79.5586955268738,52.14063113830616,51.42973217656919,-1.0297321765691905,1.0297321765691905
2018-10-17,58.3,79.5586955268738,58.145813775113794,57.589117455103306,0.7108825448966911,0.7108825448966911
2018-10-18,60.3,59.78106412796591,61.35145362276612,61.22429655753707,-0.9242965575370761,0.9242965575370761
2018-10-19,64.4,59.78106412796591,65.65941612554114,65.6428800419813,-1.2428800419812944,1.2428800419812944
2018-10-20,66.3,59.78106412796591,68.75571711621714,68.81868865485951,-2.518688654859517,2.518688654859517
2018-10-21,73.0,59.78106412796591,73.34439513023742,73.52519593646228,-0.525195936462282,0.525195936462282
2018-10-22,64.9,59.78106412796591,65.77610029137526,65.76256045417585,-0.8625604541758491,0.8625604541758491
2018-10-23,68.5,59.78106412796591,68.50883093503721,68.56546286610289,-0.06546286610289087,0.06546286610289087
2018-10-24,62.3,59.78106412796591,63.447292007298245,63.373952425245434,-1.0739524252454373,1.0739524252454373
2018-10-25,66.7,64.32293143908213,67.20623764291261,67.14968240694061,-0.44968240694061024,0.44968240694061024
2018-10-26,79.8,64.32293143908213,79.47701013014766,79.73554698179319,0.06445301820680527,0.06445301820680527
2018-10-27,85.1,64.32293143908213,84.28193274399207,84.6638516483007,0.4361483516992877,0.4361483516992877
2018-10-28,84.0,64.32293143908213,83.61644887577704,83.9812793122219,0.018720687778099432,0.018720687778099432
2018-10-29,82.9,64.32293143908213,82.61832763000888,82.9575280494885,-0.057528049488496436,0.057528049488496436
2018-10-30,83.3,64.32293143908213,83.23943689574322,83.59458632050205,-0.2945863205020487,0.2945863205020487
2018-10-31,82.4,64.32293143908213,81.60177140151521,81.91486842574812,0.4851315742518807,0.4851315742518807
2018-11-01,69.0,82.27640582671998,69.84905700761655,69.54516640324623,-0.5451664032462276,0.5451664032462276
2018-11-02,76.1,82.27640582671998,75.7955442651099,75.64434910724906,0.4556508927509384,0.4556508927509384
2018-11-03,78.0,82.27640582671998,78.21959063852813,78.13064077395072,-0.1306407739507165,0.1306407739507165
2018-11-04,72.9,82.27640582671998,73.13618434551555,72.91670145192633,-0.01670145192632333,0.01670145192632333
2018-11-05,79.1,82.27640582671998,79.08354691627818,79.01678194572025,0.08321805427974027,0.08321805427974027
2018-11-06,78.5,82.27640582671998,77.92317107545233,77.82660967223401,0.6733903277659863,0.6733903277659863
2018-11-07,85.4,82.27640582671998,85.06885938159063,85.1557868213272,0.24421317867280834,0.24421317867280834
2018-11-08,63.0,84.40971892595755,63.88103351717724,63.3864411559573,-0.3864411559573,0.3864411559573
2018-11-09,59.2,84.40971892595755,59.943157023532,59.34744684544655,-0.14744684544654518,0.14744684544654518
2018-11-10,52.7,84.40971892595755,54.83435734057609,54.10746207540693,-1.4074620754069258,1.4074620754069258
2018-11-11,54.2,84.40971892595755,54.71288602786105,53.982871590728685,0.21712840927131793,0.21712840927131793
2018-11-12,49.8,84.40971892595755,51.39881273101898,50.58369865776299,-0.7836986577629901,0.7836986577629901
2018-11-13,46.8,84.40971892595755,47.03816064629814,46.11107261458291,0.6889273854170881,0.6889273854170881
2018-11-14,55.1,84.40971892595755,54.78305678730986,54.05484421319039,1.0451557868096089,1.0451557868096089
2018-11-15,64.0,56.65966815247656,63.24000207015208,63.21614011838774,0.7838598816122584,0.7838598816122584
2018-11-16,69.3,56.65966815247656,69.01978000957374,69.1443326990875,0.1556673009124978,0.1556673009124978
2018-11-17,74.1,56.65966815247656,74.11644995976243,74.3718762659269,-0.27187626592690606,0.27187626592690606
2018-11-18,63.6,56.65966815247656,63.47180772210245,63.45389813616272,0.14610186383728063,0.14610186383728063
2018-11-19,52.9,56.65966815247656,53.804507255742486,53.53835821391357,-0.6383582139135697,0.6383582139135697
2018-11-20,62.0,56.65966815247656,62.07920087828841,62.025531571589106,-0.025531571589105795,0.025531571589105795
2018-11-21,56.0,56.65966815247656,56.07319250833707,55.86529935652084,0.13470064347915667,0.13470064347915667
2018-11-22,62.0,58.51552665360133,62.806222705510855,62.7386398608534,-0.7386398608533966,0.7386398608533966
2018-11-23,78.3,58.51552665360133,77.9115026175214,78.23179707940466,0.06820292059533983,0.06820292059533983
2018-11-24,75.1,58.51552665360133,75.18146570516905,75.43165756912043,-0.33165756912043776,0.33165756912043776
2018-11-25,67.3,58.51552665360133,68.49064859237986,68.56903191419349,-1.2690319141934907,1.2690319141934907
2018-11-26,59.7,58.51552665360133,59.920963655951866,59.77929237894928,-0.0792923789492761,0.0792923789492761
2018-11-27,64.0,58.51552665360133,63.76853455641581,63.72566220576809,0.2743377942319114,0.2743377942319114
2018-11-28,71.3,58.51552665360133,71.47119917443665,71.6261178493527,-0.3261178493526984,0.3261178493526984
2018-11-29,74.8,71.49100345040895,74.72631121933621,74.73701285171794,0.06298714828206187,0.06298714828206187
2018-11-30,76.7,71.49100345040895,76.28946646131651,76.34030720058642,0.3596927994135797,0.3596927994135797
2018-12-01,77.4,71.49100345040895,77.17993491716621,77.25364133706081,0.14635866293919264,0.14635866293919264
2018-12-02,69.2,71.49100345040895,69.15007357607671,69.01758712784705,0.18241287215295188,0.18241287215295188
2018-12-03,63.0,71.49100345040895,63.17956653207905,62.893767851014395,0.10623214898560462,0.10623214898560462
2018-12-04,57.1,71.49100345040895,57.40057237484737,56.96637917866756,0.13362082133244257,0.13362082133244257
2018-12-05,55.6,71.49100345040895,55.980596688034176,55.50994098682548,0.0900590131745247,0.0900590131745247
2018-12-06,56.5,57.89669682076578,57.634039684620966,57.444508602902616,-0.9445086029026157,0.9445086029026157
2018-12-07,55.9,57.89669682076578,55.7460763389388,55.50806564336116,0.391934356638842,0.391934356638842
2018-12-08,47.2,57.89669682076578,48.34208018717394,47.91394775259424,-0.7139477525942368,0.7139477525942368
2018-12-09,54.7,57.89669682076578,54.35701950410702,54.08334024582383,0.616659754176176,0.616659754176176
2018-12-10,58.9,57.89669682076578,58.2686955305111,58.09546130668073,0.804538693319266,0.804538693319266
2018-12-11,61.4,57.89669682076578,61.0327953782329,60.93053842924875,0.4694615707512497,0.4694615707512497
2018-12-12,65.8,57.89669682076578,66.26481240322178,66.29690454827953,-0.4969045482795309,0.4969045482795309
2018-12-13,68.7,66.69717782095928,69.681605801837,69.64693049495783,-0.9469304949578259,0.9469304949578259
2018-12-14,53.3,66.69717782095928,54.56258478916914,54.13967932819245,-0.8396793281924531,0.8396793281924531
2018-12-15,67.2,66.69717782095928,66.28645345349094,66.16459654151454,1.0354034584854617,1.0354034584854617
2018-12-16,63.9,66.69717782095928,64.11170736208233,63.93400675430823,-0.03400675430822986,0.03400675430822986
2018-12-17,70.3,66.69717782095928,69.8571557064463,69.82698821567912,0.47301178432087454,0.47301178432087454
2018-12-18,63.3,66.69717782095928,63.14246859737485,62.93987962449667,0.3601203755033282,0.3601203755033282
2018-12-19,61.1,66.69717782095928,61.76754192890446,61.52964723140788,-0.429647231407877,0.429647231407877
2018-12-20,64.2,62.96818041832925,64.56804886918644,64.46753408602302,-0.2675340860230193,0.2675340860230193
2018-12-21,65.8,62.96818041832925,65.51084081820956,65.43453529193813,0.3654647080618645,0.3654647080618645
2018-12-22,80.1,62.96818041832925,78.83661646617271,79.10249367309169,0.997506326908308,0.997506326908308
2018-12-23,62.8,62.96818041832925,62.76351504953378,62.61666297758088,0.1833370224191171,0.1833370224191171
2018-12-24,61.1,62.96818041832925,61.023208912615175,60.83166880701601,0.2683311929839931,0.2683311929839931
2018-12-25,73.7,62.96818041832925,73.65853445590358,73.7914475261174,-0.09144752611739193,0.09144752611739193
2018-12-26,70.5,62.96818041832925,71.22113341450213,71.29145826679444,-0.7914582667944359,0.7914582667944359
2018-12-27,69.2,71.50485857269172,69.22384448051946,69.09300909469829,0.10699090530171418,0.10699090530171418
2018-12-28,54.6,71.50485857269172,55.77820130841382,55.30210519993917,-0.7021051999391688,0.7021051999391688
2018-12-29,46.9,71.50485857269172,49.21435629266563,48.56971206458713,-1.6697120645871308,1.6697120645871308
2018-12-30,42.3,71.50485857269172,44.36802190934068,43.59893224641096,-1.2989322464109634,1.2989322464109634
2018-12-31,62.3,71.50485857269172,62.06238336838816,61.74765412139723,0.5523458786027646,0.5523458786027646
2019-01-01,45.1,71.50485857269172,46.61591479562106,45.90454711091361,-0.8045471109136102,0.8045471109136102
2019-01-02,40.3,71.50485857269172,40.71279028957152,39.84984063836504,0.4501593616349595,0.4501593616349595
2019-01-03,51.8,44.23262713547706,49.93272648046399,49.78533094337936,2.01466905662064,2.01466905662064
2019-01-04,65.9,44.23262713547706,64.61088310925186,64.84039709594441,1.0596029040555948,1.0596029040555948
2019-01-05,73.7,44.23262713547706,71.49209261641133,71.8983040906663,1.8016959093337022,1.8016959093337022
2019-01-06,71.8,44.23262713547706,71.25585642309079,71.65600176292745,0.14399823707255166,0.14399823707255166
2019-01-07,75.8,44.23262713547706,75.59990068056942,76.11159351875762,-0.3115935187576184,0.3115935187576184
2019-01-08,76.1,44.23262713547706,75.35451438908316,75.85990613425234,0.240093865747653,0.240093865747653
2019-01-09,61.8,44.23262713547706,62.81028830926014,62.99356615433464,-1.1935661543346399,1.1935661543346399
2019-01-10,59.3,64.4985130405849,60.028053055971824,59.78409194832688,-0.48409194832688485,0.48409194832688485
2019-01-11,59.7,64.4985130405849,60.27690066287881,60.03932952881055,-0.3393295288105449,0.3393295288105449
2019-01-12,61.2,64.4985130405849,62.2943223318348,62.10855507612362,-0.9085550761236192,0.9085550761236192
2019-01-13,52.8,64.4985130405849,53.013866243478766,52.58979302243697,0.21020697756302553,0.21020697756302553
2019-01-14,51.5,64.4985130405849,51.8432853812854,51.389153680390166,0.11084631960983415,0.11084631960983415
2019-01-15,51.1,64.4985130405849,52.655409164446645,52.222131389292954,-1.122131389292953,1.122131389292953
2019-01-16,57.0,64.4985130405849,57.50570480977353,57.196974187787106,-0.19697418778710585,0.19697418778710585
2019-01-17,76.0,58.55390358941772,75.24124512570768,75.49229826034605,0.5077017396539532,0.5077017396539532
2019-01-18,65.5,58.55390358941772,66.55226572455317,66.58020098608097,-1.0802009860809676,1.0802009860809676
2019-01-19,63.0,58.55390358941772,62.8689606643357,62.80231506048087,0.19768493951912802,0.19768493951912802
2019-01-20,53.7,58.55390358941772,53.46910063478186,53.16108298013676,0.5389170198632414,0.5389170198632414
2019-01-21,66.0,58.55390358941772,65.79287183233433,65.80130717997552,0.1986928200244762,0.1986928200244762
2019-01-22,68.7,58.55390358941772,69.38435853452106,69.48501701186495,-0.7850170118649515,0.7850170118649515
2019-01-23,55.9,58.55390358941772,55.32153816183817,55.061087879841246,0.8389121201587528,0.8389121201587528
2019-01-24,63.1,58.97378593684324,62.82467577630703,62.749521391281284,0.35047860871871706,0.35047860871871706
2019-01-25,59.2,58.97378593684324,59.264246966228185,59.09766696413159,0.10233303586841203,0.10233303586841203
2019-01-26,63.0,58.97378593684324,63.05751699966699,62.98834157213786,0.011658427862137444,0.011658427862137444
2019-01-27,65.4,58.97378593684324,65.29632819888442,65.28464154765499,0.11535845234502062,0.11535845234502062
2019-01-28,70.9,58.97378593684324,70.71679743369378,70.84429900136739,0.05570099863261646,0.05570099863261646
2019-01-29,48.7,58.97378593684324,50.35873777541902,49.963479791952615,-1.2634797919526122,1.2634797919526122
2019-01-30,54.2,58.97378593684324,55.1427425720113,54.87032950805576,-0.6703295080557581,0.6703295080557581
2019-01-31,58.1,56.15945332426685,58.3325458139084,58.19145089537684,-0.0914508953768376,0.0914508953768376
2019-02-01,65.5,56.15945332426685,66.25871842732433,66.32115383079785,-0.8211538307978543,0.8211538307978543
2019-02-02,64.6,56.15945332426685,66.5151671256032,66.58418768545475,-1.9841876854547564,1.9841876854547564
2019-02-03,75.7,56.15945332426685,74.94561148573652,75.23111118866902,0.46888881133098437,0.46888881133098437
2019-02-04,74.8,56.15945332426685,74.92244117687872,75.20734590659364,-0.40734590659364756,0.40734590659364756
2019-02-05,77.2,56.15945332426685,77.20459722777224,77.5481037541624,-0.3481037541623948,0.3481037541623948
2019-02-06,75.4,56.15945332426685,75.94774634393387,76.25897912641553,-0.8589791264155195,0.8589791264155195
2019-02-07,72.2,75.92764468953068,72.03350471599474,71.89716831587317,0.30283168412682926,0.30283168412682926
2019-02-08,39.0,75.92764468953068,40.53899178737927,39.59393109239378,-0.5939310923937811,0.5939310923937811
2019-02-09,40.8,75.92764468953068,40.758902686896455,39.819488921188714,0.9805110788112827,0.9805110788112827
2019-02-10,47.1,75.92764468953068,46.503334615384574,45.71142786689251,1.3885721331074947,1.3885721331074947
2019-02-11,62.3,75.92764468953068,62.704714767871,62.32883127299583,-0.02883127299583066,0.02883127299583066
2019-02-12,64.8,75.92764468953068,65.55614764332886,65.25348398350188,-0.4534839835018829,0.4534839835018829
2019-02-13,63.9,75.92764468953068,64.5012578470141,64.17150645261515,-0.2715064526151494,0.2715064526151494
2019-02-14,73.3,65.35079261909911,73.32288299894552,73.40534703173516,-0.10534703173516391,0.10534703173516391
2019-02-15,88.5,65.35079261909911,86.44017492299363,86.8594681896833,1.640531810316702,1.640531810316702
2019-02-16,61.9,65.35079261909911,61.56631070110441,61.346886412485865,0.5531135875141331,0.5531135875141331
2019-02-17,62.4,65.35079261909911,63.23416679475499,63.05757014872705,-0.6575701487270535,0.6575701487270535
2019-02-18,59.4,65.35079261909911,59.75181692653752,59.48579959481659,-0.08579959481659216,0.08579959481659216
2019-02-19,45.2,65.35079261909911,46.90380355894107,46.307871598133396,-1.1078715981333929,1.1078715981333929
2019-02-20,63.9,65.35079261909911,63.55260345557223,63.384183708947745,0.5158162910522535,0.5158162910522535
2019-02-21,55.2,63.9399943572786,57.4823301595463,57.182804894427605,-1.982804894427602,1.982804894427602
2019-02-22,58.4,63.9399943572786,59.21610551323677,58.96110058261392,-0.5611005826139248,0.5611005826139248
2019-02-23,74.7,63.9399943572786,73.64039695443442,73.75578273127019,0.9442172687298154,0.9442172687298154
2019-02-24,64.0,63.9399943572786,64.38252654532965,64.26018631778126,-0.2601863177812618,0.2601863177812618
2019-02-25,66.9,63.9399943572786,66.86654180368241,66.807986766043,0.09201323395700456,0.09201323395700456
2019-02-26,66.2,63.9399943572786,66.35971297938167,66.28814345936311,-0.08814345936310986,0.08814345936310986
2019-02-27,76.8,63.9399943572786,76.08959765477579,76.26787464424447,0.5321253557555252,0.5321253557555252
2019-02-28,52.0,76.23771205798778,50.80419744005997,50.117285699217135,1.8827143007828653,1.8827143007828653
2019-03-01,54.1,76.23771205798778,54.54021387674833,53.94923653772365,0.15076346227635185,0.15076346227635185
2019-03-02,53.1,76.23771205798778,53.57504255119881,52.9592812918307,0.14071870816930243,0.14071870816930243
2019-03-03,45.4,76.23771205798778,48.52496953393831,47.77953118608332,-2.3795311860833195,2.3795311860833195
2019-03-04,38.1,76.23771205798778,39.70331323745694,38.73135010466324,-0.631350104663241,0.631350104663241
2019-03-05,46.9,76.23771205798778,46.64590809884557,45.85221872270683,1.0477812772931685,1.0477812772931685
2019-03-06,59.0,76.23771205798778,59.10388663246481,58.630096469495896,0.36990353050410363,0.36990353050410363
2019-03-07,72.7,59.80173753007702,72.79361944930064,72.95991434382125,-0.2599143438212508,0.2599143438212508
2019-03-08,82.7,59.80173753007702,82.14675358955736,82.55322069532923,0.1467793046707726,0.1467793046707726
2019-03-09,84.7,59.80173753007702,84.53800783522027,85.00587818948966,-0.30587818948966117,0.30587818948966117
2019-03-10,77.5,59.80173753007702,77.90428665986792,78.20181459633201,-0.7018145963320137,0.7018145963320137
2019-03-11,66.7,59.80173753007702,67.85811273240648,67.8976724017003,-1.1976724017003022,1.1976724017003022
2019-03-12,77.5,59.80173753007702,77.19916553342496,77.47858718619865,0.021412813801347852,0.021412813801347852
2019-03-13,81.9,59.80173753007702,81.69276672494175,82.08757623791973,-0.18757623791972833,0.18757623791972833
2019-03-14,74.7,81.3196940563944,75.6582074543512,75.52028214033143,-0.8202821403314289,0.8202821403314289
2019-03-15,59.2,81.3196940563944,61.422722550019465,60.919254751904255,-1.719254751904252,1.719254751904252
2019-03-16,60.7,81.3196940563944,62.05160695554449,61.56428781477039,-0.8642878147703854,0.8642878147703854
2019-03-17,67.3,81.3196940563944,67.72379651737145,67.38212933553129,-0.08212933553129176,0.08212933553129176
2019-03-18,70.5,81.3196940563944,70.36808598068596,70.09431955147792,0.40568044852207663,0.40568044852207663
2019-03-19,70.7,81.3196940563944,70.80425011273445,70.54168361955766,0.15831638044234353,0.15831638044234353
2019-03-20,75.5,81.3196940563944,75.15045538101606,74.99949187718829,0.5005081228117092,0.5005081228117092
2019-03-21,78.3,75.51393197973265,78.28425661795318,78.31569195669597,-0.01569195669597434,0.01569195669597434
2019-03-22,79.7,75.51393197973265,79.98040821608946,80.05539777674686,-0.35539777674685524,0.35539777674685524
2019-03-23,73.9,75.51393197973265,75.19066424384437,75.1426615129457,-1.2426615129456877,1.2426615129456877
2019-03-24,82.0,75.51393197973265,81.76409027639028,81.88488168893686,0.11511831106314219,0.11511831106314219
2019-03-25,81.7,75.51393197973265,82.09212287851038,82.22133759753714,-0.5213375975371406,0.5213375975371406
2019-03-26,78.0,75.51393197973265,78.05046467837717,78.07589664688506,-0.07589664688505593,0.07589664688505593
2019-03-27,78.6,75.51393197973265,78.45685768598227,78.49272511984434,0.10727488015565712,0.10727488015565712
2019-03-28,79.5,78.69511972725502,79.33372999639249,79.33626378206293,0.16373621793707116,0.16373621793707116
2019-03-29,79.0,78.69511972725502,78.85553883053227,78.84579349906579,0.15420650093420818,0.15420650093420818
2019-03-30,70.3,78.69511972725502,70.91327292741978,70.69958402626945,-0.39958402626945144,0.39958402626945144
2019-03-31,58.3,78.69511972725502,58.850157464063685,58.32670874636763,-0.026708746367631875,0.026708746367631875
2019-04-01,62.3,78.69511972725502,62.46995871281501,62.0394601931131,0.2605398068868965,0.2605398068868965
2019-04-02,73.2,78.69511972725502,72.8922235042735,72.72935061077072,0.4706493892292798,0.4706493892292798
2019-04-03,69.3,78.69511972725502,69.78272425976802,69.54000483586826,-0.2400048358682625,0.2400048358682625
2019-04-04,91.0,70.46226648965627,89.32489136835382,89.72852005618468,1.2714799438153221,1.2714799438153221
2019-04-05,81.1,70.46226648965627,81.0297225781163,81.22034576413587,-0.12034576413587672,0.12034576413587672
2019-04-06,72.6,70.46226648965627,73.9164524468587,73.9244192322501,-1.3244192322501078,1.3244192322501078
2019-04-07,69.5,70.46226648965627,70.83598252233875,70.76484819976244,-1.2648481997624401,1.2648481997624401
2019-04-08,88.2,70.46226648965627,87.1707404810467,87.5190543220877,0.6809456779123053,0.6809456779123053
2019-04-09,88.9,70.46226648965627,88.3677964514652,88.74684860707494,0.15315139292506785,0.15315139292506785
2019-04-10,92.5,70.46226648965627,91.57538293685482,92.03680033254595,0.46319966745404884,0.46319966745404884
2019-04-11,82.6,91.09944647516689,83.00609453948827,82.88515293932112,-0.2851529393211223,0.2851529393211223
2019-04-12,78.5,91.09944647516689,78.63233494352872,78.39908280681941,0.10091719318059234,0.10091719318059234
2019-04-13,69.0,91.09944647516689,70.23129394771894,69.78231769516576,-0.7823176951657587,0.7823176951657587
2019-04-14,74.5,91.09944647516689,74.37546835248088,74.03290728821399,0.46709271178600886,0.46709271178600886
2019-04-15,80.7,91.09944647516689,80.68884206267587,80.50839745068,0.19160254932000953,0.19160254932000953
2019-04-16,81.2,91.09944647516689,80.93692744651179,80.7628532355303,0.437146764469702,0.437146764469702
2019-04-17,82.9,91.09944647516689,82.47336713286714,82.33874601978768,0.561253980212328,0.561253980212328
2019-04-18,75.0,82.50010315323439,75.56694046578421,75.40594784043836,-0.4059478404383583,0.4059478404383583
2019-04-19,75.7,82.50010315323439,75.62284371808742,75.46328659099493,0.23671340900507687,0.23671340900507687
2019-04-20,82.3,82.50010315323439,82.30146494408369,82.31340318997567,-0.013403189975676355,0.013403189975676355
2019-04-21,83.7,82.50010315323439,83.51129987304358,83.55430457492561,0.14569542507439337,0.14569542507439337
2019-04-22,79.2,82.50010315323439,79.78594078195084,79.73328474410695,-0.5332847441069504,0.5332847441069504
2019-04-23,78.5,82.50010315323439,78.89097785631438,78.81534072768159,-0.31534072768158694,0.31534072768158694
2019-04-24,70.2,82.50010315323439,70.29685530788656,70.00053606508027,0.19946393491973424,0.19946393491973424
2019-04-25,87.0,71.70562226666965,86.48326539779654,86.79209722390566,0.20790277609434327,0.20790277609434327
2019-04-26,82.5,71.70562226666965,82.47641384448885,82.68235669420966,-0.18235669420965905,0.18235669420965905
2019-04-27,84.3,71.70562226666965,84.39008181505992,84.64516432868382,-0.34516432868382196,0.34516432868382196
2019-04-28,84.7,71.70562226666965,84.61502700269503,84.87588571735643,-0.17588571735642233,0.17588571735642233
2019-04-29,82.6,71.70562226666965,83.1669148223305,83.39058853576314,-0.790588535763149,0.790588535763149
2019-04-30,82.8,71.70562226666965,83.73436301927242,83.97260781510231,-1.1726078151023103,1.1726078151023103
2019-05-01,82.0,71.70562226666965,83.20787361388615,83.43259907782195,-1.4325990778219477,1.4325990778219477
2019-05-02,78.7,81.879857674621,78.43824604180537,78.36187282538542,0.3381271746145842,0.3381271746145842
2019-05-03,80.7,81.879857674621,79.68824978701852,79.64397449190048,1.0560255080995233,1.0560255080995233
2019-05-04,81.5,81.879857674621,81.64692003274499,81.6529399816568,-0.15293998165680023,0.15293998165680023
2019-05-05,84.9,81.879857674621,85.02399494186379,85.11673229868632,-0.21673229868630983,0.21673229868630983
2019-05-06,75.8,81.879857674621,76.67991550706238,76.55839142182057,-0.7583914218205763,0.7583914218205763
2019-05-07,86.3,81.879857674621,85.8741362620019,85.988703768769,0.3112962312309975,0.3112962312309975
2019-05-08,78.0,81.879857674621,78.4072157654845,78.33004574555804,-0.33004574555803856,0.33004574555803856
2019-05-09,86.7,78.75737827052718,86.73326103063614,86.92470886299222,-0.22470886299221604,0.22470886299221604
2019-05-10,67.0,78.75737827052718,67.65674805749809,67.35834422783192,-0.3583442278319211,0.3583442278319211
2019-05-11,65.4,78.75737827052718,66.05908366147747,65.71965458988966,-0.3196545898896517,0.3196545898896517
2019-05-12,78.8,78.75737827052718,78.92668112477793,78.91766956778025,-0.11766956778025417,0.11766956778025417
2019-05-13,83.1,78.75737827052718,83.24099733877239,83.34276991569325,-0.242769915693259,0.242769915693259
2019-05-14,80.6,78.75737827052718,81.28053809315685,81.33196948764338,-0.7319694876433829,0.7319694876433829
2019-05-15,85.3,78.75737827052718,85.39221074342322,85.54922273769024,-0.24922273769024628,0.24922273769024628
2019-05-16,86.4,84.46817539625347,86.44692242655223,86.53075654509503,-0.130756545095025,0.130756545095025
2019-05-17,88.6,84.46817539625347,88.68887573884449,88.83027931768378,-0.23027931768378096,0.23027931768378096
2019-05-18,85.5,84.46817539625347,85.86833394799648,85.93731092109311,-0.43731092109311476,0.43731092109311476
2019-05-19,91.0,84.46817539625347,91.3438946782385,91.55347452398748,-0.5534745239874752,0.5534745239874752
2019-05-20,89.5,84.46817539625347,89.72827344877355,89.89636695236103,-0.3963669523610349,0.3963669523610349
2019-05-21,87.0,84.46817539625347,87.81045797535802,87.92930531438559,-0.9293053143855872,0.9293053143855872
2019-05-22,90.4,84.46817539625347,91.12960092497056,91.33367807998422,-0.9336780799842188,0.9336780799842188
2019-05-23,91.9,89.22533575076574,91.78981905039404,91.92733084977533,-0.02733084977532485,0.02733084977532485
2019-05-24,89.6,89.22533575076574,90.256056057685,90.35418349199995,-0.754183491999953,0.754183491999953
2019-05-25,89.9,89.22533575076574,90.13961738385876,90.23475487562091,-0.3347548756209022,0.3347548756209022
2019-05-26,89.9,89.22533575076574,90.19394385545006,90.29047635648031,-0.3904763564803062,0.3904763564803062
2019-05-27,88.9,89.22533575076574,89.08499001103065,89.15304650679938,-0.2530465067993788,0.2530465067993788
2019-05-28,86.7,89.22533575076574,87.6591261890888,87.69056898276327,-0.9905689827632642,0.9905689827632642
2019-05-29,90.4,89.22533575076574,90.61147474920912,90.71872871713123,-0.3187287171312221,0.3187287171312221
2019-05-30,84.4,89.20031619342632,84.6577209238678,84.61253210580888,-0.21253210580887583,0.21253210580887583
2019-05-31,89.8,89.20031619342632,89.96257698620815,90.05360764193803,-0.2536076419380322,0.2536076419380322
2019-06-01,91.0,89.20031619342632,91.27896776973024,91.40380105039935,-0.4038010503993519,0.4038010503993519
2019-06-02,92.4,89.20031619342632,92.68002187465312,92.84083178704974,-0.44083178704973136,0.44083178704973136
2019-06-03,92.1,89.20031619342632,92.18790787407036,92.33608115515865,-0.2360811551586579,0.2360811551586579
2019-06-04,83.4,89.20031619342632,84.10832519841279,84.049028854015,-0.6490288540150004,0.6490288540150004
2019-06-05,89.5,89.20031619342632,89.26333902694523,89.33641446848182,0.16358553151818,0.16358553151818
2019-06-06,89.7,88.23297581781327,89.24449479964477,89.33406936844312,0.36593063155687844,0.36593063155687844
2019-06-07,94.0,88.23297581781327,93.9881112248862,94.19949361009066,-0.1994936100906557,0.1994936100906557
2019-06-08,96.2,88.23297581781327,95.97087708610825,96.23317344882464,-0.03317344882464113,0.03317344882464113
2019-06-09,97.0,88.23297581781327,96.35660545704296,96.62880665319813,0.3711933468018742,0.3711933468018742
2019-06-10,87.2,88.23297581781327,88.32413954795207,88.39008099520838,-1.1900809952083762,1.1900809952083762
2019-06-11,78.9,88.23297581781327,80.76845746404544,80.64038214147988,-1.74038214147987,1.74038214147987
2019-06-12,89.3,88.23297581781327,89.13702812326562,89.22384313479529,0.07615686520470888,0.07615686520470888
2019-06-13,90.0,87.71237640449786,90.23908548187916,90.36333926027176,-0.3633392602717578,0.3633392602717578
2019-06-14,90.8,87.71237640449786,91.17096652722272,91.31914938948465,-0.5191493894846531,0.5191493894846531
2019-06-15,94.1,87.71237640449786,94.05058098645634,94.27270733780483,-0.17270733780483738,0.17270733780483738
2019-06-16,95.2,87.71237640449786,95.1088033549784,95.35810301555483,-0.15810301555482908,0.15810301555482908
2019-06-17,88.2,87.71237640449786,88.0205038690476,88.08778833172157,0.11221166827843376,0.11221166827843376
2019-06-18,93.5,87.71237640449786,93.31581689421688,93.51907578208898,-0.019075782088975757,0.019075782088975757
2019-06-19,96.7,87.71237640449786,96.63551350524484,96.92401642616488,-0.22401642616488004,0.22401642616488004
2019-06-20,96.0,94.9381625797452,96.00271903998788,96.14811411015768,-0.14811411015767817,0.14811411015767817
2019-06-21,94.9,94.9381625797452,95.09403903249536,95.21610078108048,-0.316100781080479,0.316100781080479
2019-06-22,91.6,94.9381625797452,91.85557823322505,91.89448194306638,-0.294481943066387,0.294481943066387
2019-06-23,94.9,94.9381625797452,94.93897013680764,95.05704998595508,-0.15704998595506936,0.15704998595506936
2019-06-24,83.8,94.9381625797452,83.60972653908598,83.43689112433727,0.3631088756627321,0.3631088756627321
2019-06-25,92.1,94.9381625797452,91.13052856400148,91.1508142598474,0.9491857401526005,0.9491857401526005
2019-06-26,89.5,94.9381625797452,89.4587845300533,89.43614274776635,0.06385725223364602,0.06385725223364602
2019-06-27,93.7,88.81754480257949,92.74205224032498,92.91117507209803,0.7888249279019703,0.7888249279019703
2019-06-28,92.8,88.81754480257949,92.81082601911972,92.98171484187307,-0.18171484187307385,0.18171484187307385
2019-06-29,93.7,88.81754480257949,93.84284644175273,94.0402357533522,-0.3402357533522036,0.3402357533522036
2019-06-30,85.3,88.81754480257949,85.21498884761071,85.19082978775819,0.10917021224180701,0.10917021224180701
2019-07-01,91.7,88.81754480257949,91.779617840146,91.92402703105718,-0.22402703105717592,0.22402703105717592
2019-07-02,93.0,88.81754480257949,92.68863458451273,92.85638574382563,0.14361425617437362,0.14361425617437362
2019-07-03,89.9,88.81754480257949,89.6479547716173,89.73762656379839,0.16237343620161937,0.16237343620161937
2019-07-04,91.9,89.26328535290516,91.82633138389389,91.96411449809011,-0.06411449809010605,0.06411449809010605
2019-07-05,95.6,89.26328535290516,95.72795663641917,95.9659266986823,-0.3659266986823013,0.3659266986823013
2019-07-06,93.3,89.26328535290516,93.5296443611944,93.7111655890621,-0.411165589062108,0.411165589062108
2019-07-07,94.9,89.26328535290516,95.3525675789489,95.5808983033537,-0.6808983033537004,0.6808983033537004
2019-07-08,95.4,89.26328535290516,94.9533509053446,95.17143044016632,0.2285695598336872,0.2285695598336872
2019-07-09,95.3,89.26328535290516,95.28858885489498,95.51527671698234,-0.21527671698234485,0.21527671698234485
2019-07-10,96.6,89.26328535290516,96.95846171606183,97.22802900782065,-0.6280290078206576,0.6280290078206576
2019-07-11,97.0,95.03534918050886,96.95734634844322,97.12554834013932,-0.12554834013931782,0.12554834013931782
2019-07-12,96.4,95.03534918050886,96.93788839171452,97.10559073693663,-0.7055907369366281,0.7055907369366281
2019-07-13,96.3,95.03534918050886,96.6015647001283,96.76063083811836,-0.46063083811836236,0.46063083811836236
2019-07-14,97.4,95.03534918050886,97.90349067113443,98.09598800284554,-0.6959880028455387,0.6959880028455387
2019-07-15,95.2,95.03534918050886,95.4738658348596,95.60397462806706,-0.4039746280670613,0.4039746280670613
2019-07-16,97.9,95.03534918050886,98.14304687257189,98.3416955907333,-0.4416955907332891,0.4416955907332891
2019-07-17,99.4,95.03534918050886,99.15164941204624,99.37619728855891,0.023802711441092583,0.023802711441092583
2019-07-18,98.3,97.55816341629868,98.3428912407038,98.50238007956433,-0.20238007956433535,0.20238007956433535
2019-07-19,98.2,97.55816341629868,98.23252667124552,98.38918153998512,-0.189181539985114,0.189181539985114
2019-07-20,98.2,97.55816341629868,98.32108204365092,98.48001086027685,-0.2800108602768461,0.2800108602768461
2019-07-21,98.2,97.55816341629868,98.24539920634918,98.40238461939337,-0.2023846193933707,0.2023846193933707
2019-07-22,97.7,97.55816341629868,97.99658866341984,98.14718505462582,-0.4471850546258196,0.4471850546258196
2019-07-23,93.2,97.55816341629868,94.61459646742146,94.67834918334522,-1.478349183345216,1.478349183345216
2019-07-24,90.5,97.55816341629868,90.93254384920644,90.90174786027907,-0.40174786027907317,0.40174786027907317
2019-07-25,90.2,89.82993231998586,90.1185055257243,90.2024863627057,-0.0024863627056959103,0.0024863627056959103
2019-07-26,91.2,89.82993231998586,91.45695348609723,91.57530333794222,-0.3753033379422135,0.3753033379422135
2019-07-27,95.0,89.82993231998586,95.09897292846048,95.31084350285424,-0.31084350285424023,0.31084350285424023
2019-07-28,99.8,89.82993231998586,99.60972455773384,99.93742338573351,-0.13742338573351276,0.13742338573351276
2019-07-29,98.1,89.82993231998586,98.15786370358444,98.44828127093487,-0.3482812709348764,0.3482812709348764
2019-07-30,100.5,89.82993231998586,100.39281207881167,100.74061923186262,-0.2406192318626239,0.2406192318626239
2019-07-31,101.1,89.82993231998586,100.90597286518629,101.26695709438549,-0.166957094385495,0.166957094385495
2019-08-01,97.5,99.18898008270156,97.96577020618273,98.08694396387644,-0.5869439638764362,0.5869439638764362
2019-08-02,98.9,99.18898008270156,99.00637170884671,99.15426630259157,-0.25426630259156013,0.25426630259156013
2019-08-03,94.2,99.18898008270156,94.99673080704017,95.04166479878045,-0.8416647987804424,0.8416647987804424
2019-08-04,93.8,99.18898008270156,93.99705219991998,94.01631618436514,-0.21631618436514088,0.21631618436514088
2019-08-05,98.9,99.18898008270156,98.78607841672212,98.9283162620124,-0.02831626201239601,0.02831626201239601
2019-08-06,99.1,99.18898008270156,99.04177893564768,99.19058272537194,-0.09058272537194512,0.09058272537194512
2019-08-07,100.0,99.18898008270156,100.06091656954152,100.23589004051178,-0.23589004051177653,0.23589004051177653
2019-08-08,101.7,98.17576258606428,101.55074700016075,101.78176517574428,-0.08176517574428033,0.08176517574428033
2019-08-09,102.8,98.17576258606428,102.42035394085076,102.67370210964651,0.12629789035348438,0.12629789035348438
2019-08-10,101.7,98.17576258606428,101.57025427385108,101.80177336228236,-0.10177336228235845,0.10177336228235845
2019-08-11,102.7,98.17576258606428,102.29186815376208,102.54191703109717,0.15808296890283202,0.15808296890283202
2019-08-12,102.9,98.17576258606428,102.83249824515762,103.09642956260019,-0.19642956260018707,0.19642956260018707
2019-08-13,102.3,98.17576258606428,102.19702659105596,102.4446401020751,-0.14464010207510114,0.14464010207510114
2019-08-14,100.9,98.17576258606428,101.15068245435124,101.37142766846866,-0.4714276684686496,0.4714276684686496
2019-08-15,98.9,99.19647195627417,99.03362478775313,99.18208766282024,-0.28208766282023134,0.28208766282023134
2019-08-16,101.5,99.19647195627417,102.00306592470037,102.22777888164875,-0.7277788816487458,0.7277788816487458
2019-08-17,101.5,99.19647195627417,101.8041382453739,102.02374308563044,-0.5237430856304428,0.5237430856304428
2019-08-18,102.2,99.19647195627417,102.06345437791376,102.2897180052711,-0.08971800527109508,0.08971800527109508
2019-08-19,100.9,99.19647195627417,101.20085570846642,101.40496930282339,-0.5049693028233833,0.5049693028233833
2019-08-20,100.8,99.19647195627417,100.94857539613166,101.1462108710091,-0.34621087100910586,0.34621087100910586
2019-08-21,99.4,99.19647195627417,99.53615066530688,99.69751753056735,-0.2975175305673474,0.2975175305673474
2019-08-22,98.2,97.8291795095907,98.41382754745258,98.57037984040328,-0.3703798404032739,0.3703798404032739
2019-08-23,98.8,97.8291795095907,98.63186661463538,98.79401777146627,0.005982228533724765,0.005982228533724765
2019-08-24,95.7,97.8291795095907,95.41149147935404,95.49094900582523,0.20905099417477402,0.20905099417477402
2019-08-25,99.8,97.8291795095907,98.60806578352192,98.76960577642076,1.0303942235792363,1.0303942235792363
2019-08-26,101.2,97.8291795095907,100.84170726911977,101.06060328906729,0.139396710932715,0.139396710932715
2019-08-27,92.5,97.8291795095907,93.49113297605167,93.52127903738005,-1.0212790373800544,1.0212790373800544
2019-08-28,97.5,97.8291795095907,97.6775888174326,97.81523578077442,-0.3152357807744153,0.3152357807744153
2019-08-29,100.5,95.6385638706532,100.3786333839771,100.62409779589086,-0.12409779589086156,0.12409779589086156
2019-08-30,98.5,95.6385638706532,98.43579515970148,98.6313708663502,-0.13137086635019557,0.13137086635019557
2019-08-31,97.9,95.6385638706532,97.96213176330252,98.14554461805625,-0.24554461805624328,0.24554461805624328
2019-09-01,96.1,95.6385638706532,96.17221508491508,96.30966599363474,-0.20966599363474359,0.20966599363474359
2019-09-02,98.9,95.6385638706532,99.27385110098233,99.49094662607386,-0.5909466260738583,0.5909466260738583
2019-09-03,98.7,95.6385638706532,98.84956843295588,99.05576911733975,-0.35576911733974725,0.35576911733974725
2019-09-04,98.5,95.6385638706532,98.8947644067738,99.10212564512906,-0.602125645129064,0.602125645129064
2019-09-05,101.3,96.91523621264166,101.15661013916638,101.3996378706975,-0.09963787069750651,0.09963787069750651
2019-09-06,101.3,96.91523621264166,101.61509137216962,101.8698921040551,-0.5698921040550999,0.5698921040550999
2019-09-07,100.1,96.91523621264166,100.3965513209013,100.62006206440185,-0.5200620644018557,0.5200620644018557
2019-09-08,100.6,96.91523621264166,100.36914563041115,100.59195264346295,0.008047356537048245,0.008047356537048245
2019-09-09,99.1,96.91523621264166,98.6240586212399,98.80205483616419,0.2979451638358057,0.2979451638358057
2019-09-10,97.2,96.91523621264166,96.523602287296,96.6476624381379,0.5523375618621031,0.5523375618621031
2019-09-11,94.6,96.91523621264166,94.12841446817065,94.19097036319252,0.4090296368074746,0.4090296368074746
2019-09-12,97.6,93.56762506053104,97.2898898774836,97.492398959641,0.10760104035900042,0.10760104035900042
2019-09-13,97.0,93.56762506053104,96.8051016483516,96.99516221226546,0.004837787734544463,0.004837787734544463
2019-09-14,98.4,93.56762506053104,98.40887154720282,98.64011413172808,-0.2401141317280775,0.2401141317280775
2019-09-15,96.7,93.56762506053104,96.89000229215232,97.08224295688078,-0.3822429568807735,0.3822429568807735
2019-09-16,97.8,93.56762506053104,98.1301501533189,98.35423565739515,-0.5542356573951537,0.5542356573951537
2019-09-17,89.6,93.56762506053104,90.92263614024866,90.96164522478625,-1.3616452247862583,1.3616452247862583
2019-09-18,100.2,93.56762506053104,99.27897536213788,99.53256069874148,0.6674393012585256,0.6674393012585256
2019-09-19,96.7,97.64956447058394,96.16835276945272,96.27039857040249,0.42960142959751124,0.42960142959751124
2019-09-20,97.8,97.64956447058394,97.75312185175936,97.89586176541108,-0.09586176541108671,0.09586176541108671
2019-09-21,96.6,97.64956447058394,96.52576639402274,96.63698995498932,-0.03698995498932334,0.03698995498932334
2019-09-22,99.1,97.64956447058394,98.54639815323564,98.70950802209188,0.39049197790811263,0.39049197790811263
2019-09-23,96.6,97.64956447058394,96.93288345057722,97.05456106921523,-0.4545610692152309,0.4545610692152309
2019-09-24,95.5,97.64956447058394,95.8659781472816,95.96025949403408,-0.4602594940340765,0.4602594940340765
2019-09-25,97.4,97.64956447058394,97.15430721778222,97.28167061350796,0.11832938649205005,0.11832938649205005
2019-09-26,96.5,95.75766685160166,96.62899749001004,96.7760867566061,-0.27608675660610515,0.27608675660610515
2019-09-27,97.1,95.75766685160166,96.85758074564326,97.01053963253315,0.08946036746684172,0.08946036746684172
2019-09-28,93.1,95.75766685160166,93.56767046703295,93.6361501820663,-0.5361501820663079,0.5361501820663079
2019-09-29,96.2,95.75766685160166,96.40752009110167,96.54892220344118,-0.34892220344117675,0.34892220344117675
2019-09-30,96.6,95.75766685160166,96.32411228771234,96.46337263278161,0.13662736721838087,0.13662736721838087
2019-10-01,97.4,95.75766685160166,97.2625677942156,97.42592604387792,-0.025926043877916527,0.025926043877916527
2019-10-02,95.8,95.75766685160166,95.80973451521922,95.93578653405415,-0.13578653405414798,0.13578653405414798
2019-10-03,96.0,94.57022940673008,95.88213118637904,96.03088935210832,-0.03088935210831778,0.03088935210831778
2019-10-04,93.1,94.57022940673008,93.30793290528912,93.39059013799451,-0.2905901379945135,0.2905901379945135
2019-10-05,94.8,94.57022940673008,94.90467617313242,95.02833499479053,-0.22833499479052932,0.22833499479052932
2019-10-06,97.4,94.57022940673008,97.02179413780658,97.19981686523474,0.20018313476526828,0.20018313476526828
2019-10-07,83.4,94.57022940673008,84.90347005147632,84.77031530097798,-1.3703153009779783,1.3703153009779783
2019-10-08,85.5,94.57022940673008,85.56470269591522,85.44852724925076,0.05147275074924096,0.05147275074924096
2019-10-09,95.5,94.57022940673008,94.23979750111,94.3463833952896,1.1536166047103933,1.1536166047103933
2019-10-10,97.7,93.34105116758144,97.47625555416806,97.6875280044609,0.0124719955391015,0.0124719955391015
2019-10-11,80.8,93.34105116758144,78.42940324883448,78.15158567144783,2.648414328552164,2.648414328552164
2019-10-12,63.1,93.34105116758144,64.40933667721173,63.77150818370836,-0.6715081837083616,0.6715081837083616
2019-10-13,80.5,93.34105116758144,80.20812748848371,79.975984454778,0.5240155452219994,0.5240155452219994
2019-10-14,88.6,93.34105116758144,88.6055886391386,88.58907779708174,0.010922202918251855,0.010922202918251855
2019-10-15,94.8,93.34105116758144,94.56791077207096,94.70450198857384,0.09549801142615877,0.09549801142615877
2019-10-16,74.9,93.34105116758144,75.76917038031416,75.42304265138957,-0.5230426513895594,0.5230426513895594
2019-10-17,75.6,76.93660444305762,75.21476053807298,75.14239955174786,0.45760044825213697,0.45760044825213697
2019-10-18,83.1,76.93660444305762,82.89148867660107,83.01625271217308,0.08374728782690966,0.08374728782690966
2019-10-19,95.3,76.93660444305762,93.48134229693926,93.87803534824909,1.421964651750912,1.421964651750912
2019-10-20,94.3,76.93660444305762,92.67538139152516,93.05137876907125,1.248621230928748,1.248621230928748
2019-10-21,80.5,76.93660444305762,80.99340878635255,81.06943343280253,-0.5694334328025263,0.5694334328025263
2019-10-22,82.0,76.93660444305762,81.63082059607063,81.72321286876462,0.27678713123538046,0.27678713123538046
2019-10-23,86.7,76.93660444305762,86.24645607517472,86.45736983625139,0.2426301637486148,0.2426301637486148
2019-10-24,84.0,85.7477319986826,83.16220376359745,83.13922761485378,0.8607723851462197,0.8607723851462197
2019-10-25,58.0,85.7477319986826,58.08619007659011,57.41930552599282,0.5806944740071813,0.5806944740071813
2019-10-26,73.2,85.7477319986826,72.55636265540016,72.26104696004701,0.9389530399529917,0.9389530399529917
2019-10-27,81.5,85.7477319986826,81.0879897501804,81.0117513944866,0.4882486055134052,0.4882486055134052
2019-10-28,80.5,85.7477319986826,80.31490143467643,80.21881151613292,0.2811884838670835,0.2811884838670835
2019-10-29,62.8,85.7477319986826,61.99970073398824,61.43330832797564,1.3666916720243591,1.3666916720243591
2019-10-30,50.2,85.7477319986826,51.99653184072878,51.17327546199997,-0.9732754619999682,0.9732754619999682
2019-10-31,56.5,53.963919399760506,56.01641400752022,55.85439052505039,0.6456094749496089,0.6456094749496089
2019-11-01,62.7,53.963919399760506,61.79548826139142,61.781861350779096,0.9181386492209072,0.9181386492209072
2019-11-02,69.4,53.963919399760506,68.68948236693858,68.85288123013142,0.5471187698685895,0.5471187698685895
2019-11-03,73.0,53.963919399760506,72.79020884324012,73.05890722751123,-0.058907227511227234,0.058907227511227234
2019-11-04,82.9,53.963919399760506,81.75455070762575,82.25343779396145,0.6465622060385527,0.6465622060385527
2019-11-05,82.4,53.963919399760506,82.3457000020813,82.85976677376097,-0.4597667737609612,0.4597667737609612
2019-11-06,83.0,53.963919399760506,83.14590060535866,83.68051513626553,-0.6805151362655266,0.6805151362655266
2019-11-07,66.9,82.70140753505048,66.9613180111555,66.57581379387506,0.3241862061249492,0.3241862061249492
2019-11-08,50.0,82.70140753505048,51.14196435578312,50.350246660645716,-0.3502466606457162,0.3502466606457162
2019-11-09,69.3,82.70140753505048,69.12836642732269,68.7985082429329,0.5014917570671003,0.5014917570671003
2019-11-10,74.9,82.70140753505048,75.19518331217392,75.02111042976327,-0.12111042976326303,0.12111042976326303
2019-11-11,73.3,82.70140753505048,72.19031685710121,71.93908423227614,1.3609157677238528,1.3609157677238528
2019-11-12,45.9,82.70140753505048,44.61311488927738,43.6537476993521,2.246252300647896,2.246252300647896
2019-11-13,42.0,82.70140753505048,43.91940178571424,42.94222125027737,-0.9422212502773704,0.9422212502773704
2019-11-14,44.8,45.83942725609618,45.263328135059446,44.96782094765196,-0.1678209476519612,0.1678209476519612
2019-11-15,63.4,45.83942725609618,62.83107671564546,62.986678745750986,0.4133212542490128,0.4133212542490128
2019-11-16,65.1,45.83942725609618,64.89441303835056,65.10299795523478,-0.0029979552347896288,0.0029979552347896288
2019-11-17,70.1,45.83942725609618,69.67789364038735,70.00931001637831,0.09068998362168657,0.09068998362168657
2019-11-18,74.1,45.83942725609618,73.90790065559437,74.34793625196814,-0.24793625196814162,0.24793625196814162
2019-11-19,79.9,45.83942725609618,79.60103592449215,80.18726132911411,-0.2872613291141022,0.2872613291141022
2019-11-20,82.5,45.83942725609618,82.30357493548122,82.9591968397715,-0.4591968397714936,0.4591968397714936
2019-11-21,79.0,82.05035017497099,80.12268344188706,80.08657041268366,-1.0865704126836562,1.0865704126836562
2019-11-22,71.5,82.05035017497099,71.33144548541732,71.069588761322,0.4304112386780048,0.4304112386780048
2019-11-23,70.2,82.05035017497099,69.47133798909424,69.16171694088492,1.0382830591150878,1.0382830591150878
2019-11-24,74.5,82.05035017497099,73.75877574925084,73.55924864303118,0.9407513569688177,0.9407513569688177
2019-11-25,85.9,82.05035017497099,84.44110978396611,84.51588642961926,1.3841135703807481,1.3841135703807481
2019-11-26,73.9,82.05035017497099,74.63161753108007,74.4545034831648,-0.5545034831647939,0.5545034831647939
2019-11-27,68.3,82.05035017497099,68.1042120521839,67.75948558857019,0.540514411429811,0.540514411429811
2019-11-28,55.2,69.85112232323932,57.05191942155067,56.63756383259683,-1.4375638325968296,1.4375638325968296
2019-11-29,73.6,69.85112232323932,71.91130638111885,71.8785139955149,1.7214860044851008,1.7214860044851008
2019-11-30,87.0,69.85112232323932,86.58103812784434,86.92493892970461,0.07506107029539066,0.07506107029539066
2019-12-01,65.7,69.85112232323932,65.989721799728,65.80487342500884,-0.10487342500883301,0.10487342500883301
2019-12-02,65.5,69.85112232323932,65.08758785381292,64.87957424898092,0.6204257510190843,0.6204257510190843
2019-12-03,74.4,69.85112232323932,73.79940111277615,73.81509171479473,0.5849082852052732,0.5849082852052732
2019-12-04,74.5,69.85112232323932,74.13186862789983,74.15609641724825,0.34390358275175004,0.34390358275175004
2019-12-05,73.7,74.93239170812038,73.91874329247135,73.84828959797122,-0.148289597971214,0.148289597971214
2019-12-06,73.9,74.93239170812038,73.7210513011294,73.6455212202549,0.25447877974509936,0.25447877974509936
2019-12-07,68.3,74.93239170812038,68.1754359300422,67.95750409522617,0.34249590477382696,0.34249590477382696
2019-12-08,74.5,74.93239170812038,74.64918859751359,74.59749146754888,-0.09749146754887761,0.09749146754887761
2019-12-09,80.7,74.93239170812038,80.70939625166503,80.81331471013443,-0.11331471013443206,0.11331471013443206
2019-12-10,56.9,74.93239170812038,55.70751168969917,55.169425253269125,1.7305747467308734,1.7305747467308734
2019-12-11,56.2,74.93239170812038,55.83985075202573,55.305162552460175,0.8948374475398282,0.8948374475398282
2019-12-12,61.9,58.52551249925611,61.86083274087024,61.76879861130284,0.13120138869715703,0.13120138869715703
2019-12-13,77.3,58.52551249925611,75.79735142635141,76.06318284854916,1.2368171514508361,1.2368171514508361
2019-12-14,77.2,58.52551249925611,76.58524856601726,76.8713118159034,0.32868818409660605,0.32868818409660605
2019-12-15,80.9,58.52551249925611,79.46225536546781,79.82219514427435,1.0778048557256596,1.0778048557256596
2019-12-16,70.0,58.52551249925611,69.36344266774887,69.46406250735085,0.535937492649154,0.535937492649154
2019-12-17,55.0,58.52551249925611,54.88371904657843,54.61252477678626,0.38747522321374106,0.38747522321374106
2019-12-18,59.7,58.52551249925611,58.77459449161952,58.6033111335416,1.0966888664584005,1.0966888664584005
2019-12-19,60.7,61.24982711073047,59.89018516865082,59.69971908205706,1.0002809179429448,1.0002809179429448
2019-12-20,52.0,61.24982711073047,53.15952204600957,52.796224241072935,-0.7962242410729345,0.7962242410729345
2019-12-21,60.5,61.24982711073047,59.7336202797203,59.53913387918526,0.9608661208147424,0.9608661208147424
2019-12-22,59.6,61.24982711073047,57.74995067587637,57.50452709129127,2.0954729087087287,2.0954729087087287
2019-12-23,70.2,61.24982711073047,68.17430442196691,68.19656010430134,2.003439895698662,2.003439895698662
2019-12-24,71.6,61.24982711073047,71.02705322316574,71.12256253123182,0.47743746876817283,0.47743746876817283
2019-12-25,69.6,61.24982711073047,69.55896638431004,69.61677777667113,-0.016777776671133893,0.016777776671133893
2019-12-26,67.1,70.6708480897917,67.80864348429346,67.65611042054032,-0.5561104205403211,0.5561104205403211
2019-12-27,67.2,70.6708480897917,67.6021504793817,67.44431503453856,-0.24431503453855896,0.24431503453855896
2019-12-28,71.6,70.6708480897917,71.63934867979243,71.58518146043522,0.014818539564771527,0.014818539564771527
2019-12-29,66.0,70.6708480897917,66.02091422466421,65.82247538398484,0.17752461601516245,0.17752461601516245
2019-12-30,61.2,70.6708480897917,61.03169917998668,60.70514597766989,0.49485402233010944,0.49485402233010944
2019-12-31,61.6,70.6708480897917,62.01833014554895,61.7171119097936,-0.11711190979359998,0.11711190979359998
2020-01-01,56.8,70.6708480897917,59.809885653929406,59.45195840609061,-2.651958406090614,2.651958406090614
2020-01-02,60.3,59.23289899781868,61.283988226356975,61.164722573229916,-0.8647225732299191,0.8647225732299191
2020-01-03,64.4,59.23289899781868,64.65098918332484,64.61818225654487,-0.21818225654486412,0.21818225654486412
2020-01-04,71.6,59.23289899781868,70.77403020390562,70.89845231708622,0.7015476829137697,0.7015476829137697
2020-01-05,74.6,59.23289899781868,73.97599486277615,74.18263785731452,0.41736214268547656,0.41736214268547656
2020-01-06,74.8,59.23289899781868,74.6594046300921,74.88359639839396,-0.08359639839396493,0.08359639839396493
2020-01-07,67.5,59.23289899781868,67.30553530427906,67.3408925032539,0.15910749674610258,0.15910749674610258
2020-01-08,70.2,59.23289899781868,69.79415284299029,69.89341341042622,0.30658658957378293,0.30658658957378293
2020-01-09,77.2,70.91421746047787,77.30588236936676,77.39294918605032,-0.19294918605031341,0.19294918605031341
2020-01-10,77.6,70.91421746047787,78.10501355236187,78.21260066742046,-0.612600667420466,0.612600667420466
2020-01-11,58.8,70.91421746047787,59.289784921043,58.914229701369955,-0.11422970136995758,0.11422970136995758
2020-01-12,61.5,70.91421746047787,61.60813346306479,61.29210940026802,0.2078905997319822,0.2078905997319822
2020-01-13,60.3,70.91421746047787,60.823185465922926,60.48700530428658,-0.18700530428658624,0.18700530428658624
2020-01-14,75.7,70.91421746047787,74.51716850926857,74.53262600609388,1.167373993906125,1.167373993906125
2020-01-15,81.1,70.91421746047787,80.58382412518041,80.75506278287907,0.34493721712092906,0.34493721712092906
2020-01-16,70.7,80.4950670815014,70.35836212190583,70.09882348165621,0.6011765183437916,0.6011765183437916
2020-01-17,58.4,80.4950670815014,59.60881754009876,59.073249298066315,-0.6732492980663167,0.6732492980663167
2020-01-18,69.4,80.4950670815014,70.40147038725163,70.14303869225225,-0.7430386922522416,0.7430386922522416
2020-01-19,57.5,80.4950670815014,57.76297767961205,57.18001148152969,0.3199885184703106,0.3199885184703106
2020-01-20,60.7,80.4950670815014,59.62214429806305,59.08691826398796,1.6130817360120417,1.6130817360120417
2020-01-21,61.4,80.4950670815014,61.757693564074856,61.27730471951964,0.12269528048035738,0.12269528048035738
2020-01-22,58.1,80.4950670815014,57.97805244477745,57.400608992457045,0.6993910075429568,0.6993910075429568
2020-01-23,66.3,60.29557834472052,66.10802421120547,66.0939745855396,0.2060254144603988,0.2060254144603988
2020-01-24,67.4,60.29557834472052,67.29726810481189,67.31375619317443,0.08624380682557842,0.08624380682557842
2020-01-25,66.6,60.29557834472052,66.75205117833553,66.75453904464631,-0.15453904464631307,0.15453904464631307
2020-01-26,77.7,60.29557834472052,77.38450527528033,77.66001606344783,0.03998393655217569,0.03998393655217569
2020-01-27,69.0,60.29557834472052,68.70856670343542,68.76129448429934,0.23870551570065857,0.23870551570065857
2020-01-28,72.5,60.29557834472052,71.89890902430896,72.03355924511254,0.46644075488745784,0.46644075488745784
2020-01-29,62.0,60.29557834472052,62.07515193972689,61.9575451709034,0.0424548290965987,0.0424548290965987
2020-01-30,49.1,64.40334250061902,50.99768875499499,50.52351445602044,-1.4235144560204418,1.4235144560204418
2020-01-31,61.6,64.40334250061902,61.38406623792875,61.176596041510564,0.42340395848943757,0.42340395848943757
2020-02-01,73.1,64.40334250061902,71.9542371888528,72.01819059146766,1.0818094085323366,1.0818094085323366
2020-02-02,79.1,64.40334250061902,78.53752778124654,78.77052863204023,0.32947136795976917,0.32947136795976917
2020-02-03,72.2,64.40334250061902,72.70269581182707,72.78586832964055,-0.5858683296405474,0.5858683296405474
2020-02-04,78.4,64.40334250061902,78.10649852092345,78.32843129025767,0.07156870974233698,0.07156870974233698
2020-02-05,46.6,64.40334250061902,47.93822998598623,47.3854941089603,-0.7854941089603003,0.7854941089603003
2020-02-06,54.2,52.02137376321464,53.73684857295484,53.55039392386331,0.649606076136692,0.649606076136692
2020-02-07,74.9,52.02137376321464,73.49831395375455,73.81929935276881,1.0807006472311969,1.0807006472311969
2020-02-08,69.1,52.02137376321464,69.3908571504883,69.6063702053379,-0.5063702053379018,0.5063702053379018
2020-02-09,72.2,52.02137376321464,72.43367060023311,72.7273178102965,-0.5273178102964948,0.5273178102964948
2020-02-10,71.1,52.02137376321464,70.59553603618599,70.84198314880562,0.2580168511943697,0.2580168511943697
2020-02-11,47.7,52.02137376321464,49.28331102092352,48.98249727618317,-1.2824972761831646,1.2824972761831646
2020-02-12,56.4,52.02137376321464,56.20073988372741,56.07755367658455,0.32244632341544843,0.32244632341544843
2020-02-13,53.5,57.97189669157965,53.78304334554334,53.49330513918079,0.006694860819209225,0.006694860819209225
2020-02-14,58.6,57.97189669157965,58.15878706744644,57.98141034652811,0.6185896534718935,0.6185896534718935
2020-02-15,64.3,57.97189669157965,64.34866309176935,64.3302316174218,-0.030231617421804913,0.030231617421804913
2020-02-16,76.6,57.97189669157965,75.79231610854421,76.06773773291374,0.5322622670862529,0.5322622670862529
2020-02-17,79.5,57.97189669157965,79.19252558830065,79.55525867610314,-0.055258676103136395,0.055258676103136395
2020-02-18,71.3,57.97189669157965,71.42538690094634,71.58867338126268,-0.28867338126268294,0.28867338126268294
2020-02-19,51.0,57.97189669157965,52.4437103500666,52.11958040267888,-1.1195804026788778,1.1195804026788778
2020-02-20,51.7,55.21898157228223,52.17081079337336,51.8880045382233,-0.18800453822329644,0.18800453822329644
2020-02-21,54.6,55.21898157228223,54.73761070179821,54.52071540233439,0.07928459766561247,0.07928459766561247
2020-02-22,63.7,55.21898157228223,63.85375084602896,63.87094216434309,-0.17094216434308862,0.17094216434308862
2020-02-23,69.2,55.21898157228223,69.7221546266234,69.8900363436173,-0.6900363436172938,0.6900363436172938
2020-02-24,70.0,55.21898157228223,71.1369730918387,71.34118488538387,-1.3411848853838677,1.3411848853838677
2020-02-25,66.7,55.21898157228223,66.4526504086191,66.53657694588841,0.16342305411158975,0.16342305411158975
2020-02-26,55.0,55.21898157228223,56.06708367604617,55.88432692941776,-0.8843269294177603,0.8843269294177603
2020-02-27,63.6,58.15113844004713,63.32837164257311,63.28059401924005,0.31940598075995297,0.31940598075995297
2020-02-28,73.7,58.15113844004713,72.48342325668618,72.67073142997577,1.0292685700242288,1.0292685700242288
2020-02-29,74.6,58.15113844004713,74.70682904109778,74.95123040643864,-0.35123040643864556,0.35123040643864556
2020-03-01,76.9,58.15113844004713,76.56959046717168,76.86182430492498,0.03817569507502583,0.03817569507502583
2020-03-02,77.7,58.15113844004713,77.90217365803058,78.22862591357043,-0.5286259135704228,0.5286259135704228
2020-03-03,74.2,58.15113844004713,75.3122506271506,75.57219816545137,-1.3721981654513655,1.3721981654513655
2020-03-04,68.7,58.15113844004713,69.21452224442218,69.31789072726109,-0.6178907272610843,0.6178907272610843
2020-03-05,75.2,70.1536475162884,74.80336343170717,74.8395227860936,0.36047721390640675,0.36047721390640675
2020-03-06,70.5,70.1536475162884,70.57087752247757,70.4983540027957,0.0016459972043065818,0.0016459972043065818
2020-03-07,62.7,70.1536475162884,62.65654689338431,62.38079713325094,0.31920286674906606,0.31920286674906606
2020-03-08,74.3,70.1536475162884,74.20747065087694,74.22832851544247,0.07167148455752681,0.07167148455752681
2020-03-09,67.3,70.1536475162884,69.16074062873399,69.0520072471108,-1.7520072471107966,1.7520072471107966
2020-03-10,80.0,70.1536475162884,79.3912408109253,79.54520887398552,0.45479112601448435,0.45479112601448435
2020-03-11,83.3,70.1536475162884,83.14918680208683,83.39965237976895,-0.0996523797689548,0.0996523797689548
2020-03-12,85.8,82.66797176920801,85.835492241786,85.9352309913361,-0.13523099133610117,0.13523099133610117
2020-03-13,82.2,82.66797176920801,82.32586184007992,82.3354793873023,-0.13547938730229703,0.13547938730229703
2020-03-14,83.6,82.66797176920801,83.76977192356259,83.81646656947699,-0.21646656947699228,0.21646656947699228
2020-03-15,72.4,82.66797176920801,71.45397243832565,71.18441878165608,1.215581218343928,1.215581218343928
2020-03-16,73.7,82.66797176920801,73.90963196491009,73.70313537229369,-0.0031353722936842132,0.0031353722936842132
2020-03-17,80.7,82.66797176920801,80.32205938783446,80.28022277448888,0.41977722551112606,0.41977722551112606
2020-03-18,82.7,82.66797176920801,82.94278848859477,82.96824763876349,-0.26824763876348356,0.26824763876348356
2020-03-19,82.1,82.25685847564368,82.32915452672324,82.34607429369296,-0.2460742936929705,0.2460742936929705
2020-03-20,73.0,82.25685847564368,71.91257169289047,71.66201173644687,1.3379882635531288,1.3379882635531288
2020-03-21,54.2,82.25685847564368,55.71573374889001,55.04926717484047,-0.8492671748404703,0.8492671748404703
2020-03-22,66.8,82.25685847564368,66.76083092532467,66.37798322945756,0.4220167705424416,0.4220167705424416
2020-03-23,82.5,82.25685847564368,81.84662071366137,81.85114985186978,0.6488501481302222,0.6488501481302222
2020-03-24,90.8,82.25685847564368,89.5899970474378,89.79336261723648,1.0066373827635147,1.0066373827635147
2020-03-25,89.4,82.25685847564368,87.46526511058384,87.6140712610544,1.7859287389456,1.7859287389456
2020-03-26,87.1,88.60227888259764,86.52790217213345,86.54123573664569,0.5587642633543055,0.5587642633543055
2020-03-27,88.7,88.60227888259764,88.01273980602735,88.06420141751653,0.6357985824834742,0.6357985824834742
2020-03-28,79.2,88.60227888259764,80.0617624229937,79.90905676915169,-0.7090567691516867,0.7090567691516867
2020-03-29,78.2,88.60227888259764,78.50873401520862,78.31614929396093,-0.11614929396093032,0.11614929396093032
2020-03-30,70.2,88.60227888259764,71.8266421106671,71.46247289544851,-1.2624728954485107,1.2624728954485107
2020-03-31,73.0,88.60227888259764,73.45151338600124,73.12906803802797,-0.12906803802796674,0.12906803802796674
2020-04-01,77.5,88.60227888259764,77.57477134428072,77.3582040866405,0.14179591335950192,0.14179591335950192
2020-04-02,70.4,77.36860197072848,71.09027433816185,70.90441940115194,-0.5044194011519352,0.5044194011519352
2020-04-03,74.0,77.36860197072848,73.29435008741251,73.16509198078317,0.8349080192168259,0.8349080192168259
2020-04-04,52.2,77.36860197072848,52.860579618992126,52.20661783934711,-0.00661783934710769,0.00661783934710769
2020-04-05,66.7,77.36860197072848,66.57867556124428,66.27697061735091,0.42302938264909073,0.42302938264909073
2020-04-06,78.0,77.36860197072848,78.1552564678377,78.1508179795914,-0.15081797959139465,0.15081797959139465
2020-04-07,87.8,77.36860197072848,87.03784044358423,87.2614912570724,0.5385087429276041,0.5385087429276041
2020-04-08,93.4,77.36860197072848,92.51678445790311,92.88112502089216,0.5188749791078493,0.5188749791078493
2020-04-09,92.1,91.70373356491444,88.72384196081704,88.73911306049898,3.3608869395010146,3.3608869395010146
2020-04-10,74.5,91.70373356491444,75.13022857187748,74.79643933119027,-0.2964393311902711,0.2964393311902711
2020-04-11,76.0,91.70373356491444,76.30204431473666,75.99834526348982,0.0016547365101757805,0.0016547365101757805
2020-04-12,86.6,91.70373356491444,87.0156418976856,86.98704939183493,-0.38704939183493536,0.38704939183493536
2020-04-13,65.7,91.70373356491444,65.88846311015367,65.31736141211013,0.38263858788987193,0.38263858788987193
2020-04-14,64.6,91.70373356491444,64.76390718170711,64.16392884403021,0.43607115596978474,0.43607115596978474
2020-04-15,68.7,91.70373356491444,68.93548421509043,68.44262471752513,0.2573752824748681,0.2573752824748681
2020-04-16,77.7,69.42048418569556,77.94222928148245,78.071860958035,-0.3718609580350005,0.3718609580350005
2020-04-17,72.2,69.42048418569556,72.00118717263126,71.97826322461748,0.22173677538252434,0.22173677538252434
2020-04-18,62.3,69.42048418569556,63.78855105658236,63.554740902232254,-1.2547409022322569,1.2547409022322569
2020-04-19,92.9,69.42048418569556,88.92408474372841,89.33571136127695,3.564288638723056,3.564288638723056
2020-04-20,86.2,69.42048418569556,85.8609966339216,86.19396847826174,0.006031521738265155,0.006031521738265155
2020-04-21,86.4,69.42048418569556,86.3653810273059,86.7113045852923,-0.3113045852922909,0.3113045852922909
2020-04-22,80.2,69.42048418569556,80.46292811285932,80.65728694965054,-0.4572869496505376,0.4572869496505376
2020-04-23,88.7,80.66249209299254,88.82355952172824,89.03523564278986,-0.3352356427898542,0.3352356427898542
2020-04-24,96.3,80.66249209299254,93.9013325858169,94.24339708437277,2.0566029156272236,2.0566029156272236
2020-04-25,79.4,80.66249209299254,79.89962590930305,79.88215094190431,-0.4821509419043082,0.4821509419043082
2020-04-26,85.5,80.66249209299254,85.35954411630037,85.48227034877338,0.01772965122661674,0.01772965122661674
2020-04-27,88.7,80.66249209299254,88.5346926795427,88.73895120269493,-0.03895120269493191,0.03895120269493191
2020-04-28,91.7,80.66249209299254,91.61281914682542,91.89611860204089,-0.19611860204088316,0.19611860204088316
2020-04-29,84.4,80.66249209299254,84.96840786852037,85.08109040268637,-0.6810904026863653,0.6810904026863653
2020-04-30,87.0,84.5520707375487,86.89241622752247,86.98621695162123,0.013783048378769536,0.013783048378769536
2020-05-01,88.1,84.5520707375487,88.07563785173151,88.19982164845867,-0.09982164845867203,0.09982164845867203
2020-05-02,91.2,84.5520707375487,90.3827333682249,90.56615936371186,0.6338406362881415,0.6338406362881415
2020-05-03,93.4,84.5520707375487,92.99108211233208,93.24148596531498,0.15851403468502667,0.15851403468502667
2020-05-04,96.3,84.5520707375487,95.55493496295372,95.87117409630605,0.4288259036939479,0.4288259036939479
2020-05-05,84.5,84.5520707375487,85.59262837683147,85.65305281041876,-1.1530528104187567,1.1530528104187567
2020-05-06,85.5,84.5520707375487,85.80850657051282,85.87447438050847,-0.3744743805084738,0.3744743805084738
2020-05-07,83.5,85.00389263840104,83.9674726228633,83.9782335184269,-0.4782335184269044,0.4782335184269044
2020-05-08,85.1,85.00389263840104,85.81798272422022,85.87626149949355,-0.7762614994935575,0.7762614994935575
2020-05-09,77.5,85.00389263840104,78.05149083000332,77.91033960631293,-0.410339606312931,0.410339606312931
2020-05-10,81.7,85.00389263840104,81.8133370588153,81.76878350106368,-0.06878350106367748,0.06878350106367748
2020-05-11,83.9,85.00389263840104,84.21886508491518,84.23608130150782,-0.3360813015078179,0.3360813015078179
2020-05-12,73.6,85.00389263840104,73.8291155143468,73.5795410390397,0.020458960960297645,0.020458960960297645
2020-05-13,87.3,85.00389263840104,86.64232358127988,86.72176999549605,0.5782300045039506,0.5782300045039506
2020-05-14,91.4,85.62759809513817,91.11230715569158,91.29558494853457,0.10441505146543761,0.10441505146543761
2020-05-15,91.8,85.62759809513817,91.5061024565712,91.69949222757833,0.10050777242166475,0.10050777242166475
2020-05-16,82.6,85.62759809513817,82.5197377899878,82.48237335168727,0.11762664831272218,0.11762664831272218
2020-05-17,91.1,85.62759809513817,90.62979756497587,90.80068535104526,0.29931464895473425,0.29931464895473425
2020-05-18,93.6,85.62759809513817,93.29156191586182,93.5307991792717,0.06920082072829814,0.06920082072829814
2020-05-19,95.4,85.62759809513817,95.0888874569875,95.37427691313592,0.025723086864090305,0.025723086864090305
2020-05-20,93.7,85.62759809513817,93.41544524506928,93.65786361682923,0.04213638317077084,0.04213638317077084
2020-05-21,91.6,92.58692987784843,91.74434923132428,91.82167595490832,-0.2216759549083207,0.2216759549083207
2020-05-22,93.4,92.58692987784843,93.12429942210572,93.2370608656207,0.1629391343793003,0.1629391343793003
2020-05-23,91.7,92.58692987784843,92.18163468822836,92.27019014151493,-0.570190141514928,0.570190141514928
2020-05-24,91.5,92.58692987784843,91.32777619671994,91.39440604956862,0.10559395043138409,0.10559395043138409
2020-05-25,78.5,92.58692987784843,78.67513090361433,78.4168628396093,0.08313716039070584,0.08313716039070584
2020-05-26,84.7,92.58692987784843,84.96085239343985,84.86399072079867,-0.16399072079866528,0.16399072079866528
2020-05-27,89.3,92.58692987784843,87.92635671065052,87.90564402920943,1.3943559707905706,1.3943559707905706
2020-05-28,89.1,88.06443881095073,88.51779960872463,88.59167281244171,0.5083271875582795,0.5083271875582795
2020-05-29,88.0,88.06443881095073,88.1837161623099,88.24901068439316,-0.24901068439315566,0.24901068439315566
2020-05-30,87.7,88.06443881095073,88.0772993568931,88.13986128056732,-0.4398612805673139,0.4398612805673139
2020-05-31,83.8,88.06443881095073,85.4404938554501,85.43534720161173,-1.6353472016117365,1.6353472016117365
2020-06-01,83.0,88.06443881095073,84.00456768960211,83.96254895018541,-0.9625489501854076,0.9625489501854076
2020-06-02,88.4,88.06443881095073,88.49313192710062,88.56637170767277,-0.16637170767276643,0.16637170767276643
2020-06-03,91.2,88.06443881095073,91.0927896877428,91.23278415647692,-0.03278415647692157,0.03278415647692157
2020-06-04,92.3,89.93501519373152,92.23773387099018,92.37428792771554,-0.07428792771554527,0.07428792771554527
2020-06-05,92.6,89.93501519373152,92.87746063250472,93.03044175940843,-0.43044175940843843,0.43044175940843843
2020-06-06,95.5,89.93501519373152,95.75499262473642,95.98186376659736,-0.48186376659735686,0.48186376659735686
2020-06-07,95.4,89.93501519373152,95.78665078046951,96.01433484868781,-0.614334848687804,0.614334848687804
2020-06-08,98.2,89.93501519373152,98.15048511766004,98.43886833883406,-0.23886833883405245,0.23886833883405245
2020-06-09,98.3,89.93501519373152,98.3158550102675,98.60848464255743,-0.30848464255743124,0.30848464255743124
2020-06-10,92.3,89.93501519373152,92.77122726093349,92.92148049969015,-0.6214804996901506,0.6214804996901506
2020-06-11,94.5,91.66744759181056,93.18248073523696,93.31287897212857,1.1871210278714273,1.1871210278714273
2020-06-12,92.3,91.66744759181056,91.85315089563208,91.94941425513687,0.35058574486312466,0.35058574486312466
2020-06-13,93.3,91.66744759181056,93.0906618603619,93.21870234830192,0.08129765169807968,0.08129765169807968
2020-06-14,92.3,91.66744759181056,92.60882905427904,92.7244969140973,-0.42449691409730406,0.42449691409730406
2020-06-15,94.5,91.66744759181056,94.26861232586856,94.42690053225276,0.07309946774724096,0.07309946774724096
2020-06-16,94.1,91.66744759181056,93.91511857643997,94.06432967838082,0.035670321619178935,0.035670321619178935
2020-06-17,93.5,91.66744759181056,93.54090385031634,93.68050576918463,-0.18050576918463435,0.18050576918463435
2020-06-18,95.4,92.3385059167534,95.04484327616828,95.21128237465471,0.18871762534529068,0.18871762534529068
2020-06-19,94.1,92.3385059167534,94.19500636920272,94.33962313454519,-0.239623134545198,0.239623134545198
2020-06-20,92.7,92.3385059167534,92.79083804043188,92.89939820619685,-0.19939820619684667,0.19939820619684667
2020-06-21,94.6,92.3385059167534,94.7014180409868,94.85903857695759,-0.25903857695759314,0.25903857695759314
2020-06-22,92.3,92.3385059167534,92.6444792700355,92.74928119722559,-0.4492811972255879,0.4492811972255879
2020-06-23,92.3,92.3385059167534,92.40361094842665,92.50222779620337,-0.20222779620337406,0.20222779620337406
2020-06-24,84.3,92.3385059167534,85.21552830502822,85.12956769703092,-0.8295676970309245,0.8295676970309245
2020-06-25,91.9,84.5529290385002,91.91680539738049,92.1396086247775,-0.2396086247774889,0.2396086247774889
2020-06-26,84.5,84.5529290385002,84.80452351988288,84.84469572328884,-0.3446957232888366,0.3446957232888366
2020-06-27,91.4,84.5529290385002,91.44845570193684,91.65923252403411,-0.259232524034104,0.259232524034104
2020-06-28,86.7,84.5529290385002,88.0344244387557,88.15753487807012,-1.4575348780701205,1.4575348780701205
2020-06-29,89.9,84.5529290385002,90.6046191971224,90.79372776596288,-0.8937277659628791,0.8937277659628791
2020-06-30,92.4,84.5529290385002,92.776388384879,93.0212642078109,-0.6212642078108956,0.6212642078108956
2020-07-01,93.5,84.5529290385002,94.06020339382836,94.33804535248687,-0.8380453524868727,0.8380453524868727
2020-07-02,96.4,92.18513225729497,96.71382653527036,96.92581490925629,-0.5258149092562832,0.5258149092562832
2020-07-03,97.1,92.18513225729497,96.94819808802316,97.16620471570191,-0.06620471570191455,0.06620471570191455
2020-07-04,99.1,92.18513225729497,98.82788575036076,99.09415948674933,0.005840513250660706,0.005840513250660706
2020-07-05,99.1,92.18513225729497,98.9479100018037,99.21726575213975,-0.1172657521397582,0.1172657521397582
2020-07-06,92.0,92.18513225729497,93.99280180722064,94.13491900048734,-2.1349190004873435,2.1349190004873435
2020-07-07,96.5,92.18513225729497,96.77993385052456,96.99361974534644,-0.49361974534643593,0.49361974534643593
2020-07-08,97.5,92.18513225729497,97.84737221875348,98.08846807364088,-0.5884680736408825,0.5884680736408825
2020-07-09,99.1,95.8287061772774,99.07083116214926,99.27937527411943,-0.17937527411943677,0.17937527411943677
2020-07-10,100.4,95.8287061772774,100.11256606285866,100.3478601145698,0.052139885430207755,0.052139885430207755
2020-07-11,101.7,95.8287061772774,101.39031975212278,101.65842429541706,0.041575704582939466,0.041575704582939466
2020-07-12,103.7,95.8287061772774,102.72439329247143,103.0267545231341,0.6732454768659011,0.6732454768659011
2020-07-13,106.1,95.8287061772774,104.93581138616496,105.29495798583858,0.8050420141614154,0.8050420141614154
2020-07-14,104.2,95.8287061772774,103.5311078830892,103.85418414084033,0.3458158591596714,0.3458158591596714
2020-07-15,100.4,95.8287061772774,100.3940863684518,100.63660937179482,-0.23660937179481323,0.23660937179481323
2020-07-16,100.4,98.8969608088054,100.30624371066028,100.49264356284905,-0.09264356284904807,0.09264356284904807
2020-07-17,99.6,98.8969608088054,99.61188190836934,99.78045175759185,-0.18045175759185383,0.18045175759185383
2020-07-18,96.4,98.8969608088054,96.63411556290944,96.72622155338107,-0.3262215533810604,0.3262215533810604
2020-07-19,97.7,98.8969608088054,97.9219305888556,98.04710542853071,-0.34710542853071047,0.34710542853071047
2020-07-20,98.5,98.8969608088054,98.57364097638468,98.71555060490394,-0.21555060490393885,0.21555060490393885
2020-07-21,92.6,98.8969608088054,93.86659951749634,93.88764051110886,-1.2876405111088616,1.2876405111088616
2020-07-22,97.5,98.8969608088054,97.78443578921085,97.90608000165757,-0.4060800016575712,0.4060800016575712
2020-07-23,99.7,95.59090845620544,99.82861243756236,100.06078992605235,-0.36078992605234816,0.36078992605234816
2020-07-24,97.8,95.59090845620544,98.9325108238983,99.14167798207205,-1.3416779820720564,1.3416779820720564
2020-07-25,93.5,95.59090845620544,93.25320344120746,93.31653586719175,0.18346413280825402,0.18346413280825402
2020-07-26,94.2,95.59090845620544,93.76874964618712,93.84532040171906,0.35467959828093854,0.35467959828093854
2020-07-27,97.1,95.59090845620544,96.8219490745366,96.9769206791424,0.12307932085759887,0.12307932085759887
2020-07-28,99.3,95.59090845620544,98.49055116758244,98.68836957074535,0.611630429254646,0.611630429254646
2020-07-29,96.1,95.59090845620544,95.70188631160508,95.8280966532503,0.27190334674969563,0.27190334674969563
2020-07-30,99.1,94.9103103961816,98.8066179521866,99.02450125199798,0.07549874800201906,0.07549874800201906
2020-07-31,100.1,94.9103103961816,97.22179033801162,97.39897802212448,2.701021977875513,2.701021977875513
2020-08-01,96.7,94.9103103961816,96.6524851669165,96.81505408476683,-0.11505408476682533,0.11505408476682533
2020-08-02,98.0,94.9103103961816,97.73003695748702,97.9202755304923,0.07972446950769552,0.07972446950769552
2020-08-03,100.5,94.9103103961816,98.71097386641128,98.9264011925106,1.5735988074894038,1.5735988074894038
2020-08-04,100.5,94.9103103961816,100.14519590062702,100.39745155316938,0.10254844683062458,0.10254844683062458
2020-08-05,101.4,94.9103103961816,101.35694280476464,101.64031400949297,-0.24031400949296255,0.24031400949296255
2020-08-06,101.3,99.4278071551318,101.10724876477686,101.30489728248185,-0.0048972824818491745,0.0048972824818491745
2020-08-07,99.8,99.4278071551318,99.83540363213174,100.00039337970729,-0.2003933797072932,0.2003933797072932
2020-08-08,100.9,99.4278071551318,100.80931956966644,100.9993177840065,-0.09931778400648739,0.09931778400648739
2020-08-09,102.0,99.4278071551318,101.73279807206684,101.94650960759299,0.05349039240701359,0.05349039240701359
2020-08-10,101.1,99.4278071551318,101.03255563607148,101.22828616418951,-0.1282861641895181,0.1282861641895181
2020-08-11,102.2,99.4278071551318,101.88856274903604,102.10627405045258,0.09372594954741942,0.09372594954741942
2020-08-12,103.1,99.4278071551318,103.0058546564547,103.25225607008325,-0.15225607008325426,0.15225607008325426
2020-08-13,102.5,100.97568809647382,102.408061498224,102.61193740722959,-0.11193740722958978,0.11193740722958978
2020-08-14,105.7,100.97568809647382,104.96934711571316,105.23899238300805,0.4610076169919495,0.4610076169919495
2020-08-15,105.1,100.97568809647382,104.93033799256294,105.19898157344711,-0.09898157344711933,0.09898157344711933
2020-08-16,104.7,100.97568809647382,104.41560495684864,104.67103108895705,0.028968911042952072,0.028968911042952072
2020-08-17,96.4,100.97568809647382,97.21586696151068,97.28641634868636,-0.8864163486863532,0.8864163486863532
2020-08-18,101.7,100.97568809647382,101.98423864746373,102.17723152306903,-0.4772315230690225,0.4772315230690225
2020-08-19,102.9,100.97568809647382,102.15795672938172,102.35541038307946,0.5445896169205469,0.5445896169205469
2020-08-20,99.7,100.74881920088626,99.37827870462873,99.50833806399757,0.19166193600243275,0.19166193600243275
2020-08-21,101.5,100.74881920088626,101.29845033126598,101.47781635711002,0.022183642889984867,0.022183642889984867
2020-08-22,92.1,100.74881920088626,92.1962242719088,92.1418609694654,-0.04186096946540374,0.04186096946540374
2020-08-23,96.0,100.74881920088626,95.94112564033188,95.98292488929472,0.017075110705278007,0.017075110705278007
2020-08-24,98.0,100.74881920088626,98.0938938734876,98.19097246508738,-0.19097246508738408,0.19097246508738408
2020-08-25,98.9,100.74881920088626,98.90896714223288,99.0269753972322,-0.12697539723220075,0.12697539723220075
2020-08-26,94.3,100.74881920088626,95.3855306134838,95.41306314883414,-1.1130631488341436,1.1130631488341436
2020-08-27,99.8,93.40958056302117,99.8578436653624,100.12906802518354,-0.3290680251835454,0.3290680251835454
2020-08-28,103.9,93.40958056302117,103.33685795593296,103.69741734961669,0.20258265038332013,0.20258265038332013
2020-08-29,102.5,93.40958056302117,102.34133958049712,102.67633579439702,-0.17633579439701919,0.17633579439701919
2020-08-30,101.3,93.40958056302117,101.37396100941538,101.68411662474695,-0.38411662474695163,0.38411662474695163
2020-08-31,101.9,93.40958056302117,101.65549621350866,101.97288116303967,-0.07288116303966774,0.07288116303966774
2020-09-01,100.1,93.40958056302117,100.36662971264845,100.65091881292965,-0.5509188129296518,0.5509188129296518
2020-09-02,85.9,93.40958056302117,87.22741339081668,87.17431027680891,-1.2743102768089045,1.2743102768089045
2020-09-03,91.2,86.55544664595072,90.99271911907528,91.1566364192358,0.043363580764207654,0.043363580764207654
2020-09-04,83.0,86.55544664595072,82.48692897866022,82.4324323871959,0.5675676128040976,0.5675676128040976
2020-09-05,89.4,86.55544664595072,89.42767033452655,89.55139990492029,-0.15139990492028232,0.15139990492028232
2020-09-06,93.4,86.55544664595072,93.5032288024475,93.73161162325398,-0.331611623253977,0.331611623253977
2020-09-07,95.2,86.55544664595072,95.13490439352312,95.40518580456437,-0.20518580456436553,0.20518580456436553
2020-09-08,88.1,86.55544664595072,88.27314210015884,88.36722539425182,-0.2672253942518239,0.2672253942518239
2020-09-09,80.1,86.55544664595072,80.92180636446888,80.82712014742101,-0.7271201474210187,0.7271201474210187
2020-09-10,66.3,80.80812006636201,66.88121463328345,66.5268928120834,-0.22689281208340617,0.22689281208340617
2020-09-11,85.3,80.80812006636201,84.29797872956286,84.39088910701597,0.9091108929840317,0.9091108929840317
2020-09-12,91.7,80.80812006636201,91.62659129134764,91.90768768837164,-0.2076876883716352,0.2076876883716352
2020-09-13,92.8,80.80812006636201,93.1874219694929,93.50859778265031,-0.7085977826503154,0.7085977826503154
2020-09-14,90.8,80.80812006636201,91.77452299159184,92.0594180172925,-1.2594180172925036,1.2594180172925036
2020-09-15,91.4,80.80812006636201,91.61873265900776,91.89962726002648,-0.49962726002647173,0.49962726002647173
2020-09-16,92.4,80.80812006636201,92.82277846528476,93.13459086769548,-0.7345908676954735,0.7345908676954735
2020-09-17,86.3,91.23055639223028,88.04543379675876,88.05159184269552,-1.7515918426955182,1.7515918426955182
2020-09-18,87.6,91.23055639223028,88.44807569236323,88.46457288162452,-0.8645728816245253,0.8645728816245253
2020-09-19,84.5,91.23055639223028,84.75400872713887,84.67564870402153,-0.17564870402152621,0.17564870402152621
2020-09-20,85.5,91.23055639223028,85.05861222596846,84.98807389072299,0.5119261092770131,0.5119261092770131
2020-09-21,73.0,91.23055639223028,73.96284549651733,73.60738717712768,-0.6073871771276771,0.6073871771276771
2020-09-22,74.7,91.23055639223028,75.49975845855532,75.18376538996375,-0.4837653899637502,0.4837653899637502
2020-09-23,76.6,91.23055639223028,77.63565368034745,77.37450668481826,-0.7745066848182631,0.7745066848182631
2020-09-24,81.1,76.76265446415822,81.2899651799589,81.37665881396839,-0.2766588139683961,0.2766588139683961
2020-09-25,86.7,76.76265446415822,86.0673363005051,86.2767045127665,0.42329548723350285,0.42329548723350285
2020-09-26,89.1,76.76265446415822,88.85346824621448,89.13437947926488,-0.03437947926488505,0.03437947926488505
2020-09-27,91.9,76.76265446415822,91.9104288697414,92.26983753281372,-0.3698375328137189,0.3698375328137189
2020-09-28,80.3,76.76265446415822,81.81198970959595,81.9120880252587,-1.6120880252587,1.6120880252587
2020-09-29,83.5,76.76265446415822,83.1377406204498,83.27188191283601,0.22811808716399185,0.22811808716399185
2020-09-30,88.1,76.76265446415822,87.06479438820972,87.29977558869112,0.800224411308875,0.800224411308875
2020-10-01,90.4,87.00903267122874,89.04226333037879,89.14813298193826,1.2518670180617448,1.2518670180617448
2020-10-02,83.5,87.00903267122874,83.75532680305815,83.72543712331002,-0.22543712331001586,0.22543712331001586
2020-10-03,85.9,87.00903267122874,85.7617626033688,85.78339470398518,0.11660529601482494,0.11660529601482494
2020-10-04,89.9,87.00903267122874,89.11493661199911,89.22267238698672,0.6773276130132899,0.6773276130132899
2020-10-05,86.7,87.00903267122874,86.51628613053613,86.55729308253852,0.14270691746148145,0.14270691746148145
2020-10-06,87.7,87.00903267122874,87.54949897533024,87.61703703550518,0.08296296449482554,0.08296296449482554
2020-10-07,91.3,87.00903267122874,90.72702357781114,90.87615494121889,0.42384505878111156,0.42384505878111156
2020-10-08,85.9,90.01563315899341,86.3246660252942,86.30796742664167,-0.40796742664166175,0.40796742664166175
2020-10-09,87.7,90.01563315899341,87.87512737678993,87.89824192800398,-0.19824192800398066,0.19824192800398066
2020-10-10,94.5,90.01563315899341,93.01926888042507,93.17447603518681,1.3255239648131862,1.3255239648131862
2020-10-11,97.5,90.01563315899341,96.24508888160452,96.48312948140872,1.0168705185912756,1.0168705185912756
2020-10-12,87.6,90.01563315899341,88.318089194833,88.35257823482736,-0.752578234827368,0.752578234827368
2020-10-13,89.3,90.01563315899341,88.23069557525807,88.26294049915747,1.0370595008425312,1.0370595008425312
2020-10-14,92.3,90.01563315899341,91.66532400099904,91.78576420697893,0.5142357930210721,0.5142357930210721
2020-10-15,88.4,90.97487440777424,88.58899866799865,88.61360336918551,-0.21360336918550615,0.21360336918550615
2020-10-16,76.9,90.97487440777424,77.27616531136348,77.01027613509319,-0.11027613509318712,0.11027613509318712
2020-10-17,78.9,90.97487440777424,79.04100983175323,78.82043879212254,0.07956120787746102,0.07956120787746102
2020-10-18,92.3,90.97487440777424,91.8450216613248,91.95323536784242,0.3467646321575728,0.3467646321575728
2020-10-19,92.5,90.97487440777424,92.2875853916916,92.40716336479065,0.09283663520935193,0.09283663520935193
2020-10-20,90.8,90.97487440777424,91.18128064782437,91.27245063995491,-0.4724506399549142,0.4724506399549142
2020-10-21,90.0,90.97487440777424,89.70137244456926,89.75454096892497,0.2454590310750291,0.2454590310750291
2020-10-22,89.7,89.20478350420197,89.52451561979686,89.60421919192471,0.09578080807528977,0.09578080807528977
2020-10-23,82.0,89.20478350420197,81.99681513070261,81.88322045167834,0.11677954832165938,0.11677954832165938
2020-10-24,65.8,89.20478350420197,66.5044346486846,65.99302259399613,-0.1930225939961332,0.1930225939961332
2020-10-25,84.8,89.20478350420197,84.22243488109115,84.16599024491236,0.6340097550876322,0.6340097550876322
2020-10-26,75.8,89.20478350420197,74.73195576229328,74.43181213478013,1.3681878652198662,1.3681878652198662
2020-10-27,43.5,89.20478350420197,45.92330065906315,44.88340089253159,-1.38340089253159,1.38340089253159
2020-10-28,61.2,89.20478350420197,60.66610744047619,60.00477730115675,1.1952226988432528,1.1952226988432528
2020-10-29,63.8,61.68253901732695,64.27613261399546,64.19069316354496,-0.39069316354496664,0.39069316354496664
2020-10-30,71.1,61.68253901732695,70.95135654484406,71.03732523074957,0.06267476925042104,0.06267476925042104
2020-10-31,78.4,61.68253901732695,76.96788418456545,77.20834683213316,1.1916531678668463,1.1916531678668463
2020-11-01,78.0,61.68253901732695,77.61703604832668,77.87416778629975,0.12583221370024944,0.12583221370024944
2020-11-02,76.1,61.68253901732695,74.88010480040795,75.06695690590723,1.0330430940927613,1.0330430940927613
2020-11-03,80.0,61.68253901732695,78.19262917152294,78.46454113942814,1.5354588605718646,1.5354588605718646
2020-11-04,80.8,61.68253901732695,80.16562757728384,80.48820271143909,0.3117972885609106,0.3117972885609106
2020-11-05,81.7,80.65460766714128,81.17163611249866,81.18696257608515,0.5130374239148523,0.5130374239148523
2020-11-06,79.7,80.65460766714128,79.66821422466428,79.64493542996728,0.05506457003272658,0.05506457003272658
2020-11-07,80.8,80.65460766714128,80.55922801226555,80.5588289013638,0.241171098636201,0.241171098636201
2020-11-08,83.0,80.65460766714128,82.93041442793312,82.99090325857051,0.00909674142948802,0.00909674142948802
2020-11-09,84.7,80.65460766714128,84.62828881118887,84.73237610186527,-0.032376101865267515,0.032376101865267515
2020-11-10,79.2,80.65460766714128,79.74529172147301,79.72399214278731,-0.5239921427873071,0.5239921427873071
2020-11-11,82.9,80.65460766714128,82.51762461011207,82.56751371643873,0.3324862835612805,0.3324862835612805
2020-11-12,83.0,82.39568551154116,82.97863744727502,83.00979750268803,-0.00979750268803059,0.00979750268803059
2020-11-13,83.5,82.39568551154116,83.37649138014766,83.4178676323328,0.08213236766719945,0.08213236766719945
2020-11-14,86.5,82.39568551154116,86.31399513819515,86.4308013759391,0.0691986240609026,0.0691986240609026
2020-11-15,73.7,82.39568551154116,74.14553148691586,73.949872749943,-0.2498727499429947,0.2498727499429947
2020-11-16,74.4,82.39568551154116,73.18912069388946,72.96890299180596,1.431097008194044,1.431097008194044
2020-11-17,76.6,82.39568551154116,74.30490649003771,74.11334022584926,2.4866597741507377,2.4866597741507377
2020-11-18,80.0,82.39568551154116,78.09159643204016,77.99726577711975,2.0027342228802496,2.0027342228802496
2020-11-19,82.2,79.72404286101846,81.36809751049601,81.40480612859743,0.7951938714025744,0.7951938714025744
2020-11-20,81.4,79.72404286101846,80.91658971167726,80.94170439508113,0.4582956049188738,0.4582956049188738
2020-11-21,80.7,79.72404286101846,80.2825415820291,80.29137501264071,0.4086249873592891,0.4086249873592891
2020-11-22,82.4,79.72404286101846,81.38328380577761,81.42038238151929,0.9796176184807166,0.9796176184807166
2020-11-23,67.0,79.72404286101846,66.75173645902707,66.41312235625904,0.5868776437409622,0.5868776437409622
2020-11-24,83.3,79.72404286101846,82.40036358502613,82.46357899988698,0.8364210001130203,0.8364210001130203
2020-11-25,73.0,79.72404286101846,73.51171886446879,73.34668934821349,-0.34668934821348785,0.34668934821348785
2020-11-26,77.8,74.3922434835605,77.53899362755307,77.57098472090331,0.22901527909668573,0.22901527909668573
2020-11-27,70.2,74.3922434835605,71.32374099303478,71.19613521261705,-0.9961352126170482,0.9961352126170482
2020-11-28,60.3,74.3922434835605,61.37141584457206,60.98825167034175,-0.6882516703417494,0.6882516703417494
2020-11-29,56.0,74.3922434835605,56.28777948440447,55.7740763734381,0.2259236265619009,0.2259236265619009
2020-11-30,56.7,74.3922434835605,56.7615390345765,56.26000124456672,0.4399987554332796,0.4399987554332796
2020-12-01,63.9,74.3922434835605,63.22084246517368,62.885168348752444,1.0148316512475546,1.0148316512475546
2020-12-02,65.1,74.3922434835605,64.4482394404207,64.14408274278205,0.9559172572179477,0.9559172572179477
2020-12-03,57.5,66.29583601226842,57.68508366772117,57.34940466231542,0.1505953376845781,0.1505953376845781
2020-12-04,59.6,66.29583601226842,59.20647218180099,58.90985978638067,0.6901402136193298,0.6901402136193298
2020-12-05,53.3,66.29583601226842,52.93341706869517,52.47572353242699,0.8242764675730072,0.8242764675730072
2020-12-06,66.7,66.29583601226842,66.10408844003214,65.98459482899574,0.7154051710042637,0.7154051710042637
2020-12-07,70.9,66.29583601226842,69.98541297105682,69.96558502088031,0.9344149791196941,0.9344149791196941
2020-12-08,78.3,66.29583601226842,76.23140097402595,76.3719591284029,1.9280408715970907,1.9280408715970907
2020-12-09,81.1,66.29583601226842,78.85289313533684,79.0607666472954,2.039233352704599,2.039233352704599
2020-12-10,78.4,80.72704196165928,78.35100979159738,78.29263579343358,0.1073642065664302,0.1073642065664302
2020-12-11,71.2,80.72704196165928,71.72109165626046,71.49247289574207,-0.2924728957420655,0.2924728957420655
2020-12-12,62.7,80.72704196165928,63.01207415891862,62.55982298184376,0.14017701815624406,0.14017701815624406
2020-12-13,67.5,80.72704196165928,67.22179467685095,66.87764179820526,0.6223582017947393,0.6223582017947393
2020-12-14,51.0,80.72704196165928,50.94394275585524,50.18180296163018,0.8181970383698172,0.8181970383698172
2020-12-15,58.4,80.72704196165928,58.326840257658986,57.75428042581442,0.645719574185577,0.645719574185577
2020-12-16,56.3,80.72704196165928,56.367791532078975,55.744926737500435,0.5550732624995618,0.5550732624995618
2020-12-17,63.8,58.56269433243416,62.64356753038632,62.57097988921443,1.2290201107855694,1.2290201107855694
2020-12-18,64.3,58.56269433243416,64.49331212190583,64.46822270348294,-0.16822270348293955,0.16822270348293955
2020-12-19,67.6,58.56269433243416,68.02593509858195,68.09155729180735,-0.49155729180735364,0.49155729180735364
2020-12-20,68.4,58.56269433243416,67.42315924561544,67.4733032037033,0.9266967962967101,0.9266967962967101
2020-12-21,73.9,58.56269433243416,71.78001444805197,71.94203486726819,1.9579651327318146,1.9579651327318146
2020-12-22,73.9,58.56269433243416,73.97756824760204,74.19601802487801,-0.2960180248780091,0.2960180248780091
2020-12-23,79.8,58.56269433243416,79.55475363178488,79.91641582601018,-0.11641582601018285,0.11641582601018285
2020-12-24,56.0,79.33846672472063,55.99024562139248,55.38206448652155,0.6179355134784501,0.6179355134784501
2020-12-25,69.2,79.33846672472063,67.6531874375624,67.34449035623753,1.855509643762474,1.855509643762474
2020-12-26,70.1,79.33846672472063,69.87653239087297,69.62492693956254,0.47507306043745245,0.47507306043745245
2020-12-27,76.1,79.33846672472063,75.68454156664419,75.58207568564193,0.5179243143580692,0.5179243143580692
2020-12-28,75.1,79.33846672472063,74.96109727910977,74.84005460752066,0.259945392479338,0.259945392479338
2020-12-29,75.3,79.33846672472063,75.39396740342994,75.28404008348485,0.01595991651514339,0.01595991651514339
2020-12-30,72.6,79.33846672472063,72.43083487345983,72.24481946568433,0.35518053431566443,0.35518053431566443
2020-12-31,44.3,73.50380149708934,45.16624664085917,44.38255975934936,-0.08255975934936544,0.08255975934936544
2021-01-01,53.0,73.50380149708934,52.40241332348209,51.80453861221241,1.1954613877875886,1.1954613877875886
2021-01-02,63.1,73.50380149708934,62.73371954226327,62.40113479930474,0.6988652006952591,0.6988652006952591
2021-01-03,70.5,73.50380149708934,69.96215433941057,69.81518322532582,0.6848167746741751,0.6848167746741751
2021-01-04,76.9,73.50380149708934,75.41280640748143,75.40579855494292,1.4942014450570866,1.4942014450570866
2021-01-05,71.5,73.50380149708934,71.80662402736155,71.70701568567995,-0.20701568567994855,0.20701568567994855
2021-01-06,66.6,73.50380149708934,67.80654080641578,67.60421728734475,-1.0042172873447583,1.0042172873447583
2021-01-07,62.2,68.26232593382271,62.01543134781887,61.75642365351755,0.4435763464824518,0.4435763464824518
2021-01-08,52.7,68.26232593382271,52.87155669053169,52.377750204412266,0.32224979558773725,0.32224979558773725
2021-01-09,53.2,68.26232593382271,52.60696201021208,52.10636119306899,1.0936388069310112,1.0936388069310112
2021-01-10,45.2,68.26232593382271,43.52972801087799,42.79603961806528,2.4039603819347235,2.4039603819347235
2021-01-11,48.1,68.26232593382271,47.69842922008544,47.07178582122314,1.0282141787768637,1.0282141787768637
2021-01-12,50.8,68.26232593382271,49.95172884580698,49.38294626082865,1.4170537391713438,1.4170537391713438
2021-01-13,65.6,68.26232593382271,64.64983770188142,64.45847697916221,1.1415230208377807,1.1415230208377807
2021-01-14,68.9,65.6474144148805,68.86688602265785,68.82972019527126,0.07027980472874162,0.07027980472874162
2021-01-15,59.4,65.6474144148805,59.43942396567893,59.16017731546242,0.23982268453757882,0.23982268453757882
2021-01-16,62.9,65.6474144148805,62.57462005702632,62.37587978752388,0.5241202124761202,0.5241202124761202
2021-01-17,68.8,65.6474144148805,68.62115070727879,68.57767482454689,0.2223251754531077,0.2223251754531077
2021-01-18,74.7,65.6474144148805,74.5534788315851,74.66233481345785,0.03766518654215645,0.03766518654215645
2021-01-19,68.2,65.6474144148805,68.2431232781108,68.18994030872588,0.010059691274122429,0.010059691274122429
2021-01-20,54.4,65.6474144148805,55.14718113622489,54.757717158199476,-0.3577171581994776,0.3577171581994776
2021-01-21,65.9,57.89232874540268,66.29002442384005,66.32284065739779,-0.422840657397785,0.422840657397785
2021-01-22,77.4,57.89232874540268,76.07419499944508,76.35825170995572,1.041748290044282,1.041748290044282
2021-01-23,61.8,57.89232874540268,62.78645851370855,62.729309270530614,-0.9293092705306165,0.9293092705306165
2021-01-24,69.8,57.89232874540268,69.77728660367418,69.89964966254033,-0.09964966254032959,0.09964966254032959
2021-01-25,75.8,57.89232874540268,76.36770197510826,76.65929543408264,-0.8592954340826395,0.8592954340826395
2021-01-26,72.4,57.89232874540268,72.20038909423909,72.38497320911922,0.01502679088078196,0.01502679088078196
2021-01-27,66.2,57.89232874540268,65.93278428932176,65.95642721778536,0.24357278221464185,0.24357278221464185
2021-01-28,54.2,67.98901447774725,54.467809901209904,54.01979078537965,0.18020921462035489,0.18020921462035489
2021-01-29,68.2,67.98901447774725,68.11918651140522,68.02171099496401,0.17828900503599243,0.17828900503599243
2021-01-30,79.3,67.98901447774725,79.13349603105233,79.31884881933453,-0.018848819334536415,0.018848819334536415
2021-01-31,69.1,67.98901447774725,69.54468652389274,69.48381536755198,-0.3838153675519891,0.3838153675519891
2021-02-01,65.6,67.98901447774725,65.14813564976686,64.97436871651507,0.6256312834849211,0.6256312834849211
2021-02-02,68.0,67.98901447774725,67.88567197316576,67.78220020967332,0.21779979032667995,0.21779979032667995
2021-02-03,75.8,67.98901447774725,75.66095753066374,75.75714157210804,0.04285842789195726,0.04285842789195726
2021-02-04,84.1,75.51702101224629,83.5025061528749,83.66788282817932,0.43211717182067844,0.43211717182067844
2021-02-05,58.7,75.51702101224629,59.61204214645653,59.163953272972975,-0.4639532729729723,0.4639532729729723
2021-02-06,75.1,75.51702101224629,73.34412007159509,73.24864706685652,1.851352933143474,1.851352933143474
2021-02-07,70.0,75.51702101224629,70.21507795190922,70.0392565897416,-0.039256589741597736,0.039256589741597736
2021-02-08,74.4,75.51702101224629,74.23287437146183,74.16022303080476,0.2397769691952476,0.2397769691952476
2021-02-09,64.1,75.51702101224629,64.71359264432463,64.39650271146456,-0.2965027114645693,0.2965027114645693
2021-02-10,46.6,75.51702101224629,45.98153211857586,45.18343546323143,1.4165645367685684,1.4165645367685684
2021-02-11,37.3,51.1758728735028,38.25701587148555,37.68791000342674,-0.38791000342673954,0.38791000342673954
2021-02-12,32.3,51.1758728735028,36.51239158931347,35.89848680515139,-3.5984868051513956,3.5984868051513956
2021-02-13,31.1,51.1758728735028,36.30982122009934,35.690714781307,-4.590714781307,4.590714781307
2021-02-14,30.1,51.1758728735028,36.603636262695616,35.99207448298985,-5.892074482989848,5.892074482989848
2021-02-15,22.6,51.1758728735028,34.82465956647519,34.167416760443,-11.567416760442995,11.567416760442995
2021-02-16,24.7,51.1758728735028,35.777081407134546,35.14429513685656,-10.444295136856564,10.444295136856564
2021-02-17,31.2,51.1758728735028,37.74781777146464,37.16563658214847,-5.965636582148473,5.965636582148473
2021-02-18,32.6,34.97107225745433,34.86104855106086,34.489238106704214,-1.8892381067042123,1.8892381067042123
2021-02-19,42.6,34.97107225745433,40.616435219641495,40.39241309116599,2.20758690883401,2.20758690883401
2021-02-20,61.2,34.97107225745433,59.30288320290824,59.558696546187186,1.6413034538128173,1.6413034538128173
2021-02-21,74.8,34.97107225745433,74.79803163364413,75.4517334286944,-0.6517334286943992,0.6517334286943992
2021-02-22,74.4,34.97107225745433,74.53753148934403,75.18454409393155,-0.7845440939315438,0.7845440939315438
2021-02-23,78.7,34.97107225745433,78.97197290122058,79.73285424580303,-1.0328542458030228,1.0328542458030228
2021-02-24,83.6,34.97107225745433,83.6094592872405,84.48942321347694,-0.8894232134769453,0.8894232134769453
2021-02-25,65.7,82.85002881773367,65.37048904151405,64.94152584953316,0.7584741504668386,0.7584741504668386
2021-02-26,60.1,82.85002881773367,60.591920793095866,60.04025228270221,0.05974771729778894,0.05974771729778894
2021-02-27,78.3,82.85002881773367,78.05485331578154,77.95160252890294,0.34839747109705854,0.34839747109705854
2021-02-28,74.8,82.85002881773367,76.14359915015542,75.99127068168495,-1.191270681684955,1.191270681684955
2021-03-01,58.3,82.85002881773367,59.34867962384837,58.76508684333743,-0.46508684333743133,0.46508684333743133
2021-03-02,66.5,82.85002881773367,66.03060684801308,65.61859433276747,0.8814056672325279,0.8814056672325279
2021-03-03,71.9,82.85002881773367,71.67044757570861,71.40325635762001,0.4967436423799967,0.4967436423799967
2021-03-04,76.0,72.13428869137057,75.97001831536518,76.001362409274,-0.0013624092739945581,0.0013624092739945581
2021-03-05,79.3,72.13428869137057,79.14151937576314,79.2543020988244,0.045697901175600464,0.045697901175600464
2021-03-06,67.9,72.13428869137057,68.43808076437448,68.2760178067537,-0.3760178067536941,0.3760178067536941
2021-03-07,70.0,72.13428869137057,70.10276471618663,69.98344794607324,0.01655205392675896,0.01655205392675896
2021-03-08,71.7,72.13428869137057,71.81801629102108,71.74274419699195,-0.04274419699194709,0.04274419699194709
2021-03-09,76.7,72.13428869137057,76.61879258174423,76.66679607001461,0.033203929985390346,0.033203929985390346
2021-03-10,81.6,72.13428869137057,81.76129958444331,81.94135370512122,-0.34135370512122165,0.34135370512122165
2021-03-11,80.2,81.01908044992489,80.91592212128145,80.91828346465284,-0.718283464652842,0.718283464652842
2021-03-12,80.5,81.01908044992489,81.2099408175158,81.21985204944485,-0.719852049444853,0.719852049444853
2021-03-13,77.1,81.01908044992489,77.13917087912095,77.04455182174395,0.05544817825604298,0.05544817825604298
2021-03-14,76.1,81.01908044992489,75.2953379557942,75.15337247702169,0.9466275229783037,0.9466275229783037
2021-03-15,85.3,81.01908044992489,84.15086403214838,84.23629305533184,1.063706944668155,1.063706944668155
2021-03-16,80.1,81.01908044992489,80.16212092213338,80.14512596224552,-0.04512596224552112,0.04512596224552112
2021-03-17,77.4,81.01908044992489,78.18793933150185,78.12025082323508,-0.7202508232350766,0.7202508232350766
2021-03-18,73.1,77.8909547598053,72.89819336427459,72.74959200794281,0.3504079920571854,0.3504079920571854
2021-03-19,70.3,77.8909547598053,70.22975100801972,70.01262869478859,0.2873713052114084,0.2873713052114084
2021-03-20,71.8,77.8909547598053,71.61957110010088,71.4381369486935,0.3618630513065,0.3618630513065
2021-03-21,73.6,77.8909547598053,73.78173134504385,73.65581770679498,-0.05581770679498277,0.05581770679498277
2021-03-22,71.2,77.8909547598053,71.59115112128475,71.40898719426914,-0.2089871942691417,0.2089871942691417
2021-03-23,80.8,77.8909547598053,80.19353096764348,80.23226118784541,0.5677388121545874,0.5677388121545874
2021-03-24,71.1,77.8909547598053,71.84416309315694,71.66849607336476,-0.5684960733647699,0.5684960733647699
2021-03-25,74.2,72.63076513457295,74.4065545006464,74.38903522520228,-0.18903522520227511,0.18903522520227511
2021-03-26,83.0,72.63076513457295,82.88707959679206,83.08732545059448,-0.08732545059447716,0.08732545059447716
2021-03-27,85.0,72.63076513457295,84.93886316391938,85.19179524983782,-0.19179524983782414,0.19179524983782414
2021-03-28,74.1,72.63076513457295,74.68533586482961,74.67497520976745,-0.5749752097674588,0.5749752097674588
2021-03-29,77.1,72.63076513457295,76.70998239330122,76.751611138418,0.348388861581995,0.348388861581995
2021-03-30,79.8,72.63076513457295,79.71378358516488,79.8325447185903,-0.03254471859030161,0.03254471859030161
2021-03-31,72.6,72.63076513457295,73.47815663641919,73.43679771913645,-0.836797719136456,0.836797719136456
2021-04-01,70.0,73.83979380107014,70.18288635947386,70.03568444444579,-0.035684444445791996,0.035684444445791996
2021-04-02,71.2,73.83979380107014,71.37460796564542,71.25800738799349,-0.05800738799348437,0.05800738799348437
2021-04-03,65.9,73.83979380107014,65.70562038898596,65.44345007380807,0.4565499261919399,0.4565499261919399
2021-04-04,74.2,73.83979380107014,74.15870948704074,74.11359979241415,0.08640020758585365,0.08640020758585365
2021-04-05,79.5,73.83979380107014,79.31558286435784,79.40289270564297,0.09710729435703058,0.09710729435703058
2021-04-06,86.1,73.83979380107014,85.761054580142,86.01387292064501,0.08612707935498065,0.08612707935498065
2021-04-07,87.4,73.83979380107014,87.36761640061326,87.66168845341723,-0.26168845341722147,0.26168845341722147
2021-04-08,91.0,86.57853037109076,89.35118124444996,89.47254144098954,1.527458559010455,1.527458559010455
2021-04-09,90.3,86.57853037109076,89.70449366119992,89.83492630587516,0.4650736941248397,0.4650736941248397
2021-04-10,80.2,86.57853037109076,80.44046977605727,80.3330184057901,-0.1330184057900965,0.1330184057900965
2021-04-11,87.5,86.57853037109076,87.07039679556556,87.13319041578305,0.3668095842169521,0.3668095842169521
2021-04-12,87.5,86.57853037109076,87.26360357942704,87.3313584136946,0.16864158630539805,0.16864158630539805
2021-04-13,82.5,86.57853037109076,84.13980880161509,84.12735002106308,-1.62735002106308,1.62735002106308
2021-04-14,81.8,86.57853037109076,83.07854490440116,83.03883471345635,-1.238834713456356,1.238834713456356
2021-04-15,72.6,81.73595314499632,72.37435049815376,72.14479344014741,0.4552065598525843,0.4552065598525843
2021-04-16,68.0,81.73595314499632,68.63869303543682,68.31321079343931,-0.31321079343931046,0.31321079343931046
2021-04-17,64.8,81.73595314499632,65.15740140068259,64.74252564658622,0.05747435341378093,0.05747435341378093
2021-04-18,67.9,81.73595314499632,67.88591850371853,67.54110632149508,0.35889367850492704,0.35889367850492704
2021-04-19,74.5,81.73595314499632,75.02517265165389,74.86368409439743,-0.36368409439742777,0.36368409439742777
2021-04-20,83.1,81.73595314499632,82.41485511363639,82.4431207447327,0.6568792552672988,0.6568792552672988
2021-04-21,65.9,81.73595314499632,65.95859442918201,65.56429191806583,0.3357080819341718,0.3357080819341718
2021-04-22,66.4,68.51587989818383,67.28048832140074,67.15222663480397,-0.7522266348039608,0.7522266348039608
2021-04-23,71.9,68.51587989818383,71.83133100510595,71.81992704063869,0.08007295936131698,0.08007295936131698
2021-04-24,83.1,68.51587989818383,83.00891493437116,83.28453187738597,-0.18453187738597876,0.18453187738597876
2021-04-25,87.3,68.51587989818383,87.03831013014751,87.41739493106564,-0.1173949310656468,0.1173949310656468
2021-04-26,85.5,68.51587989818383,85.46823852154803,85.80700661531694,-0.3070066153169364,0.3070066153169364
2021-04-27,78.9,68.51587989818383,79.47979299552779,79.66478822745442,-0.7647882274544173,0.7647882274544173
2021-04-28,83.7,68.51587989818383,84.48786668054167,84.80146053117753,-1.1014605311775227,1.1014605311775227
2021-04-29,74.9,83.02630960351422,75.72974330808078,75.56369288572573,-0.6636928857257232,0.6636928857257232
2021-04-30,73.3,83.02630960351422,73.28478752844381,73.0559548956338,0.24404510436619375,0.24404510436619375
2021-05-01,74.0,83.02630960351422,73.79462625850454,73.57888539721667,0.4211146027833337,0.4211146027833337
2021-05-02,88.3,83.02630960351422,87.8452487054612,87.99030338200463,0.30969661799537107,0.30969661799537107
2021-05-03,92.8,83.02630960351422,92.50596681374168,92.77070062214601,0.029299377853988062,0.029299377853988062
2021-05-04,82.0,83.02630960351422,83.31635248501495,83.34511298642082,-1.3451129864208156,1.3451129864208156
2021-05-05,80.8,83.02630960351422,80.91278659812406,80.87982770950664,-0.0798277095066453,0.0798277095066453
2021-05-06,87.0,80.90309705512408,86.14298605006107,86.28160555141345,0.718394448586551,0.718394448586551
2021-05-07,85.1,80.90309705512408,85.26407911255414,85.38012981295707,-0.28012981295707107,0.28012981295707107
2021-05-08,89.2,80.90309705512408,88.70381034278223,88.90818735640653,0.2918126435934738,0.2918126435934738
2021-05-09,88.3,80.90309705512408,88.44226393492129,88.63992489185497,-0.3399248918549773,0.3399248918549773
2021-05-10,79.2,80.90309705512408,79.89325479916535,79.87139207587036,-0.671392075870358,0.671392075870358
2021-05-11,75.6,80.90309705512408,74.62051811938063,74.46326069215652,1.1367393078434702,1.1367393078434702
2021-05-12,74.1,80.90309705512408,73.67537451645579,73.49384744595912,0.6061525540408752,0.6061525540408752
2021-05-13,73.8,74.78787012194016,74.44646163603552,74.3920961091487,-0.5920961091486987,0.5920961091486987
2021-05-14,81.7,74.78787012194016,82.04368958472081,82.18440765317793,-0.4844076531779251,0.4844076531779251
2021-05-15,78.9,74.78787012194016,79.4180661319481,79.49136275844691,-0.5913627584469054,0.5913627584469054
2021-05-16,81.3,74.78787012194016,80.90077503260633,81.01214504391638,0.28785495608362055,0.28785495608362055
2021-05-17,79.6,74.78787012194016,79.83983947943399,79.92396651165494,-0.3239665116549446,0.3239665116549446
2021-05-18,77.8,74.78787012194016,77.99626881035628,78.03305615541456,-0.23305615541455893,0.23305615541455893
2021-05-19,71.5,74.78787012194016,72.78424488601675,72.68719652507191,-1.1871965250719114,1.1871965250719114
2021-05-20,84.3,72.79465017548857,84.19468507326013,84.42563072932714,-0.12563072932714192,0.12563072932714192
2021-05-21,85.4,72.79465017548857,85.28977282562211,85.54883842983216,-0.14883842983215345,0.14883842983215345
2021-05-22,80.1,72.79465017548857,80.56487368950489,80.70261210472745,-0.6026121047274557,0.6026121047274557
2021-05-23,73.5,72.79465017548857,75.30530458291705,75.30798641457997,-1.8079864145799718,1.8079864145799718
2021-05-24,85.6,72.79465017548857,85.17864870164559,85.43486083169623,0.1651391683037673,0.1651391683037673
2021-05-25,87.5,72.79465017548857,87.53283995171498,87.84950361702201,-0.34950361702200894,0.34950361702200894
2021-05-26,88.6,72.79465017548857,88.78504285922418,89.13386091649457,-0.5338609164945751,0.5338609164945751
2021-05-27,89.2,87.71628675012137,89.28951645611338,89.3893183024841,-0.18931830248409653,0.18931830248409653
2021-05-28,87.1,87.71628675012137,87.22111544219668,87.26780434933043,-0.16780434933043864,0.16780434933043864
2021-05-29,86.3,87.71628675012137,86.07740729478854,86.09472776662884,0.2052722333711614,0.2052722333711614
2021-05-30,86.9,87.71628675012137,86.59539223311414,86.62601365693128,0.27398634306872793,0.27398634306872793
2021-05-31,83.7,87.71628675012137,83.81496598713785,83.77419090260781,-0.07419090260781047,0.07419090260781047
2021-06-01,83.1,87.71628675012137,83.16586991272611,83.10842717036414,-0.008427170364143421,0.008427170364143421
2021-06-02,88.3,87.71628675012137,88.19785987484737,88.26962987957891,0.030370120421082447,0.030370120421082447
2021-06-03,70.9,87.13691286579763,71.07016519660895,70.71229752185221,0.1877024781477985,0.1877024781477985
2021-06-04,82.4,87.13691286579763,82.19449923826174,82.1222851065224,0.2777148934776079,0.2777148934776079
2021-06-05,80.0,87.13691286579763,80.40271354548229,80.28448947467118,-0.2844894746711759,0.2844894746711759
2021-06-06,89.4,87.13691286579763,89.10775604673108,89.21306232149286,0.18693767850714949,0.18693767850714949
2021-06-07,88.9,87.13691286579763,89.20318885558886,89.31094567883905,-0.41094567883904176,0.41094567883904176
2021-06-08,91.3,87.13691286579763,91.15282781454648,91.31064797409579,-0.010647974095789436,0.010647974095789436
2021-06-09,92.5,87.13691286579763,92.3819689942002,92.57135136066651,-0.07135136066651171,0.07135136066651171
2021-06-10,92.6,91.25989374477491,92.57892570970697,92.70098088188276,-0.10098088188276222,0.10098088188276222
2021-06-11,91.5,91.25989374477491,91.75380871489618,91.8546763182621,-0.35467631826209356,0.35467631826209356
2021-06-12,93.1,91.25989374477491,92.83055426240426,92.95907081800608,0.14092918199391136,0.14092918199391136
2021-06-13,97.0,91.25989374477491,96.70600340427556,96.93403475096638,0.06596524903362422,0.06596524903362422
2021-06-14,98.2,91.25989374477491,98.0646774510212,98.32759718328238,-0.12759718328237568,0.12759718328237568
2021-06-15,97.2,91.25989374477491,97.17534914454409,97.41543247323273,-0.21543247323272396,0.21543247323272396
2021-06-16,95.1,91.25989374477491,95.31764945263066,95.51003028543322,-0.41003028543322273,0.41003028543322273
2021-06-17,95.6,93.92506824435677,96.06719536574536,96.23203236481386,-0.6320323648138668,0.6320323648138668
2021-06-18,93.1,93.92506824435677,93.80047930888551,93.90711098346159,-0.8071109834615982,0.8071109834615982
2021-06-19,94.3,93.92506824435677,94.23017546689417,94.34784099118174,-0.047840991181743675,0.047840991181743675
2021-06-20,93.7,93.92506824435677,93.63025168997676,93.73251221547743,-0.03251221547742489,0.03251221547742489
2021-06-21,93.3,93.92506824435677,94.21518055971808,94.33246104087894,-1.0324610408789425,1.0324610408789425
2021-06-22,87.3,93.92506824435677,87.851240786297,87.80510636666286,-0.5051063666628579,0.5051063666628579
2021-06-23,97.0,93.92506824435677,96.44553952783332,96.62009174670514,0.37990825329485745,0.37990825329485745
2021-06-24,96.3,94.71759876156348,96.317531775863,96.47488299588935,-0.17488299588934808,0.17488299588934808
2021-06-25,94.9,94.71759876156348,95.16104710983451,95.28870181579903,-0.3887018157990241,0.3887018157990241
2021-06-26,95.8,94.71759876156348,95.953836063936,96.10184821087238,-0.3018482108723788,0.3018482108723788
2021-06-27,90.4,94.71759876156348,90.40466871816903,90.41018790263416,-0.010187902634157808,0.010187902634157808
2021-06-28,87.5,94.71759876156348,87.39857266552897,87.32690053365354,0.17309946634645712,0.17309946634645712
2021-06-29,85.7,94.71759876156348,85.59653908487344,85.47859386599585,0.22140613400415532,0.22140613400415532
2021-06-30,91.0,94.71759876156348,90.97943964993324,90.99971795188506,0.00028204811493992565,0.00028204811493992565
2021-07-01,92.9,89.59325603307661,92.95074840437336,93.11161149415415,-0.21161149415414116,0.21161149415414116
2021-07-02,95.4,89.59325603307661,95.506158028083,95.73263959085644,-0.3326395908564308,0.3326395908564308
2021-07-03,89.5,89.59325603307661,89.78233464729712,89.86183838450317,-0.36183838450317296,0.36183838450317296
2021-07-04,82.6,89.59325603307661,83.36515157238595,83.2798732134525,-0.6798732134525096,0.6798732134525096
2021-07-05,82.9,89.59325603307661,83.36282853049724,83.27749051988992,-0.37749051988991766,0.37749051988991766
2021-07-06,87.3,89.59325603307661,87.33019055319683,87.34672749653943,-0.04672749653943242,0.04672749653943242
2021-07-07,86.8,89.59325603307661,87.07898259102006,87.08906895096942,-0.28906895096942264,0.28906895096942264
2021-07-08,88.1,86.20309989738682,88.08104498348868,88.17638149818755,-0.07638149818755835,0.07638149818755835
2021-07-09,79.8,86.20309989738682,80.97216745268626,80.884960361094,-1.084960361094005,1.084960361094005
2021-07-10,90.9,86.20309989738682,90.89931356560096,91.0670183139973,-0.16701831399728917,0.16701831399728917
2021-07-11,90.5,86.20309989738682,90.6795234262265,90.84158434625544,-0.34158434625544487,0.34158434625544487
2021-07-12,86.5,86.20309989738682,87.54554656662785,87.6271324136927,-1.1271324136927063,1.1271324136927063
2021-07-13,89.6,86.20309989738682,88.89674696345334,89.01302928576197,0.5869707142380207,0.5869707142380207
2021-07-14,90.7,86.20309989738682,90.39787851037856,90.55270727900108,0.14729272099891944,0.14729272099891944
2021-07-15,91.5,89.63238199968512,91.66133866341988,91.78840504338397,-0.28840504338397466,0.28840504338397466
2021-07-16,91.8,89.63238199968512,92.02899462586028,92.1655017712571,-0.3655017712571009,0.3655017712571009
2021-07-17,92.0,89.63238199968512,92.37514276487406,92.52053839221935,-0.5205383922193505,0.5205383922193505
2021-07-18,94.3,89.63238199968512,94.32613859681986,94.5216324026018,-0.22163240260179862,0.22163240260179862
2021-07-19,95.3,89.63238199968512,94.34555402028516,94.5415463803609,0.7584536196390985,0.7584536196390985
2021-07-20,91.3,89.63238199968512,91.21026646860074,91.32575009942009,-0.025750099420093875,0.025750099420093875
2021-07-21,90.3,89.63238199968512,90.45928915528916,90.55548899532427,-0.2554889953242707,0.2554889953242707
2021-07-22,92.2,89.49413705317887,91.31809851467985,91.43877816835654,0.7612218316434678,0.7612218316434678
2021-07-23,93.1,89.49413705317887,93.07476232031853,93.2405500441136,-0.14055004411360983,0.14055004411360983
2021-07-24,96.0,89.49413705317887,96.1124065205628,96.35619566223845,-0.35619566223844856,0.35619566223844856
2021-07-25,97.4,89.49413705317887,97.25890644910656,97.53213571415782,-0.1321357141578119,0.1321357141578119
2021-07-26,97.3,89.49413705317887,97.14758274850152,97.41795341461278,-0.11795341461278497,0.11795341461278497
2021-07-27,96.0,89.49413705317887,96.30789143377052,96.55670028789413,-0.556700287894131,0.556700287894131
2021-07-28,95.1,89.49413705317887,95.5989813385348,95.82958661484183,-0.7295866148418355,0.7295866148418355
2021-07-29,96.9,93.8371105983152,96.47050696803196,96.64724452691354,0.2527554730864665,0.2527554730864665
2021-07-30,96.0,93.8371105983152,96.13075757596164,96.2987709615831,-0.29877096158310223,0.29877096158310223
2021-07-31,93.7,93.8371105983152,94.24217869491612,94.36169666080113,-0.6616966608011268,0.6616966608011268
2021-08-01,99.1,93.8371105983152,98.41559624819624,98.6422803155415,0.4577196844584961,0.4577196844584961
2021-08-02,85.0,93.8371105983152,84.48818370934629,84.35723605492814,0.642763945071863,0.642763945071863
2021-08-03,90.6,93.8371105983152,90.86109040404035,90.893787905354,-0.29378790535400867,0.29378790535400867
2021-08-04,90.8,93.8371105983152,91.39189923271178,91.43822698119412,-0.6382269811941228,0.6382269811941228
2021-08-05,83.2,89.78984621294676,84.90714728812848,84.85801328049972,-1.6580132804997163,1.6580132804997163
2021-08-06,89.9,89.78984621294676,90.08228121947496,90.16603564701396,-0.26603564701395044,0.26603564701395044
2021-08-07,94.0,89.78984621294676,93.99543854062604,94.17967603968967,-0.17967603968966728,0.17967603968966728
2021-08-08,95.1,89.78984621294676,95.26952497849372,95.48647880050528,-0.38647880050528727,0.38647880050528727
2021-08-09,96.2,89.78984621294676,96.320271015096,96.56420616713982,-0.36420616713981246,0.36420616713981246
2021-08-10,96.7,89.78984621294676,96.6933381111943,96.94685297716838,-0.2468529771683734,0.2468529771683734
2021-08-11,96.2,89.78984621294676,96.18479269758012,96.42524900214816,-0.22524900214816057,0.22524900214816057
2021-08-12,96.0,94.7942528860798,96.16027673853928,96.31224415236954,-0.3122441523695443,0.3122441523695443
2021-08-13,96.7,94.7942528860798,96.5976543255355,96.76085283480879,-0.06085283480878445,0.06085283480878445
2021-08-14,96.8,94.7942528860798,96.73920606546238,96.90603937713185,-0.10603937713185019,0.10603937713185019
2021-08-15,91.9,94.7942528860798,90.4965069069819,90.50303856590212,1.3969614340978893,1.3969614340978893
2021-08-16,92.6,94.7942528860798,92.63019453324448,92.69151557801486,-0.09151557801486376,0.09151557801486376
2021-08-17,90.9,94.7942528860798,91.19433090728712,91.21878147239474,-0.31878147239473265,0.31878147239473265
2021-08-18,92.5,94.7942528860798,92.503904001554,92.56198212520282,-0.06198212520281743,0.06198212520281743
2021-08-19,95.4,91.2693322297386,96.04592428335556,96.25684024087535,-0.8568402408753428,0.8568402408753428
2021-08-20,94.3,91.2693322297386,94.60600645465638,94.77994782764088,-0.47994782764088484,0.47994782764088484
2021-08-21,95.6,91.2693322297386,95.85646135045508,96.06251222950357,-0.46251222950357374,0.46251222950357374
2021-08-22,95.6,91.2693322297386,95.72794161234997,95.93069232813477,-0.33069232813477356,0.33069232813477356
2021-08-23,95.5,91.2693322297386,95.66454543026413,95.86566824239566,-0.36566824239565676,0.36566824239565676
2021-08-24,97.0,91.2693322297386,96.97853209082596,97.21339579420201,-0.2133957942020146,0.2133957942020146
2021-08-25,95.9,91.2693322297386,96.48123817432568,96.70333223516515,-0.8033322351651435,0.8033322351651435
2021-08-26,98.1,94.56876444237804,98.05688984487732,98.26151774860494,-0.16151774860495038,0.16151774860495038
2021-08-27,88.7,94.56876444237804,88.94948610209232,88.9202517236307,-0.220251723630696,0.220251723630696
2021-08-28,92.5,94.56876444237804,92.42037574925078,92.48026777794493,0.01973222205506886,0.01973222205506886
2021-08-29,93.2,94.56876444237804,93.16284130599792,93.24179855837728,-0.041798558377280415,0.041798558377280415
2021-08-30,92.8,94.56876444237804,93.25007298534793,93.33127019547905,-0.5312701954790526,0.5312701954790526
2021-08-31,98.4,94.56876444237804,98.32121233696869,98.53262758239985,-0.13262758239984862,0.13262758239984862
2021-09-01,97.7,94.56876444237804,97.9141402534965,98.11510259608676,-0.41510259608675426,0.41510259608675426
2021-09-02,97.2,96.14466539692096,97.23396041874804,97.38978977965657,-0.1897897796565644,0.1897897796565644
2021-09-03,98.1,96.14466539692096,98.02880353119104,98.20504308028362,-0.10504308028362175,0.10504308028362175
2021-09-04,97.9,96.14466539692096,97.8798576104452,98.05227248744328,-0.1522724874432697,0.1522724874432697
2021-09-05,100.9,96.14466539692096,100.5867822580197,100.82870625020306,0.07129374979695058,0.07129374979695058
2021-09-06,96.9,96.14466539692096,96.4866602064602,96.62330019814102,0.2766998018589817,0.2766998018589817
2021-09-07,95.5,96.14466539692096,95.39371466242092,95.50228971414121,-0.0022897141412130395,0.0022897141412130395
2021-09-08,99.7,96.14466539692096,98.746166187285,98.94082636125043,0.7591736387495729,0.7591736387495729
2021-09-09,95.5,97.61348413616624,95.45285890567766,95.53716550986036,-0.03716550986035827,0.03716550986035827
2021-09-10,94.2,97.61348413616624,93.82032170884663,93.86270759825788,0.3372924017421184,0.3372924017421184
2021-09-11,91.5,97.61348413616624,91.37736787067098,91.35702295600083,0.1429770439991671,0.1429770439991671
2021-09-12,91.5,97.61348413616624,91.49624559641748,91.47895325490975,0.021046745090245622,0.021046745090245622
2021-09-13,87.3,97.61348413616624,88.33804079254078,88.23965124661399,-0.939651246613991,0.939651246613991
2021-09-14,84.5,97.61348413616624,85.91780979784102,85.75727293091794,-1.2572729309179351,1.2572729309179351
2021-09-15,90.5,97.61348413616624,90.54686510156506,90.50519432077182,-0.005194320771821026,0.005194320771821026
2021-09-16,92.8,89.09566200406266,92.69018798597232,92.85309629719315,-0.05309629719315012,0.05309629719315012
2021-09-17,95.5,89.09566200406266,95.15044310203676,95.37652648405276,0.12347351594723932,0.12347351594723932
2021-09-18,96.6,89.09566200406266,96.3618758005884,96.6190666665376,-0.019066666537611354,0.019066666537611354
2021-09-19,97.9,89.09566200406266,97.73755098200408,98.0300667930818,-0.13006679308179514,0.13006679308179514
2021-09-20,100.0,89.09566200406266,99.7813099823788,100.12630596866025,-0.12630596866024746,0.12630596866024746
2021-09-21,93.1,89.09566200406266,93.55771701354196,93.74290196078144,-0.6429019607814439,0.6429019607814439
2021-09-22,85.0,89.09566200406266,85.6024088609307,85.58331533621133,-0.5833153362113279,0.5833153362113279
2021-09-23,86.6,85.29971664616617,86.50902537531915,86.57985531902472,0.020144680975278106,0.020144680975278106
2021-09-24,87.5,85.29971664616617,87.188075412088,87.27634217926207,0.22365782073792673,0.22365782073792673
2021-09-25,89.4,85.29971664616617,89.02295884324018,89.15834222442189,0.24165777557811907,0.24165777557811907
2021-09-26,90.3,85.29971664616617,90.03152359792992,90.19280516721538,0.10719483278461439,0.10719483278461439
2021-09-27,91.7,85.29971664616617,91.50633977584914,91.7054920585584,-0.005492058558402846,0.005492058558402846
2021-09-28,95.5,85.29971664616617,94.7447011169386,95.0270088844786,0.4729911155213955,0.4729911155213955
2021-09-29,88.3,85.29971664616617,87.55197010350767,87.64958105321888,0.6504189467811159,0.6504189467811159
2021-09-30,93.1,88.1485442130612,92.32226519036514,92.49235386279626,0.6076461372037301,0.6076461372037301
2021-10-01,85.5,88.1485442130612,85.31925072774447,85.30951417328475,0.19048582671524628,0.19048582671524628
2021-10-02,87.2,88.1485442130612,87.08663211857598,87.12227884317491,0.07772115682509195,0.07772115682509195
2021-10-03,88.5,88.1485442130612,88.87487057040184,88.95643614709668,-0.45643614709668157,0.45643614709668157
2021-10-04,90.5,88.1485442130612,90.36423186500993,90.48404164841816,0.015958351581844,0.015958351581844
2021-10-05,89.4,88.1485442130612,88.8616144903708,88.94283967399463,0.45716032600537915,0.45716032600537915
2021-10-06,88.5,88.1485442130612,88.16941409285164,88.23286477462312,0.26713522537687595,0.26713522537687595
2021-10-07,89.7,87.8403520062087,89.56919577783334,89.67400116335465,0.02599883664535696,0.02599883664535696
2021-10-08,90.6,87.8403520062087,90.4915380990537,90.62002763060522,-0.020027630605227387,0.020027630605227387
2021-10-09,88.5,87.8403520062087,88.50274383255635,88.58016458763726,-0.08016458763725609,0.08016458763725609
2021-10-10,90.6,87.8403520062087,90.676491804723,90.8097306256361,-0.20973062563611222,0.20973062563611222
2021-10-11,82.5,87.8403520062087,82.54780219641478,82.47231041125225,0.027689588747747962,0.027689588747747962
2021-10-12,87.3,87.8403520062087,87.35887728625548,87.40692553863497,-0.10692553863496812,0.10692553863496812
2021-10-13,87.6,87.8403520062087,88.67607182747815,88.75794334389616,-1.1579433438961644,1.1579433438961644
2021-10-14,78.3,86.88146325894512,78.73348861624486,78.57688652891525,-0.2768865289152558,0.2768865289152558
2021-10-15,88.0,86.88146325894512,87.43677926934177,87.50366254317254,0.49633745682746166,0.49633745682746166
2021-10-16,74.6,86.88146325894512,75.05505328699077,74.80399538049684,-0.20399538049684907,0.20399538049684907
2021-10-17,73.8,86.88146325894512,74.14510510878009,73.87068131628392,-0.07068131628392393,0.07068131628392393
2021-10-18,77.5,86.88146325894512,77.85211580641584,77.6728815988259,-0.17288159882589582,0.17288159882589582
2021-10-19,82.8,86.88146325894512,82.73800829864572,82.68423530931673,0.1157646906832639,0.1157646906832639
2021-10-20,81.2,86.88146325894512,81.21213174950056,81.11917690525438,0.08082309474562521,0.08082309474562521
2021-10-21,84.6,81.20172430627902,84.38594247280489,84.47420133279685,0.12579866720314214,0.12579866720314214
2021-10-22,85.5,81.20172430627902,85.51539299762734,85.63265418197153,-0.13265418197153167,0.13265418197153167
2021-10-23,88.5,81.20172430627902,88.02613300657677,88.207865625927,0.2921343740730009,0.2921343740730009
2021-10-24,86.5,81.20172430627902,86.11203924304863,86.24462126487346,0.2553787351265413,0.2553787351265413
2021-10-25,88.7,81.20172430627902,87.91311327977589,88.09194374918431,0.608056250815693,0.608056250815693
2021-10-26,85.7,81.20172430627902,86.03276924256299,86.16331574869683,-0.4633157486968287,0.4633157486968287
2021-10-27,78.1,81.20172430627902,78.98700026778778,78.936623685547,-0.8366236855470106,0.8366236855470106
2021-10-28,78.1,78.95537553648931,78.3540050484238,78.3268120470507,-0.22681204705070002,0.22681204705070002
2021-10-29,74.7,78.95537553648931,74.6936012060856,74.57241540275929,0.12758459724071258,0.12758459724071258
2021-10-30,80.4,78.95537553648931,80.0391940254191,80.05527374492351,0.3447262550764947,0.3447262550764947
2021-10-31,81.8,78.95537553648931,81.74584203370156,81.80574550467047,-0.005745504670471746,0.005745504670471746
2021-11-01,80.7,78.95537553648931,80.5956367167555,80.6260049164216,0.07399508357839579,0.07399508357839579
2021-11-02,77.8,78.95537553648931,77.93558115564988,77.89764375672395,-0.09764375672395431,0.09764375672395431
2021-11-03,66.3,78.95537553648931,65.03356189574316,64.66432309038053,1.6356769096194625,1.6356769096194625
2021-11-04,61.5,68.54082296860936,60.972345404595416,60.681663672887986,0.8183363271120143,0.8183363271120143
2021-11-05,64.4,68.54082296860936,64.20822078962703,64.00063070772408,0.3993692922759209,0.3993692922759209
2021-11-06,69.5,68.54082296860936,69.33635604395604,69.2604475529678,0.23955244703219591,0.23955244703219591
2021-11-07,73.8,68.54082296860936,73.7312942009379,73.7682400750904,0.03175992490959345,0.03175992490959345
2021-11-08,77.0,68.54082296860936,76.6080846778222,76.71890152610797,0.2810984738920297,0.2810984738920297
2021-11-09,75.6,68.54082296860936,75.47873383803694,75.56055092170881,0.03944907829118449,0.03944907829118449
2021-11-10,79.8,68.54082296860936,79.84448214216336,80.03840404634191,-0.2384040463419126,0.2384040463419126
2021-11-11,74.6,79.48974325521804,75.47339175414045,75.3628480421045,-0.7628480421045083,0.7628480421045083
2021-11-12,77.5,79.48974325521804,77.16334098089413,77.09619222466715,0.40380777533285084,0.40380777533285084
2021-11-13,69.6,79.48974325521804,69.59766530067154,69.33624315645709,0.2637568435429074,0.2637568435429074
2021-11-14,78.6,79.48974325521804,78.42318667027418,78.38838855935137,0.2116114406486247,0.2116114406486247
2021-11-15,80.9,79.48974325521804,80.31664338994345,80.33046595316603,0.5695340468339793,0.5695340468339793
2021-11-16,80.9,79.48974325521804,80.69988825688196,80.72355188148173,0.17644811851828024,0.17644811851828024
2021-11-17,82.8,79.48974325521804,82.7132849171662,82.78864906490345,0.01135093509654439,0.01135093509654439
2021-11-18,66.8,82.40370070835942,66.93646918775664,66.5555535559536,0.24444644404640314,0.24444644404640314
2021-11-19,65.9,82.40370070835942,65.97151480602737,65.56582082462073,0.3341791753792762,0.3341791753792762
2021-11-20,72.8,82.40370070835942,72.94942520639077,72.72291182323464,0.07708817676535773,0.07708817676535773
2021-11-21,77.2,82.40370070835942,77.32015440323563,77.20587374124497,-0.005873741244968755,0.005873741244968755
2021-11-22,70.5,82.40370070835942,70.27429476773223,69.9790886893572,0.520911310642802,0.520911310642802
2021-11-23,70.7,82.40370070835942,70.6635365391553,70.37832551223063,0.32167448776937135,0.32167448776937135
2021-11-24,77.0,82.40370070835942,76.64775449134203,76.51620776951913,0.48379223048087283,0.48379223048087283
2021-11-25,68.0,76.75602807505979,68.56911992174496,68.32928071799276,-0.32928071799275926,0.32928071799275926
2021-11-26,55.8,76.75602807505979,56.83150223457093,56.29026143083344,-0.4902614308334421,0.4902614308334421
2021-11-27,51.8,76.75602807505979,52.78902564449445,52.14398107540827,-0.34398107540827283,0.34398107540827283
2021-11-28,70.7,76.75602807505979,69.90141154817402,69.6957832753411,1.004216724658903,1.004216724658903
2021-11-29,71.7,76.75602807505979,71.27604114288492,71.10571096633313,0.5942890336668682,0.5942890336668682
2021-11-30,73.8,76.75602807505979,73.95748502261621,73.85600965946534,-0.05600965946534586,0.05600965946534586
2021-12-01,75.1,76.75602807505979,74.51860470640466,74.4315379204442,0.6684620795557947,0.6684620795557947
2021-12-02,79.5,75.42762171658771,77.72014854030776,77.73861386257906,1.761386137420942,1.761386137420942
2021-12-03,74.5,75.42762171658771,74.4714829198579,74.40652816133284,0.09347183866715625,0.09347183866715625
2021-12-04,77.3,75.42762171658771,77.38569390540022,77.395571014563,-0.09557101456300643,0.09557101456300643
2021-12-05,77.3,75.42762171658771,77.99061411713295,78.01602452483544,-0.7160245248354471,0.7160245248354471
2021-12-06,72.8,75.42762171658771,73.63895539183042,73.55262277489604,-0.7526227748960395,0.7526227748960395
2021-12-07,68.8,75.42762171658771,68.6327147165335,68.41783054939019,0.38216945060980834,0.38216945060980834
2021-12-08,77.2,75.42762171658771,76.93668306207684,76.93503035401477,0.2649696459852322,0.2649696459852322
2021-12-09,77.6,76.79394901781207,77.7911593706367,77.78746033932643,-0.18746033932643513,0.18746033932643513
2021-12-10,84.1,76.79394901781207,83.31105061743813,83.449092789315,0.6509072106849914,0.6509072106849914
2021-12-11,72.4,76.79394901781207,72.03960425824174,71.88821529874666,0.5117847012533474,0.5117847012533474
2021-12-12,60.8,76.79394901781207,60.56386882978132,60.11780295105711,0.6821970489428892,0.6821970489428892
2021-12-13,63.8,76.79394901781207,64.52810518578643,64.18383399932975,-0.3838339993297524,0.3838339993297524
2021-12-14,75.3,76.79394901781207,73.9171697448385,73.8139934002726,1.4860065997274035,1.4860065997274035
2021-12-15,79.8,76.79394901781207,80.0114203990454,80.0647338079238,-0.26473380792380397,0.26473380792380397
2021-12-16,78.6,79.3681048250052,79.29653661163405,79.28630014056186,-0.6863001405618689,0.6863001405618689
2021-12-17,78.1,79.3681048250052,79.09240856920864,79.07693044516832,-0.9769304451683212,0.9769304451683212
2021-12-18,71.9,79.3681048250052,71.75936794941167,71.55559010097504,0.3444098990249671,0.3444098990249671
2021-12-19,54.4,79.3681048250052,55.06021374667005,54.427630673080515,-0.027630673080516033,0.027630673080516033
2021-12-20,59.0,79.3681048250052,59.20598667582418,58.679859837846074,0.32014016215392616,0.32014016215392616
2021-12-21,66.6,79.3681048250052,65.74110799755806,65.38279170469772,1.217208295302271,1.217208295302271
2021-12-22,74.0,79.3681048250052,73.9384953378729,73.79067368931929,0.20932631068070862,0.20932631068070862
2021-12-23,70.3,73.88282294702485,70.42042553210676,70.27856777285574,0.02143222714425974,0.02143222714425974
2021-12-24,77.5,73.88282294702485,77.35529431991624,77.39151192519323,0.1084880748067718,0.1084880748067718
2021-12-25,78.1,73.88282294702485,77.97430108841326,78.02641371049852,0.07358628950147761,0.07358628950147761
2021-12-26,75.4,73.88282294702485,75.12178337703955,75.1006483073778,0.29935169262220995,0.29935169262220995
2021-12-27,79.2,73.88282294702485,79.01841796051166,79.09734168721876,0.10265831278124438,0.10265831278124438
2021-12-28,72.9,73.88282294702485,74.18649149912589,74.1413397613489,-1.2413397613488968,1.2413397613488968
2021-12-29,80.5,73.88282294702485,79.77789033882789,79.87631599480802,0.6236840051919756,0.6236840051919756
2021-12-30,81.7,79.88268425575384,80.44028528936342,80.4503841321949,1.2496158678051046,1.2496158678051046
2021-12-31,81.4,79.88268425575384,80.57980322455329,80.59348464521389,0.8065153547861144,0.8065153547861144
2022-01-01,77.0,79.88268425575384,77.56174245476743,77.49792532596852,-0.4979253259685237,0.4979253259685237
2022-01-02,46.7,79.88268425575384,45.7804329368548,44.90052707577475,1.799472924225256,1.799472924225256
2022-01-03,56.0,79.88268425575384,54.70062701291764,54.04977621551056,1.9502237844894381,1.9502237844894381
2022-01-04,66.1,79.88268425575384,65.72219315961814,65.35435700449143,0.7456429955085611,0.7456429955085611
2022-01-05,73.5,79.88268425575384,72.86871900668774,72.68439320110978,0.8156067988902151,0.8156067988902151
2022-01-06,55.2,73.41029472207288,55.68550787753915,55.17357896449032,0.026421035509684998,0.026421035509684998
2022-01-07,40.7,73.41029472207288,42.74155691391937,41.89724986123925,-1.19724986123925,1.19724986123925
2022-01-08,63.3,73.41029472207288,62.495407498751234,62.158344959465396,1.1416550405346015,1.1416550405346015
2022-01-09,62.4,73.41029472207288,63.37534292348735,63.06087559491357,-0.6608755949135698,0.6608755949135698
2022-01-10,58.3,73.41029472207288,58.08982434544627,57.639634096035294,0.6603659039647027,0.6603659039647027
2022-01-11,50.0,73.41029472207288,51.07110500818631,50.440686258028585,-0.44068625802858463,0.44068625802858463
2022-01-12,64.3,73.41029472207288,63.42086292457545,63.107564470429594,1.1924355295704032,1.1924355295704032
2022-01-13,74.2,64.59939418682248,72.43908027805523,72.51204164586973,1.6879583541302736,1.6879583541302736
2022-01-14,77.5,64.59939418682248,77.16826910936284,77.36266781807372,0.13733218192628271,0.13733218192628271
2022-01-15,63.7,64.59939418682248,63.12090018531303,62.95458690100008,0.7454130989999257,0.7454130989999257
2022-01-16,62.3,64.59939418682248,61.6806489586802,61.477352528753094,0.8226474712469027,0.8226474712469027
2022-01-17,68.2,64.59939418682248,67.35119841720781,67.29351183121553,0.9064881687844775,0.9064881687844775
2022-01-18,74.2,64.59939418682248,73.75716993908868,73.86397755606102,0.3360224439389867,0.3360224439389867
2022-01-19,80.1,64.59939418682248,79.86691617826612,80.13061144834413,-0.030611448344131986,0.030611448344131986
2022-01-20,43.0,79.56669764226365,43.60191450979574,42.67161567317244,0.32838432682756036,0.32838432682756036
2022-01-21,49.3,79.56669764226365,48.64336727300479,47.84252417174267,1.45747582825733,1.45747582825733
2022-01-22,53.8,79.56669764226365,53.33933239226048,52.65907350477501,1.1409264952249885,1.1409264952249885
2022-01-23,57.8,79.56669764226365,58.40723726759351,57.85711335968466,-0.05711335968466358,0.05711335968466358
2022-01-24,52.8,79.56669764226365,54.13708330731771,53.477309275328146,-0.6773092753281489,0.6773092753281489
2022-01-25,52.9,79.56669764226365,53.790791031313454,53.12212481618827,-0.22212481618826985,0.22212481618826985
2022-01-26,53.6,79.56669764226365,54.3437152930403,53.68924721092615,-0.08924721092614618,0.08924721092614618
2022-01-27,59.8,55.93289664401823,60.76012133854706,60.68533985538373,-0.8853398553837337,0.8853398553837337
2022-01-28,59.5,55.93289664401823,59.487233211396514,59.37976617581954,0.12023382418045969,0.12023382418045969
2022-01-29,66.5,55.93289664401823,65.66103853956501,65.71210408304292,0.7878959169570834,0.7878959169570834
2022-01-30,69.7,55.93289664401823,69.76344232434236,69.91985045926185,-0.2198504592618491,0.2198504592618491
2022-01-31,58.1,55.93289664401823,59.02122039141416,58.90178695743338,-0.8017869574333787,0.8017869574333787
2022-02-01,65.5,55.93289664401823,66.10444785700413,66.16689938026825,-0.6668993802682479,0.6668993802682479
2022-02-02,58.3,55.93289664401823,58.35545979090362,58.218930783055214,0.0810692169447833,0.0810692169447833
2022-02-03,37.2,60.820783214939176,37.86695730262383,37.118505508634605,0.08149449136539744,0.08149449136539744
2022-02-04,40.8,60.820783214939176,39.916050534881805,39.22021588989007,1.5797841101099266,1.5797841101099266
2022-02-05,50.7,60.820783214939176,49.61829248078308,49.17159452808066,1.528405471919342,1.528405471919342
2022-02-06,57.5,60.820783214939176,56.15397167207792,55.87509858961295,1.6249014103870465,1.6249014103870465
2022-02-07,61.4,60.820783214939176,61.14335062506936,60.99259611312214,0.40740388687785867,0.40740388687785867
2022-02-08,67.3,60.820783214939176,66.98746576026096,66.98677795683925,0.3132220431607493,0.3132220431607493
2022-02-09,73.7,60.820783214939176,73.13862315470477,73.29588637080491,0.40411362919509486,0.40411362919509486
2022-02-10,73.2,73.69729269266467,72.80949707375957,72.73224375825748,0.46775624174252073,0.46775624174252073
2022-02-11,75.5,73.69729269266467,75.49099768460707,75.48260063926226,0.017399360737741176,0.017399360737741176
2022-02-12,57.5,73.69729269266467,58.0540211802087,57.597872916737714,-0.09787291673771392,0.09787291673771392
2022-02-13,66.3,73.69729269266467,64.77300527701468,64.48938883482339,1.81061116517661,1.81061116517661
2022-02-14,69.5,73.69729269266467,69.20451472518492,69.03469173526189,0.4653082647381126,0.4653082647381126
2022-02-15,73.9,73.69729269266467,73.64124020285277,73.58534460376015,0.31465539623985705,0.31465539623985705
2022-02-16,75.4,73.69729269266467,75.43790858308354,75.42814830198107,-0.028148301981062218,0.028148301981062218
2022-02-17,70.4,75.66029229830677,70.7619817689255,70.59768861726722,-0.1976886172672181,0.1976886172672181
2022-02-18,59.4,75.66029229830677,58.6870863088301,58.212730850805805,1.1872691491941936,1.1872691491941936
2022-02-19,64.8,75.66029229830677,64.3456651976292,64.01661220013662,0.7833877998633767,0.7833877998633767
2022-02-20,70.7,75.66029229830677,70.94710675851928,70.78756729449576,-0.08756729449575573,0.08756729449575573
2022-02-21,84.1,75.66029229830677,83.2755626554002,83.43259648859083,0.6674035114091623,0.6674035114091623
2022-02-22,85.2,75.66029229830677,85.00935504426128,85.2109096493813,-0.01090964938130412,0.01090964938130412
2022-02-23,47.8,75.66029229830677,46.354044852369896,45.56299834793983,2.237001652060165,2.237001652060165
2022-02-24,35.8,53.80560511052963,36.75581399627743,36.10199124587097,-0.3019912458709726,0.3019912458709726
2022-02-25,38.6,53.80560511052963,40.30866492188366,39.746073201659506,-1.1460732016595045,1.1460732016595045
2022-02-26,40.9,53.80560511052963,41.2082479388667,40.66875594533875,0.23124405466124642,0.23124405466124642
2022-02-27,60.4,53.80560511052963,59.625319886363656,59.55874625667759,0.8412537433224117,0.8412537433224117
2022-02-28,65.6,53.80560511052963,65.36507211640486,65.44588533742052,0.15411466257947382,0.15411466257947382
2022-03-01,73.1,53.80560511052963,72.42946109939905,72.69167553820353,0.4083244617964681,0.4083244617964681
2022-03-02,75.1,53.80560511052963,75.05506228979357,75.38469759889722,-0.2846975988972247,0.2846975988972247
2022-03-03,78.1,75.33551927578068,78.31845090118216,78.35389657435704,-0.25389657435704294,0.25389657435704294
2022-03-04,77.0,75.33551927578068,77.04448949794077,77.04722205883938,-0.04722205883938102,0.04722205883938102
2022-03-05,79.5,75.33551927578068,79.56595343822843,79.63343280603134,-0.13343280603133678,0.13343280603133678
2022-03-06,80.5,75.33551927578068,80.83788328199572,80.93802359516229,-0.43802359516229217,0.43802359516229217
2022-03-07,71.2,75.33551927578068,67.3375470023033,67.09102216897382,4.108977831026181,4.108977831026181
2022-03-08,54.1,75.33551927578068,54.26461477172744,53.682399784245106,0.41760021575489503,0.41760021575489503
2022-03-09,60.1,75.33551927578068,60.431830301642805,60.00797867866176,0.09202132133824392,0.09202132133824392
2022-03-10,73.4,61.5629595858202,73.22921304320674,73.37577250504872,0.024227494951290396,0.024227494951290396
2022-03-11,62.4,61.5629595858202,61.2325799707237,61.0710867681452,1.3289132318547985,1.3289132318547985
2022-03-12,56.6,61.5629595858202,55.73944357239986,55.43689618459249,1.16310381540751,1.16310381540751
2022-03-13,66.5,61.5629595858202,66.39222069560341,66.36321808960716,0.13678191039284116,0.13678191039284116
2022-03-14,80.9,61.5629595858202,80.38891331030086,80.71932141787572,0.1806785821242869,0.1806785821242869
2022-03-15,76.4,61.5629595858202,76.04229223484845,76.26108667586959,0.13891332413041368,0.13891332413041368
2022-03-16,81.7,61.5629595858202,81.5054318119789,81.86451017205198,-0.16451017205197616,0.16451017205197616
2022-03-17,70.7,81.15309107226491,71.25817657932345,71.01019107659657,-0.310191076596567,0.310191076596567
2022-03-18,73.7,81.15309107226491,73.85002915834168,73.66859792029287,0.031402079707135044,0.031402079707135044
2022-03-19,78.9,81.15309107226491,77.83814480935729,77.75912144232441,1.1408785576755918,1.1408785576755918
2022-03-20,78.4,81.15309107226491,78.77534588536467,78.72038821133228,-0.320388211332272,0.320388211332272
2022-03-21,79.2,81.15309107226491,78.34079080225338,78.27467450976687,0.9253254902331349,0.9253254902331349
2022-03-22,65.9,81.15309107226491,67.16995558226496,66.81699167740855,-0.9169916774085465,0.9169916774085465
2022-03-23,69.7,81.15309107226491,69.62609309128365,69.33619852423767,0.3638014757623296,0.3638014757623296
2022-03-24,76.1,70.4316720118053,75.17587166548726,75.21671527403619,0.8832847259638044,0.8832847259638044
2022-03-25,84.3,70.4316720118053,82.27133345300535,82.49437617489986,1.8056238251001417,1.8056238251001417
2022-03-26,90.1,70.4316720118053,88.1273480519481,88.50076303989343,1.5992369601065661,1.5992369601065661
2022-03-27,86.5,70.4316720118053,85.7610285277223,86.07368054743282,0.42631945256718495,0.42631945256718495
2022-03-28,85.4,70.4316720118053,85.22137021312015,85.52016474626045,-0.12016474626044271,0.12016474626044271
2022-03-29,79.0,70.4316720118053,80.00681378378566,80.17170758060087,-1.1717075806008665,1.1717075806008665
2022-03-30,79.0,70.4316720118053,79.79825758485791,79.95779602135052,-0.9577960213505179,0.9577960213505179
2022-03-31,75.9,79.13761009135442,75.79227182435626,75.69609858826047,0.2039014117395368,0.2039014117395368
2022-04-01,81.7,79.13761009135442,81.8608077235673,81.9204639307485,-0.2204639307484939,0.2204639307484939
2022-04-02,85.7,79.13761009135442,85.5216744318182,85.6753353265439,0.024664673456101127,0.024664673456101127
2022-04-03,85.3,79.13761009135442,85.24964687395938,85.39632257429862,-0.09632257429862534,0.09632257429862534
2022-04-04,79.0,79.13761009135442,79.11138839190782,79.10044429435271,-0.1004442943527124,0.1004442943527124
2022-04-05,95.0,79.13761009135442,94.1212671835109,94.49575065771235,0.5042493422876504,0.5042493422876504
2022-04-06,79.1,79.13761009135442,79.6174541013316,79.61950489069334,-0.5195048906933408,0.5195048906933408
2022-04-07,77.2,80.33953865274859,76.48185852064597,76.38229113292788,0.8177088670721275,0.8177088670721275
2022-04-08,78.4,80.33953865274859,77.84904985492447,77.7845895619014,0.615410438098607,0.615410438098607
2022-04-09,87.4,80.33953865274859,84.17931797195862,84.27740795017968,3.1225920498203266,3.1225920498203266
2022-04-10,85.3,80.33953865274859,85.32268557276056,85.45013524163073,-0.15013524163073555,0.15013524163073555
2022-04-11,81.7,80.33953865274859,82.03359462343222,82.07658615939626,-0.37658615939625406,0.37658615939625406
2022-04-12,91.4,80.33953865274859,90.19077518037524,90.4432289204046,0.9567710795954127,0.9567710795954127
2022-04-13,92.8,80.33953865274859,92.50902750305248,92.82100992921276,-0.021009929212766565,0.021009929212766565
2022-04-14,82.0,91.45909853534086,82.26607178793425,82.11981349576565,-0.11981349576565492,0.11981349576565492
2022-04-15,82.7,91.45909853534086,82.5788942654567,82.44066871023263,0.2593312897673741,0.2593312897673741
2022-04-16,81.8,91.45909853534086,82.40080561383064,82.25800705188836,-0.4580070518883588,0.4580070518883588
2022-04-17,85.9,91.45909853534086,85.93208527306032,85.87996382871154,0.02003617128846713,0.02003617128846713
2022-04-18,77.4,91.45909853534086,78.1957225670163,77.94494478883445,-0.5449447888344423,0.5449447888344423
2022-04-19,70.1,91.45909853534086,71.24012565843057,70.81074025364393,-0.7107402536439338,0.7107402536439338
2022-04-20,83.2,91.45909853534086,83.33485784077038,83.2160441148632,-0.016044114863191794,0.016044114863191794
2022-04-21,80.0,81.92448531705483,81.73732662753916,81.74488455978131,-1.7448845597813119,1.7448845597813119
2022-04-22,89.9,81.92448531705483,89.11203470279726,89.30896230719496,0.5910376928050454,0.5910376928050454
2022-04-23,86.5,81.92448531705483,86.80982683497052,86.94763774692218,-0.44763774692218306,0.44763774692218306
2022-04-24,90.1,81.92448531705483,89.57981785020539,89.788757311935,0.31124268806499344,0.31124268806499344
2022-04-25,74.2,81.92448531705483,73.83067667124547,73.63520558935006,0.5647944106499381,0.5647944106499381
2022-04-26,76.3,81.92448531705483,75.84505569606041,75.70131036271442,0.5986896372855739,0.5986896372855739
2022-04-27,78.1,81.92448531705483,78.66311418650795,78.59173169207102,-0.49173169207102774,0.49173169207102774
2022-04-28,86.4,78.12771757673076,86.28650858377732,86.47753916538457,-0.07753916538456451,0.07753916538456451
2022-04-29,84.8,78.12771757673076,84.99105102050727,85.14881650584978,-0.34881650584978274,0.34881650584978274
2022-04-30,89.0,78.12771757673076,89.03019784937291,89.29168159758966,-0.2916815975896583,0.2916815975896583
2022-05-01,86.0,78.12771757673076,86.2188401071151,86.4081330799777,-0.4081330799777021,0.4081330799777021
2022-05-02,82.4,78.12771757673076,84.30194691662514,84.44201740754868,-2.04201740754867,2.04201740754867
2022-05-03,91.7,78.12771757673076,91.4559254280442,91.77969763997014,-0.07969763997013501,0.07969763997013501
2022-05-04,88.7,78.12771757673076,88.83275182629878,89.08916550417831,-0.3891655041783082,0.3891655041783082
2022-05-05,85.5,88.08558490971328,85.2443492271617,85.23379467117903,0.26620532882097336,0.26620532882097336
2022-05-06,92.8,88.08558490971328,91.24840825563324,91.39202748906993,1.4079725109300654,1.4079725109300654
2022-05-07,95.7,88.08558490971328,95.36900004925616,95.61842891055637,0.0815710894436279,0.0815710894436279
2022-05-08,96.4,88.08558490971328,95.76968712468074,96.02940493292445,0.37059506707555556,0.37059506707555556
2022-05-09,94.4,88.08558490971328,94.34089914599288,94.56392816488483,-0.16392816488482254,0.16392816488482254
2022-05-10,92.4,88.08558490971328,92.63703360458982,92.81631032092552,-0.41631032092551834,0.41631032092551834
2022-05-11,92.5,88.08558490971328,92.40109944083692,92.5743177783481,-0.07431777834810305,0.07431777834810305
2022-05-12,93.1,91.37012748478844,92.69192099636484,92.81494238330748,0.2850576166925123,0.2850576166925123
2022-05-13,90.2,91.37012748478844,90.33324717678158,90.3957019238819,-0.19570192388189867,0.19570192388189867
2022-05-14,94.1,91.37012748478844,93.86176895708456,94.01483000424597,0.08516999575402906,0.08516999575402906
2022-05-15,95.3,91.37012748478844,94.877644209263,95.05679116538415,0.2432088346158423,0.2432088346158423
2022-05-16,97.5,91.37012748478844,96.78466569229384,97.01278164208225,0.4872183579177545,0.4872183579177545
2022-05-17,97.1,91.37012748478844,96.01078474754416,96.21902878114292,0.88097121885707,0.88097121885707
2022-05-18,97.0,91.37012748478844,96.20936387952337,96.42270707972452,0.5772929202754824,0.5772929202754824
2022-05-19,96.4,95.46387904885508,96.19163263229837,96.33264898639462,0.0673510136053892,0.0673510136053892
2022-05-20,95.4,95.46387904885508,95.18490185647684,95.30006711585575,0.09993288414425194,0.09993288414425194
2022-05-21,98.5,95.46387904885508,97.68760523920524,97.86703556701173,0.632964432988274,0.632964432988274
2022-05-22,82.4,95.46387904885508,82.33604601717731,82.12127501426195,0.2787249857380516,0.2787249857380516
2022-05-23,87.1,95.46387904885508,86.81590933719055,86.71617342984172,0.38382657015827704,0.38382657015827704
2022-05-24,87.1,95.46387904885508,88.05224270382392,87.9842536862401,-0.8842536862401005,0.8842536862401005
2022-05-25,83.3,95.46387904885508,83.02275214091463,82.82561455646037,0.4743854435396315,0.4743854435396315
2022-05-26,96.4,83.30847920378692,94.26611755466756,94.57109508935005,1.8289049106499533,1.8289049106499533
2022-05-27,96.4,83.30847920378692,95.85476902366428,96.20054036398399,0.1994596360160159,0.1994596360160159
2022-05-28,96.4,83.30847920378692,96.1484046873266,96.50171608059398,-0.10171608059397386,0.10171608059397386
2022-05-29,96.8,83.30847920378692,96.46797069805189,96.8294879904634,-0.029487990463408664,0.029487990463408664
2022-05-30,95.2,83.30847920378692,95.19817526501282,95.52708642001451,-0.3270864200145098,0.3270864200145098
2022-05-31,96.4,83.30847920378692,96.27964996878129,96.63633151252341,-0.23633151252340667,0.23633151252340667
2022-06-01,94.7,83.30847920378692,94.65468111402478,94.96963628485182,-0.26963628485181346,0.26963628485181346
2022-06-02,90.4,93.49623576265073,90.7570944715007,90.79310607305428,-0.3931060730542697,0.3931060730542697
2022-06-03,91.8,93.49623576265073,92.07137247891004,92.14113245298827,-0.3411324529882762,0.3411324529882762
2022-06-04,92.0,93.49623576265073,92.00374324078706,92.07176661369806,-0.0717666136980597,0.0717666136980597
2022-06-05,98.2,93.49623576265073,97.1137250218531,97.31296383607055,0.8870361639294515,0.8870361639294515
2022-06-06,101.5,93.49623576265073,99.85833860375728,100.12805431941882,1.3719456805811774,1.3719456805811774
2022-06-07,101.0,93.49623576265073,99.7866535547785,100.05452852310671,0.9454714768932888,0.9454714768932888
2022-06-08,98.5,93.49623576265073,98.1508231234044,98.37669281242798,0.12330718757202419,0.12330718757202419
2022-06-09,98.5,97.02544705398276,98.2243160249473,98.39011263993255,0.1098873600674466,0.1098873600674466
2022-06-10,101.0,97.02544705398276,100.43625057165056,100.65884581726148,0.3411541827385207,0.3411541827385207
2022-06-11,102.2,97.02544705398276,101.7262255442474,101.98194510273372,0.2180548972662848,0.2180548972662848
2022-06-12,104.2,97.02544705398276,102.18190681956932,102.44932748036837,1.7506725196316353,1.7506725196316353
2022-06-13,101.1,97.02544705398276,100.31700086163832,100.5365339821781,0.5634660178218951,0.5634660178218951
2022-06-14,99.8,97.02544705398276,99.28118058757003,99.47411564569016,0.3258843543098351,0.3258843543098351
2022-06-15,95.6,97.02544705398276,96.2618820779915,96.37728680364778,-0.7772868036477831,0.7772868036477831
2022-06-16,102.0,94.53961695228185,101.0910304133366,101.37408149276143,0.6259185072385662,0.6259185072385662
2022-06-17,97.8,94.53961695228185,98.32158749098129,98.5335240946997,-0.7335240946997033,0.7335240946997033
2022-06-18,99.2,94.53961695228185,99.22706777528032,99.46225553725898,-0.2622555372589801,0.2622555372589801
2022-06-19,100.2,94.53961695228185,99.99101563991564,100.24582025386914,-0.04582025386913813,0.04582025386913813
2022-06-20,101.1,94.53961695228185,100.67009948315568,100.94234178866905,0.15765821133093993,0.15765821133093993
2022-06-21,100.1,94.53961695228185,100.21493627777448,100.47549078410981,-0.3754907841098145,0.3754907841098145
2022-06-22,99.0,94.53961695228185,99.02682755855248,99.25687350016251,-0.25687350016251287,0.25687350016251287
2022-06-23,102.2,97.3804755437922,102.09697485084364,102.35598158440426,-0.1559815844042589,0.1559815844042589
2022-06-24,101.4,97.3804755437922,101.30818649267404,101.54693851360572,-0.1469385136057184,0.1469385136057184
2022-06-25,101.1,97.3804755437922,100.84713611041732,101.07404915971188,0.025950840288118115,0.025950840288118115
2022-06-26,100.9,97.3804755437922,100.68133762071255,100.90399325326344,-0.003993253263431029,0.003993253263431029
2022-06-27,100.3,97.3804755437922,97.92213493728492,98.0739390456481,2.226060954351894,2.226060954351894
2022-06-28,91.2,97.3804755437922,91.119920742452,91.09705582542976,0.10294417457023997,0.10294417457023997
2022-06-29,97.5,97.3804755437922,97.372265758547,97.50995018311478,-0.009950183114781908,0.009950183114781908
2022-06-30,97.2,95.47881490422206,97.06988088010844,97.23318690130286,-0.033186901302855176,0.033186901302855176
2022-07-01,95.0,95.47881490422206,95.40831953324452,95.52895954999362,-0.5289595499936155,0.5289595499936155
2022-07-02,99.8,95.47881490422206,99.82157545138676,100.05554020151222,-0.25554020151221835,0.25554020151221835
2022-07-03,99.6,95.47881490422206,99.62347046495172,99.85234822370738,-0.2523482237073864,0.2523482237073864
2022-07-04,98.9,95.47881490422206,99.00473787071842,99.21772765298385,-0.317727652983848,0.317727652983848
2022-07-05,98.9,95.47881490422206,99.08032087035768,99.29525149254738,-0.3952514925473736,0.3952514925473736
2022-07-06,101.4,95.47881490422206,101.19261973498324,101.46179051683846,-0.06179051683845671,0.06179051683845671
2022-07-07,101.1,99.271586524581,100.9837928252303,101.18101388103162,-0.08101388103162321,0.08101388103162321
2022-07-08,102.3,99.271586524581,101.99979938880564,102.22310972541493,0.07689027458506814,0.07689027458506814
2022-07-09,103.6,99.271586524581,103.75671513764011,104.0251400138307,-0.4251400138306991,0.4251400138306991
2022-07-10,107.9,99.271586524581,105.50784879009868,105.82123973169585,2.0787602683041513,2.0787602683041513
2022-07-11,103.6,99.271586524581,104.1017824272949,104.379068031103,-0.7790680311030087,0.7790680311030087
2022-07-12,106.5,99.271586524581,105.10121916866024,105.40416856907169,1.095831430928314,1.095831430928314
2022-07-13,105.5,99.271586524581,104.74384083277832,105.03761337932507,0.4623866206749341,0.4623866206749341
2022-07-14,101.1,103.27339573914422,100.67718401410684,100.7962745272116,0.30372547278840045,0.30372547278840045
2022-07-15,98.1,103.27339573914422,97.61883885454816,97.65939638515464,0.44060361484535804,0.44060361484535804
2022-07-16,98.9,103.27339573914422,98.84803896545702,98.92016021623262,-0.020160216232611106,0.020160216232611106
2022-07-17,102.9,103.27339573914422,102.87045353778169,103.04586339619591,-0.1458633961959066,0.1458633961959066
2022-07-18,103.8,103.27339573914422,103.73035831911147,103.9278490361663,-0.12784903616629606,0.12784903616629606
2022-07-19,105.1,103.27339573914422,104.02231119852377,104.22729875755456,0.8727012424454301,0.8727012424454301
2022-07-20,104.5,103.27339573914422,103.22188077337516,103.40631467175297,1.0936853282470338,1.0936853282470338
2022-07-21,101.6,102.34388295260042,101.49506178855856,101.65147287785022,-0.05147287785023025,0.05147287785023025
2022-07-22,101.5,102.34388295260042,101.22877135489094,101.37834456916339,0.12165543083661134,0.12165543083661134
2022-07-23,102.0,102.34388295260042,101.588110707899,101.746911131544,0.253088868456004,0.253088868456004
2022-07-24,101.9,102.34388295260042,101.87555780296084,102.04173936787927,-0.14173936787926777,0.14173936787926777
2022-07-25,102.0,102.34388295260042,101.77158104187473,101.93509266447711,0.0649073355228893,0.0649073355228893
2022-07-26,102.3,102.34388295260042,101.91579936358568,102.08301426176487,0.2169857382351239,0.2169857382351239
2022-07-27,101.3,102.34388295260042,101.01908013187791,101.16326884038409,0.13673115961590554,0.13673115961590554
2022-07-28,101.3,99.47730253340896,101.2715758200133,101.47257500994309,-0.17257500994308828,0.17257500994308828
2022-07-29,101.5,99.47730253340896,100.97420324605942,101.1675664256871,0.3324335743129012,0.3324335743129012
2022-07-30,102.2,99.47730253340896,102.14918103493724,102.37271559984544,-0.17271559984543217,0.17271559984543217
2022-07-31,102.2,99.47730253340896,101.95758442737808,102.1761991247621,0.02380087523789598,0.02380087523789598
2022-08-01,100.3,99.47730253340896,100.25834940268057,100.43333070112075,-0.13333070112075518,0.13333070112075518
2022-08-02,103.3,99.47730253340896,103.19095020777831,103.44123559247618,-0.14123559247617834,0.14123559247617834
2022-08-03,103.7,99.47730253340896,103.39283513604452,103.6483045744417,0.051695425558307306,0.051695425558307306
2022-08-04,103.3,101.53356594098976,103.17629332230274,103.39010176151382,-0.09010176151382154,0.09010176151382154
2022-08-05,101.8,101.53356594098976,101.56905124146688,101.74158850047442,0.058411499525576005,0.058411499525576005
2022-08-06,95.4,101.53356594098976,95.7424342570624,95.7653541296117,-0.36535412961168845,0.36535412961168845
2022-08-07,98.9,101.53356594098976,98.84341539432788,98.94596306710083,-0.045963067100828425,0.045963067100828425
2022-08-08,100.9,101.53356594098976,100.35467121003988,100.49602530273401,0.4039746972659941,0.4039746972659941
2022-08-09,99.7,101.53356594098976,99.88285443792311,100.01209309682089,-0.31209309682088815,0.31209309682088815
2022-08-10,102.5,101.53356594098976,101.68059220917964,101.85599364616847,0.6440063538315286,0.6440063538315286
2022-08-11,99.6,100.2765018902354,99.6843770014707,99.83058862399098,-0.23058862399098246,0.23058862399098246
2022-08-12,100.6,100.2765018902354,100.27916602910976,100.44065079898941,0.1593492010105848,0.1593492010105848
2022-08-13,100.7,100.2765018902354,100.80997848417924,100.98509359434718,-0.28509359434717396,0.28509359434717396
2022-08-14,91.8,100.2765018902354,92.9443459228272,92.91748527419372,-1.1174852741937258,1.1174852741937258
2022-08-15,100.1,100.2765018902354,99.50247167450594,99.64401228472592,0.4559877152740768,0.4559877152740768
2022-08-16,99.0,100.2765018902354,98.92103338050838,99.04764366698004,-0.047643666980036414,0.047643666980036414
2022-08-17,101.0,100.2765018902354,101.28340370879124,101.47067555501708,-0.47067555501708114,0.47067555501708114
2022-08-18,99.8,98.97508812206227,97.42717726509596,97.53827606590059,2.2617239340994075,2.2617239340994075
2022-08-19,92.1,98.97508812206227,89.76572984723613,89.68009600846352,2.419903991536472,2.419903991536472
2022-08-20,98.0,98.97508812206227,97.3680988136863,97.47768058264901,0.5223194173509853,0.5223194173509853
2022-08-21,92.1,98.97508812206227,92.16387656648902,92.13982296294354,-0.03982296294354626,0.03982296294354626
2022-08-22,96.4,98.97508812206227,94.67832945145128,94.71884262310783,1.6811573768921733,1.6811573768921733
2022-08-23,90.4,98.97508812206227,90.22052275571646,90.14656720754175,0.25343279245825556,0.25343279245825556
2022-08-24,93.2,98.97508812206227,93.0565424590116,93.05541096244124,0.14458903755875951,0.14458903755875951
2022-08-25,95.1,91.84837265765591,95.12478551358764,95.3018823650184,-0.20188236501840606,0.20188236501840606
2022-08-26,96.6,91.84837265765591,96.65530705475092,96.87170503641211,-0.27170503641211496,0.27170503641211496
2022-08-27,97.1,91.84837265765591,96.98579001796824,97.21067422711923,-0.11067422711923314,0.11067422711923314
2022-08-28,95.9,91.84837265765591,96.23355007215004,96.43911806831086,-0.5391180683108558,0.5391180683108558
2022-08-29,97.3,91.84837265765591,96.4327358724609,96.64341861341134,0.6565813865886554,0.6565813865886554
2022-08-30,83.3,91.84837265765591,83.47861271228776,83.35665610929799,-0.05665610929798959,0.05665610929798959
2022-08-31,90.6,91.84837265765591,90.28513962912096,90.33796279471389,0.26203720528610575,0.26203720528610575
2022-09-01,92.6,89.17033277545924,92.35071627608498,92.5035965945362,0.09640340546378923,0.09640340546378923
2022-09-02,93.3,89.17033277545924,93.22021173479293,93.39541918379304,-0.09541918379304093,0.09541918379304093
2022-09-03,88.1,89.17033277545924,88.20365223734589,88.25004316673794,-0.1500431667379445,0.1500431667379445
2022-09-04,89.9,89.17033277545924,89.56015738011989,89.64138100140197,0.2586189985980383,0.2586189985980383
2022-09-05,92.2,89.17033277545924,91.8763411040349,92.01704029343084,0.18295970656916438,0.18295970656916438
2022-09-06,94.1,89.17033277545924,94.1447071275946,94.34365400975703,-0.24365400975703722,0.24365400975703722
2022-09-07,93.8,89.17033277545924,93.76996304341075,93.95928714950666,-0.15928714950666745,0.15928714950666745
2022-09-08,93.3,92.59529805782176,93.17440416389168,93.28830529488677,0.011694705113228565,0.011694705113228565
2022-09-09,92.8,92.59529805782176,92.9796370802808,93.08853693144302,-0.2885369314430193,0.2885369314430193
2022-09-10,92.8,92.59529805782176,93.12402028700458,93.23662764770386,-0.4366276477038582,0.4366276477038582
2022-09-11,91.7,92.59529805782176,92.01488677919302,92.09901352118744,-0.3990135211874417,0.3990135211874417
2022-09-12,91.6,92.59529805782176,91.7744743256743,91.85242769415477,-0.2524276941547754,0.2524276941547754
2022-09-13,93.3,92.59529805782176,93.17406128246746,93.28795360886416,0.01204639113583994,0.01204639113583994
2022-09-14,91.0,92.59529805782176,91.1933667062104,91.25639824208925,-0.2563982420892472,0.2563982420892472
2022-09-15,90.2,90.2171122013207,90.1093995473277,90.18634907389415,0.0136509261058535,0.0136509261058535
2022-09-16,95.3,90.2171122013207,95.11071686438552,95.31609151788744,-0.016091517887446116,0.016091517887446116
2022-09-17,96.7,90.2171122013207,96.29185817030192,96.52756247747803,0.17243752252197453,0.17243752252197453
2022-09-18,96.7,90.2171122013207,96.30676224053728,96.54284925830552,0.15715074169447973,0.15715074169447973
2022-09-19,96.6,90.2171122013207,96.41108142066268,96.64984717347212,-0.049847173472130635,0.049847173472130635
2022-09-20,96.1,90.2171122013207,96.0444394635185,96.27379048878696,-0.17379048878696324,0.17379048878696324
2022-09-21,96.5,90.2171122013207,96.37535481601748,96.61320317178017,-0.11320317178017092,0.11320317178017092
2022-09-22,97.7,95.01880767581966,97.3459121718559,97.52438226710068,0.17561773289932603,0.17561773289932603
2022-09-23,96.9,95.01880767581966,97.03506590700964,97.20555401101299,-0.30555401101298685,0.30555401101298685
2022-09-24,93.1,95.01880767581966,93.41405927336552,93.49156622718793,-0.391566227187937,0.391566227187937
2022-09-25,95.8,95.01880767581966,95.77513373456604,95.91326897253063,-0.1132689725306335,0.1132689725306335
2022-09-26,91.4,95.01880767581966,91.85975283744034,91.89734790631806,-0.4973479063180548,0.4973479063180548
2022-09-27,90.7,95.01880767581966,90.53103617840496,90.534512115306,0.16548788469400222,0.16548788469400222
2022-09-28,90.8,95.01880767581966,90.18601862928732,90.1806351158213,0.6193648841786938,0.6193648841786938
2022-09-29,91.7,89.85944955272868,91.0298989670052,91.13676458549529,0.5632354145047174,0.5632354145047174
2022-09-30,87.5,89.85944955272868,87.49795120643253,87.51412255164907,-0.014122551649066395,0.014122551649066395
2022-10-01,87.7,89.85944955272868,87.53340129657926,87.55048293843132,0.14951706156868738,0.14951706156868738
2022-10-02,84.5,89.85944955272868,84.50294500599483,84.44220980298019,0.057790197019812695,0.057790197019812695
2022-10-03,87.5,89.85944955272868,87.03514585137091,87.03943316030214,0.4605668396978615,0.4605668396978615
2022-10-04,90.9,89.85944955272868,90.70770552572432,90.80629777722504,0.0937022227749651,0.0937022227749651
2022-10-05,88.8,89.85944955272868,88.82845689657572,88.87879331297503,-0.07879331297503711,0.07879331297503711
2022-10-06,90.8,88.18624609163219,90.5649995511433,90.68930279016901,0.11069720983098819,0.11069720983098819
2022-10-07,85.6,88.18624609163219,86.00527690157067,86.0124943963936,-0.41249439639361185,0.41249439639361185
2022-10-08,88.5,88.18624609163219,88.40446226967475,88.47328667042018,0.02671332957982031,0.02671332957982031
2022-10-09,87.5,88.18624609163219,87.4981063471251,87.54365710474352,-0.043657104743516584,0.043657104743516584
2022-10-10,87.9,88.18624609163219,88.10404454365087,88.16515473988727,-0.2651547398872651,0.2651547398872651
2022-10-11,89.4,88.18624609163219,89.38193566156066,89.47585987830873,-0.07585987830871943,0.07585987830871943
2022-10-12,95.3,88.18624609163219,94.28623381618368,94.50609187657905,0.7939081234209482,0.7939081234209482
2022-10-13,89.4,93.454654842041,89.61923013722398,89.62675337369774,-0.22675337369773274,0.22675337369773274
2022-10-14,89.5,93.454654842041,89.40823568690298,89.41034095300067,0.08965904699932992,0.08965904699932992
2022-10-15,92.3,93.454654842041,92.03771426212676,92.10733996301978,0.1926600369802145,0.1926600369802145
2022-10-16,91.5,93.454654842041,91.23186274975023,91.28079558590238,0.21920441409761793,0.21920441409761793
2022-10-17,74.7,93.454654842041,75.07328940295815,74.7072981897843,-0.0072981897842936405,0.0072981897842936405
2022-10-18,69.1,93.454654842041,69.27493723013097,68.76005442168238,0.33994557831761085,0.33994557831761085
2022-10-19,74.1,93.454654842041,73.48512130716509,73.07834870053686,1.0216512994631302,1.0216512994631302
2022-10-20,85.3,74.29444713500986,84.3382027423965,84.54650264768604,0.753497352313957,0.753497352313957
2022-10-21,87.4,74.29444713500986,87.17056153499277,87.4515914860695,-0.051591486069497705,0.051591486069497705
2022-10-22,88.0,74.29444713500986,87.83839348186534,88.13657219538035,-0.13657219538035292,0.13657219538035292
2022-10-23,87.1,74.29444713500986,87.12755973089406,87.40748547046017,-0.30748547046017904,0.30748547046017904
2022-10-24,84.8,74.29444713500986,84.79097475579977,85.01090105861776,-0.21090105861776465,0.21090105861776465
2022-10-25,75.6,74.29444713500986,75.28375378094125,75.25955119069033,0.34044880930966315,0.34044880930966315
2022-10-26,75.4,74.29444713500986,75.3829053800366,75.36124883033708,0.03875116966293035,0.03875116966293035
2022-10-27,80.6,75.92679318925309,80.62510328907202,80.70939914110758,-0.10939914110758764,0.10939914110758764
2022-10-28,65.8,75.92679318925309,67.2028024839744,66.94243700472798,-1.1424370047279808,1.1424370047279808
2022-10-29,70.4,75.92679318925309,70.5201606941669,70.34497920190356,0.05502079809645011,0.05502079809645011
2022-10-30,76.5,75.92679318925309,76.16960991092238,76.13949644509734,0.36050355490266384,0.36050355490266384
2022-10-31,78.4,75.92679318925309,78.37867347999227,78.40528492308248,-0.005284923082470527,0.005284923082470527
2022-11-01,68.5,75.92679318925309,68.60043079212461,68.37595397610511,0.12404602389489128,0.12404602389489128
2022-11-02,76.6,75.92679318925309,75.94670404109782,75.91086674036848,0.6891332596315181,0.6891332596315181
2022-11-03,82.5,76.33193093864665,82.66717002233878,82.79678983486144,-0.2967898348614426,0.2967898348614426
2022-11-04,85.6,76.33193093864665,85.07494245719556,85.26638967657433,0.33361032342565977,0.33361032342565977
2022-11-05,70.9,76.33193093864665,71.32028349258994,71.15853500141883,-0.2585350014188208,0.2585350014188208
2022-11-06,82.5,76.33193093864665,81.34573082334332,81.44141837640112,1.058581623598883,1.058581623598883
2022-11-07,83.7,76.33193093864665,83.48452882464758,83.63513698909512,0.06486301090488666,0.06486301090488666
2022-11-08,77.2,76.33193093864665,76.98638216366969,76.97012922795564,0.22987077204436446,0.22987077204436446
2022-11-09,81.7,76.33193093864665,81.28778946111079,81.38198918079834,0.3180108192016604,0.3180108192016604
2022-11-10,81.7,81.24652636727365,81.58370387251642,81.59921955796571,0.10078044203429215,0.10078044203429215
2022-11-11,76.7,81.24652636727365,74.80001422154234,74.64133655966175,2.0586634403382504,2.0586634403382504
2022-11-12,56.9,81.24652636727365,56.8958526258464,56.27742724554807,0.6225727544519302,0.6225727544519302
2022-11-13,57.3,81.24652636727365,57.470747340159775,56.86708425586862,0.43291574413137823,0.43291574413137823
2022-11-14,53.3,81.24652636727365,54.18951035977915,53.50159081883936,-0.2015908188393638,0.2015908188393638
2022-11-15,50.7,81.24652636727365,51.05728846188535,50.2889389123446,0.41106108765540483,0.41106108765540483
2022-11-16,56.3,81.24652636727365,56.10626172993671,55.467561029236606,0.8324389707633912,0.8324389707633912
2022-11-17,57.4,58.00786632233272,58.26632256216008,58.091075668432765,-0.6910756684327666,0.6910756684327666
2022-11-18,55.8,58.00786632233272,56.74461936813191,56.5302977839856,-0.7302977839856055,0.7302977839856055
2022-11-19,48.0,58.00786632233272,47.37122177128429,46.916207645577764,1.0837923544222363,1.0837923544222363
2022-11-20,46.9,58.00786632233272,47.39374669289048,46.9393109679798,-0.0393109679798016,0.0393109679798016
2022-11-21,45.6,58.00786632233272,46.83744310134311,46.36872246811129,-0.7687224681112852,0.7687224681112852
2022-11-22,54.8,58.00786632233272,54.97334216339216,54.71353726246434,0.08646273753565481,0.08646273753565481
2022-11-23,63.5,58.00786632233272,64.12036123194615,64.09543586584682,-0.5954358658468237,0.5954358658468237
2022-11-24,66.8,64.21459925272983,66.79867993811753,66.73356125255253,0.0664387474474637,0.0664387474474637
2022-11-25,61.7,64.21459925272983,62.31854021672771,62.138379338089756,-0.43837933808975293,0.43837933808975293
2022-11-26,60.1,64.21459925272983,60.02885818625818,59.789902256883884,0.31009774311611693,0.31009774311611693
2022-11-27,71.4,64.21459925272983,71.16451559829059,71.21150397638358,0.18849602361642326,0.18849602361642326
2022-11-28,75.6,64.21459925272983,74.85444947448381,74.99618893442025,0.6038110655797482,0.6038110655797482
2022-11-29,82.8,64.21459925272983,82.46619240759243,82.80338818241826,-0.003388182418262886,0.003388182418262886
2022-11-30,61.8,64.21459925272983,61.72848280608278,61.533170279777345,0.2668297202226526,0.2668297202226526
2022-12-01,53.1,65.13758619045203,53.660382035672704,53.24169039168024,-0.14169039168023545,0.14169039168023545
2022-12-02,67.1,65.13758619045203,66.8081917422855,66.7271129757516,0.37288702424839926,0.37288702424839926
2022-12-03,65.9,65.13758619045203,66.60177396908644,66.51539475328201,-0.6153947532820041,0.6153947532820041
2022-12-04,57.5,65.13758619045203,59.86663624222998,59.607310408031765,-2.107310408031765,2.107310408031765
2022-12-05,77.2,65.13758619045203,76.59629558288934,76.76655829271003,0.43344170728997256,0.43344170728997256
2022-12-06,79.2,65.13758619045203,78.72877926587309,78.95380044637528,0.24619955362472012,0.24619955362472012
2022-12-07,81.2,65.13758619045203,80.89538408658342,81.17603990921674,0.023960090783262444,0.023960090783262444
2022-12-08,80.6,80.92161695537119,80.41438132059939,80.40557507689923,0.19442492310076886,0.19442492310076886
2022-12-09,79.0,80.92161695537119,79.12216339632599,79.08017524465387,-0.08017524465387282,0.08017524465387282
2022-12-10,77.2,80.92161695537119,77.51861239108119,77.43544783960463,-0.23544783960463178,0.23544783960463178
2022-12-11,66.2,80.92161695537119,67.99470770097959,67.66698584765457,-1.4669858476545699,1.4669858476545699
2022-12-12,70.3,80.92161695537119,70.20949511460768,69.93864514856726,0.36135485143273627,0.36135485143273627
2022-12-13,77.2,80.92161695537119,77.25025729131985,77.1602018477911,0.03979815220890259,0.03979815220890259
2022-12-14,67.1,80.92161695537119,67.75314605117097,67.41922131497076,-0.3192213149707612,0.3192213149707612
2022-12-15,64.0,69.06385056001419,64.18599459568208,63.968651302367164,0.03134869763283632,0.03134869763283632
2022-12-16,54.0,69.06385056001419,54.637976225510585,54.17545643299829,-0.1754564329982884,0.1754564329982884
2022-12-17,58.1,69.06385056001419,58.10391756368631,57.730397114364656,0.36960288563534505,0.36960288563534505
2022-12-18,54.9,69.06385056001419,56.21645892579642,55.79447182263344,-0.8944718226334416,0.8944718226334416
2022-12-19,49.9,69.06385056001419,50.49722196206572,49.928374804545456,-0.028374804545457266,0.028374804545457266
2022-12-20,51.3,69.06385056001419,52.95695069548503,52.45126509216945,-1.151265092169453,1.151265092169453
2022-12-21,48.5,69.06385056001419,48.97401096889224,48.36605040329434,0.1339495967056621,0.1339495967056621
2022-12-22,57.4,51.56294738449789,52.70134048174052,52.49634410325673,4.903655896743267,4.903655896743267
2022-12-23,31.6,51.56294738449789,36.041324510558894,35.40852790861224,-3.808527908612241,3.808527908612241
2022-12-24,40.1,51.56294738449789,39.24671778083029,38.69623010101675,1.4037698989832492,1.4037698989832492
2022-12-25,53.1,51.56294738449789,49.73270465680151,49.45147887544766,3.648521124552339,3.648521124552339
2022-12-26,63.3,51.56294738449789,62.24723886322012,62.287364546312666,1.0126354536873308,1.0126354536873308
2022-12-27,57.7,51.56294738449789,57.87185549311798,57.79962894397358,-0.09962894397357758,0.09962894397357758
2022-12-28,76.6,51.56294738449789,75.9094942521531,76.30044288274475,0.29955711725524736,0.29955711725524736
2022-12-29,74.4,75.37739743161414,74.70060879614671,74.64241934908894,-0.2424193490889337,0.2424193490889337
2022-12-30,66.1,75.37739743161414,66.5221364125458,66.25393802435968,-0.1539380243596895,0.1539380243596895
2022-12-31,76.7,75.37739743161414,76.16454189340074,76.14394370119071,0.5560562988092954,0.5560562988092954
2023-01-01,78.1,75.37739743161414,77.57413915598293,77.5897369689249,0.5102630310750982,0.5102630310750982
2023-01-02,82.0,75.37739743161414,81.58620000832497,81.7048205633908,0.2951794366092031,0.2951794366092031
2023-01-03,73.3,75.37739743161414,73.43958114732487,73.34901070430095,-0.049010704300954444,0.049010704300954444
2023-01-04,73.0,75.37739743161414,72.72019662143414,72.61115363543882,0.38884636456117505,0.38884636456117505
2023-01-05,67.3,73.73579250434555,66.9920061022311,66.7646938223228,0.5353061776771995,0.5353061776771995
2023-01-06,78.3,73.73579250434555,77.67776831640589,77.72484781805424,0.5751521819457537,0.5751521819457537
2023-01-07,75.5,73.73579250434555,75.41142128080259,75.40030493378234,0.099695066217663,0.099695066217663
2023-01-08,68.5,73.73579250434555,68.47294186854806,68.28365744244617,0.2163425575538298,0.2163425575538298
2023-01-09,73.4,73.73579250434555,72.71906689699195,72.63881557380914,0.7611844261908658,0.7611844261908658
2023-01-10,83.1,73.73579250434555,81.53501288919418,81.68113972027152,1.4188602797284773,1.4188602797284773
2023-01-11,76.9,73.73579250434555,76.31973529248526,76.3319428689141,0.5680571310859079,0.5680571310859079
2023-01-12,67.9,77.64051813183747,68.6840070998446,68.43158953801112,-0.5315895380111186,0.5315895380111186
2023-01-13,63.4,77.64051813183747,63.27084877275499,62.879430723408504,0.5205692765914947,0.5205692765914947
2023-01-14,64.8,77.64051813183747,65.1418231358919,64.79844845289199,0.0015515471080078669,0.0015515471080078669
2023-01-15,72.4,77.64051813183747,72.38474066974692,72.227351507101,0.17264849289900042,0.17264849289900042
2023-01-16,76.9,77.64051813183747,76.82372996776512,76.7803263269174,0.1196736730826018,0.1196736730826018
2023-01-17,79.6,77.64051813183747,78.92032499722501,78.93075826887879,0.669241731121204,0.669241731121204
2023-01-18,76.9,77.64051813183747,77.46771736451863,77.44085019954916,-0.5408501995491548,0.5408501995491548
2023-01-19,68.3,77.39766342781657,68.35012541902543,68.09339801078823,0.20660198921176232,0.20660198921176232
2023-01-20,57.5,77.39766342781657,59.884112325868585,59.40999243137226,-1.9099924313722596,1.9099924313722596
2023-01-21,63.2,77.39766342781657,63.334139869852336,62.94861068000014,0.25138931999986625,0.25138931999986625
2023-01-22,61.5,77.39766342781657,61.51074924487278,61.078398556279176,0.4216014437208244,0.4216014437208244
2023-01-23,58.4,77.39766342781657,58.933904651924856,58.43538507762316,-0.03538507762316101,0.03538507762316101
2023-01-24,53.1,77.39766342781657,54.22010366647249,53.60054188438274,-0.5005418843827414,0.5005418843827414
2023-01-25,55.2,77.39766342781657,55.4770149031524,54.889728414727124,0.31027158527287924,0.31027158527287924
2023-01-26,57.1,57.30512221055757,56.412171312021336,56.20165069669682,0.8983493033031849,0.8983493033031849
2023-01-27,55.9,57.30512221055757,55.96020925185924,55.738083037196255,0.161916962803744,0.161916962803744
2023-01-28,59.8,57.30512221055757,60.08058578133467,59.964263666926435,-0.16426366692643768,0.16426366692643768
2023-01-29,74.3,57.30512221055757,72.63186817904318,72.83784115869568,1.4621588413043156,1.4621588413043156
2023-01-30,40.8,57.30512221055757,39.29754291978448,38.64754842500225,2.152451574997748,2.152451574997748
2023-01-31,32.3,57.30512221055757,34.93885244720557,34.1769343647509,-1.8769343647509018,1.8769343647509018
2023-02-01,32.1,57.30512221055757,35.412675476606736,34.66292434514481,-2.5629243451448076,2.5629243451448076
2023-02-02,39.4,36.49081891822948,39.792835842282734,39.520983835029654,-0.12098383502965504,0.12098383502965504
2023-02-03,49.6,36.49081891822948,49.36913324175829,49.343183889972586,0.25681611002741533,0.25681611002741533
2023-02-04,62.7,36.49081891822948,61.345302210289766,61.62688004034045,1.0731199596595502,1.0731199596595502
2023-02-05,74.3,36.49081891822948,72.44092069874571,73.00741470636976,1.292585293630239,1.292585293630239
2023-02-06,74.0,36.49081891822948,74.05818441835939,74.6662069444342,-0.6662069444341938,0.6662069444341938
2023-02-07,70.2,36.49081891822948,70.80676978091356,71.33130163621854,-1.131301636218538,1.131301636218538
2023-02-08,58.3,36.49081891822948,57.64430899553879,57.83085175917395,0.4691482408260441,0.4691482408260441
2023-02-09,73.9,61.259085137063146,73.18316829420579,73.33388034827226,0.566119651727746,0.566119651727746
2023-02-10,54.8,61.259085137063146,56.17205733433239,55.88595365649478,-1.0859536564947803,1.0859536564947803
2023-02-11,59.7,61.259085137063146,59.43893106789047,59.23671502351363,0.4632849764863707,0.4632849764863707
2023-02-12,64.4,61.259085137063146,64.65353636086137,64.5852223075428,-0.18522230754278723,0.18522230754278723
2023-02-13,69.3,61.259085137063146,69.62553973665221,69.68489807926055,-0.38489807926055164,0.38489807926055164
2023-02-14,80.0,61.259085137063146,79.75667651584527,80.0761848238299,-0.07618482382990521,0.07618482382990521
2023-02-15,79.5,61.259085137063146,79.32666079961702,79.63512705219108,-0.13512705219108057,0.13512705219108057
2023-02-16,70.8,79.5151041709743,68.62593323053585,68.33911345109951,2.46088654890049,2.46088654890049
2023-02-17,53.3,79.5151041709743,53.16417656336722,52.4803257745498,0.8196742254501999,0.8196742254501999
2023-02-18,56.4,79.5151041709743,56.31299641851204,55.71000184495908,0.689998155040918,0.689998155040918
2023-02-19,75.3,79.5151041709743,75.01792818917193,74.89524371887381,0.40475628112618267,0.40475628112618267
2023-02-20,82.3,79.5151041709743,81.48711316114446,81.53054610522457,0.7694538947754239,0.7694538947754239
2023-02-21,83.1,79.5151041709743,82.13442990308307,82.19448481483306,0.9055151851669336,0.9055151851669336
2023-02-22,89.6,79.5151041709743,88.94489579485057,89.17983162120616,0.4201683787938322,0.4201683787938322
2023-02-23,78.1,88.2084097221435,78.56831213439334,78.3841721999774,-0.28417219997740517,0.28417219997740517
2023-02-24,57.5,88.2084097221435,59.41328479090351,58.73727708204143,-1.2372770820414303,1.2372770820414303
2023-02-25,64.0,88.2084097221435,64.2637074526168,63.712250158481794,0.28774984151820604,0.28774984151820604
2023-02-26,80.0,88.2084097221435,78.66385325299697,78.48216664827527,1.5178333517247324,1.5178333517247324
2023-02-27,82.4,88.2084097221435,82.7625348783161,82.68609528645727,-0.2860952864572681,0.2860952864572681
2023-02-28,82.5,88.2084097221435,82.64467470931844,82.56520867338406,-0.06520867338406333,0.06520867338406333
2023-03-01,83.0,88.2084097221435,82.47407529206905,82.39022855992476,0.6097714400752352,0.6097714400752352
2023-03-02,80.6,82.69799563698452,79.65033178661619,79.59071926618505,1.009280733814947,1.009280733814947
2023-03-03,72.7,82.69799563698452,72.62250493811744,72.38243005189706,0.3175699481029426,0.3175699481029426
2023-03-04,79.2,82.69799563698452,79.22842088779275,79.15797442956045,0.04202557043954869,0.04202557043954869
2023-03-05,78.7,82.69799563698452,78.61165595238099,78.52537204371349,0.17462795628651406,0.17462795628651406
2023-03-06,79.6,82.69799563698452,79.23241601974422,79.16207214954933,0.43792785045066296,0.43792785045066296
2023-03-07,80.4,82.69799563698452,80.05634939227436,80.00716269752854,0.3928373024714631,0.3928373024714631
2023-03-08,79.5,82.69799563698452,79.53127737401489,79.46860774341032,0.03139225658968314,0.03139225658968314
2023-03-09,84.3,79.62343769577946,83.7727001401376,83.87292103450012,0.4270789654998737,0.4270789654998737
2023-03-10,73.0,79.62343769577946,73.44788141727554,73.28297893093456,-0.2829789309345614,0.2829789309345614
2023-03-11,87.7,79.62343769577946,86.66240968684087,86.83683329457178,0.8631667054282275,0.8631667054282275
2023-03-12,73.7,79.62343769577946,75.02111868686873,74.89661419634338,-1.1966141963433756,1.1966141963433756
2023-03-13,68.3,79.62343769577946,68.61070209339272,68.32158925819814,-0.02158925819814783,0.02158925819814783
2023-03-14,66.6,79.62343769577946,66.3697093517593,66.02305172205145,0.5769482779485458,0.5769482779485458
2023-03-15,73.8,79.62343769577946,74.07453184038185,73.92572064660035,-0.12572064660035664,0.12572064660035664
2023-03-16,80.9,73.80344411099212,79.70382356601732,79.80174092270921,1.0982590772907912,1.0982590772907912
2023-03-17,57.3,73.80344411099212,57.48203094544348,57.009331331223045,0.2906686687769522,0.2906686687769522
2023-03-18,53.1,73.80344411099212,54.917680790043285,54.37913312553197,-1.2791331255319704,1.2791331255319704
2023-03-19,59.5,73.80344411099212,59.70886845115671,59.293350149619734,0.2066498503802663,0.2066498503802663
2023-03-20,56.0,73.80344411099212,56.96167123377827,56.475609687533485,-0.47560968753348476,0.47560968753348476
2023-03-21,69.1,73.80344411099212,68.96892846736594,68.79119239551387,0.30880760448611966,0.30880760448611966
2023-03-22,77.8,73.80344411099212,78.25844992996772,78.31925260648411,-0.5192526064841161,0.5192526064841161
2023-03-23,82.2,77.21366821987039,82.11497038630226,82.21493054084536,-0.014930540845355722,0.014930540845355722
2023-03-24,86.6,77.21366821987039,86.32207412309911,86.53006538168475,0.06993461831524428,0.06993461831524428
2023-03-25,81.2,77.21366821987039,81.17968506948529,81.25562872439069,-0.05562872439068656,0.05562872439068656
2023-03-26,80.5,77.21366821987039,80.61682891865081,80.67831940691333,-0.1783194069133316,0.1783194069133316
2023-03-27,77.8,77.21366821987039,78.63713607226106,78.64779149268581,-0.8477914926858148,0.8477914926858148
2023-03-28,70.6,77.21366821987039,71.38852194108996,71.21304556245312,-0.6130455624531237,0.6130455624531237
2023-03-29,72.8,77.21366821987039,72.96382592685089,72.82880061370498,-0.028800613704987654,0.028800613704987654
2023-03-30,74.8,73.33878104381989,74.83443451964703,74.81547224836328,-0.015472248363280983,0.015472248363280983
2023-03-31,88.2,73.33878104381989,87.31589145160393,87.61743127790938,0.5825687220906275,0.5825687220906275
2023-04-01,81.6,73.33878104381989,81.84674879291458,82.00785055147838,-0.4078505514783899,0.4078505514783899
2023-04-02,84.3,73.33878104381989,84.2830947670385,84.50675765123184,-0.20675765123183965,0.20675765123183965
2023-04-03,90.8,73.33878104381989,89.48255417429793,89.8397301295567,0.9602698704432981,0.9602698704432981
2023-04-04,86.6,73.33878104381989,86.2992037198912,86.57463677417607,0.025363225823923585,0.025363225823923585
2023-04-05,76.6,73.33878104381989,77.44793390686105,77.49608175262665,-0.8960817526266567,0.8960817526266567
2023-04-06,61.3,77.75064570858505,60.51639523389623,60.05231416638169,1.2476858336183057,1.2476858336183057
2023-04-07,53.7,77.75064570858505,54.782978352897096,54.17167311542138,-0.4716731154213747,0.4716731154213747
2023-04-08,62.0,77.75064570858505,62.57095521284271,62.159631670869054,-0.15963167086905372,0.15963167086905372
2023-04-09,71.9,77.75064570858505,72.2015184121434,72.03749097695983,-0.1374909769598247,0.1374909769598247
2023-04-10,72.2,77.75064570858505,72.3066499223,72.14532208137948,0.054677918620527066,0.054677918620527066
2023-04-11,75.1,77.75064570858505,75.1397140613472,75.05113437828352,0.04886562171647313,0.04886562171647313
2023-04-12,77.5,77.75064570858505,77.62774198822007,77.60305053341133,-0.1030505334113343,0.1030505334113343
2023-04-13,78.7,77.52716629807398,78.74945315379067,78.75748878389874,-0.057488783898733686,0.057488783898733686
2023-04-14,78.6,77.52716629807398,78.1884367665831,78.18206647197722,0.41793352802277184,0.41793352802277184
2023-04-15,92.0,77.52716629807398,90.36161978438234,90.66783564961432,1.332164350385682,1.332164350385682
2023-04-16,74.5,77.52716629807398,74.93650214022087,74.84662782243454,-0.3466278224345416,0.3466278224345416
2023-04-17,78.1,77.52716629807398,78.53013800123482,78.53254199981056,-0.4325419998105673,0.4325419998105673
2023-04-18,78.7,77.52716629807398,78.68708195199414,78.69351599815941,0.006484001840590281,0.006484001840590281
2023-04-19,80.1,77.52716629807398,80.27079776959144,80.3178988824535,-0.21789888245351108,0.21789888245351108
2023-04-20,86.0,79.98396858594491,85.17947669001752,85.30949153414366,0.6905084658563396,0.6905084658563396
2023-04-21,80.0,79.98396858594491,79.83166622544121,79.82435860146526,0.17564139853473648,0.17564139853473648
2023-04-22,78.6,79.98396858594491,78.97783779137532,78.94860533878432,-0.3486053387843242,0.3486053387843242
2023-04-23,68.2,79.98396858594491,67.97244921120547,67.66061752809534,0.5393824719046592,0.5393824719046592
2023-04-24,69.7,79.98396858594491,69.59406143994894,69.32386993743808,0.37613006256192705,0.37613006256192705
2023-04-25,73.9,79.98396858594491,73.39625958073789,73.22370191105726,0.6762980889427439,0.6762980889427439
2023-04-26,84.3,79.98396858594491,83.87690308788432,83.97347010824886,0.3265298917511359,0.3265298917511359
2023-04-27,80.5,83.06245761826659,80.44673283938282,80.40117187213195,0.09882812786804607,0.09882812786804607
2023-04-28,83.5,83.06245761826659,81.61570289089995,81.600159040687,1.8998409593129963,1.8998409593129963
2023-04-29,75.5,83.06245761826659,75.42394094418654,75.24940342019711,0.2505965798028882,0.2505965798028882
2023-04-30,89.4,83.06245761826659,89.03691907606282,89.21193914534854,0.18806085465146793,0.18806085465146793
2023-05-01,82.9,83.06245761826659,83.3449172119547,83.37377657685522,-0.4737765768552151,0.4737765768552151
2023-05-02,79.7,83.06245761826659,80.14511034398599,80.09180423584478,-0.39180423584477353,0.39180423584477353
2023-05-03,84.3,83.06245761826659,84.2469735804229,84.2989961833824,0.0010038166175974084,0.0010038166175974084
2023-05-04,84.0,83.57600967217134,83.86191213578087,83.89503090570896,0.10496909429103596,0.10496909429103596
2023-05-05,92.3,83.57600967217134,91.90858675421796,92.14833012797926,0.151669872020733,0.151669872020733
2023-05-06,88.7,83.57600967217134,88.3637317668443,88.512449432205,0.18755056779500023,0.18755056779500023
2023-05-07,85.4,83.57600967217134,85.54047158778718,85.61669284392573,-0.21669284392572763,0.21669284392572763
2023-05-08,90.7,83.57600967217134,89.61628004009879,89.7971609658143,0.9028390341857033,0.9028390341857033
2023-05-09,75.6,83.57600967217134,76.30343517142575,76.14246540386483,-0.5424654038648384,0.5424654038648384
2023-05-10,81.6,83.57600967217134,81.44540952935961,81.4164767168154,0.18352328318459854,0.18352328318459854
2023-05-11,89.3,81.08536706643001,89.01518484432228,89.22435740822452,0.07564259177547683,0.07564259177547683
2023-05-12,86.7,81.08536706643001,86.85350032051278,87.0071645869475,-0.3071645869474935,0.3071645869474935
2023-05-13,77.6,81.08536706643001,76.88082959332334,76.77841302688293,0.8215869731170642,0.8215869731170642
2023-05-14,83.7,81.08536706643001,83.06020527528028,83.1164643248882,0.5835356751118042,0.5835356751118042
2023-05-15,84.3,81.08536706643001,83.98191937715053,84.0618464412088,0.23815355879119693,0.23815355879119693
2023-05-16,82.2,81.08536706643001,81.96339829267963,81.99149324730325,0.20850675269674923,0.20850675269674923
2023-05-17,88.5,81.08536706643001,88.481224354465,88.67668574202284,-0.1766857420228405,0.1766857420228405
2023-05-18,89.4,87.24242155133207,89.26484147831343,89.3723290809963,0.027670919003710992,0.027670919003710992
2023-05-19,90.5,87.24242155133207,90.51857060231444,90.65825178754473,-0.15825178754472802,0.15825178754472802
2023-05-20,82.4,87.24242155133207,82.59409068882505,82.53028501763924,-0.13028501763923828,0.13028501763923828
2023-05-21,73.4,87.24242155133207,74.73808652736153,74.47255233793103,-1.0725523379310289,1.0725523379310289
2023-05-22,84.3,87.24242155133207,84.18483096833722,84.16187273980836,0.1381272601916379,0.1381272601916379
2023-05-23,90.1,87.24242155133207,89.79399280441785,89.91506809248739,0.18493190751260613,0.18493190751260613
2023-05-24,83.3,87.24242155133207,83.21470473068595,83.16683534829191,0.13316465170808556,0.13316465170808556
2023-05-25,83.3,83.51269673784755,83.57945599886233,83.60643333381634,-0.30643333381634363,0.30643333381634363
2023-05-26,87.8,83.51269673784755,87.9593953511766,88.09884190806383,-0.29884190806383515,0.29884190806383515
2023-05-27,86.5,83.51269673784755,86.3568910013598,86.45518803473291,0.04481196526708686,0.04481196526708686
2023-05-28,84.5,83.51269673784755,85.21735448822014,85.28639020660961,-0.7863902066096102,0.7863902066096102
2023-05-29,85.0,83.51269673784755,85.07228665050226,85.13759727922194,-0.13759727922193576,0.13759727922193576
2023-05-30,88.7,83.51269673784755,88.65670030455657,88.81405243940925,-0.11405243940924947,0.11405243940924947
2023-05-31,89.3,83.51269673784755,89.29299800546679,89.46668915818772,-0.16668915818772234,0.16668915818772234
2023-06-01,89.4,88.39009316668465,89.46863219384794,89.56120380598517,-0.16120380598516704,0.16120380598516704
2023-06-02,89.4,88.39009316668465,89.57054372641257,89.66573224939071,-0.26573224939070883,0.26573224939070883
2023-06-03,91.7,88.39009316668465,91.66034458527588,91.80919555827575,-0.10919555827574356,0.10919555827574356
2023-06-04,80.6,88.39009316668465,81.18894218247027,81.06890576090589,-0.46890576090589775,0.46890576090589775
2023-06-05,85.5,88.39009316668465,85.353224090146,85.34011918255781,0.15988081744218618,0.15988081744218618
2023-06-06,87.1,88.39009316668465,87.19856397907644,87.23284418913849,-0.1328441891384955,0.1328441891384955
2023-06-07,89.4,88.39009316668465,89.63746518273405,89.73437213227422,-0.33437213227421125,0.33437213227421125
2023-06-08,87.5,88.35630166653483,88.11260163517038,88.17094599899286,-0.6709459989928632,0.6709459989928632
2023-06-09,97.9,88.35630166653483,96.69673635912692,96.97550636716824,0.9244936328317692,0.9244936328317692
2023-06-10,96.1,88.35630166653483,95.86720899447774,96.12467818308531,-0.024678183085313776,0.024678183085313776
2023-06-11,97.3,88.35630166653483,96.84378313769568,97.1263290511647,0.17367094883529433,0.17367094883529433
2023-06-12,95.6,88.35630166653483,95.84683286297032,96.10377882797312,-0.5037788279731217,0.5037788279731217
2023-06-13,92.8,88.35630166653483,93.20915528256468,93.39837027658447,-0.5983702765844754,0.5983702765844754
2023-06-14,94.5,88.35630166653483,95.00443703518704,95.23975174101257,-0.7397517410125687,0.7397517410125687
2023-06-15,98.7,93.07816392778462,97.8016866196304,98.02593092691322,0.674069073086784,0.674069073086784
2023-06-16,101.1,93.07816392778462,99.8907511557887,100.1686390056073,0.9313609943926906,0.9313609943926906
2023-06-17,95.4,93.07816392778462,95.62563801892551,95.79400518423813,-0.39400518423812514,0.39400518423812514
2023-06-18,104.1,93.07816392778462,101.98718461677208,102.31890523029482,1.7810947697051773,1.7810947697051773
2023-06-19,101.3,93.07816392778462,100.50408761516252,100.79772487811685,0.5022751218831445,0.5022751218831445
2023-06-20,103.3,93.07816392778462,101.80920982420348,102.13636035471048,1.1636396452895212,1.1636396452895212
2023-06-21,101.9,93.07816392778462,98.91493359695858,99.16776414968642,2.732235850313586,2.732235850313586
2023-06-22,92.3,100.028314342423,92.29838367257746,92.25929311704157,0.040706882958431834,0.040706882958431834
2023-06-23,97.8,100.028314342423,97.30174293900544,97.39112994411207,0.408870055887931,0.408870055887931
2023-06-24,100.5,100.028314342423,99.85663793126804,100.01163019452717,0.4883698054728285,0.4883698054728285
2023-06-25,99.8,100.028314342423,99.64716361391878,99.79677694117167,0.00322305882832552,0.00322305882832552
2023-06-26,101.5,100.028314342423,100.95598788503156,101.13920954234995,0.36079045765005446,0.36079045765005446
2023-06-27,102.6,100.028314342423,101.67547374327056,101.87717054559873,0.7228294544012641,0.7228294544012641
2023-06-28,101.3,100.028314342423,100.83359637237764,101.01367522859944,0.2863247714005581,0.2863247714005581
2023-06-29,98.8,99.48202445686596,98.97922170399036,99.12127432870064,-0.321274328700639,0.321274328700639
2023-06-30,99.1,99.48202445686596,98.96234413251216,99.10396337055207,-0.00396337055207141,0.00396337055207141
2023-07-01,99.2,99.48202445686596,98.9044375925243,99.04456989136862,0.15543010863137852,0.15543010863137852
2023-07-02,96.1,99.48202445686596,96.73395897435894,96.81835715869349,-0.7183571586934931,0.7183571586934931
2023-07-03,96.2,99.48202445686596,97.2147700341324,97.3115146099212,-1.1115146099212012,1.1115146099212012
2023-07-04,95.2,99.48202445686596,95.34488451409706,95.39361368313567,-0.1936136831356663,0.1936136831356663
2023-07-05,96.8,99.48202445686596,96.98099804847942,97.07173976641535,-0.2717397664153509,0.2717397664153509
2023-07-06,89.3,95.17146806293536,89.88173504412252,89.86585789084401,-0.5658578908440148,0.5658578908440148
2023-07-07,92.2,95.17146806293536,92.12022692099568,92.16183034437464,0.03816965562536723,0.03816965562536723
2023-07-08,100.6,95.17146806293536,100.27032229090348,100.52120598307218,0.07879401692781585,0.07879401692781585
2023-07-09,100.5,95.17146806293536,100.66462319496272,100.92563184830551,-0.4256318483055139,0.4256318483055139
2023-07-10,104.0,95.17146806293536,103.00162648774838,103.32264531950977,0.6773546804902253,0.6773546804902253
2023-07-11,101.6,95.17146806293536,101.41950848000042,101.69990127404192,-0.09990127404192606,0.09990127404192606
2023-07-12,105.9,95.17146806293536,103.97926506512492,104.32538795456495,1.5746120454350603,1.5746120454350603
2023-07-13,105.4,103.23925426462718,103.6410332198869,103.8368296251812,1.5631703748188102,1.5631703748188102
2023-07-14,104.2,103.23925426462718,103.36548004044568,103.55420071952548,0.6457992804745203,0.6457992804745203
2023-07-15,104.5,103.23925426462718,103.96905841866467,104.17327794033419,0.326722059665812,0.326722059665812
2023-07-16,104.0,103.23925426462718,103.37105598706854,103.55991984675606,0.44008015324394023,0.44008015324394023
2023-07-17,105.6,103.23925426462718,104.54911081765457,104.76822507569993,0.8317749243000634,0.8317749243000634
2023-07-18,105.1,103.23925426462718,104.2198943611943,104.4305549134398,0.669445086560188,0.669445086560188
2023-07-19,103.8,103.23925426462718,103.38828895826396,103.57759533066822,0.22240466933178027,0.22240466933178027
2023-07-20,103.2,101.78055017912595,102.9283370220057,103.13144222085107,0.06855777914893224,0.06855777914893224
2023-07-21,101.6,101.78055017912595,101.54116800733982,101.70865311941688,-0.1086531194168856,0.1086531194168856
2023-07-22,103.2,101.78055017912595,103.14508518321958,103.35375609772589,-0.15375609772588916,0.15375609772588916
2023-07-23,103.2,101.78055017912595,103.6491764076201,103.87079150770327,-0.6707915077032709,0.6707915077032709
2023-07-24,101.8,101.78055017912595,101.85813536012591,102.03375964233264,-0.23375964233264312,0.23375964233264312
2023-07-25,102.0,101.78055017912595,101.86914386169376,102.04505082306711,-0.04505082306711472,0.04505082306711472
2023-07-26,101.5,101.78055017912595,101.58237849025969,101.75092181583622,-0.25092181583622164,0.25092181583622164
2023-07-27,100.6,99.6235010990924,100.6967200731459,100.88039124723734,-0.2803912472373469,0.2803912472373469
2023-07-28,99.5,99.6235010990924,100.26308004356758,100.43561609618753,-0.9356160961875304,0.9356160961875304
2023-07-29,100.4,99.6235010990924,100.85559213564214,101.04334286787778,-0.6433428678777773,0.6433428678777773
2023-07-30,101.6,99.6235010990924,101.91810729444164,102.13314156729054,-0.5331415672905422,0.5331415672905422
2023-07-31,104.1,99.6235010990924,104.18543958541456,104.45869500657571,-0.35869500657571507,0.35869500657571507
2023-08-01,103.2,99.6235010990924,102.9698841817904,103.21192625512516,-0.011926255125160878,0.011926255125160878
2023-08-02,103.9,99.6235010990924,104.0484982149794,104.31823722001138,-0.41823722001137753,0.41823722001137753
2023-08-03,102.6,101.719283977545,102.36772009934516,102.55750524495113,0.04249475504886391,0.04249475504886391
2023-08-04,104.0,101.719283977545,103.88130774503271,104.1099591878965,-0.10995918789649295,0.10995918789649295
2023-08-05,104.6,101.719283977545,104.5715399149461,104.81791531900181,-0.21791531900181837,0.21791531900181837
2023-08-06,104.0,101.719283977545,103.5006811282468,103.71955874184184,0.280441258158163,0.280441258158163
2023-08-07,105.7,101.719283977545,104.49154023476515,104.73586138622485,0.9641386137751482,0.9641386137751482
2023-08-08,105.0,101.719283977545,104.0361786258881,104.2688068835132,0.7311931164868071,0.7311931164868071
2023-08-09,107.1,101.719283977545,103.92786529267524,104.15771225235724,2.9422877476427516,2.9422877476427516
2023-08-10,106.7,104.52239533889612,104.43386257039748,104.62749011646589,2.07250988353411,2.07250988353411
2023-08-11,105.7,104.52239533889612,104.27288584781444,104.46237979172948,1.2376202082705277,1.2376202082705277
2023-08-12,105.1,104.52239533889612,103.68160448162948,103.85591534882833,1.2440846511716614,1.2440846511716614
2023-08-13,105.1,104.52239533889612,103.8380523858086,104.01638056298385,1.0836194370161394,1.0836194370161394
2023-08-14,105.2,104.52239533889612,103.98948698766507,104.17170374193573,1.0282962580642732,1.0282962580642732
2023-08-15,100.2,104.52239533889612,101.38841883359687,101.5038446832563,-1.303844683256301,1.303844683256301
2023-08-16,102.7,104.52239533889612,102.46771933874942,102.61085974751173,0.08914025248827784,0.08914025248827784
2023-08-17,107.2,100.52155008716336,105.69587783674652,105.99215217725816,1.20784782274184,1.20784782274184
2023-08-18,104.3,100.52155008716336,104.67765646090017,104.94778464807827,-0.6477846480782716,0.6477846480782716
2023-08-19,103.5,100.52155008716336,103.2532929306804,103.48684594064532,0.013154059354675951,0.013154059354675951
2023-08-20,105.2,100.52155008716336,104.65356747696744,104.92307710095045,0.27692289904955203,0.27692289904955203
2023-08-21,103.4,100.52155008716336,104.42035618756243,104.68387735139666,-1.2838773513966544,1.2838773513966544
2023-08-22,97.9,100.52155008716336,98.02267892593524,98.12191886897702,-0.22191886897701352,0.22191886897701352
2023-08-23,100.1,100.52155008716336,99.93033064578384,100.07855576587781,0.021444234122185435,0.021444234122185435
2023-08-24,104.5,98.18795124950915,104.5574224317349,104.86543281205532,-0.3654328120553174,0.3654328120553174
2023-08-25,105.3,98.18795124950915,105.43099839951708,105.76144069075976,-0.46144069075975835,0.46144069075975835
2023-08-26,105.7,98.18795124950915,104.9830978230103,105.30203880674821,0.39796119325178836,0.39796119325178836
2023-08-27,108.1,98.18795124950915,104.90847399230888,105.22549876591201,2.8745012340879867,2.8745012340879867
2023-08-28,99.1,98.18795124950915,98.88613425810296,99.04851582556996,0.05148417443002984,0.05148417443002984
2023-08-29,98.5,98.18795124950915,98.87818275439837,99.04036014108502,-0.5403601410850172,0.5403601410850172
2023-08-30,100.2,98.18795124950915,100.1795531732156,100.3751474880097,-0.17514748800969926,0.17514748800969926
2023-08-31,101.1,98.29234717634246,100.97881818875562,101.19310342189834,-0.09310342189834842,0.09310342189834842
2023-09-01,98.6,98.29234717634246,98.77916027722272,98.93696212237089,-0.33696212237089185,0.33696212237089185
2023-09-02,99.5,98.29234717634246,99.80629011786816,99.99046687022611,-0.4904668702261148,0.4904668702261148
2023-09-03,100.3,98.29234717634246,100.5008499413781,100.7028617815427,-0.4028617815426969,0.4028617815426969
2023-09-04,101.4,98.29234717634246,101.32542934391996,101.54861494846031,-0.1486149484603061,0.1486149484603061
2023-09-05,102.4,98.29234717634246,102.12276394571518,102.3664237155512,0.03357628444879879,0.03357628444879879
2023-09-06,101.4,98.29234717634246,101.66610502824383,101.89803859161773,-0.49803859161772834,0.49803859161772834
2023-09-07,104.3,99.5941841538052,104.571466173063,104.85514878535724,-0.5551487853572468,0.5551487853572468
2023-09-08,106.1,99.5941841538052,105.8390273268215,106.15525870412104,-0.05525870412104439,0.05525870412104439
2023-09-09,102.6,99.5941841538052,102.56857128565888,102.80082304207122,-0.20082304207122093,0.20082304207122093
2023-09-10,98.2,99.5941841538052,98.8701167377761,99.00739861632107,-0.8073986163210662,0.8073986163210662
2023-09-11,96.6,99.5941841538052,96.8356454316517,96.92068562682168,-0.32068562682168533,0.32068562682168533
2023-09-12,93.0,99.5941841538052,93.73086143925516,93.73617618349829,-0.7361761834982872,0.7361761834982872
2023-09-13,88.6,99.5941841538052,88.88587846077527,88.76678247189227,-0.1667824718922759,0.1667824718922759
2023-09-14,93.0,88.25540373078415,90.82795584380894,90.95779718376218,2.0422028162378183,2.0422028162378183
2023-09-15,88.3,88.25540373078415,88.09686294816291,88.15657457437061,0.14342542562938831,0.14342542562938831
2023-09-16,84.3,88.25540373078415,84.27254690136259,84.2340567453965,0.06594325460349637,0.06594325460349637
2023-09-17,91.9,88.25540373078415,91.77781438838946,91.93204644311348,-0.03204644311347238,0.03204644311347238
2023-09-18,94.9,88.25540373078415,94.72186701146067,94.95169721520297,-0.051697215202963775,0.051697215202963775
2023-09-19,96.3,88.25540373078415,96.27579689224171,96.54552931164777,-0.24552931164777192,0.24552931164777192
2023-09-20,98.1,88.25540373078415,97.90430532072097,98.21585500313682,-0.11585500313682928,0.11585500313682928
2023-09-21,95.6,96.35465665359668,95.74064126429124,95.85443809710651,-0.2544380971065152,0.2544380971065152
2023-09-22,98.6,96.35465665359668,98.44521160783668,98.62845710140601,-0.028457101406019092,0.028457101406019092
2023-09-23,100.0,96.35465665359668,99.85415167679535,100.07357629992788,-0.07357629992787906,0.07357629992787906
2023-09-24,101.8,96.35465665359668,101.1749626357302,101.4283033862159,0.3716966137840956,0.3716966137840956
2023-09-25,95.1,96.35465665359668,94.91425330641584,95.00682993430108,0.09317006569891362,0.09317006569891362
2023-09-26,95.3,96.35465665359668,95.18673184731924,95.28630525005084,0.013694749949152651,0.013694749949152651
