Date,True_Temperature,Predicted_Temperature,Prediction_Error
2018-01-25,65.5,65.2211363227051,0.27886367729489336
2018-01-26,67.1,67.06419116410544,0.03580883589455652
2018-01-27,68.2,68.49979698765283,-0.2997969876528259
2018-01-28,70.0,70.099520350136,-0.0995203501360038
2018-01-29,67.4,66.5808661879787,0.8191338120213061
2018-01-30,65.1,64.62008218827741,0.4799178117225864
2018-01-31,71.6,70.91291340105974,0.6870865989402546
2018-02-01,71.8,71.76266581149646,0.03733418850353587
2018-02-02,57.4,58.413191944860664,-1.0131919448606652
2018-02-03,56.0,56.630301005938506,-0.6303010059385059
2018-02-04,74.2,71.59996951000389,2.600030489996115
2018-02-05,54.9,55.68095973540349,-0.7809597354034921
2018-02-06,54.2,54.07235253774001,0.12764746225999346
2018-02-07,47.5,46.89762385114886,0.6023761488511425
2018-02-08,58.4,58.50627741147739,-0.106277411477393
2018-02-09,63.6,63.70067386558442,-0.10067386558441882
2018-02-10,61.7,61.65299842587966,0.047001574120344
2018-02-11,41.7,42.52424668962571,-0.8242466896257099
2018-02-12,42.3,43.00812502497499,-0.70812502497499
2018-02-13,46.7,46.741004285991785,-0.0410042859917823
2018-02-14,70.7,68.53552496184372,2.164475038156283
2018-02-15,75.1,74.84752135017757,0.25247864982242163
2018-02-16,70.7,72.241521457709,-1.5415214577089955
2018-02-17,61.5,62.034254500360774,-0.5342545003607739
2018-02-18,75.1,73.59445395854137,1.5055460414586292
2018-02-19,80.0,80.12661134143633,-0.12661134143633035
2018-02-20,73.1,74.78950865731491,-1.6895086573149172
2018-02-21,70.8,66.18331417818297,4.616685821817029
2018-02-22,44.0,43.8513073204573,0.14869267954269816
2018-02-23,63.2,62.1125729187479,1.0874270812521019
2018-02-24,74.2,74.53416870768116,-0.33416870768115814
2018-02-25,65.4,66.60461510295258,-1.2046151029525731
2018-02-26,67.9,68.21995319929249,-0.31995319929248467
2018-02-27,79.5,78.42518387133705,1.0748161286629454
2018-02-28,81.4,81.09811022146721,0.3018897785327965
2018-03-01,70.8,71.40689605255855,-0.6068960525585538
2018-03-02,74.0,73.97651825772272,0.0234817422772835
2018-03-03,71.2,70.81543281857036,0.3845671814296452
2018-03-04,78.7,78.40734294524917,0.29265705475083337
2018-03-05,81.9,82.42521829420573,-0.5252182942057289
2018-03-06,73.0,73.06329249986125,-0.06329249986124807
2018-03-07,66.5,66.192099045399,0.30790095460099565
2018-03-08,70.0,69.69719540632977,0.30280459367023127
2018-03-09,72.8,73.31152154373405,-0.5115215437340481
2018-03-10,88.7,88.10885027717383,0.5911497228261737
2018-03-11,70.5,72.4900997113997,-1.9900997113996937
2018-03-12,66.4,66.38702574994441,0.012974250055592051
2018-03-13,70.3,70.15721596146903,0.14278403853096222
2018-03-14,70.9,71.24534361055603,-0.3453436105560286
2018-03-15,74.4,74.63016226065594,-0.2301622606559306
2018-03-16,87.6,87.04686039793535,0.5531396020646469
2018-03-17,83.4,83.15055466477973,0.24944533522027257
2018-03-18,81.8,81.17256130744263,0.6274386925573623
2018-03-19,80.9,81.37298534663856,-0.4729853466385521
2018-03-20,73.8,74.00070776862023,-0.20070776862023365
2018-03-21,76.3,76.08885225052731,0.211147749472687
2018-03-22,79.8,79.567435521423,0.2325644785770038
2018-03-23,79.9,79.70473932629871,0.19526067370129851
2018-03-24,83.5,83.32896434676437,0.1710356532356343
2018-03-25,76.5,77.01895610500611,-0.5189561050061116
2018-03-26,86.3,86.13514006895878,0.16485993104122088
2018-03-27,80.5,80.66941159673662,-0.16941159673662298
2018-03-28,70.9,70.81643841991341,0.0835615800865952
2018-03-29,84.3,82.52489351481856,1.775106485181439
2018-03-30,73.0,73.56342508222984,-0.5634250822298412
2018-03-31,81.6,81.51285861638357,0.08714138361642654
2018-04-01,81.2,81.01361249236865,0.18638750763135192
2018-04-02,83.2,82.77480303238436,0.42519696761564774
2018-04-03,80.7,80.92169338161841,-0.22169338161840813
2018-04-04,69.3,69.61443774003772,-0.31443774003771807
2018-04-05,76.2,76.33353984903977,-0.13353984903976368
2018-04-06,83.8,83.77273480200353,0.027265197996470647
2018-04-07,74.4,68.96921507450882,5.4307849254911815
2018-04-08,64.7,64.23505936910313,0.46494063089687643
2018-04-09,65.0,65.89356547659854,-0.893565476598539
2018-04-10,75.2,75.09650990884113,0.10349009115887498
2018-04-11,81.6,81.60400926646885,-0.004009266468855799
2018-04-12,84.7,84.16339207389832,0.5366079261016807
2018-04-13,86.2,85.70085224809914,0.499147751900864
2018-04-14,71.3,71.70831303210676,-0.4083130321067614
2018-04-15,76.6,75.77338167422855,0.8266183257714488
2018-04-16,82.7,82.40454918414926,0.2954508158507423
2018-04-17,86.2,85.8341809107558,0.3658190892441979
2018-04-18,82.3,82.5385216165779,-0.2385216165778985
2018-04-19,75.7,75.68874880536126,0.011251194638745687
2018-04-20,69.1,69.3961400002775,-0.29614000027750365
2018-04-21,72.4,71.8961187919719,0.5038812080281048
2018-04-22,78.0,78.09064927294921,-0.09064927294920722
2018-04-23,85.2,84.87689097014089,0.3231090298591113
2018-04-24,86.2,86.02630036005661,0.17369963994339344
2018-04-25,86.8,84.26814297646791,2.5318570235320834
2018-04-26,77.5,77.66858042027425,-0.16858042027425313
2018-04-27,78.7,79.14686283812189,-0.44686283812188776
2018-04-28,83.6,83.96930695207575,-0.36930695207576036
2018-04-29,81.7,82.14844882062384,-0.4484488206238382
2018-04-30,78.3,78.37335714485677,-0.07335714485677158
2018-05-01,79.9,80.20613915932923,-0.30613915932922
2018-05-02,87.2,86.96318306068923,0.23681693931077064
2018-05-03,85.1,85.7648025578588,-0.6648025578588062
2018-05-04,74.9,74.99641857760304,-0.09641857760303196
2018-05-05,85.0,84.39253979492733,0.6074602050726696
2018-05-06,89.0,88.09448454045963,0.9055154595403678
2018-05-07,90.6,89.75754595820852,0.8424540417914699
2018-05-08,87.8,88.14201629065381,-0.34201629065381667
2018-05-09,87.8,87.67682835812064,0.12317164187935248
2018-05-10,89.2,88.87073180985685,0.32926819014315356
2018-05-11,89.7,89.71487138868082,-0.014871388680816722
2018-05-12,90.2,90.36241893002828,-0.16241893002828078
2018-05-13,90.9,90.87445349962543,0.025546500374574066
2018-05-14,89.7,89.94814453116327,-0.24814453116326263
2018-05-15,89.1,89.42438065614944,-0.3243806561494438
2018-05-16,95.6,94.53751635621327,1.0624836437867202
2018-05-17,96.0,95.97688479437227,0.023115205627732394
2018-05-18,94.0,94.04680024142523,-0.04680024142523109
2018-05-19,92.4,92.60169113247866,-0.20169113247865766
2018-05-20,81.6,81.9891634607223,-0.3891634607223011
2018-05-21,84.6,84.27985071074758,0.3201492892524129
2018-05-22,87.4,87.59825750430129,-0.19825750430128153
2018-05-23,89.1,88.94677576728832,0.15322423271167906
2018-05-24,91.6,91.46129501193258,0.13870498806741693
2018-05-25,93.5,93.34806045343545,0.15193954656454878
2018-05-26,97.4,97.35905947039056,0.04094052960944339
2018-05-27,95.9,96.10262828005327,-0.20262828005326128
2018-05-28,94.5,95.01895222451164,-0.5189522245116365
2018-05-29,96.4,96.49737486749365,-0.09737486749364166
2018-05-30,96.0,95.93463731199357,0.06536268800643086
2018-05-31,97.9,97.49120399461651,0.40879600538349337
2018-06-01,97.9,97.70364294039304,0.19635705960696725
2018-06-02,99.6,99.15080889006822,0.4491911099317747
2018-06-03,97.8,97.60242886325281,0.19757113674718596
2018-06-04,88.9,89.27637573398819,-0.37637573398818347
2018-06-05,98.3,97.86134048649468,0.4386595135053142
2018-06-06,98.0,97.8709762924576,0.12902370754240167
2018-06-07,97.1,96.95459068223441,0.14540931776558352
2018-06-08,95.2,95.262134714591,-0.06213471459099651
2018-06-09,93.6,93.27880563884224,0.321194361157751
2018-06-10,98.4,98.03545253427126,0.36454746572874797
2018-06-11,97.6,97.81169345931846,-0.21169345931846806
2018-06-12,97.9,98.12421199148073,-0.224211991480729
2018-06-13,97.6,97.7935059870685,-0.1935059870685052
2018-06-14,96.4,96.36439735750362,0.035602642496385783
2018-06-15,94.0,94.1377958771212,-0.13779587712120644
2018-06-16,91.4,91.60143108835611,-0.20143108835610235
2018-06-17,93.2,92.87055850191477,0.32944149808523093
2018-06-18,91.3,91.0164529970029,0.28354700299709634
2018-06-19,79.4,80.2559464577089,-0.855946457708896
2018-06-20,82.8,83.7505718462093,-0.9505718462093
2018-06-21,93.4,92.95969557525801,0.4403044247419956
2018-06-22,99.0,98.38279496753243,0.6172050324675666
2018-06-23,97.8,97.80109129967255,-0.0010912996725522817
2018-06-24,99.3,99.08516880575559,0.214831194244411
2018-06-25,94.5,94.79389746572872,-0.293897465728719
2018-06-26,98.4,98.38315315032197,0.016846849678032072
2018-06-27,99.3,99.17584910783653,0.12415089216347042
2018-06-28,99.3,99.11562882767812,0.1843711723218746
2018-06-29,97.8,97.92568196733824,-0.1256819673382381
2018-06-30,99.5,99.4367299065517,0.06327009344829548
2018-07-01,102.6,101.50157072996448,1.0984292700355098
2018-07-02,100.6,100.36425349580973,0.23574650419026
2018-07-03,101.2,100.92062695533632,0.27937304466368573
2018-07-04,94.5,93.31824103555749,1.1817589644425084
2018-07-05,93.3,93.07731907883789,0.2226809211621088
2018-07-06,95.7,96.04027288406034,-0.3402728840603402
2018-07-07,91.9,91.78087606074487,0.11912393925513243
2018-07-08,91.8,91.56869201562331,0.23130798437668432
2018-07-09,80.3,80.56126674991675,-0.26126674991675713
2018-07-10,92.9,92.95870441988572,-0.05870441988571429
2018-07-11,94.3,94.60161479986509,-0.3016147998650922
2018-07-12,96.0,96.24268983849079,-0.24268983849079007
2018-07-13,94.9,95.42277261843562,-0.5227726184356101
2018-07-14,96.3,96.50098481726614,-0.20098481726614637
2018-07-15,96.2,96.44886469988347,-0.2488646998834696
2018-07-16,98.0,98.10004381930203,-0.1000438193020301
2018-07-17,98.9,98.7362105894106,0.163789410589402
2018-07-18,101.6,101.35898837308518,0.24101162691481193
2018-07-19,102.4,101.9346282679126,0.4653717320874051
2018-07-20,102.8,102.44388258651071,0.3561174134892866
2018-07-21,102.2,101.60440690490064,0.5955930950993604
2018-07-22,104.6,103.72528423347492,0.8747157665250711
2018-07-23,108.8,105.8447198173172,2.955280182682799
2018-07-24,100.6,102.12196053356358,-1.5219605335635862
2018-07-25,100.0,100.5742011488512,-0.574201148851202
2018-07-26,100.3,100.49124660478401,-0.19124660478401267
2018-07-27,101.7,101.63610132471693,0.06389867528307036
2018-07-28,100.0,100.24333896242636,-0.243338962426364
2018-07-29,101.3,101.46368353070545,-0.16368353070545538
2018-07-30,99.9,100.50131675607885,-0.6013167560788446
2018-07-31,95.7,96.72140444996188,-1.021404449961878
2018-08-01,98.7,98.42729285298023,0.27270714701977283
2018-08-02,98.3,98.25241003753183,0.047589962468165936
2018-08-03,98.5,98.50537561258182,-0.005375612581815403
2018-08-04,96.3,96.3765757284383,-0.07657572843829996
2018-08-05,96.8,96.90797008893884,-0.10797008893884197
2018-08-06,94.8,95.15629514868306,-0.3562951486830599
2018-08-07,98.5,98.46709210581089,0.03290789418910833
2018-08-08,100.7,100.59053787007521,0.10946212992479332
2018-08-09,99.3,99.22190144438883,0.07809855561116308
2018-08-10,95.1,95.55194945964986,-0.45194945964986744
2018-08-11,95.6,94.82662534756912,0.7733746524308742
2018-08-12,88.5,88.35190967227217,0.1480903277278287
2018-08-13,97.1,97.08017059884568,0.0198294011543112
2018-08-14,97.6,97.71316860465912,-0.1131686046591227
2018-08-15,100.5,100.32398251085102,0.17601748914897541
2018-08-16,100.8,100.96636672077926,-0.16636672077926562
2018-08-17,103.2,102.36921049159172,0.8307895084082872
2018-08-18,102.5,102.04455017655954,0.4554498234404605
2018-08-19,101.6,101.3419955332454,0.2580044667545991
2018-08-20,100.9,101.11405483336114,-0.21405483336113207
2018-08-21,102.3,102.24137158050286,0.058628419497139816
2018-08-22,102.4,102.33175241737428,0.06824758262573027
2018-08-23,102.2,102.33013409160289,-0.13013409160288347
2018-08-24,101.5,101.65777364579864,-0.15777364579864184
2018-08-25,100.5,100.38203918858908,0.1179608114109243
2018-08-26,99.7,99.87899869227988,-0.17899869227987608
2018-08-27,99.9,100.10821995088256,-0.20821995088255107
2018-08-28,100.9,100.94529685592181,-0.04529685592180499
2018-08-29,100.8,100.08161051795423,0.7183894820457652
2018-08-30,96.7,96.7117278083029,-0.01172780830289355
2018-08-31,99.6,99.45112104492723,0.14887895507276028
2018-09-01,97.8,97.92309342046846,-0.12309342046846439
2018-09-02,96.6,96.60596664238545,-0.005966642385459409
2018-09-03,93.0,92.34897602120104,0.6510239787989605
2018-09-04,89.7,89.56944269064266,0.1305573093573429
2018-09-05,93.6,93.25065831876455,0.34934168123544396
2018-09-06,93.8,93.57260089979452,0.22739910020547427
2018-09-07,87.9,87.95752900294144,-0.05752900294143615
2018-09-08,89.1,89.08984748931614,0.010152510683852256
2018-09-09,78.3,79.29720461377073,-0.9972046137707338
2018-09-10,76.0,78.302050470363,-2.3020504703629996
2018-09-11,82.3,82.06888050595241,0.23111949404759002
2018-09-12,86.8,86.98642784754053,-0.18642784754052855
2018-09-13,89.7,89.59843059995552,0.10156940004448245
2018-09-14,83.3,83.53505652264403,-0.23505652264402954
2018-09-15,84.7,84.6398444347319,0.06015556526810428
2018-09-16,89.0,88.65527561327562,0.3447243867243799
2018-09-17,90.5,90.66528829781328,-0.16528829781327659
2018-09-18,92.7,92.92054784223123,-0.2205478422312268
2018-09-19,92.7,92.7863225739539,-0.08632257395389331
2018-09-20,88.2,87.79898259934512,0.40101740065487945
2018-09-21,86.7,87.7628063082751,-1.0628063082750998
2018-09-22,79.0,79.93546036600463,-0.9354603660046337
2018-09-23,78.3,79.03708945672382,-0.7370894567238224
2018-09-24,86.8,86.9065751439533,-0.10657514395330736
2018-09-25,93.2,93.07799021472803,0.12200978527197037
2018-09-26,86.4,87.17608743131865,-0.7760874313186434
2018-09-27,79.9,80.18110753205129,-0.2811075320512799
2018-09-28,83.1,82.92380178640802,0.17619821359197374
2018-09-29,77.5,79.11962671250534,-1.6196267125053367
2018-09-30,86.6,86.12419399315964,0.475806006840358
2018-10-01,85.0,84.72607017010772,0.2739298298922819
2018-10-02,87.4,87.57805264388395,-0.17805264388394448
2018-10-03,90.6,90.77958839285702,-0.17958839285702766
2018-10-04,89.1,89.42328067973689,-0.32328067973689656
2018-10-05,90.4,90.60716838496464,-0.20716838496463197
2018-10-06,86.4,86.88057864427236,-0.48057864427235586
2018-10-07,86.4,86.41142683813331,-0.011426838133303363
2018-10-08,82.3,82.26255509872075,0.037444901279243936
2018-10-09,80.3,80.69079076999391,-0.39079076999391305
2018-10-10,79.4,79.01101872641252,0.3889812735874898
2018-10-11,73.8,74.99440931058331,-1.1944093105833105
2018-10-12,84.6,84.5991008938978,0.0008991061021959013
2018-10-13,89.1,89.08922608918849,0.010773910811508358
2018-10-14,89.1,88.61991547198716,0.4800845280128385
2018-10-15,78.0,71.018790661728,6.981209338271995
2018-10-16,50.4,52.140631138306155,-1.7406311383061563
2018-10-17,58.3,58.145813775113794,0.15418622488620315
2018-10-18,60.3,61.35145362276612,-1.0514536227661253
2018-10-19,64.4,65.65941612554114,-1.2594161255411365
2018-10-20,66.3,68.75571711621714,-2.4557171162171443
2018-10-21,73.0,73.34439513023742,-0.34439513023741597
2018-10-22,64.9,65.77610029137526,-0.876100291375252
2018-10-23,68.5,68.50883093503721,-0.008830935037209997
2018-10-24,62.3,63.447292007298245,-1.1472920072982475
2018-10-25,66.7,67.20623764291261,-0.506237642912609
2018-10-26,79.8,79.47701013014766,0.3229898698523357
2018-10-27,85.1,84.28193274399207,0.8180672560079216
2018-10-28,84.0,83.61644887577704,0.38355112422296145
2018-10-29,82.9,82.61832763000888,0.2816723699911279
2018-10-30,83.3,83.23943689574322,0.06056310425677225
2018-10-31,82.4,81.60177140151521,0.7982285984847977
2018-11-01,69.0,69.84905700761655,-0.8490570076165511
2018-11-02,76.1,75.7955442651099,0.30445573489009803
2018-11-03,78.0,78.21959063852813,-0.21959063852813188
2018-11-04,72.9,73.13618434551555,-0.23618434551553946
2018-11-05,79.1,79.08354691627818,0.016453083721813755
2018-11-06,78.5,77.92317107545233,0.5768289245476694
2018-11-07,85.4,85.06885938159063,0.33114061840937836
2018-11-08,63.0,63.88103351717724,-0.8810335171772365
2018-11-09,59.2,59.943157023531995,-0.7431570235319924
2018-11-10,52.7,54.83435734057609,-2.134357340576088
2018-11-11,54.2,54.71288602786105,-0.5128860278610503
2018-11-12,49.8,51.39881273101898,-1.598812731018981
2018-11-13,46.8,47.03816064629814,-0.23816064629814093
2018-11-14,55.1,54.78305678730986,0.31694321269014125
2018-11-15,64.0,63.24000207015208,0.7599979298479198
2018-11-16,69.3,69.01978000957374,0.2802199904262608
2018-11-17,74.1,74.11644995976243,-0.016449959762439903
2018-11-18,63.6,63.47180772210245,0.12819227789755416
2018-11-19,52.9,53.804507255742486,-0.9045072557424874
2018-11-20,62.0,62.07920087828841,-0.07920087828841105
2018-11-21,56.0,56.07319250833707,-0.07319250833707258
2018-11-22,62.0,62.806222705510855,-0.8062227055108551
2018-11-23,78.3,77.9115026175214,0.3884973824785902
2018-11-24,75.1,75.18146570516905,-0.08146570516905172
2018-11-25,67.3,68.49064859237986,-1.1906485923798584
2018-11-26,59.7,59.920963655951866,-0.22096365595186285
2018-11-27,64.0,63.76853455641581,0.23146544358419163
2018-11-28,71.3,71.47119917443665,-0.17119917443665145
2018-11-29,74.8,74.72631121933621,0.0736887806637867
2018-11-30,76.7,76.28946646131651,0.4105335386834952
2018-12-01,77.4,77.17993491716621,0.22006508283379844
2018-12-02,69.2,69.15007357607671,0.049926423923295715
2018-12-03,63.0,63.17956653207905,-0.1795665320790505
2018-12-04,57.1,57.40057237484737,-0.30057237484736987
2018-12-05,55.6,55.980596688034176,-0.38059668803417424
2018-12-06,56.5,57.634039684620966,-1.1340396846209657
2018-12-07,55.9,55.7460763389388,0.15392366106119937
2018-12-08,47.2,48.34208018717394,-1.1420801871739386
2018-12-09,54.7,54.35701950410702,0.34298049589298074
2018-12-10,58.9,58.2686955305111,0.6313044694888958
2018-12-11,61.4,61.0327953782329,0.367204621767101
2018-12-12,65.8,66.26481240322178,-0.4648124032217851
2018-12-13,68.7,69.681605801837,-0.9816058018369915
2018-12-14,53.3,54.562584789169144,-1.2625847891691464
2018-12-15,67.2,66.28645345349094,0.9135465465090675
2018-12-16,63.9,64.11170736208233,-0.2117073620823291
2018-12-17,70.3,69.8571557064463,0.4428442935536907
2018-12-18,63.3,63.142468597374844,0.1575314026251533
2018-12-19,61.1,61.76754192890446,-0.6675419289044555
2018-12-20,64.2,64.56804886918644,-0.3680488691864383
2018-12-21,65.8,65.51084081820956,0.2891591817904384
2018-12-22,80.1,78.83661646617271,1.2633835338272803
2018-12-23,62.8,62.76351504953378,0.03648495046621747
2018-12-24,61.1,61.023208912615175,0.07679108738482654
2018-12-25,73.7,73.65853445590358,0.04146554409642533
2018-12-26,70.5,71.22113341450213,-0.721133414502134
2018-12-27,69.2,69.22384448051946,-0.023844480519457534
2018-12-28,54.6,55.77820130841382,-1.1782013084138185
2018-12-29,46.9,49.21435629266563,-2.3143562926656287
2018-12-30,42.3,44.368021909340676,-2.068021909340679
2018-12-31,62.3,62.062383368388154,0.23761663161184288
2019-01-01,45.1,46.61591479562106,-1.5159147956210575
2019-01-02,40.3,40.71279028957152,-0.4127902895715252
2019-01-03,51.8,49.93272648046399,1.8672735195360062
2019-01-04,65.9,64.61088310925186,1.2891168907481472
2019-01-05,73.7,71.49209261641133,2.207907383588676
2019-01-06,71.8,71.25585642309079,0.5441435769092067
2019-01-07,75.8,75.59990068056942,0.2000993194305778
2019-01-08,76.1,75.35451438908316,0.7454856109168304
2019-01-09,61.8,62.81028830926014,-1.0102883092601402
2019-01-10,59.3,60.028053055971824,-0.7280530559718272
2019-01-11,59.7,60.27690066287881,-0.5769006628788063
2019-01-12,61.2,62.2943223318348,-1.094322331834796
2019-01-13,52.8,53.013866243478766,-0.21386624347876904
2019-01-14,51.5,51.8432853812854,-0.34328538128539776
2019-01-15,51.1,52.655409164446645,-1.555409164446644
2019-01-16,57.0,57.50570480977353,-0.5057048097735333
2019-01-17,76.0,75.24124512570768,0.7587548742923218
2019-01-18,65.5,66.55226572455317,-1.0522657245531661
2019-01-19,63.0,62.8689606643357,0.1310393356642976
2019-01-20,53.7,53.46910063478186,0.2308993652181428
2019-01-21,66.0,65.79287183233433,0.20712816766567244
2019-01-22,68.7,69.38435853452106,-0.6843585345210528
2019-01-23,55.9,55.32153816183817,0.5784618381618287
2019-01-24,63.1,62.82467577630703,0.2753242236929694
2019-01-25,59.2,59.264246966228185,-0.0642469662281826
2019-01-26,63.0,63.05751699966699,-0.05751699966698709
2019-01-27,65.4,65.29632819888442,0.10367180111558127
2019-01-28,70.9,70.71679743369378,0.18320256630622112
2019-01-29,48.7,50.35873777541902,-1.65873777541902
2019-01-30,54.2,55.1427425720113,-0.9427425720112979
2019-01-31,58.1,58.3325458139084,-0.232545813908402
2019-02-01,65.5,66.25871842732433,-0.7587184273243253
2019-02-02,64.6,66.5151671256032,-1.9151671256032046
2019-02-03,75.7,74.94561148573652,0.7543885142634821
2019-02-04,74.8,74.92244117687872,-0.12244117687872347
2019-02-05,77.2,77.20459722777224,-0.004597227772237034
2019-02-06,75.4,75.94774634393387,-0.5477463439338663
2019-02-07,72.2,72.03350471599474,0.16649528400526492
2019-02-08,39.0,40.53899178737927,-1.538991787379267
2019-02-09,40.8,40.758902686896455,0.04109731310354192
2019-02-10,47.1,46.503334615384574,0.5966653846154273
2019-02-11,62.3,62.704714767871,-0.40471476787100613
2019-02-12,64.8,65.55614764332886,-0.756147643328859
2019-02-13,63.9,64.5012578470141,-0.6012578470141037
2019-02-14,73.3,73.32288299894552,-0.02288299894551926
2019-02-15,88.5,86.44017492299363,2.0598250770063657
2019-02-16,61.9,61.56631070110441,0.3336892988955853
2019-02-17,62.4,63.23416679475499,-0.8341667947549922
2019-02-18,59.4,59.75181692653752,-0.3518169265375235
2019-02-19,45.2,46.90380355894107,-1.7038035589410683
2019-02-20,63.9,63.552603455572225,0.3473965444277738
2019-02-21,55.2,57.4823301595463,-2.282330159546298
2019-02-22,58.4,59.21610551323677,-0.8161055132367707
2019-02-23,74.7,73.64039695443442,1.0596030455655807
2019-02-24,64.0,64.38252654532965,-0.3825265453296538
2019-02-25,66.9,66.86654180368241,0.03345819631759639
2019-02-26,66.2,66.35971297938167,-0.1597129793816663
2019-02-27,76.8,76.08959765477579,0.7104023452242103
2019-02-28,52.0,50.80419744005997,1.1958025599400273
2019-03-01,54.1,54.54021387674833,-0.4402138767483308
2019-03-02,53.1,53.57504255119881,-0.4750425511988112
2019-03-03,45.4,48.52496953393831,-3.1249695339383123
2019-03-04,38.1,39.70331323745694,-1.6033132374569377
2019-03-05,46.9,46.64590809884557,0.2540919011544318
2019-03-06,59.0,59.10388663246481,-0.1038866324648069
2019-03-07,72.7,72.79361944930064,-0.0936194493006326
2019-03-08,82.7,82.14675358955736,0.5532464104426396
2019-03-09,84.7,84.53800783522027,0.16199216477973266
2019-03-10,77.5,77.90428665986792,-0.4042866598679211
2019-03-11,66.7,67.85811273240648,-1.1581127324064795
2019-03-12,77.5,77.19916553342496,0.30083446657504
2019-03-13,81.9,81.69276672494175,0.2072332750582575
2019-03-14,74.7,75.6582074543512,-0.9582074543511965
2019-03-15,59.2,61.422722550019465,-2.222722550019462
2019-03-16,60.7,62.05160695554449,-1.35160695554449
2019-03-17,67.3,67.72379651737145,-0.42379651737145707
2019-03-18,70.5,70.36808598068596,0.13191401931403846
2019-03-19,70.7,70.80425011273445,-0.10425011273444795
2019-03-20,75.5,75.15045538101606,0.3495446189839413
2019-03-21,78.3,78.28425661795318,0.015743382046821353
2019-03-22,79.7,79.98040821608946,-0.2804082160894552
2019-03-23,73.9,75.19066424384437,-1.2906642438443612
2019-03-24,82.0,81.76409027639028,0.23590972360972273
2019-03-25,81.7,82.09212287851038,-0.39212287851037786
2019-03-26,78.0,78.05046467837717,-0.050464678377167616
2019-03-27,78.6,78.45685768598227,0.14314231401772304
2019-03-28,79.5,79.33372999639249,0.166270003607508
2019-03-29,79.0,78.85553883053227,0.14446116946773202
2019-03-30,70.3,70.91327292741978,-0.6132729274197857
2019-03-31,58.3,58.850157464063685,-0.5501574640636875
2019-04-01,62.3,62.469958712815014,-0.16995871281501707
2019-04-02,73.2,72.8922235042735,0.30777649572650034
2019-04-03,69.3,69.78272425976802,-0.4827242597680197
2019-04-04,91.0,89.32489136835382,1.6751086316461823
2019-04-05,81.1,81.0297225781163,0.07027742188368791
2019-04-06,72.6,73.9164524468587,-1.3164524468587047
2019-04-07,69.5,70.83598252233875,-1.3359825223387531
2019-04-08,88.2,87.1707404810467,1.029259518953296
2019-04-09,88.9,88.3677964514652,0.5322035485348096
2019-04-10,92.5,91.57538293685482,0.9246170631451776
2019-04-11,82.6,83.00609453948827,-0.40609453948827934
2019-04-12,78.5,78.63233494352872,-0.13233494352871844
2019-04-13,69.0,70.23129394771894,-1.2312939477189389
2019-04-14,74.5,74.37546835248088,0.12453164751912027
2019-04-15,80.7,80.68884206267587,0.011157937324128397
2019-04-16,81.2,80.93692744651179,0.26307255348821457
2019-04-17,82.9,82.47336713286714,0.4266328671328665
2019-04-18,75.0,75.56694046578421,-0.5669404657842136
2019-04-19,75.7,75.62284371808742,0.07715628191257906
2019-04-20,82.3,82.30146494408369,-0.0014649440836933536
2019-04-21,83.7,83.51129987304358,0.18870012695641947
2019-04-22,79.2,79.78594078195084,-0.5859407819508391
2019-04-23,78.5,78.89097785631438,-0.39097785631437887
2019-04-24,70.2,70.29685530788656,-0.09685530788655683
2019-04-25,87.0,86.48326539779654,0.5167346022034565
2019-04-26,82.5,82.47641384448885,0.02358615551115406
2019-04-27,84.3,84.39008181505992,-0.09008181505991786
2019-04-28,84.7,84.61502700269503,0.08497299730497332
2019-04-29,82.6,83.1669148223305,-0.5669148223305029
2019-04-30,82.8,83.73436301927242,-0.9343630192724248
2019-05-01,82.0,83.20787361388615,-1.20787361388615
2019-05-02,78.7,78.43824604180537,0.26175395819463176
2019-05-03,80.7,79.68824978701852,1.0117502129814824
2019-05-04,81.5,81.64692003274499,-0.14692003274498688
2019-05-05,84.9,85.02399494186379,-0.1239949418637849
2019-05-06,75.8,76.67991550706238,-0.8799155070623783
2019-05-07,86.3,85.8741362620019,0.4258637379980996
2019-05-08,78.0,78.4072157654845,-0.40721576548449434
2019-05-09,86.7,86.73326103063614,-0.033261030636140276
2019-05-10,67.0,67.65674805749809,-0.656748057498092
2019-05-11,65.4,66.05908366147747,-0.6590836614774673
2019-05-12,78.8,78.92668112477793,-0.1266811247779316
2019-05-13,83.1,83.24099733877239,-0.14099733877239373
2019-05-14,80.6,81.28053809315685,-0.680538093156855
2019-05-15,85.3,85.39221074342322,-0.09221074342322311
2019-05-16,86.4,86.44692242655223,-0.04692242655222856
2019-05-17,88.6,88.68887573884449,-0.08887573884449296
2019-05-18,85.5,85.86833394799648,-0.3683339479964758
2019-05-19,91.0,91.3438946782385,-0.34389467823849884
2019-05-20,89.5,89.72827344877355,-0.2282734487735496
2019-05-21,87.0,87.81045797535802,-0.8104579753580197
2019-05-22,90.4,91.12960092497055,-0.7296009249705406
2019-05-23,91.9,91.78981905039403,0.1101809496059758
2019-05-24,89.6,90.256056057685,-0.6560560576850065
2019-05-25,89.9,90.13961738385876,-0.2396173838587572
2019-05-26,89.9,90.19394385545006,-0.29394385545005264
2019-05-27,88.9,89.08499001103065,-0.18499001103064927
2019-05-28,86.7,87.6591261890888,-0.9591261890887921
2019-05-29,90.4,90.61147474920912,-0.2114747492091169
2019-05-30,84.4,84.6577209238678,-0.25772092386779377
2019-05-31,89.8,89.96257698620815,-0.1625769862081512
2019-06-01,91.0,91.27896776973024,-0.27896776973024373
2019-06-02,92.4,92.68002187465312,-0.2800218746531158
2019-06-03,92.1,92.18790787407035,-0.08790787407035339
2019-06-04,83.4,84.10832519841279,-0.7083251984127799
2019-06-05,89.5,89.26333902694523,0.23666097305476796
2019-06-06,89.7,89.24449479964477,0.45550520035523334
2019-06-07,94.0,93.98811122488621,0.011888775113789052
2019-06-08,96.2,95.97087708610823,0.22912291389177142
2019-06-09,97.0,96.35660545704297,0.6433945429570258
2019-06-10,87.2,88.32413954795207,-1.124139547952069
2019-06-11,78.9,80.76845746404544,-1.8684574640454343
2019-06-12,89.3,89.13702812326562,0.16297187673437463
2019-06-13,90.0,90.23908548187917,-0.23908548187917233
2019-06-14,90.8,91.17096652722273,-0.37096652722273404
2019-06-15,94.1,94.05058098645634,0.04941901354365541
2019-06-16,95.2,95.10880335497839,0.09119664502161129
2019-06-17,88.2,88.0205038690476,0.17949613095240124
2019-06-18,93.5,93.31581689421688,0.18418310578312003
2019-06-19,96.7,96.63551350524483,0.06448649475517243
2019-06-20,96.0,96.00271903998787,-0.0027190399878662674
2019-06-21,94.9,95.09403903249535,-0.19403903249533982
2019-06-22,91.6,91.85557823322505,-0.2555782332250516
2019-06-23,94.9,94.93897013680765,-0.038970136807648714
2019-06-24,83.8,83.60972653908598,0.19027346091401398
2019-06-25,92.1,91.13052856400147,0.9694714359985284
2019-06-26,89.5,89.4587845300533,0.04121546994670666
2019-06-27,93.7,92.74205224032498,0.9579477596750223
2019-06-28,92.8,92.81082601911972,-0.010826019119718922
2019-06-29,93.7,93.84284644175271,-0.14284644175270955
2019-06-30,85.3,85.21498884761071,0.08501115238928492
2019-07-01,91.7,91.77961784014599,-0.0796178401459855
2019-07-02,93.0,92.68863458451273,0.31136541548727337
2019-07-03,89.9,89.6479547716173,0.2520452283827126
2019-07-04,91.9,91.82633138389389,0.07366861610611863
2019-07-05,95.6,95.72795663641915,-0.12795663641915667
2019-07-06,93.3,93.52964436119439,-0.22964436119438858
2019-07-07,94.9,95.3525675789489,-0.4525675789488872
2019-07-08,95.4,94.95335090534459,0.44664909465541314
2019-07-09,95.3,95.28858885489498,0.011411145105014953
2019-07-10,96.6,96.95846171606185,-0.3584617160618535
2019-07-11,97.0,96.95734634844322,0.04265365155677614
2019-07-12,96.4,96.93788839171451,-0.5378883917145032
2019-07-13,96.3,96.6015647001283,-0.30156470012830994
2019-07-14,97.4,97.90349067113443,-0.5034906711344291
2019-07-15,95.2,95.47386583485961,-0.27386583485960614
2019-07-16,97.9,98.14304687257189,-0.24304687257188107
2019-07-17,99.4,99.15164941204624,0.24835058795376597
2019-07-18,98.3,98.3428912407038,-0.042891240703809785
2019-07-19,98.2,98.23252667124552,-0.03252667124552033
2019-07-20,98.2,98.32108204365092,-0.12108204365091524
2019-07-21,98.2,98.24539920634918,-0.04539920634917394
2019-07-22,97.7,97.99658866341984,-0.2965886634198398
2019-07-23,93.2,94.61459646742146,-1.414596467421461
2019-07-24,90.5,90.93254384920643,-0.4325438492064251
2019-07-25,90.2,90.1185055257243,0.08149447427570067
2019-07-26,91.2,91.45695348609723,-0.2569534860972311
2019-07-27,95.0,95.09897292846048,-0.09897292846048344
2019-07-28,99.8,99.60972455773384,0.1902754422661559
2019-07-29,98.1,98.15786370358444,-0.05786370358444515
2019-07-30,100.5,100.39281207881167,0.1071879211883271
2019-07-31,101.1,100.90597286518627,0.19402713481372302
2019-08-01,97.5,97.96577020618271,-0.4657702061827109
2019-08-02,98.9,99.00637170884671,-0.10637170884670866
2019-08-03,94.2,94.99673080704015,-0.7967308070401486
2019-08-04,93.8,93.99705219991998,-0.19705219991998035
2019-08-05,98.9,98.78607841672213,0.11392158327787172
2019-08-06,99.1,99.04177893564768,0.05822106435230978
2019-08-07,100.0,100.06091656954152,-0.060916569541518584
2019-08-08,101.7,101.55074700016077,0.14925299983923423
2019-08-09,102.8,102.42035394085076,0.37964605914923766
2019-08-10,101.7,101.57025427385109,0.12974572614891144
2019-08-11,102.7,102.29186815376207,0.40813184623793575
2019-08-12,102.9,102.83249824515762,0.06750175484238241
2019-08-13,102.3,102.19702659105596,0.10297340894403817
2019-08-14,100.9,101.15068245435123,-0.25068245435122094
2019-08-15,98.9,99.03362478775311,-0.1336247877531065
2019-08-16,101.5,102.00306592470037,-0.5030659247003655
2019-08-17,101.5,101.8041382453739,-0.3041382453739061
2019-08-18,102.2,102.06345437791377,0.13654562208623133
2019-08-19,100.9,101.20085570846642,-0.30085570846641474
2019-08-20,100.8,100.94857539613166,-0.14857539613166182
2019-08-21,99.4,99.53615066530689,-0.1361506653068858
2019-08-22,98.2,98.41382754745258,-0.21382754745258126
2019-08-23,98.8,98.63186661463538,0.1681333853646123
2019-08-24,95.7,95.41149147935403,0.2885085206459763
2019-08-25,99.8,98.60806578352192,1.1919342164780744
2019-08-26,101.2,100.84170726911977,0.35829273088023683
2019-08-27,92.5,93.49113297605169,-0.9911329760516878
2019-08-28,97.5,97.67758881743259,-0.1775888174325928
2019-08-29,100.5,100.3786333839771,0.12136661602289678
2019-08-30,98.5,98.43579515970147,0.06420484029852958
2019-08-31,97.9,97.96213176330251,-0.06213176330250292
2019-09-01,96.1,96.17221508491508,-0.07221508491508644
2019-09-02,98.9,99.27385110098231,-0.3738511009823071
2019-09-03,98.7,98.84956843295589,-0.1495684329558884
2019-09-04,98.5,98.89476440677379,-0.3947644067737883
2019-09-05,101.3,101.15661013916638,0.14338986083362215
2019-09-06,101.3,101.61509137216962,-0.31509137216961847
2019-09-07,100.1,100.3965513209013,-0.2965513209013011
2019-09-08,100.6,100.36914563041117,0.2308543695888261
2019-09-09,99.1,98.6240586212399,0.4759413787600977
2019-09-10,97.2,96.52360228729601,0.676397712703988
2019-09-11,94.6,94.12841446817063,0.471585531829362
2019-09-12,97.6,97.28988987748359,0.3101101225164058
2019-09-13,97.0,96.80510164835161,0.19489835164839064
2019-09-14,98.4,98.40887154720282,-0.008871547202815577
2019-09-15,96.7,96.89000229215232,-0.19000229215231457
2019-09-16,97.8,98.1301501533189,-0.33015015331889686
2019-09-17,89.6,90.92263614024866,-1.3226361402486617
2019-09-18,100.2,99.27897536213788,0.9210246378621179
2019-09-19,96.7,96.16835276945271,0.5316472305472928
2019-09-20,97.8,97.75312185175937,0.04687814824062286
2019-09-21,96.6,96.52576639402274,0.07423360597725548
2019-09-22,99.1,98.54639815323564,0.5536018467643515
2019-09-23,96.6,96.93288345057722,-0.3328834505772278
2019-09-24,95.5,95.86597814728161,-0.36597814728160927
2019-09-25,97.4,97.15430721778222,0.24569278221778745
2019-09-26,96.5,96.62899749001004,-0.12899749001003613
2019-09-27,97.1,96.85758074564326,0.24241925435673295
2019-09-28,93.1,93.56767046703297,-0.4676704670329741
2019-09-29,96.2,96.40752009110169,-0.207520091101685
2019-09-30,96.6,96.32411228771234,0.2758877122876555
2019-10-01,97.4,97.26256779421561,0.13743220578439264
2019-10-02,95.8,95.80973451521922,-0.009734515219221862
2019-10-03,96.0,95.88213118637904,0.11786881362095869
2019-10-04,93.1,93.30793290528912,-0.20793290528912678
2019-10-05,94.8,94.90467617313242,-0.10467617313241817
2019-10-06,97.4,97.02179413780658,0.37820586219342545
2019-10-07,83.4,84.90347005147632,-1.503470051476313
2019-10-08,85.5,85.56470269591522,-0.06470269591521571
2019-10-09,95.5,94.23979750111,1.2602024988899956
2019-10-10,97.7,97.47625555416806,0.2237444458319402
2019-10-11,80.8,78.42940324883448,2.3705967511655217
2019-10-12,63.1,64.40933667721173,-1.309336677211725
2019-10-13,80.5,80.20812748848371,0.29187251151628857
2019-10-14,88.6,88.6055886391386,-0.005588639138608187
2019-10-15,94.8,94.56791077207097,0.23208922792902342
2019-10-16,74.9,75.76917038031416,-0.8691703803141593
2019-10-17,75.6,75.21476053807298,0.3852394619270143
2019-10-18,83.1,82.89148867660107,0.2085113233989233
2019-10-19,95.3,93.48134229693926,1.8186577030607367
2019-10-20,94.3,92.67538139152515,1.6246186084748473
2019-10-21,80.5,80.99340878635255,-0.49340878635254626
2019-10-22,82.0,81.63082059607063,0.36917940392936544
2019-10-23,86.7,86.24645607517472,0.45354392482528283
2019-10-24,84.0,83.16220376359745,0.8377962364025535
2019-10-25,58.0,58.08619007659011,-0.08619007659010691
2019-10-26,73.2,72.55636265540016,0.6436373445998385
2019-10-27,81.5,81.0879897501804,0.4120102498196019
2019-10-28,80.5,80.31490143467643,0.18509856532357105
2019-10-29,62.8,61.99970073398824,0.8002992660117556
2019-10-30,50.2,51.99653184072878,-1.7965318407287754
2019-10-31,56.5,56.01641400752022,0.4835859924797816
2019-11-01,62.7,61.79548826139142,0.9045117386085835
2019-11-02,69.4,68.68948236693858,0.7105176330614285
2019-11-03,73.0,72.79020884324012,0.20979115675987714
2019-11-04,82.9,81.75455070762575,1.145449292374252
2019-11-05,82.4,82.3457000020813,0.054299997918704435
2019-11-06,83.0,83.14590060535866,-0.145900605358662
2019-11-07,66.9,66.9613180111555,-0.06131801115549251
2019-11-08,50.0,51.141964355783124,-1.1419643557831236
2019-11-09,69.3,69.12836642732269,0.17163357267730817
2019-11-10,74.9,75.19518331217392,-0.29518331217391847
2019-11-11,73.3,72.19031685710121,1.1096831428987883
2019-11-12,45.9,44.61311488927738,1.286885110722622
2019-11-13,42.0,43.91940178571424,-1.9194017857142427
2019-11-14,44.8,45.263328135059446,-0.4633281350594487
2019-11-15,63.4,62.83107671564546,0.5689232843545398
2019-11-16,65.1,64.89441303835056,0.20558696164943058
2019-11-17,70.1,69.67789364038735,0.4221063596126413
2019-11-18,74.1,73.90790065559437,0.19209934440561938
2019-11-19,79.9,79.60103592449215,0.298964075507854
2019-11-20,82.5,82.30357493548122,0.1964250645187775
2019-11-21,79.0,80.12268344188706,-1.1226834418870624
2019-11-22,71.5,71.33144548541732,0.16855451458268078
2019-11-23,70.2,69.47133798909424,0.7286620109057651
2019-11-24,74.5,73.75877574925084,0.7412242507491555
2019-11-25,85.9,84.44110978396611,1.4588902160338932
2019-11-26,73.9,74.63161753108007,-0.7316175310800617
2019-11-27,68.3,68.1042120521839,0.19578794781610043
2019-11-28,55.2,57.05191942155067,-1.8519194215506687
2019-11-29,73.6,71.91130638111885,1.688693618881146
2019-11-30,87.0,86.58103812784434,0.4189618721556627
2019-12-01,65.7,65.989721799728,-0.2897217997279995
2019-12-02,65.5,65.08758785381292,0.41241214618708
2019-12-03,74.4,73.79940111277615,0.6005988872238532
2019-12-04,74.5,74.13186862789983,0.3681313721001658
2019-12-05,73.7,73.91874329247135,-0.21874329247134483
2019-12-06,73.9,73.7210513011294,0.17894869887059883
2019-12-07,68.3,68.1754359300422,0.124564069957799
2019-12-08,74.5,74.64918859751359,-0.14918859751358582
2019-12-09,80.7,80.70939625166503,-0.00939625166502367
2019-12-10,56.9,55.707511689699174,1.1924883103008241
2019-12-11,56.2,55.83985075202573,0.3601492479742703
2019-12-12,61.9,61.860832740870244,0.03916725912975494
2019-12-13,77.3,75.79735142635141,1.5026485736485853
2019-12-14,77.2,76.58524856601726,0.6147514339827467
2019-12-15,80.9,79.46225536546781,1.4377446345321943
2019-12-16,70.0,69.36344266774887,0.6365573322511295
2019-12-17,55.0,54.88371904657843,0.11628095342157252
2019-12-18,59.7,58.774594491619524,0.9254055083804786
2019-12-19,60.7,59.89018516865082,0.8098148313491862
2019-12-20,52.0,53.15952204600957,-1.1595220460095703
2019-12-21,60.5,59.7336202797203,0.7663797202797014
2019-12-22,59.6,57.74995067587637,1.8500493241236313
2019-12-23,70.2,68.17430442196691,2.025695578033094
2019-12-24,71.6,71.02705322316574,0.5729467768342573
2019-12-25,69.6,69.55896638431004,0.04103361568995467
2019-12-26,67.1,67.80864348429346,-0.7086434842934608
2019-12-27,67.2,67.6021504793817,-0.402150479381703
2019-12-28,71.6,71.63934867979243,-0.03934867979243961
2019-12-29,66.0,66.02091422466421,-0.020914224664210224
2019-12-30,61.2,61.03169917998668,0.16830082001332158
2019-12-31,61.6,62.01833014554895,-0.41833014554894987
2020-01-01,56.8,59.809885653929406,-3.009885653929409
2020-01-02,60.3,61.283988226356975,-0.9839882263569777
2020-01-03,64.4,64.65098918332484,-0.2509891833248332
2020-01-04,71.6,70.77403020390562,0.8259697960943697
2020-01-05,74.6,73.97599486277615,0.6240051372238469
2020-01-06,74.8,74.6594046300921,0.14059536990789923
2020-01-07,67.5,67.30553530427906,0.1944646957209386
2020-01-08,70.2,69.79415284299029,0.40584715700971685
2020-01-09,77.2,77.30588236936676,-0.10588236936675344
2020-01-10,77.6,78.10501355236187,-0.5050135523618735
2020-01-11,58.8,59.289784921043,-0.48978492104300386
2020-01-12,61.5,61.60813346306479,-0.10813346306478877
2020-01-13,60.3,60.823185465922926,-0.5231854659229285
2020-01-14,75.7,74.51716850926857,1.1828314907314308
2020-01-15,81.1,80.58382412518041,0.5161758748195808
2020-01-16,70.7,70.35836212190583,0.34163787809417556
2020-01-17,58.4,59.60881754009876,-1.2088175400987637
2020-01-18,69.4,70.40147038725163,-1.0014703872516293
2020-01-19,57.5,57.76297767961205,-0.26297767961204954
2020-01-20,60.7,59.62214429806305,1.0778557019369543
2020-01-21,61.4,61.757693564074856,-0.3576935640748573
2020-01-22,58.1,57.97805244477745,0.12194755522255463
2020-01-23,66.3,66.10802421120547,0.19197578879452237
2020-01-24,67.4,67.29726810481189,0.10273189518811421
2020-01-25,66.6,66.75205117833553,-0.15205117833554027
2020-01-26,77.7,77.38450527528033,0.3154947247196702
2020-01-27,69.0,68.70856670343542,0.29143329656457695
2020-01-28,72.5,71.89890902430896,0.6010909756910365
2020-01-29,62.0,62.07515193972689,-0.0751519397268865
2020-01-30,49.1,50.99768875499499,-1.897688754994988
2020-01-31,61.6,61.38406623792875,0.21593376207125203
2020-02-01,73.1,71.9542371888528,1.1457628111471934
2020-02-02,79.1,78.53752778124654,0.5624722187534559
2020-02-03,72.2,72.70269581182707,-0.502695811827067
2020-02-04,78.4,78.10649852092345,0.29350147907655355
2020-02-05,46.6,47.93822998598623,-1.3382299859862314
2020-02-06,54.2,53.73684857295484,0.46315142704516177
2020-02-07,74.9,73.49831395375455,1.4016860462454588
2020-02-08,69.1,69.3908571504883,-0.29085715048830707
2020-02-09,72.2,72.43367060023311,-0.23367060023311126
2020-02-10,71.1,70.59553603618599,0.504463963814004
2020-02-11,47.7,49.28331102092352,-1.5833110209235173
2020-02-12,56.4,56.20073988372741,0.19926011627259044
2020-02-13,53.5,53.78304334554334,-0.28304334554334076
2020-02-14,58.6,58.15878706744644,0.44121293255356164
2020-02-15,64.3,64.34866309176935,-0.048663091769356015
2020-02-16,76.6,75.79231610854421,0.8076838914557811
2020-02-17,79.5,79.19252558830065,0.30747441169934575
2020-02-18,71.3,71.42538690094634,-0.12538690094633864
2020-02-19,51.0,52.4437103500666,-1.4437103500666026
2020-02-20,51.7,52.170810793373356,-0.47081079337335296
2020-02-21,54.6,54.73761070179821,-0.13761070179820933
2020-02-22,63.7,63.85375084602896,-0.15375084602895583
2020-02-23,69.2,69.7221546266234,-0.5221546266233901
2020-02-24,70.0,71.1369730918387,-1.1369730918386978
2020-02-25,66.7,66.4526504086191,0.24734959138089607
2020-02-26,55.0,56.06708367604617,-1.0670836760461668
2020-02-27,63.6,63.32837164257311,0.2716283574268914
2020-02-28,73.7,72.48342325668618,1.2165767433138228
2020-02-29,74.6,74.70682904109778,-0.10682904109778235
2020-03-01,76.9,76.56959046717168,0.33040953282832675
2020-03-02,77.7,77.90217365803058,-0.2021736580305742
2020-03-03,74.2,75.3122506271506,-1.1122506271506012
2020-03-04,68.7,69.21452224442218,-0.5145222444221815
2020-03-05,75.2,74.80336343170717,0.3966365682928341
2020-03-06,70.5,70.57087752247757,-0.0708775224775735
2020-03-07,62.7,62.65654689338431,0.04345310661569357
2020-03-08,74.3,74.20747065087694,0.09252934912305477
2020-03-09,67.3,69.16074062873399,-1.8607406287339927
2020-03-10,80.0,79.3912408109253,0.6087591890747035
2020-03-11,83.3,83.14918680208683,0.15081319791316616
2020-03-12,85.8,85.835492241786,-0.03549224178600241
2020-03-13,82.2,82.32586184007992,-0.12586184007992074
2020-03-14,83.6,83.76977192356259,-0.16977192356259252
2020-03-15,72.4,71.45397243832565,0.9460275616743559
2020-03-16,73.7,73.90963196491009,-0.20963196491008773
2020-03-17,80.7,80.32205938783446,0.37794061216554553
2020-03-18,82.7,82.94278848859477,-0.2427884885947691
2020-03-19,82.1,82.32915452672324,-0.22915452672324932
2020-03-20,73.0,71.91257169289047,1.0874283071095334
2020-03-21,54.2,55.71573374889001,-1.515733748890007
2020-03-22,66.8,66.76083092532467,0.039169074675328375
2020-03-23,82.5,81.84662071366137,0.6533792863386338
2020-03-24,90.8,89.5899970474378,1.210002952562192
2020-03-25,89.4,87.46526511058384,1.9347348894161627
2020-03-26,87.1,86.52790217213345,0.5720978278665427
2020-03-27,88.7,88.01273980602735,0.6872601939726479
2020-03-28,79.2,80.0617624229937,-0.8617624229936922
2020-03-29,78.2,78.50873401520862,-0.3087340152086142
2020-03-30,70.2,71.8266421106671,-1.6266421106670919
2020-03-31,73.0,73.45151338600124,-0.45151338600123836
2020-04-01,77.5,77.57477134428072,-0.07477134428071963
2020-04-02,70.4,71.09027433816185,-0.6902743381618421
2020-04-03,74.0,73.29435008741251,0.7056499125874893
2020-04-04,52.2,52.860579618992126,-0.6605796189921236
2020-04-05,66.7,66.57867556124428,0.12132443875572108
2020-04-06,78.0,78.1552564678377,-0.15525646783770242
2020-04-07,87.8,87.03784044358423,0.7621595564157673
2020-04-08,93.4,92.51678445790313,0.8832155420968775
2020-04-09,92.1,88.72384196081704,3.376158039182954
2020-04-10,74.5,75.13022857187748,-0.6302285718774812
2020-04-11,76.0,76.30204431473666,-0.30204431473666205
2020-04-12,86.6,87.0156418976856,-0.4156418976856031
2020-04-13,65.7,65.88846311015367,-0.18846311015366268
2020-04-14,64.6,64.76390718170711,-0.16390718170711693
2020-04-15,68.7,68.93548421509043,-0.23548421509042328
2020-04-16,77.7,77.94222928148245,-0.2422292814824516
2020-04-17,72.2,72.00118717263126,0.19881282736874084
2020-04-18,62.3,63.78855105658236,-1.4885510565823594
2020-04-19,92.9,88.92408474372841,3.975915256271591
2020-04-20,86.2,85.8609966339216,0.3390033660784013
2020-04-21,86.4,86.3653810273059,0.034618972694104855
2020-04-22,80.2,80.46292811285932,-0.2629281128593135
2020-04-23,88.7,88.82355952172824,-0.12355952172823947
2020-04-24,96.3,93.9013325858169,2.3986674141830946
2020-04-25,79.4,79.89962590930305,-0.49962590930304884
2020-04-26,85.5,85.35954411630037,0.14045588369963014
2020-04-27,88.7,88.5346926795427,0.1653073204573019
2020-04-28,91.7,91.61281914682542,0.08718085317458701
2020-04-29,84.4,84.96840786852037,-0.5684078685203673
2020-04-30,87.0,86.89241622752247,0.10758377247752549
2020-05-01,88.1,88.07563785173151,0.024362148268480155
2020-05-02,91.2,90.3827333682249,0.8172666317750981
2020-05-03,93.4,92.99108211233207,0.4089178876679398
2020-05-04,96.3,95.55493496295372,0.7450650370462739
2020-05-05,84.5,85.59262837683147,-1.0926283768314704
2020-05-06,85.5,85.80850657051282,-0.3085065705128187
2020-05-07,83.5,83.9674726228633,-0.4674726228632977
2020-05-08,85.1,85.81798272422022,-0.7179827242202208
2020-05-09,77.5,78.05149083000332,-0.551490830003317
2020-05-10,81.7,81.8133370588153,-0.1133370588153042
2020-05-11,83.9,84.21886508491518,-0.3188650849151742
2020-05-12,73.6,73.8291155143468,-0.22911551434680177
2020-05-13,87.3,86.64232358127988,0.657676418720115
2020-05-14,91.4,91.11230715569158,0.2876928443084239
2020-05-15,91.8,91.50610245657121,0.29389754342878405
2020-05-16,82.6,82.5197377899878,0.08026221001219369
2020-05-17,91.1,90.62979756497587,0.4702024350241203
2020-05-18,93.6,93.29156191586182,0.3084380841381744
2020-05-19,95.4,95.0888874569875,0.3111125430125128
2020-05-20,93.7,93.41544524506928,0.28455475493072413
2020-05-21,91.6,91.74434923132429,-0.14434923132429844
2020-05-22,93.4,93.12429942210572,0.27570057789428404
2020-05-23,91.7,92.18163468822837,-0.4816346882283682
2020-05-24,91.5,91.32777619671994,0.17222380328006182
2020-05-25,78.5,78.67513090361433,-0.17513090361433115
2020-05-26,84.7,84.96085239343985,-0.2608523934398477
2020-05-27,89.3,87.92635671065052,1.3736432893494737
2020-05-28,89.1,88.51779960872463,0.5822003912753644
2020-05-29,88.0,88.1837161623099,-0.1837161623099064
2020-05-30,87.7,88.0772993568931,-0.37729935689310423
2020-05-31,83.8,85.4404938554501,-1.640493855450103
2020-06-01,83.0,84.00456768960211,-1.004567689602112
2020-06-02,88.4,88.49313192710062,-0.09313192710061458
2020-06-03,91.2,91.0927896877428,0.10721031225720878
2020-06-04,92.3,92.23773387099018,0.06226612900981365
2020-06-05,92.6,92.87746063250472,-0.2774606325047273
2020-06-06,95.5,95.75499262473642,-0.25499262473641693
2020-06-07,95.4,95.78665078046953,-0.38665078046952317
2020-06-08,98.2,98.15048511766003,0.04951488233997736
2020-06-09,98.3,98.3158550102675,-0.015855010267500802
2020-06-10,92.3,92.77122726093347,-0.47122726093347467
2020-06-11,94.5,93.18248073523695,1.3175192647630496
2020-06-12,92.3,91.85315089563208,0.4468491043679137
2020-06-13,93.3,93.0906618603619,0.209338139638092
2020-06-14,92.3,92.60882905427903,-0.3088290542790304
2020-06-15,94.5,94.26861232586857,0.23138767413142602
2020-06-16,94.1,93.91511857643995,0.1848814235600429
2020-06-17,93.5,93.54090385031634,-0.04090385031634014
2020-06-18,95.4,95.04484327616828,0.35515672383172614
2020-06-19,94.1,94.19500636920272,-0.09500636920272143
2020-06-20,92.7,92.79083804043188,-0.09083804043187627
2020-06-21,94.6,94.7014180409868,-0.1014180409868004
2020-06-22,92.3,92.6444792700355,-0.3444792700355066
2020-06-23,92.3,92.40361094842665,-0.10361094842664897
2020-06-24,84.3,85.21552830502822,-0.9155283050282179
2020-06-25,91.9,91.91680539738049,-0.016805397380480258
2020-06-26,84.5,84.80452351988288,-0.30452351988287774
2020-06-27,91.4,91.44845570193685,-0.04845570193684523
2020-06-28,86.7,88.0344244387557,-1.334424438755704
2020-06-29,89.9,90.60461919712239,-0.7046191971223834
2020-06-30,92.4,92.776388384879,-0.37638838487899307
2020-07-01,93.5,94.06020339382837,-0.5602033938283739
2020-07-02,96.4,96.71382653527036,-0.3138265352703513
2020-07-03,97.1,96.94819808802316,0.15180191197683257
2020-07-04,99.1,98.82788575036076,0.27211424963923037
2020-07-05,99.1,98.9479100018037,0.15208999819628843
2020-07-06,92.0,93.99280180722064,-1.9928018072206442
2020-07-07,96.5,96.77993385052456,-0.2799338505245572
2020-07-08,97.5,97.84737221875349,-0.3473722187534918
2020-07-09,99.1,99.07083116214926,0.029168837850733098
2020-07-10,100.4,100.11256606285866,0.28743393714134413
2020-07-11,101.7,101.39031975212278,0.3096802478772247
2020-07-12,103.7,102.72439329247143,0.9756067075285699
2020-07-13,106.1,104.93581138616496,1.1641886138350372
2020-07-14,104.2,103.5311078830892,0.6688921169107971
2020-07-15,100.4,100.3940863684518,0.005913631548210674
2020-07-16,100.4,100.30624371066027,0.09375628933973701
2020-07-17,99.6,99.61188190836934,-0.011881908369346661
2020-07-18,96.4,96.63411556290943,-0.23411556290942315
2020-07-19,97.7,97.92193058885559,-0.22193058885558514
2020-07-20,98.5,98.57364097638468,-0.07364097638468081
2020-07-21,92.6,93.86659951749634,-1.2665995174963456
2020-07-22,97.5,97.78443578921083,-0.284435789210832
2020-07-23,99.7,99.82861243756236,-0.12861243756235297
2020-07-24,97.8,98.9325108238983,-1.1325108238983006
2020-07-25,93.5,93.25320344120746,0.24679655879253914
2020-07-26,94.2,93.76874964618712,0.4312503538128851
2020-07-27,97.1,96.82194907453659,0.27805092546340404
2020-07-28,99.3,98.49055116758244,0.8094488324175586
2020-07-29,96.1,95.70188631160507,0.398113688394929
2020-07-30,99.1,98.80661795218661,0.29338204781338106
2020-07-31,100.1,97.22179033801162,2.878209661988379
2020-08-01,96.7,96.6524851669165,0.04751483308349691
2020-08-02,98.0,97.73003695748702,0.269963042512984
2020-08-03,100.5,98.71097386641127,1.7890261335887345
2020-08-04,100.5,100.14519590062702,0.3548040993729842
2020-08-05,101.4,101.35694280476463,0.04305719523537732
2020-08-06,101.3,101.10724876477686,0.19275123522314175
2020-08-07,99.8,99.83540363213174,-0.035403632131746576
2020-08-08,100.9,100.80931956966644,0.09068043033356332
2020-08-09,102.0,101.73279807206683,0.2672019279331721
2020-08-10,101.1,101.03255563607148,0.06744436392851583
2020-08-11,102.2,101.88856274903604,0.31143725096396224
2020-08-12,103.1,103.0058546564547,0.0941453435452928
2020-08-13,102.5,102.40806149822401,0.09193850177598506
2020-08-14,105.7,104.96934711571315,0.7306528842868545
2020-08-15,105.1,104.93033799256294,0.16966200743705429
2020-08-16,104.7,104.41560495684865,0.2843950431513491
2020-08-17,96.4,97.21586696151067,-0.8158669615106646
2020-08-18,101.7,101.98423864746371,-0.2842386474637095
2020-08-19,102.9,102.15795672938171,0.7420432706182964
2020-08-20,99.7,99.37827870462871,0.32172129537129024
2020-08-21,101.5,101.29845033126598,0.20154966873401747
2020-08-22,92.1,92.19622427190879,-0.09622427190879534
2020-08-23,96.0,95.94112564033189,0.05887435966810983
2020-08-24,98.0,98.0938938734876,-0.09389387348760181
2020-08-25,98.9,98.90896714223288,-0.008967142232876313
2020-08-26,94.3,95.38553061348381,-1.0855306134838116
2020-08-27,99.8,99.85784366536241,-0.057843665362412366
2020-08-28,103.9,103.33685795593296,0.5631420440670496
2020-08-29,102.5,102.34133958049712,0.1586604195028798
2020-08-30,101.3,101.37396100941538,-0.07396100941538464
2020-08-31,101.9,101.65549621350866,0.24450378649135018
2020-09-01,100.1,100.36662971264845,-0.26662971264845226
2020-09-02,85.9,87.22741339081668,-1.3274133908166732
2020-09-03,91.2,90.99271911907528,0.20728088092472774
2020-09-04,83.0,82.48692897866022,0.5130710213397833
2020-09-05,89.4,89.42767033452655,-0.027670334526547435
2020-09-06,93.4,93.5032288024475,-0.10322880244748944
2020-09-07,95.2,95.13490439352312,0.06509560647688772
2020-09-08,88.1,88.27314210015884,-0.17314210015884157
2020-09-09,80.1,80.92180636446888,-0.821806364468884
2020-09-10,66.3,66.88121463328345,-0.5812146332834516
2020-09-11,85.3,84.29797872956286,1.0020212704371403
2020-09-12,91.7,91.62659129134765,0.0734087086523516
2020-09-13,92.8,93.1874219694929,-0.3874219694929053
2020-09-14,90.8,91.77452299159185,-0.9745229915918543
2020-09-15,91.4,91.61873265900775,-0.21873265900774186
2020-09-16,92.4,92.82277846528477,-0.4227784652847646
2020-09-17,86.3,88.04543379675876,-1.7454337967587605
2020-09-18,87.6,88.44807569236323,-0.8480756923632384
2020-09-19,84.5,84.75400872713887,-0.25400872713886713
2020-09-20,85.5,85.05861222596846,0.44138777403153995
2020-09-21,73.0,73.96284549651733,-0.9628454965173319
2020-09-22,74.7,75.49975845855532,-0.799758458555317
2020-09-23,76.6,77.63565368034745,-1.0356536803474512
2020-09-24,81.1,81.2899651799589,-0.18996517995890372
2020-09-25,86.7,86.0673363005051,0.6326636994948984
2020-09-26,89.1,88.85346824621448,0.2465317537855185
2020-09-27,91.9,91.9104288697414,-0.010428869741389235
2020-09-28,80.3,81.81198970959595,-1.5119897095959516
2020-09-29,83.5,83.1377406204498,0.3622593795501956
2020-09-30,88.1,87.06479438820972,1.0352056117902748
2020-10-01,90.4,89.04226333037879,1.357736669621218
2020-10-02,83.5,83.75532680305815,-0.2553268030581535
2020-10-03,85.9,85.7617626033688,0.1382373966312116
2020-10-04,89.9,89.11493661199911,0.7850633880008928
2020-10-05,86.7,86.51628613053613,0.18371386946387247
2020-10-06,87.7,87.54949897533024,0.15050102466976512
2020-10-07,91.3,90.72702357781114,0.5729764221888587
2020-10-08,85.9,86.3246660252942,-0.4246660252942007
2020-10-09,87.7,87.87512737678993,-0.17512737678993062
2020-10-10,94.5,93.01926888042507,1.4807311195749264
2020-10-11,97.5,96.24508888160452,1.2549111183954835
2020-10-12,87.6,88.318089194833,-0.7180891948329986
2020-10-13,89.3,88.23069557525807,1.0693044247419294
2020-10-14,92.3,91.66532400099905,0.6346759990009474
2020-10-15,88.4,88.58899866799865,-0.1889986679986464
2020-10-16,76.9,77.27616531136348,-0.3761653113634793
2020-10-17,78.9,79.04100983175323,-0.14100983175322312
2020-10-18,92.3,91.8450216613248,0.454978338675204
2020-10-19,92.5,92.28758539169161,0.21241460830839287
2020-10-20,90.8,91.18128064782435,-0.38128064782435445
2020-10-21,90.0,89.70137244456926,0.29862755543074115
2020-10-22,89.7,89.52451561979686,0.1754843802031445
2020-10-23,82.0,81.99681513070261,0.003184869297385262
2020-10-24,65.8,66.5044346486846,-0.7044346486845967
2020-10-25,84.8,84.22243488109115,0.5775651189088506
2020-10-26,75.8,74.73195576229328,1.0680442377067152
2020-10-27,43.5,45.92330065906315,-2.423300659063152
2020-10-28,61.2,60.66610744047619,0.5338925595238138
2020-10-29,63.8,64.27613261399546,-0.4761326139954605
2020-10-30,71.1,70.95135654484406,0.14864345515593413
2020-10-31,78.4,76.96788418456545,1.4321158154345568
2020-11-01,78.0,77.61703604832668,0.3829639516733181
2020-11-02,76.1,74.88010480040795,1.2198951995920453
2020-11-03,80.0,78.19262917152294,1.8073708284770618
2020-11-04,80.8,80.16562757728384,0.6343724227161545
2020-11-05,81.7,81.17163611249866,0.5283638875013423
2020-11-06,79.7,79.66821422466428,0.031785775335720245
2020-11-07,80.8,80.55922801226555,0.24077198773444763
2020-11-08,83.0,82.93041442793312,0.06958557206688454
2020-11-09,84.7,84.62828881118887,0.07171118881113614
2020-11-10,79.2,79.74529172147301,-0.5452917214730064
2020-11-11,82.9,82.51762461011207,0.3823753898879403
2020-11-12,83.0,82.97863744727502,0.021362552724980333
2020-11-13,83.5,83.37649138014766,0.12350861985234474
2020-11-14,86.5,86.31399513819515,0.18600486180484666
2020-11-15,73.7,74.14553148691586,-0.4455314869158542
2020-11-16,74.4,73.18912069388946,1.2108793061105416
2020-11-17,76.6,74.30490649003771,2.2950935099622853
2020-11-18,80.0,78.09159643204016,1.9084035679598372
2020-11-19,82.2,81.36809751049601,0.8319024895039888
2020-11-20,81.4,80.91658971167726,0.48341028832274446
2020-11-21,80.7,80.2825415820291,0.41745841797090577
2020-11-22,82.4,81.38328380577761,1.016716194222397
2020-11-23,67.0,66.75173645902707,0.24826354097292835
2020-11-24,83.3,82.40036358502613,0.8996364149738696
2020-11-25,73.0,73.51171886446879,-0.51171886446879
2020-11-26,77.8,77.53899362755307,0.2610063724469285
2020-11-27,70.2,71.32374099303478,-1.1237409930347724
2020-11-28,60.3,61.37141584457206,-1.0714158445720656
2020-11-29,56.0,56.28777948440447,-0.2877794844044672
2020-11-30,56.7,56.7615390345765,-0.0615390345764979
2020-12-01,63.9,63.22084246517368,0.6791575348263166
2020-12-02,65.1,64.4482394404207,0.6517605595792872
2020-12-03,57.5,57.68508366772117,-0.18508366772117313
2020-12-04,59.6,59.20647218180099,0.3935278181990114
2020-12-05,53.3,52.93341706869517,0.36658293130482633
2020-12-06,66.7,66.10408844003214,0.5959115599678597
2020-12-07,70.9,69.98541297105682,0.9145870289431883
2020-12-08,78.3,76.23140097402595,2.068599025974052
2020-12-09,81.1,78.85289313533684,2.2471068646631522
2020-12-10,78.4,78.35100979159738,0.048990208402628355
2020-12-11,71.2,71.72109165626046,-0.5210916562604524
2020-12-12,62.7,63.01207415891862,-0.31207415891861956
2020-12-13,67.5,67.22179467685095,0.2782053231490522
2020-12-14,51.0,50.94394275585524,0.05605724414476043
2020-12-15,58.4,58.326840257658986,0.07315974234101219
2020-12-16,56.3,56.367791532078975,-0.06779153207897792
2020-12-17,63.8,62.64356753038632,1.1564324696136765
2020-12-18,64.3,64.49331212190583,-0.19331212190583358
2020-12-19,67.6,68.02593509858195,-0.42593509858195944
2020-12-20,68.4,67.42315924561544,0.9768407543845683
2020-12-21,73.9,71.78001444805197,2.1199855519480337
2020-12-22,73.9,73.97756824760204,-0.07756824760203074
2020-12-23,79.8,79.55475363178488,0.24524636821512047
2020-12-24,56.0,55.990245621392475,0.009754378607524927
2020-12-25,69.2,67.6531874375624,1.5468125624376086
2020-12-26,70.1,69.87653239087297,0.22346760912702734
2020-12-27,76.1,75.68454156664419,0.4154584333558091
2020-12-28,75.1,74.96109727910977,0.13890272089022915
2020-12-29,75.3,75.39396740342994,-0.09396740342994292
2020-12-30,72.6,72.43083487345983,0.16916512654016458
2020-12-31,44.3,45.166246640859164,-0.8662466408591669
2021-01-01,53.0,52.40241332348209,0.5975866765179134
2021-01-02,63.1,62.73371954226327,0.36628045773672824
2021-01-03,70.5,69.96215433941057,0.5378456605894257
2021-01-04,76.9,75.41280640748143,1.4871935925185795
2021-01-05,71.5,71.80662402736155,-0.3066240273615506
2021-01-06,66.6,67.80654080641578,-1.2065408064157879
2021-01-07,62.2,62.01543134781887,0.1845686521811345
2021-01-08,52.7,52.87155669053169,-0.17155669053168765
2021-01-09,53.2,52.60696201021208,0.5930379897879234
2021-01-10,45.2,43.52972801087799,1.6702719891220141
2021-01-11,48.1,47.698429220085444,0.40157077991455736
2021-01-12,50.8,49.95172884580698,0.8482711541930144
2021-01-13,65.6,64.64983770188142,0.9501622981185704
2021-01-14,68.9,68.86688602265785,0.033113977342154044
2021-01-15,59.4,59.439423965678934,-0.03942396567893525
2021-01-16,62.9,62.57462005702632,0.3253799429736759
2021-01-17,68.8,68.62115070727879,0.17884929272121042
2021-01-18,74.7,74.5534788315851,0.1465211684149068
2021-01-19,68.2,68.2431232781108,-0.04312327811079797
2021-01-20,54.4,55.14718113622489,-0.7471811362248886
2021-01-21,65.9,66.29002442384005,-0.3900244238400461
2021-01-22,77.4,76.07419499944508,1.3258050005549222
2021-01-23,61.8,62.786458513708546,-0.9864585137085484
2021-01-24,69.8,69.77728660367418,0.022713396325812596
2021-01-25,75.8,76.36770197510826,-0.5677019751082639
2021-01-26,72.4,72.20038909423909,0.19961090576092033
2021-01-27,66.2,65.93278428932176,0.26721571067824357
2021-01-28,54.2,54.467809901209904,-0.2678099012099011
2021-01-29,68.2,68.11918651140522,0.0808134885947851
2021-01-30,79.3,79.13349603105233,0.16650396894766573
2021-01-31,69.1,69.54468652389274,-0.44468652389274155
2021-02-01,65.6,65.14813564976686,0.4518643502331372
2021-02-02,68.0,67.88567197316576,0.1143280268342437
2021-02-03,75.8,75.66095753066374,0.1390424693362604
2021-02-04,84.1,83.5025061528749,0.5974938471250937
2021-02-05,58.7,59.61204214645653,-0.9120421464565283
2021-02-06,75.1,73.34412007159509,1.7558799284049087
2021-02-07,70.0,70.21507795190922,-0.21507795190922252
2021-02-08,74.4,74.23287437146183,0.16712562853817303
2021-02-09,64.1,64.71359264432463,-0.6135926443246404
2021-02-10,46.6,45.98153211857586,0.618467881424138
2021-02-11,37.3,38.25701587148555,-0.9570158714855523
2021-02-12,32.3,36.51239158931347,-4.212391589313469
2021-02-13,31.1,36.30982122009934,-5.209821220099336
2021-02-14,30.1,36.603636262695616,-6.503636262695615
2021-02-15,22.6,34.82465956647519,-12.22465956647519
2021-02-16,24.7,35.777081407134546,-11.077081407134546
2021-02-17,31.2,37.74781777146464,-6.54781777146464
2021-02-18,32.6,34.86104855106086,-2.26104855106086
2021-02-19,42.6,40.616435219641495,1.9835647803585061
2021-02-20,61.2,59.30288320290824,1.897116797091762
2021-02-21,74.8,74.79803163364413,0.0019683663558680564
2021-02-22,74.4,74.53753148934403,-0.1375314893440276
2021-02-23,78.7,78.97197290122058,-0.27197290122057893
2021-02-24,83.6,83.6094592872405,-0.009459287240503045
2021-02-25,65.7,65.37048904151405,0.3295109584859546
2021-02-26,60.1,60.591920793095866,-0.4919207930958649
2021-02-27,78.3,78.05485331578154,0.24514668421845442
2021-02-28,74.8,76.14359915015542,-1.343599150155427
2021-03-01,58.3,59.34867962384837,-1.048679623848372
2021-03-02,66.5,66.03060684801308,0.469393151986921
2021-03-03,71.9,71.67044757570861,0.22955242429139844
2021-03-04,76.0,75.97001831536518,0.029981684634819317
2021-03-05,79.3,79.14151937576314,0.1584806242368586
2021-03-06,67.9,68.43808076437448,-0.5380807643744703
2021-03-07,70.0,70.10276471618663,-0.10276471618662697
2021-03-08,71.7,71.81801629102108,-0.11801629102107825
2021-03-09,76.7,76.61879258174423,0.08120741825577227
2021-03-10,81.6,81.76129958444331,-0.16129958444331294
2021-03-11,80.2,80.91592212128145,-0.7159221212814515
2021-03-12,80.5,81.2099408175158,-0.7099408175158004
2021-03-13,77.1,77.13917087912095,-0.03917087912095951
2021-03-14,76.1,75.2953379557942,0.8046620442057986
2021-03-15,85.3,84.15086403214838,1.1491359678516204
2021-03-16,80.1,80.16212092213338,-0.06212092213338849
2021-03-17,77.4,78.18793933150185,-0.7879393315018461
2021-03-18,73.1,72.89819336427459,0.20180663572540425
2021-03-19,70.3,70.22975100801972,0.07024899198027867
2021-03-20,71.8,71.61957110010088,0.1804288998991126
2021-03-21,73.6,73.78173134504385,-0.18173134504385757
2021-03-22,71.2,71.59115112128475,-0.39115112128475005
2021-03-23,80.8,80.19353096764348,0.6064690323565145
2021-03-24,71.1,71.84416309315694,-0.7441630931569421
2021-03-25,74.2,74.4065545006464,-0.2065545006463907
2021-03-26,83.0,82.88707959679206,0.11292040320793717
2021-03-27,85.0,84.93886316391938,0.06113683608062104
2021-03-28,74.1,74.68533586482961,-0.5853358648296165
2021-03-29,77.1,76.70998239330122,0.39001760669877683
2021-03-30,79.8,79.71378358516488,0.08621641483512121
2021-03-31,72.6,73.47815663641919,-0.8781566364191917
2021-04-01,70.0,70.18288635947386,-0.182886359473855
2021-04-02,71.2,71.37460796564542,-0.17460796564542136
2021-04-03,65.9,65.70562038898596,0.19437961101404255
2021-04-04,74.2,74.15870948704074,0.04129051295926445
2021-04-05,79.5,79.31558286435784,0.184417135642164
2021-04-06,86.1,85.761054580142,0.33894541985799265
2021-04-07,87.4,87.36761640061326,0.03238359938674762
2021-04-08,91.0,89.35118124444996,1.6488187555500389
2021-04-09,90.3,89.70449366119992,0.5955063388000781
2021-04-10,80.2,80.44046977605727,-0.24046977605726738
2021-04-11,87.5,87.07039679556556,0.4296032044344429
2021-04-12,87.5,87.26360357942704,0.23639642057295873
2021-04-13,82.5,84.13980880161509,-1.6398088016150894
2021-04-14,81.8,83.07854490440116,-1.2785449044011585
2021-04-15,72.6,72.37435049815376,0.22564950184623456
2021-04-16,68.0,68.63869303543682,-0.6386930354368161
2021-04-17,64.8,65.15740140068259,-0.3574014006825905
2021-04-18,67.9,67.88591850371853,0.014081496281477257
2021-04-19,74.5,75.02517265165389,-0.5251726516538895
2021-04-20,83.1,82.41485511363639,0.6851448863636023
2021-04-21,65.9,65.95859442918201,-0.05859442918200841
2021-04-22,66.4,67.28048832140074,-0.8804883214007333
2021-04-23,71.9,71.83133100510595,0.06866899489405398
2021-04-24,83.1,83.00891493437116,0.09108506562883179
2021-04-25,87.3,87.03831013014751,0.2616898698524892
2021-04-26,85.5,85.46823852154803,0.03176147845196908
2021-04-27,78.9,79.47979299552779,-0.5797929955277823
2021-04-28,83.7,84.48786668054167,-0.7878666805416685
2021-04-29,74.9,75.72974330808078,-0.8297433080807792
2021-04-30,73.3,73.28478752844381,0.01521247155618255
2021-05-01,74.0,73.79462625850454,0.20537374149546395
2021-05-02,88.3,87.8452487054612,0.45475129453879504
2021-05-03,92.8,92.50596681374167,0.2940331862583321
2021-05-04,82.0,83.31635248501495,-1.3163524850149457
2021-05-05,80.8,80.91278659812406,-0.11278659812406033
2021-05-06,87.0,86.14298605006107,0.8570139499389313
2021-05-07,85.1,85.26407911255414,-0.1640791125541483
2021-05-08,89.2,88.70381034278223,0.4961896572177693
2021-05-09,88.3,88.44226393492129,-0.14226393492128864
2021-05-10,79.2,79.89325479916535,-0.693254799165345
2021-05-11,75.6,74.62051811938063,0.9794818806193604
2021-05-12,74.1,73.67537451645579,0.4246254835442045
2021-05-13,73.8,74.44646163603552,-0.6464616360355251
2021-05-14,81.7,82.04368958472081,-0.34368958472080635
2021-05-15,78.9,79.4180661319481,-0.518066131948089
2021-05-16,81.3,80.90077503260633,0.3992249673936641
2021-05-17,79.6,79.83983947943399,-0.23983947943399642
2021-05-18,77.8,77.99626881035628,-0.19626881035628685
2021-05-19,71.5,72.78424488601675,-1.2842448860167508
2021-05-20,84.3,84.19468507326013,0.1053149267398652
2021-05-21,85.4,85.28977282562211,0.11022717437789709
2021-05-22,80.1,80.56487368950489,-0.4648736895048984
2021-05-23,73.5,75.30530458291705,-1.8053045829170458
2021-05-24,85.6,85.17864870164559,0.4213512983544092
2021-05-25,87.5,87.53283995171498,-0.03283995171497622
2021-05-26,88.6,88.78504285922418,-0.18504285922418262
2021-05-27,89.2,89.28951645611338,-0.08951645611337256
2021-05-28,87.1,87.22111544219668,-0.12111544219668247
2021-05-29,86.3,86.07740729478854,0.22259270521145424
2021-05-30,86.9,86.59539223311414,0.30460776688586577
2021-05-31,83.7,83.81496598713785,-0.11496598713785033
2021-06-01,83.1,83.16586991272611,-0.06586991272611442
2021-06-02,88.3,88.19785987484737,0.10214012515262993
2021-06-03,70.9,71.07016519660895,-0.17016519660894858
2021-06-04,82.4,82.19449923826174,0.20550076173826426
2021-06-05,80.0,80.40271354548229,-0.40271354548228544
2021-06-06,89.4,89.10775604673108,0.2922439532689225
2021-06-07,88.9,89.20318885558886,-0.3031888555888571
2021-06-08,91.3,91.15282781454647,0.1471721854535275
2021-06-09,92.5,92.3819689942002,0.11803100579980708
2021-06-10,92.6,92.57892570970697,0.021074290293029208
2021-06-11,91.5,91.75380871489618,-0.25380871489618073
2021-06-12,93.1,92.83055426240426,0.2694457375957313
2021-06-13,97.0,96.70600340427555,0.293996595724451
2021-06-14,98.2,98.06467745102121,0.1353225489787917
2021-06-15,97.2,97.17534914454407,0.024650855455931264
2021-06-16,95.1,95.31764945263066,-0.21764945263066693
2021-06-17,95.6,96.06719536574536,-0.46719536574536846
2021-06-18,93.1,93.80047930888551,-0.7004793088855195
2021-06-19,94.3,94.23017546689417,0.06982453310583026
2021-06-20,93.7,93.63025168997677,0.06974831002322901
2021-06-21,93.3,94.21518055971808,-0.9151805597180811
2021-06-22,87.3,87.851240786297,-0.5512407862970008
2021-06-23,97.0,96.44553952783332,0.5544604721666815
2021-06-24,96.3,96.317531775863,-0.017531775863005805
2021-06-25,94.9,95.16104710983453,-0.2610471098345215
2021-06-26,95.8,95.953836063936,-0.1538360639359979
2021-06-27,90.4,90.40466871816905,-0.004668718169043018
2021-06-28,87.5,87.39857266552897,0.10142733447102614
2021-06-29,85.7,85.59653908487344,0.1034609151265613
2021-06-30,91.0,90.97943964993324,0.02056035006675927
2021-07-01,92.9,92.95074840437337,-0.050748404373365474
2021-07-02,95.4,95.506158028083,-0.10615802808298724
2021-07-03,89.5,89.78233464729712,-0.28233464729711955
2021-07-04,82.6,83.36515157238595,-0.7651515723859603
2021-07-05,82.9,83.36282853049724,-0.4628285304972337
2021-07-06,87.3,87.33019055319683,-0.030190553196831615
2021-07-07,86.8,87.07898259102006,-0.2789825910200676
2021-07-08,88.1,88.08104498348868,0.01895501651131326
2021-07-09,79.8,80.97216745268626,-1.172167452686267
2021-07-10,90.9,90.89931356560096,0.0006864343990429234
2021-07-11,90.5,90.6795234262265,-0.17952342622649553
2021-07-12,86.5,87.54554656662785,-1.0455465666278485
2021-07-13,89.6,88.89674696345334,0.7032530365466556
2021-07-14,90.7,90.39787851037856,0.3021214896214417
2021-07-15,91.5,91.66133866341988,-0.16133866341988323
2021-07-16,91.8,92.02899462586029,-0.2289946258602953
2021-07-17,92.0,92.37514276487406,-0.37514276487405596
2021-07-18,94.3,94.32613859681986,-0.026138596819862414
2021-07-19,95.3,94.34555402028515,0.9544459797148477
2021-07-20,91.3,91.21026646860074,0.08973353139926132
2021-07-21,90.3,90.45928915528917,-0.15928915528917287
2021-07-22,92.2,91.31809851467985,0.8819014853201566
2021-07-23,93.1,93.07476232031853,0.025237679681467284
2021-07-24,96.0,96.11240652056279,-0.11240652056278577
2021-07-25,97.4,97.25890644910655,0.14109355089345854
2021-07-26,97.3,97.14758274850152,0.15241725149847696
2021-07-27,96.0,96.30789143377052,-0.3078914337705214
2021-07-28,95.1,95.59898133853481,-0.4989813385348185
2021-07-29,96.9,96.47050696803196,0.42949303196805033
2021-07-30,96.0,96.13075757596164,-0.1307575759616384
2021-07-31,93.7,94.24217869491613,-0.5421786949161316
2021-08-01,99.1,98.41559624819624,0.6844037518037567
2021-08-02,85.0,84.48818370934629,0.5118162906537123
2021-08-03,90.6,90.86109040404035,-0.26109040404035966
2021-08-04,90.8,91.39189923271178,-0.591899232711782
2021-08-05,83.2,84.90714728812848,-1.707147288128482
2021-08-06,89.9,90.08228121947496,-0.1822812194749588
2021-08-07,94.0,93.99543854062604,0.0045614593739600195
2021-08-08,95.1,95.26952497849372,-0.16952497849372605
2021-08-09,96.2,96.32027101509601,-0.12027101509600868
2021-08-10,96.7,96.6933381111943,0.006661888805709282
2021-08-11,96.2,96.18479269758011,0.015207302419895541
2021-08-12,96.0,96.16027673853928,-0.16027673853928093
2021-08-13,96.7,96.5976543255355,0.10234567446450171
2021-08-14,96.8,96.73920606546238,0.060793934537613836
2021-08-15,91.9,90.4965069069819,1.403493093018099
2021-08-16,92.6,92.63019453324449,-0.03019453324449728
2021-08-17,90.9,91.19433090728711,-0.29433090728710454
2021-08-18,92.5,92.503904001554,-0.0039040015540052764
2021-08-19,95.4,96.04592428335556,-0.645924283355555
2021-08-20,94.3,94.60600645465638,-0.30600645465638365
2021-08-21,95.6,95.85646135045508,-0.25646135045508345
2021-08-22,95.6,95.72794161234997,-0.12794161234997148
2021-08-23,95.5,95.66454543026413,-0.16454543026412694
2021-08-24,97.0,96.97853209082595,0.021467909174049282
2021-08-25,95.9,96.48123817432567,-0.5812381743256623
2021-08-26,98.1,98.05688984487732,0.04311015512267602
2021-08-27,88.7,88.94948610209232,-0.24948610209231958
2021-08-28,92.5,92.42037574925078,0.07962425074921953
2021-08-29,93.2,93.16284130599792,0.0371586940020876
2021-08-30,92.8,93.25007298534793,-0.45007298534792994
2021-08-31,98.4,98.32121233696867,0.07878766303133489
2021-09-01,97.7,97.9141402534965,-0.21414025349649535
2021-09-02,97.2,97.23396041874803,-0.03396041874802336
2021-09-03,98.1,98.02880353119104,0.07119646880894948
2021-09-04,97.9,97.87985761044519,0.020142389554820284
2021-09-05,100.9,100.5867822580197,0.31321774198030994
2021-09-06,96.9,96.4866602064602,0.4133397935398051
2021-09-07,95.5,95.39371466242093,0.10628533757906666
2021-09-08,99.7,98.74616618728501,0.9538338127149899
2021-09-09,95.5,95.45285890567766,0.047141094322341814
2021-09-10,94.2,93.82032170884663,0.37967829115336826
2021-09-11,91.5,91.37736787067098,0.12263212932901979
2021-09-12,91.5,91.49624559641748,0.003754403582519217
2021-09-13,87.3,88.33804079254078,-1.0380407925407837
2021-09-14,84.5,85.91780979784102,-1.4178097978410165
2021-09-15,90.5,90.54686510156506,-0.04686510156506074
2021-09-16,92.8,92.69018798597232,0.10981201402768193
2021-09-17,95.5,95.15044310203677,0.3495568979632253
2021-09-18,96.6,96.3618758005884,0.238124199411601
2021-09-19,97.9,97.73755098200408,0.16244901799592526
2021-09-20,100.0,99.78130998237879,0.21869001762121343
2021-09-21,93.1,93.55771701354197,-0.4577170135419806
2021-09-22,85.0,85.6024088609307,-0.6024088609306943
2021-09-23,86.6,86.50902537531915,0.09097462468083961
2021-09-24,87.5,87.188075412088,0.31192458791200295
2021-09-25,89.4,89.02295884324018,0.3770411567598302
2021-09-26,90.3,90.03152359792992,0.2684764020700783
2021-09-27,91.7,91.50633977584914,0.19366022415086093
2021-09-28,95.5,94.7447011169386,0.7552988830613998
2021-09-29,88.3,87.55197010350767,0.7480298964923264
2021-09-30,93.1,92.32226519036514,0.7777348096348504
2021-10-01,85.5,85.31925072774447,0.18074927225552528
2021-10-02,87.2,87.08663211857598,0.11336788142402554
2021-10-03,88.5,88.87487057040184,-0.37487057040183913
2021-10-04,90.5,90.36423186500991,0.13576813499008722
2021-10-05,89.4,88.8616144903708,0.5383855096292081
2021-10-06,88.5,88.16941409285164,0.330585907148361
2021-10-07,89.7,89.56919577783334,0.13080422216665966
2021-10-08,90.6,90.4915380990537,0.10846190094629549
2021-10-09,88.5,88.50274383255635,-0.002743832556348025
2021-10-10,90.6,90.67649180472299,-0.07649180472299122
2021-10-11,82.5,82.54780219641478,-0.047802196414778564
2021-10-12,87.3,87.35887728625548,-0.0588772862554805
2021-10-13,87.6,88.67607182747815,-1.0760718274781595
2021-10-14,78.3,78.73348861624486,-0.43348861624485835
2021-10-15,88.0,87.43677926934177,0.5632207306582302
2021-10-16,74.6,75.05505328699077,-0.4550532869907755
2021-10-17,73.8,74.14510510878009,-0.34510510878008915
2021-10-18,77.5,77.85211580641584,-0.3521158064158385
2021-10-19,82.8,82.73800829864572,0.06199170135427323
2021-10-20,81.2,81.21213174950056,-0.012131749500554179
2021-10-21,84.6,84.38594247280489,0.2140575271951093
2021-10-22,85.5,85.51539299762734,-0.015392997627344585
2021-10-23,88.5,88.02613300657677,0.47386699342322913
2021-10-24,86.5,86.11203924304863,0.38796075695137233
2021-10-25,88.7,87.91311327977589,0.7868867202241177
2021-10-26,85.7,86.03276924256299,-0.3327692425629891
2021-10-27,78.1,78.98700026778778,-0.8870002677877835
2021-10-28,78.1,78.3540050484238,-0.25400504842380656
2021-10-29,74.7,74.6936012060856,0.006398793914399903
2021-10-30,80.4,80.0391940254191,0.3608059745808987
2021-10-31,81.8,81.74584203370156,0.05415796629843328
2021-11-01,80.7,80.5956367167555,0.10436328324450983
2021-11-02,77.8,77.93558115564988,-0.13558115564988782
2021-11-03,66.3,65.03356189574316,1.2664381042568351
2021-11-04,61.5,60.972345404595416,0.5276545954045844
2021-11-05,64.4,64.20822078962703,0.19177921037297097
2021-11-06,69.5,69.33635604395604,0.16364395604395554
2021-11-07,73.8,73.7312942009379,0.06870579906210139
2021-11-08,77.0,76.6080846778222,0.3919153221777947
2021-11-09,75.6,75.47873383803694,0.12126616196304951
2021-11-10,79.8,79.84448214216336,-0.04448214216336055
2021-11-11,74.6,75.47339175414045,-0.8733917541404566
2021-11-12,77.5,77.16334098089413,0.33665901910586626
2021-11-13,69.6,69.59766530067154,0.0023346993284576456
2021-11-14,78.6,78.42318667027418,0.17681332972581743
2021-11-15,80.9,80.31664338994345,0.5833566100565548
2021-11-16,80.9,80.69988825688196,0.20011174311804325
2021-11-17,82.8,82.7132849171662,0.08671508283379126
2021-11-18,66.8,66.93646918775664,-0.13646918775664574
2021-11-19,65.9,65.97151480602737,-0.07151480602736626
2021-11-20,72.8,72.94942520639077,-0.14942520639077372
2021-11-21,77.2,77.32015440323563,-0.12015440323563098
2021-11-22,70.5,70.27429476773223,0.22570523226777084
2021-11-23,70.7,70.6635365391553,0.036463460844700535
2021-11-24,77.0,76.64775449134203,0.35224550865797255
2021-11-25,68.0,68.56911992174496,-0.5691199217449565
2021-11-26,55.8,56.831502234570934,-1.0315022345709366
2021-11-27,51.8,52.789025644494444,-0.989025644494447
2021-11-28,70.7,69.90141154817402,0.798588451825978
2021-11-29,71.7,71.27604114288492,0.42395885711508186
2021-11-30,73.8,73.95748502261621,-0.1574850226162141
2021-12-01,75.1,74.51860470640466,0.5813952935953353
2021-12-02,79.5,77.72014854030776,1.7798514596922388
2021-12-03,74.5,74.4714829198579,0.028517080142094642
2021-12-04,77.3,77.38569390540022,-0.0856939054002197
2021-12-05,77.3,77.99061411713295,-0.6906141171329523
2021-12-06,72.8,73.63895539183042,-0.8389553918304244
2021-12-07,68.8,68.6327147165335,0.16728528346649796
2021-12-08,77.2,76.93668306207684,0.2633169379231646
2021-12-09,77.6,77.7911593706367,-0.1911593706367114
2021-12-10,84.1,83.31105061743813,0.7889493825618672
2021-12-11,72.4,72.03960425824174,0.3603957417582677
2021-12-12,60.8,60.56386882978132,0.2361311702186768
2021-12-13,63.8,64.52810518578643,-0.7281051857864327
2021-12-14,75.3,73.9171697448385,1.382830255161494
2021-12-15,79.8,80.0114203990454,-0.21142039904540866
2021-12-16,78.6,79.29653661163405,-0.696536611634059
2021-12-17,78.1,79.09240856920864,-0.9924085692086493
2021-12-18,71.9,71.75936794941167,0.14063205058833717
2021-12-19,54.4,55.060213746670044,-0.6602137466700455
2021-12-20,59.0,59.20598667582418,-0.20598667582417818
2021-12-21,66.6,65.74110799755806,0.8588920024419338
2021-12-22,74.0,73.9384953378729,0.06150466212710626
2021-12-23,70.3,70.42042553210676,-0.12042553210676488
2021-12-24,77.5,77.35529431991624,0.14470568008376006
2021-12-25,78.1,77.97430108841326,0.1256989115867384
2021-12-26,75.4,75.12178337703955,0.278216622960457
2021-12-27,79.2,79.01841796051166,0.1815820394883474
2021-12-28,72.9,74.18649149912589,-1.2864914991258871
2021-12-29,80.5,79.77789033882789,0.7221096611721123
2021-12-30,81.7,80.44028528936342,1.2597147106365867
2021-12-31,81.4,80.57980322455329,0.8201967754467177
2022-01-01,77.0,77.56174245476743,-0.5617424547674261
2022-01-02,46.7,45.780432936854794,0.9195670631452089
2022-01-03,56.0,54.700627012917636,1.2993729870823643
2022-01-04,66.1,65.72219315961814,0.37780684038185086
2022-01-05,73.5,72.86871900668774,0.6312809933122594
2022-01-06,55.2,55.68550787753915,-0.48550787753914904
2022-01-07,40.7,42.74155691391937,-2.041556913919365
2022-01-08,63.3,62.495407498751234,0.8045925012487629
2022-01-09,62.4,63.375342923487345,-0.9753429234873465
2022-01-10,58.3,58.08982434544627,0.21017565455372988
2022-01-11,50.0,51.07110500818631,-1.0711050081863078
2022-01-12,64.3,63.42086292457545,0.8791370754245449
2022-01-13,74.2,72.43908027805523,1.7609197219447736
2022-01-14,77.5,77.16826910936284,0.33173089063716077
2022-01-15,63.7,63.12090018531303,0.5790998146869697
2022-01-16,62.3,61.6806489586802,0.6193510413197956
2022-01-17,68.2,67.35119841720781,0.8488015827921913
2022-01-18,74.2,73.75716993908868,0.4428300609113194
2022-01-19,80.1,79.86691617826612,0.23308382173387088
2022-01-20,43.0,43.60191450979574,-0.6019145097957406
2022-01-21,49.3,48.643367273004785,0.6566327269952126
2022-01-22,53.8,53.339332392260474,0.46066760773952353
2022-01-23,57.8,58.40723726759351,-0.6072372675935114
2022-01-24,52.8,54.13708330731771,-1.3370833073177124
2022-01-25,52.9,53.790791031313454,-0.890791031313455
2022-01-26,53.6,54.3437152930403,-0.7437152930402959
2022-01-27,59.8,60.76012133854706,-0.9601213385470615
2022-01-28,59.5,59.487233211396514,0.01276678860348568
2022-01-29,66.5,65.66103853956501,0.8389614604349873
2022-01-30,69.7,69.76344232434236,-0.06344232434236119
2022-01-31,58.1,59.02122039141416,-0.9212203914141597
2022-02-01,65.5,66.10444785700413,-0.6044478570041321
2022-02-02,58.3,58.35545979090362,-0.05545979090362607
2022-02-03,37.2,37.86695730262383,-0.6669573026238282
2022-02-04,40.8,39.916050534881805,0.8839494651181923
2022-02-05,50.7,49.618292480783076,1.081707519216927
2022-02-06,57.5,56.15397167207792,1.3460283279220775
2022-02-07,61.4,61.14335062506936,0.2566493749306389
2022-02-08,67.3,66.98746576026096,0.31253423973903693
2022-02-09,73.7,73.13862315470477,0.5613768452952286
2022-02-10,73.2,72.80949707375957,0.3905029262404298
2022-02-11,75.5,75.49099768460707,0.009002315392933724
2022-02-12,57.5,58.0540211802087,-0.5540211802087001
2022-02-13,66.3,64.77300527701468,1.5269947229853216
2022-02-14,69.5,69.20451472518492,0.29548527481507847
2022-02-15,73.9,73.64124020285277,0.25875979714723485
2022-02-16,75.4,75.43790858308354,-0.03790858308353506
2022-02-17,70.4,70.7619817689255,-0.3619817689254887
2022-02-18,59.4,58.687086308830104,0.712913691169895
2022-02-19,64.8,64.3456651976292,0.45433480237079493
2022-02-20,70.7,70.94710675851928,-0.24710675851927988
2022-02-21,84.1,83.2755626554002,0.8244373445998008
2022-02-22,85.2,85.00935504426128,0.1906449557387191
2022-02-23,47.8,46.354044852369896,1.4459551476301016
2022-02-24,35.8,36.755813996277425,-0.9558139962774277
2022-02-25,38.6,40.30866492188366,-1.7086649218836598
2022-02-26,40.9,41.2082479388667,-0.30824793886669966
2022-02-27,60.4,59.625319886363656,0.774680113636343
2022-02-28,65.6,65.36507211640486,0.23492788359513384
2022-03-01,73.1,72.42946109939905,0.6705389006009455
2022-03-02,75.1,75.05506228979357,0.04493771020642612
2022-03-03,78.1,78.31845090118216,-0.21845090118216604
2022-03-04,77.0,77.04448949794077,-0.044489497940773504
2022-03-05,79.5,79.56595343822843,-0.06595343822843347
2022-03-06,80.5,80.83788328199572,-0.3378832819957154
2022-03-07,71.2,67.3375470023033,3.862452997696707
2022-03-08,54.1,54.26461477172744,-0.164614771727436
2022-03-09,60.1,60.431830301642805,-0.33183030164280325
2022-03-10,73.4,73.22921304320674,0.17078695679326472
2022-03-11,62.4,61.2325799707237,1.1674200292763004
2022-03-12,56.6,55.73944357239986,0.8605564276001445
2022-03-13,66.5,66.39222069560341,0.1077793043965869
2022-03-14,80.9,80.38891331030086,0.5110866896991411
2022-03-15,76.4,76.04229223484845,0.35770776515155944
2022-03-16,81.7,81.5054318119789,0.1945681880211083
2022-03-17,70.7,71.25817657932345,-0.5581765793234439
2022-03-18,73.7,73.85002915834168,-0.15002915834168107
2022-03-19,78.9,77.83814480935729,1.0618551906427172
2022-03-20,78.4,78.77534588536467,-0.3753458853646663
2022-03-21,79.2,78.34079080225338,0.8592091977466225
2022-03-22,65.9,67.16995558226496,-1.2699555822649558
2022-03-23,69.7,69.62609309128365,0.07390690871635286
2022-03-24,76.1,75.17587166548726,0.92412833451273
2022-03-25,84.3,82.27133345300535,2.0286665469946428
2022-03-26,90.1,88.1273480519481,1.9726519480518903
2022-03-27,86.5,85.7610285277223,0.7389714722776972
2022-03-28,85.4,85.22137021312015,0.17862978687985276
2022-03-29,79.0,80.00681378378566,-1.0068137837856597
2022-03-30,79.0,79.79825758485791,-0.7982575848579074
2022-03-31,75.9,75.79227182435626,0.10772817564374293
2022-04-01,81.7,81.8608077235673,-0.16080772356730222
2022-04-02,85.7,85.5216744318182,0.17832556818180478
2022-04-03,85.3,85.24964687395938,0.050353126040619145
2022-04-04,79.0,79.11138839190782,-0.11138839190782335
2022-04-05,95.0,94.1212671835109,0.8787328164891051
2022-04-06,79.1,79.6174541013316,-0.5174541013316087
2022-04-07,77.2,76.48185852064597,0.7181414793540313
2022-04-08,78.4,77.84904985492447,0.5509501450755323
2022-04-09,87.4,84.17931797195862,3.220682028041381
2022-04-10,85.3,85.32268557276056,-0.022685572760565265
2022-04-11,81.7,82.03359462343222,-0.33359462343221935
2022-04-12,91.4,90.19077518037523,1.2092248196247795
2022-04-13,92.8,92.50902750305248,0.2909724969475178
2022-04-14,82.0,82.26607178793425,-0.26607178793425135
2022-04-15,82.7,82.5788942654567,0.1211057345433062
2022-04-16,81.8,82.40080561383064,-0.6008056138306443
2022-04-17,85.9,85.93208527306032,-0.03208527306031783
2022-04-18,77.4,78.1957225670163,-0.7957225670162984
2022-04-19,70.1,71.24012565843057,-1.140125658430577
2022-04-20,83.2,83.33485784077038,-0.13485784077037977
2022-04-21,80.0,81.73732662753916,-1.7373266275391614
2022-04-22,89.9,89.11203470279726,0.7879652972027458
2022-04-23,86.5,86.80982683497052,-0.3098268349705222
2022-04-24,90.1,89.57981785020539,0.5201821497946071
2022-04-25,74.2,73.83067667124547,0.36932332875453255
2022-04-26,76.3,75.84505569606041,0.45494430393958396
2022-04-27,78.1,78.66311418650795,-0.5631141865079599
2022-04-28,86.4,86.28650858377732,0.11349141622268633
2022-04-29,84.8,84.99105102050727,-0.19105102050727396
2022-04-30,89.0,89.03019784937291,-0.030197849372910923
2022-05-01,86.0,86.2188401071151,-0.21884010711509916
2022-05-02,82.4,84.30194691662514,-1.9019469166251355
2022-05-03,91.7,91.4559254280442,0.24407457195580662
2022-05-04,88.7,88.83275182629878,-0.13275182629877236
2022-05-05,85.5,85.2443492271617,0.25565077283829396
2022-05-06,92.8,91.24840825563325,1.5515917443667462
2022-05-07,95.7,95.36900004925617,0.3309999507438306
2022-05-08,96.4,95.76968712468074,0.6303128753192624
2022-05-09,94.4,94.34089914599289,0.05910085400711296
2022-05-10,92.4,92.63703360458982,-0.23703360458981138
2022-05-11,92.5,92.40109944083692,0.09890055916308427
2022-05-12,93.1,92.69192099636484,0.4080790036351516
2022-05-13,90.2,90.33324717678158,-0.13324717678158038
2022-05-14,94.1,93.86176895708456,0.23823104291543018
2022-05-15,95.3,94.87764420926301,0.4223557907369866
2022-05-16,97.5,96.78466569229384,0.7153343077061578
2022-05-17,97.1,96.01078474754416,1.0892152524558298
2022-05-18,97.0,96.20936387952335,0.7906361204766483
2022-05-19,96.4,96.19163263229835,0.20836736770165487
2022-05-20,95.4,95.18490185647684,0.21509814352316425
2022-05-21,98.5,97.68760523920524,0.8123947607947599
2022-05-22,82.4,82.33604601717731,0.06395398282269582
2022-05-23,87.1,86.81590933719055,0.2840906628094473
2022-05-24,87.1,88.05224270382392,-0.9522427038239272
2022-05-25,83.3,83.02275214091463,0.27724785908536376
2022-05-26,96.4,94.26611755466755,2.1338824453324605
2022-05-27,96.4,95.85476902366429,0.5452309763357164
2022-05-28,96.4,96.14840468732659,0.25159531267341606
2022-05-29,96.8,96.46797069805189,0.3320293019481113
2022-05-30,95.2,95.19817526501282,0.0018247349871813867
2022-05-31,96.4,96.27964996878129,0.12035003121872023
2022-06-01,94.7,94.65468111402478,0.04531888597522027
2022-06-02,90.4,90.7570944715007,-0.3570944715006874
2022-06-03,91.8,92.07137247891004,-0.27137247891003824
2022-06-04,92.0,92.00374324078706,-0.0037432407870596762
2022-06-05,98.2,97.1137250218531,1.0862749781469034
2022-06-06,101.5,99.85833860375728,1.641661396242725
2022-06-07,101.0,99.7866535547785,1.2133464452215037
2022-06-08,98.5,98.1508231234044,0.3491768765956067
2022-06-09,98.5,98.2243160249473,0.2756839750527007
2022-06-10,101.0,100.43625057165055,0.5637494283494533
2022-06-11,102.2,101.72622554424741,0.47377445575259003
2022-06-12,104.2,102.18190681956932,2.0180931804306823
2022-06-13,101.1,100.31700086163833,0.7829991383616601
2022-06-14,99.8,99.28118058757005,0.5188194124299486
2022-06-15,95.6,96.2618820779915,-0.6618820779915069
2022-06-16,102.0,101.0910304133366,0.9089695866634031
2022-06-17,97.8,98.32158749098127,-0.5215874909812754
2022-06-18,99.2,99.22706777528032,-0.02706777528031523
2022-06-19,100.2,99.99101563991564,0.20898436008435795
2022-06-20,101.1,100.67009948315567,0.4299005168443273
2022-06-21,100.1,100.21493627777448,-0.11493627777448978
2022-06-22,99.0,99.02682755855247,-0.0268275585524691
2022-06-23,102.2,102.09697485084364,0.10302514915636607
2022-06-24,101.4,101.30818649267403,0.09181350732598048
2022-06-25,101.1,100.84713611041731,0.25286388958268446
2022-06-26,100.9,100.68133762071257,0.21866237928743715
2022-06-27,100.3,97.92213493728492,2.377865062715074
2022-06-28,91.2,91.11992074245201,0.08007925754799317
2022-06-29,97.5,97.372265758547,0.12773424145299828
2022-06-30,97.2,97.06988088010844,0.13011911989156033
2022-07-01,95.0,95.40831953324451,-0.40831953324450865
2022-07-02,99.8,99.82157545138676,-0.02157545138676653
2022-07-03,99.6,99.62347046495171,-0.02347046495171412
2022-07-04,98.9,99.00473787071842,-0.10473787071840945
2022-07-05,98.9,99.08032087035767,-0.18032087035766153
2022-07-06,101.4,101.19261973498323,0.20738026501678064
2022-07-07,101.1,100.9837928252303,0.11620717476969844
2022-07-08,102.3,101.99979938880563,0.30020061119437
2022-07-09,103.6,103.75671513764011,-0.1567151376401199
2022-07-10,107.9,105.50784879009869,2.3921512099013142
2022-07-11,103.6,104.1017824272949,-0.5017824272949127
2022-07-12,106.5,105.10121916866025,1.3987808313397494
2022-07-13,105.5,104.74384083277833,0.7561591672216679
2022-07-14,101.1,100.67718401410683,0.42281598589316616
2022-07-15,98.1,97.61883885454816,0.48116114545183564
2022-07-16,98.9,98.84803896545702,0.05196103454298395
2022-07-17,102.9,102.87045353778167,0.029546462218334568
2022-07-18,103.8,103.73035831911147,0.06964168088852318
2022-07-19,105.1,104.02231119852377,1.0776888014762278
2022-07-20,104.5,103.22188077337515,1.2781192266248524
2022-07-21,101.6,101.49506178855856,0.10493821144143567
2022-07-22,101.5,101.22877135489094,0.27122864510906197
2022-07-23,102.0,101.58811070789899,0.41188929210100866
2022-07-24,101.9,101.87555780296084,0.02444219703916417
2022-07-25,102.0,101.77158104187471,0.2284189581252889
2022-07-26,102.3,101.91579936358568,0.38420063641432023
2022-07-27,101.3,101.01908013187793,0.28091986812206926
2022-07-28,101.3,101.2715758200133,0.028424179986700437
2022-07-29,101.5,100.97420324605942,0.5257967539405826
2022-07-30,102.2,102.14918103493724,0.05081896506275996
2022-07-31,102.2,101.95758442737807,0.2424155726219368
2022-08-01,100.3,100.25834940268057,0.04165059731943188
2022-08-02,103.3,103.19095020777833,0.10904979222166844
2022-08-03,103.7,103.39283513604452,0.30716486395547804
2022-08-04,103.3,103.17629332230274,0.12370667769725685
2022-08-05,101.8,101.56905124146688,0.23094875853311692
2022-08-06,95.4,95.7424342570624,-0.3424342570623935
2022-08-07,98.9,98.84341539432788,0.05658460567212842
2022-08-08,100.9,100.35467121003987,0.5453287899601378
2022-08-09,99.7,99.88285443792313,-0.18285443792312606
2022-08-10,102.5,101.68059220917964,0.8194077908203639
2022-08-11,99.6,99.6843770014707,-0.08437700147069904
2022-08-12,100.6,100.27916602910975,0.32083397089024857
2022-08-13,100.7,100.80997848417923,-0.10997848417922285
2022-08-14,91.8,92.94434592282721,-1.1443459228272133
2022-08-15,100.1,99.50247167450594,0.5975283254940535
2022-08-16,99.0,98.92103338050838,0.07896661949162365
2022-08-17,101.0,101.28340370879123,-0.28340370879122645
2022-08-18,99.8,97.42717726509596,2.372822734904034
2022-08-19,92.1,89.76572984723613,2.334270152763864
2022-08-20,98.0,97.3680988136863,0.6319011863136978
2022-08-21,92.1,92.16387656648902,-0.06387656648902862
2022-08-22,96.4,94.67832945145128,1.7216705485487296
2022-08-23,90.4,90.22052275571646,0.1794772442835466
2022-08-24,93.2,93.0565424590116,0.14345754098840757
2022-08-25,95.1,95.12478551358763,-0.024785513587630703
2022-08-26,96.6,96.65530705475092,-0.055307054750926454
2022-08-27,97.1,96.98579001796824,0.11420998203175259
2022-08-28,95.9,96.23355007215005,-0.3335500721500466
2022-08-29,97.3,96.4327358724609,0.8672641275391015
2022-08-30,83.3,83.47861271228776,-0.17861271228775877
2022-08-31,90.6,90.28513962912095,0.31486037087904606
2022-09-01,92.6,92.35071627608498,0.2492837239150134
2022-09-02,93.3,93.22021173479293,0.07978826520707116
2022-09-03,88.1,88.20365223734589,-0.1036522373458979
2022-09-04,89.9,89.56015738011989,0.3398426198801161
2022-09-05,92.2,91.8763411040349,0.3236588959650959
2022-09-06,94.1,94.14470712759461,-0.04470712759462003
2022-09-07,93.8,93.76996304341077,0.030036956589228225
2022-09-08,93.3,93.17440416389167,0.12559583610833158
2022-09-09,92.8,92.9796370802808,-0.1796370802807985
2022-09-10,92.8,93.12402028700458,-0.3240202870045863
2022-09-11,91.7,92.01488677919302,-0.3148867791930172
2022-09-12,91.6,91.7744743256743,-0.17447432567431065
2022-09-13,93.3,93.17406128246746,0.12593871753253438
2022-09-14,91.0,91.19336670621041,-0.19336670621041208
2022-09-15,90.2,90.1093995473277,0.09060045267230521
2022-09-16,95.3,95.11071686438551,0.18928313561448817
2022-09-17,96.7,96.29185817030191,0.40814182969809565
2022-09-18,96.7,96.30676224053727,0.3932377594627354
2022-09-19,96.6,96.41108142066268,0.1889185793373116
2022-09-20,96.1,96.0444394635185,0.05556053648149373
2022-09-21,96.5,96.37535481601749,0.12464518398250846
2022-09-22,97.7,97.3459121718559,0.35408782814410245
2022-09-23,96.9,97.03506590700965,-0.13506590700964693
2022-09-24,93.1,93.41405927336551,-0.3140592733655154
2022-09-25,95.8,95.77513373456605,0.024866265433942658
2022-09-26,91.4,91.85975283744034,-0.4597528374403339
2022-09-27,90.7,90.53103617840496,0.16896382159504242
2022-09-28,90.8,90.18601862928732,0.6139813707126791
2022-09-29,91.7,91.0298989670052,0.6701010329948076
2022-09-30,87.5,87.49795120643253,0.0020487935674680102
2022-10-01,87.7,87.53340129657926,0.16659870342074612
2022-10-02,84.5,84.50294500599483,-0.0029450059948317175
2022-10-03,87.5,87.03514585137091,0.4648541486290867
2022-10-04,90.9,90.70770552572431,0.19229447427569824
2022-10-05,88.8,88.82845689657572,-0.028456896575718815
2022-10-06,90.8,90.5649995511433,0.23500044885669524
2022-10-07,85.6,86.00527690157067,-0.405276901570673
2022-10-08,88.5,88.40446226967475,0.0955377303252476
2022-10-09,87.5,87.4981063471251,0.0018936528748980663
2022-10-10,87.9,88.10404454365087,-0.20404454365086622
2022-10-11,89.4,89.38193566156066,0.01806433843934485
2022-10-12,95.3,94.28623381618368,1.0137661838163154
2022-10-13,89.4,89.61923013722398,-0.219230137223974
2022-10-14,89.5,89.40823568690298,0.09176431309701627
2022-10-15,92.3,92.03771426212676,0.26228573787324194
2022-10-16,91.5,91.23186274975023,0.2681372502497652
2022-10-17,74.7,75.07328940295815,-0.37328940295815016
2022-10-18,69.1,69.27493723013097,-0.17493723013097906
2022-10-19,74.1,73.48512130716509,0.6148786928349068
2022-10-20,85.3,84.3382027423965,0.961797257603493
2022-10-21,87.4,87.17056153499277,0.22943846500723453
2022-10-22,88.0,87.83839348186534,0.16160651813466131
2022-10-23,87.1,87.12755973089406,-0.027559730894068935
2022-10-24,84.8,84.79097475579977,0.009025244200230986
2022-10-25,75.6,75.28375378094125,0.3162462190587405
2022-10-26,75.4,75.3829053800366,0.01709461996340167
2022-10-27,80.6,80.62510328907202,-0.025103289072021084
2022-10-28,65.8,67.2028024839744,-1.4028024839743978
2022-10-29,70.4,70.5201606941669,-0.12016069416689845
2022-10-30,76.5,76.16960991092238,0.3303900890776248
2022-10-31,78.4,78.37867347999227,0.021326520007733052
2022-11-01,68.5,68.60043079212461,-0.10043079212461237
2022-11-02,76.6,75.94670404109782,0.6532959589021772
2022-11-03,82.5,82.66717002233878,-0.1671700223387802
2022-11-04,85.6,85.07494245719556,0.5250575428044328
2022-11-05,70.9,71.32028349258994,-0.42028349258993103
2022-11-06,82.5,81.34573082334332,1.1542691766566833
2022-11-07,83.7,83.48452882464758,0.21547117535241966
2022-11-08,77.2,76.98638216366969,0.2136178363303145
2022-11-09,81.7,81.28778946111079,0.41221053888921233
2022-11-10,81.7,81.58370387251642,0.11629612748357943
2022-11-11,76.7,74.80001422154234,1.899985778457662
2022-11-12,56.9,56.8958526258464,0.004147374153596672
2022-11-13,57.3,57.470747340159775,-0.1707473401597781
2022-11-14,53.3,54.18951035977915,-0.8895103597791518
2022-11-15,50.7,51.05728846188535,-0.35728846188534646
2022-11-16,56.3,56.10626172993671,0.19373827006328526
2022-11-17,57.4,58.26632256216008,-0.8663225621600787
2022-11-18,55.8,56.74461936813191,-0.9446193681319102
2022-11-19,48.0,47.37122177128429,0.62877822871571
2022-11-20,46.9,47.39374669289048,-0.49374669289048256
2022-11-21,45.6,46.83744310134311,-1.2374431013431106
2022-11-22,54.8,54.97334216339216,-0.17334216339216368
2022-11-23,63.5,64.12036123194615,-0.6203612319461485
2022-11-24,66.8,66.79867993811753,0.0013200618824669164
2022-11-25,61.7,62.31854021672771,-0.618540216727709
2022-11-26,60.1,60.028858186258184,0.07114181374181783
2022-11-27,71.4,71.16451559829059,0.23548440170941376
2022-11-28,75.6,74.85444947448381,0.7455505255161796
2022-11-29,82.8,82.46619240759243,0.33380759240756674
2022-11-30,61.8,61.72848280608278,0.07151719391721656
2022-12-01,53.1,53.660382035672704,-0.5603820356727027
2022-12-02,67.1,66.8081917422855,0.2918082577144929
2022-12-03,65.9,66.60177396908644,-0.7017739690864317
2022-12-04,57.5,59.86663624222998,-2.36663624222998
2022-12-05,77.2,76.59629558288934,0.6037044171106629
2022-12-06,79.2,78.72877926587309,0.47122073412691634
2022-12-07,81.2,80.89538408658342,0.30461591341658334
2022-12-08,80.6,80.41438132059939,0.18561867940060495
2022-12-09,79.0,79.12216339632599,-0.1221633963259876
2022-12-10,77.2,77.51861239108119,-0.31861239108118866
2022-12-11,66.2,67.99470770097959,-1.7947077009795862
2022-12-12,70.3,70.20949511460768,0.09050488539232049
2022-12-13,77.2,77.25025729131985,-0.050257291319852015
2022-12-14,67.1,67.75314605117097,-0.6531460511709781
2022-12-15,64.0,64.18599459568208,-0.18599459568207521
2022-12-16,54.0,54.637976225510585,-0.6379762255105845
2022-12-17,58.1,58.10391756368631,-0.003917563686307801
2022-12-18,54.9,56.216458925796424,-1.3164589257964252
2022-12-19,49.9,50.49722196206572,-0.5972219620657242
2022-12-20,51.3,52.95695069548503,-1.6569506954850297
2022-12-21,48.5,48.97401096889224,-0.47401096889223737
2022-12-22,57.4,52.701340481740516,4.698659518259483
2022-12-23,31.6,36.041324510558894,-4.441324510558893
2022-12-24,40.1,39.24671778083029,0.8532822191697136
2022-12-25,53.1,49.73270465680151,3.367295343198492
2022-12-26,63.3,62.24723886322012,1.0527611367798784
2022-12-27,57.7,57.87185549311798,-0.17185549311797388
2022-12-28,76.6,75.9094942521531,0.690505747846899
2022-12-29,74.4,74.70060879614671,-0.30060879614670455
2022-12-30,66.1,66.5221364125458,-0.4221364125458109
2022-12-31,76.7,76.16454189340074,0.5354581065992647
2023-01-01,78.1,77.57413915598293,0.5258608440170605
2023-01-02,82.0,81.58620000832497,0.41379999167503456
2023-01-03,73.3,73.43958114732487,-0.1395811473248756
2023-01-04,73.0,72.72019662143414,0.2798033785658589
2023-01-05,67.3,66.9920061022311,0.3079938977688954
2023-01-06,78.3,77.67776831640589,0.6222316835941086
2023-01-07,75.5,75.41142128080259,0.08857871919741456
2023-01-08,68.5,68.47294186854806,0.027058131451937584
2023-01-09,73.4,72.71906689699195,0.6809331030080585
2023-01-10,83.1,81.53501288919418,1.5649871108058164
2023-01-11,76.9,76.31973529248526,0.5802647075147433
2023-01-12,67.9,68.6840070998446,-0.7840070998446009
2023-01-13,63.4,63.27084877275499,0.1291512272450106
2023-01-14,64.8,65.1418231358919,-0.34182313589190017
2023-01-15,72.4,72.38474066974692,0.015259330253087455
2023-01-16,76.9,76.82372996776512,0.07627003223488771
2023-01-17,79.6,78.92032499722501,0.6796750027749852
2023-01-18,76.9,77.46771736451863,-0.5677173645186286
2023-01-19,68.3,68.35012541902543,-0.050125419025434326
2023-01-20,57.5,59.884112325868585,-2.3841123258685855
2023-01-21,63.2,63.334139869852336,-0.1341398698523335
2023-01-22,61.5,61.51074924487278,-0.010749244872776842
2023-01-23,58.4,58.933904651924856,-0.5339046519248569
2023-01-24,53.1,54.22010366647249,-1.1201036664724882
2023-01-25,55.2,55.4770149031524,-0.2770149031523985
2023-01-26,57.1,56.412171312021336,0.6878286879786657
2023-01-27,55.9,55.96020925185924,-0.06020925185924142
2023-01-28,59.8,60.08058578133467,-0.28058578133467194
2023-01-29,74.3,72.63186817904318,1.6681318209568161
2023-01-30,40.8,39.29754291978448,1.502457080215514
2023-01-31,32.3,34.93885244720557,-2.638852447205572
2023-02-01,32.1,35.412675476606736,-3.312675476606735
2023-02-02,39.4,39.792835842282734,-0.3928358422827358
2023-02-03,49.6,49.369133241758284,0.2308667582417172
2023-02-04,62.7,61.345302210289766,1.3546977897102366
2023-02-05,74.3,72.44092069874571,1.8590793012542832
2023-02-06,74.0,74.05818441835939,-0.0581844183593887
2023-02-07,70.2,70.80676978091356,-0.6067697809135524
2023-02-08,58.3,57.64430899553879,0.6556910044612039
2023-02-09,73.9,73.18316829420579,0.7168317057942204
2023-02-10,54.8,56.17205733433239,-1.3720573343323963
2023-02-11,59.7,59.438931067890465,0.26106893210953785
2023-02-12,64.4,64.65353636086137,-0.2535363608613608
2023-02-13,69.3,69.62553973665221,-0.32553973665221747
2023-02-14,80.0,79.75667651584527,0.24332348415472893
2023-02-15,79.5,79.32666079961702,0.17333920038298345
2023-02-16,70.8,68.62593323053585,2.1740667694641473
2023-02-17,53.3,53.16417656336722,0.1358234366327764
2023-02-18,56.4,56.312996418512036,0.08700358148796283
2023-02-19,75.3,75.01792818917193,0.28207181082807153
2023-02-20,82.3,81.48711316114446,0.8128868388555333
2023-02-21,83.1,82.13442990308307,0.9655700969169203
2023-02-22,89.6,88.94489579485057,0.6551042051494278
2023-02-23,78.1,78.56831213439334,-0.4683121343933436
2023-02-24,57.5,59.41328479090351,-1.9132847909035107
2023-02-25,64.0,64.2637074526168,-0.2637074526167993
2023-02-26,80.0,78.66385325299697,1.3361467470030277
2023-02-27,82.4,82.7625348783161,-0.3625348783160973
2023-02-28,82.5,82.64467470931844,-0.14467470931843707
2023-03-01,83.0,82.47407529206905,0.5259247079309546
2023-03-02,80.6,79.65033178661619,0.9496682133838021
2023-03-03,72.7,72.62250493811744,0.0774950618825585
2023-03-04,79.2,79.22842088779275,-0.028420887792748317
2023-03-05,78.7,78.61165595238099,0.08834404761901737
2023-03-06,79.6,79.23241601974422,0.3675839802557732
2023-03-07,80.4,80.05634939227436,0.3436506077256496
2023-03-08,79.5,79.53127737401489,-0.03127737401489128
2023-03-09,84.3,83.7727001401376,0.5272998598623957
2023-03-10,73.0,73.44788141727554,-0.4478814172755392
2023-03-11,87.7,86.66240968684087,1.0375903131591286
2023-03-12,73.7,75.02111868686873,-1.3211186868687292
2023-03-13,68.3,68.61070209339272,-0.31070209339272026
2023-03-14,66.6,66.3697093517593,0.23029064824069678
2023-03-15,73.8,74.07453184038185,-0.2745318403818544
2023-03-16,80.9,79.70382356601732,1.1961764339826857
2023-03-17,57.3,57.482030945443476,-0.1820309454434792
2023-03-18,53.1,54.917680790043285,-1.8176807900432834
2023-03-19,59.5,59.70886845115671,-0.20886845115671093
2023-03-20,56.0,56.96167123377827,-0.9616712337782687
2023-03-21,69.1,68.96892846736594,0.1310715326340528
2023-03-22,77.8,78.25844992996772,-0.4584499299677276
2023-03-23,82.2,82.11497038630226,0.08502961369774198
2023-03-24,86.6,86.32207412309911,0.27792587690088055
2023-03-25,81.2,81.17968506948529,0.020314930514715
2023-03-26,80.5,80.61682891865081,-0.11682891865081046
2023-03-27,77.8,78.63713607226106,-0.8371360722610603
2023-03-28,70.6,71.38852194108996,-0.788521941089968
2023-03-29,72.8,72.96382592685089,-0.16382592685089037
2023-03-30,74.8,74.83443451964703,-0.0344345196470357
2023-03-31,88.2,87.31589145160393,0.8841085483960711
2023-04-01,81.6,81.84674879291458,-0.2467487929145875
2023-04-02,84.3,84.2830947670385,0.01690523296149138
2023-04-03,90.8,89.48255417429793,1.317445825702066
2023-04-04,86.6,86.2992037198912,0.30079628010879844
2023-04-05,76.6,77.44793390686105,-0.8479339068610585
2023-04-06,61.3,60.516395233896226,0.783604766103771
2023-04-07,53.7,54.782978352897096,-1.0829783528970935
2023-04-08,62.0,62.57095521284271,-0.570955212842712
2023-04-09,71.9,72.2015184121434,-0.3015184121433947
2023-04-10,72.2,72.3066499223,-0.1066499222999937
2023-04-11,75.1,75.1397140613472,-0.03971406134721178
2023-04-12,77.5,77.62774198822007,-0.1277419882200661
2023-04-13,78.7,78.74945315379067,-0.04945315379066528
2023-04-14,78.6,78.1884367665831,0.41156323341689927
2023-04-15,92.0,90.36161978438234,1.6383802156176586
2023-04-16,74.5,74.93650214022087,-0.43650214022086686
2023-04-17,78.1,78.53013800123482,-0.43013800123482326
2023-04-18,78.7,78.68708195199414,0.01291804800585794
2023-04-19,80.1,80.27079776959144,-0.1707977695914451
2023-04-20,86.0,85.17947669001752,0.8205233099824767
2023-04-21,80.0,79.83166622544121,0.16833377455878917
2023-04-22,78.6,78.97783779137532,-0.37783779137532747
2023-04-23,68.2,67.97244921120547,0.22755078879453094
2023-04-24,69.7,69.59406143994894,0.10593856005105806
2023-04-25,73.9,73.39625958073789,0.5037404192621153
2023-04-26,84.3,83.87690308788432,0.4230969121156818
2023-04-27,80.5,80.44673283938282,0.05326716061718173
2023-04-28,83.5,81.61570289089995,1.8842971091000464
2023-04-29,75.5,75.42394094418654,0.07605905581345951
2023-04-30,89.4,89.03691907606282,0.36308092393718994
2023-05-01,82.9,83.3449172119547,-0.4449172119546887
2023-05-02,79.7,80.14511034398599,-0.4451103439859878
2023-05-03,84.3,84.2469735804229,0.053026419577093975
2023-05-04,84.0,83.86191213578087,0.13808786421913055
2023-05-05,92.3,91.90858675421796,0.39141324578203296
2023-05-06,88.7,88.3637317668443,0.33626823315570675
2023-05-07,85.4,85.54047158778718,-0.14047158778717517
2023-05-08,90.7,89.61628004009879,1.0837199599012166
2023-05-09,75.6,76.30343517142575,-0.7034351714257525
2023-05-10,81.6,81.44540952935961,0.154590470640386
2023-05-11,89.3,89.01518484432228,0.28481515567771964
2023-05-12,86.7,86.85350032051278,-0.1535003205127765
2023-05-13,77.6,76.88082959332334,0.7191704066766533
2023-05-14,83.7,83.06020527528028,0.6397947247197209
2023-05-15,84.3,83.98191937715053,0.3180806228494646
2023-05-16,82.2,81.96339829267963,0.236601707320375
2023-05-17,88.5,88.481224354465,0.018775645535001217
2023-05-18,89.4,89.26484147831343,0.13515852168657716
2023-05-19,90.5,90.51857060231443,-0.01857060231442631
2023-05-20,82.4,82.59409068882505,-0.19409068882504243
2023-05-21,73.4,74.73808652736153,-1.3380865273615257
2023-05-22,84.3,84.18483096833722,0.11516903166277359
2023-05-23,90.1,89.79399280441785,0.30600719558213996
2023-05-24,83.3,83.21470473068595,0.08529526931404519
2023-05-25,83.3,83.57945599886233,-0.27945599886233197
2023-05-26,87.8,87.9593953511766,-0.15939535117659887
2023-05-27,86.5,86.3568910013598,0.14310899864020143
2023-05-28,84.5,85.21735448822014,-0.7173544882201384
2023-05-29,85.0,85.07228665050226,-0.07228665050226368
2023-05-30,88.7,88.65670030455657,0.04329969544343726
2023-05-31,89.3,89.29299800546679,0.0070019945332120415
2023-06-01,89.4,89.46863219384794,-0.0686321938479324
2023-06-02,89.4,89.57054372641257,-0.17054372641256066
2023-06-03,91.7,91.66034458527587,0.03965541472413747
2023-06-04,80.6,81.18894218247027,-0.5889421824702765
2023-06-05,85.5,85.353224090146,0.14677590985400002
2023-06-06,87.1,87.19856397907644,-0.09856397907644521
2023-06-07,89.4,89.63746518273405,-0.2374651827340415
2023-06-08,87.5,88.11260163517038,-0.6126016351703782
2023-06-09,97.9,96.69673635912692,1.2032636408730895
2023-06-10,96.1,95.86720899447774,0.23279100552225884
2023-06-11,97.3,96.84378313769568,0.45621686230431635
2023-06-12,95.6,95.84683286297033,-0.24683286297033646
2023-06-13,92.8,93.20915528256468,-0.4091552825646829
2023-06-14,94.5,95.00443703518705,-0.5044370351870526
2023-06-15,98.7,97.80168661963039,0.8983133803696148
2023-06-16,101.1,99.8907511557887,1.209248844211288
2023-06-17,95.4,95.62563801892551,-0.22563801892550828
2023-06-18,104.1,101.98718461677208,2.112815383227911
2023-06-19,101.3,100.50408761516253,0.7959123848374645
2023-06-20,103.3,101.80920982420349,1.490790175796505
2023-06-21,101.9,98.91493359695858,2.9850664030414293
2023-06-22,92.3,92.29838367257746,0.0016163274225391433
2023-06-23,97.8,97.30174293900545,0.4982570609945469
2023-06-24,100.5,99.85663793126804,0.6433620687319603
2023-06-25,99.8,99.64716361391878,0.1528363860812192
2023-06-26,101.5,100.95598788503156,0.5440121149684387
2023-06-27,102.6,101.67547374327057,0.9245262567294219
2023-06-28,101.3,100.83359637237763,0.46640362762236975
2023-06-29,98.8,98.97922170399035,-0.17922170399035053
2023-06-30,99.1,98.96234413251217,0.13765586748782255
2023-07-01,99.2,98.9044375925243,0.29556240747569973
2023-07-02,96.1,96.73395897435894,-0.6339589743589471
2023-07-03,96.2,97.21477003413241,-1.014770034132411
2023-07-04,95.2,95.34488451409706,-0.1448845140970576
2023-07-05,96.8,96.98099804847942,-0.1809980484794238
2023-07-06,89.3,89.88173504412252,-0.5817350441225244
2023-07-07,92.2,92.12022692099568,0.07977307900432606
2023-07-08,100.6,100.27032229090347,0.32967770909652927
2023-07-09,100.5,100.66462319496273,-0.16462319496272926
2023-07-10,104.0,103.00162648774838,0.998373512251618
2023-07-11,101.6,101.41950848000042,0.18049151999957758
2023-07-12,105.9,103.97926506512493,1.920734934875071
2023-07-13,105.4,103.6410332198869,1.7589667801130986
2023-07-14,104.2,103.36548004044568,0.8345199595543278
2023-07-15,104.5,103.96905841866469,0.5309415813353127
2023-07-16,104.0,103.37105598706854,0.6289440129314556
2023-07-17,105.6,104.54911081765455,1.0508891823454434
2023-07-18,105.1,104.2198943611943,0.8801056388056878
2023-07-19,103.8,103.38828895826397,0.4117110417360266
2023-07-20,103.2,102.9283370220057,0.2716629779942963
2023-07-21,101.6,101.54116800733982,0.05883199266017414
2023-07-22,103.2,103.14508518321958,0.05491481678042476
2023-07-23,103.2,103.6491764076201,-0.4491764076201008
2023-07-24,101.8,101.85813536012593,-0.0581353601259309
2023-07-25,102.0,101.86914386169377,0.13085613830622833
2023-07-26,101.5,101.58237849025969,-0.08237849025968558
2023-07-27,100.6,100.6967200731459,-0.09672007314590303
2023-07-28,99.5,100.26308004356758,-0.7630800435675837
2023-07-29,100.4,100.85559213564214,-0.4555921356421351
2023-07-30,101.6,101.91810729444165,-0.31810729444165986
2023-07-31,104.1,104.18543958541456,-0.0854395854145622
2023-08-01,103.2,102.96988418179039,0.2301158182096117
2023-08-02,103.9,104.0484982149794,-0.14849821497939786
2023-08-03,102.6,102.36772009934516,0.23227990065483084
2023-08-04,104.0,103.88130774503271,0.11869225496728575
2023-08-05,104.6,104.5715399149461,0.028460085053893636
2023-08-06,104.0,103.50068112824681,0.49931887175318934
2023-08-07,105.7,104.49154023476517,1.208459765234835
2023-08-08,105.0,104.0361786258881,0.9638213741119017
2023-08-09,107.1,103.92786529267524,3.1721347073247586
2023-08-10,106.7,104.43386257039747,2.266137429602537
2023-08-11,105.7,104.27288584781445,1.4271141521855526
2023-08-12,105.1,103.68160448162948,1.4183955183705166
2023-08-13,105.1,103.83805238580861,1.261947614191385
2023-08-14,105.2,103.98948698766509,1.2105130123349142
2023-08-15,100.2,101.38841883359687,-1.1884188335968702
2023-08-16,102.7,102.46771933874942,0.23228066125058433
2023-08-17,107.2,105.69587783674652,1.5041221632534842
2023-08-18,104.3,104.67765646090017,-0.3776564609001696
2023-08-19,103.5,103.2532929306804,0.24670706931959785
2023-08-20,105.2,104.65356747696745,0.54643252303255
2023-08-21,103.4,104.42035618756245,-1.0203561875624416
2023-08-22,97.9,98.02267892593524,-0.122678925935233
2023-08-23,100.1,99.93033064578385,0.16966935421613982
2023-08-24,104.5,104.5574224317349,-0.057422431734906354
2023-08-25,105.3,105.43099839951707,-0.13099839951706826
2023-08-26,105.7,104.9830978230103,0.7169021769897057
2023-08-27,108.1,104.90847399230887,3.191526007691124
2023-08-28,99.1,98.88613425810296,0.21386574189703822
2023-08-29,98.5,98.87818275439835,-0.37818275439835247
2023-08-30,100.2,100.1795531732156,0.02044682678440779
2023-08-31,101.1,100.97881818875562,0.12118181124436944
2023-09-01,98.6,98.77916027722272,-0.17916027722272077
2023-09-02,99.5,99.80629011786816,-0.3062901178681585
2023-09-03,100.3,100.5008499413781,-0.20084994137810952
2023-09-04,101.4,101.32542934391995,0.07457065608005564
2023-09-05,102.4,102.12276394571518,0.27723605428482756
2023-09-06,101.4,101.66610502824383,-0.2661050282438282
2023-09-07,104.3,104.571466173063,-0.27146617306300413
2023-09-08,106.1,105.8390273268215,0.26097267317850026
2023-09-09,102.6,102.56857128565889,0.031428714341103614
2023-09-10,98.2,98.8701167377761,-0.6701167377760981
2023-09-11,96.6,96.8356454316517,-0.23564543165170448
2023-09-12,93.0,93.73086143925516,-0.7308614392551647
2023-09-13,88.6,88.88587846077527,-0.28587846077527956
2023-09-14,93.0,90.82795584380894,2.1720441561910633
2023-09-15,88.3,88.09686294816291,0.2031370518370892
2023-09-16,84.3,84.27254690136259,0.027453098637408857
2023-09-17,91.9,91.77781438838946,0.12218561161054708
2023-09-18,94.9,94.72186701146069,0.1781329885393177
2023-09-19,96.3,96.27579689224173,0.02420310775826806
2023-09-20,98.1,97.90430532072097,0.19569467927902906
2023-09-21,95.6,95.74064126429123,-0.14064126429123291
2023-09-22,98.6,98.44521160783668,0.15478839216331153
2023-09-23,100.0,99.85415167679535,0.14584832320464614
2023-09-24,101.8,101.17496263573021,0.6250373642697866
2023-09-25,95.1,94.91425330641584,0.18574669358415008
2023-09-26,95.3,95.18673184731924,0.11326815268076018
